address,address_key,developer,status,okrug,district
"г. Зеленоград, корпус 912А",г. зеленоград корпус 912а,АНО РСИО,Введено,ЗелАО,Старое Крюково
"ЦАО, район Мещанский; СВАО, районы Алексеевский, Марьина Роща; ВАО, район Сокольники",цао район мещанский свао районы алексеевский марьина роща вао район сокольники,МОСКОВСКИЙ МЕТРОПОЛИТЕН,Введено,ЦАО,Мещанский
"пос. Новофедоровское, д. Зверево, уч.101",пос новофедоровское д зверево уч 101,"ООО ""АПРЕЛЕВКА С2""",Введено,ТАО,Бекасово
"Новофёдоровское, пос. Новофедоровское, д. Зверево, уч.101",новофедоровское пос новофедоровское д зверево уч 101,"ООО ""АПРЕЛЕВКА С2""",Введено,ТАО,Бекасово
"пос. Киевский, рядом с домом №25",пос киевский рядом с домом №25,ИНДИВИДУАЛЬНЫЕ ПРЕДПРИНИМАТЕЛИ,Введено,ТАО,Бекасово
Зверево дер. уч.101,зверево дер уч 101,"ООО ""АПРЕЛЕВКА С2""",Введено,ТАО,Бекасово
"д. Зверево, уч. 101, д. 25",д зверево уч 101 д 25,"ООО ""АПРЕЛЕВКА С2""",Введено,ТАО,Новофёдоровское
"п. Новофёдоровское, дер. Зверево, уч.101",п. новофедоровское дер зверево уч 101,"ООО ""АПРЕЛЕВКА С2""",Введено,ТАО,Бекасово
"д. Зверево, уч.101",д зверево уч 101,"ООО ""АПРЕЛЕВКА С2""",Введено,ТАО,Бекасово
"д. Зверево, уч. 101 корпус 40",д зверево уч 101 корпус 40,"ООО ""АПРЕЛЕВКА С2""",Введено,НАО,Бекасово
"д. Зверево, уч. 101 корпус 2",д зверево уч 101 корпус 2,"ООО ""АПРЕЛЕВКА С2""",Введено,ТАО,Троицк
"ОЭЗ ""Алабушево""",оэз алабушево,Р-ФАРМ,Введено,ЗелАО,Силино
"площадка ""Алабушево""",площадка алабушево,"ООО ""ВЕЛФАРМ-М""",Введено,ЗелАО,Силино
"г. Зеленоград, площадка ""Алабушево""",г. зеленоград площадка алабушево,МТС,Введено,ЗелАО,Силино
"территория Алабушево (особая экономическая зона технико-внедренческой деятельности, участок № 26 площадки ""Алабушево"")",территория алабушево (особая экономическая зона технико-внедренческой деятельности участок № 26 площадки алабушево),"ЗАО ""ТЕРМИКО""",Введено,ЗелАО,Силино
территория Алабушево,территория алабушево,"ООО ""РЕЗОНИТ ПЛЮС""",Введено,ЗелАО,Силино
"проспект Генерала Алексеева, вл. 17-19",проспект генерала алексеева вл 17-19,ПИК,Введено,ЗелАО,Силино
"Зеленоград, улица Академика Валиева, дом 4",зеленоград улица академика валиева дом 4,НПП ДОЗА,Введено,ЗелАО,Матушкино
"Коммунальная зона Александровка, ул. Александровка (проезд 624)",коммунальная зона александровка ул александровка (проезд 624),РАВНОВЕСИЕ КАПИТАЛ,Введено,ЗелАО,Крюково
"город Зеленоград, Георгиевский проспект, дом 37, строение 4",город зеленоград георгиевский проспект дом 37 строение 4,ПИК,Введено,ЗелАО,Крюково
"ул. Александровка, влд. 4",ул александровка влд. 4,"ООО ""БАЗИС""",Введено,ЗелАО,Крюково
"д. Андреевка, мкр. 17, поз. 19",д андреевка мкр. 17 поз. 19,ПИК,Введено,ЗелАО,Крюково
"пр-кт Георгиевский, з/у 31",пр-кт георгиевский зу 31,ПРАВОСЛАВИЕ,Введено,ЗелАО,Крюково
"Москва, ЗелАО, Крюково, д. Андреевка",москва зелао крюково д андреевка,ПИК,Введено,ЗелАО,Крюково
"ул Заречная, вл 19",ул заречная вл 19,"ООО ""ФИТНЕС""",Введено,ЗелАО,Крюково
"проектируемый проезд 658, з/у 1, ЗелАО, Крюково",проектируемый проезд 658 зу 1 зелао крюково,ПИК,Введено,ЗелАО,Крюково
"Панфиловский пр-т, к.1841",панфиловский пр-т к1841,ИНДИВИДУАЛЬНЫЕ ПРЕДПРИНИМАТЕЛИ,Введено,ЗелАО,Крюково
район Крюково,район крюково,"ГКУ ""УДМС""",Введено,ЗелАО,Крюково
"Георгиевский проспект, влд. 1936",георгиевский проспект влд. 1936,ФОНД РЕНОВАЦИИ,Введено,ЗелАО,Крюково
Зеленоград мкр. 9,зеленоград мкр. 9,"КП ""БСА ""ЛУЖНИКИ""",Введено,ЗелАО,Старое Крюково
"Заводская ул. д. 28 стр. 1,2",заводская ул д 28 стр 1 2,"ООО ""ИНТЕКПОЛИС""",Введено,ЗелАО,Крюково
Проезд N 4806,проезд n 4806,ЮВИСАН,Введено,ЗелАО,Старое Крюково
проезд 4806,проезд 4806,ЮВИСАН,Введено,ЗелАО,Крюково
"Силино, площадка ""Алабушево""",силино площадка алабушево,ГЕНЕРИУМ,Введено,ЗелАО,Силино
"Москва, ЗелАО, район Савелки, Савелкинский пр. корп. 328",москва зелао район савелки савелкинский пр корп 328,"ООО ""СЗ ""ОДА ПРЕМИУМ ПЛЮС""",Введено,ЗелАО,Савёлки
"г. Зеленоград, корп. 344А",г. зеленоград корп 344а,"АНО ""РСИ""",Введено,ЗелАО,Савёлки
"Сосновая аллея, вл. 6",сосновая аллея вл 6,"АО ""СТМП-ЗЕЛЕНОГРАД""",Введено,ЗелАО,Савёлки
"Савёлки, проезд 5500-й, земельный участок 4/2",савелки проезд 5500-й земельный участок 4/2,ФСК,Введено,ЗелАО,Савёлки
"Савелки, проезд 5500-й, д. 1, стр. 4",савелки проезд 5500-й д 1 стр 4,ФСК,Введено,ЗелАО,Савёлки
"Савелки, 5500-й проезд, земельный участок 4/4",савелки 5500-й проезд земельный участок 4/4,ФСК,Введено,ЗелАО,Савёлки
"Зеленоград, проезд 5500-й, земельный участок 4/3",зеленоград проезд 5500-й земельный участок 4/3,ФСК,Введено,ЗелАО,Савёлки
"д. Крекшино, кад. номер 50:26:0170103:133",д крекшино кад. номер 50:26:0170103:133,"ООО ""ИНВЕСТ ДЕВЕЛОПМЕНТ""",Введено,НАО,Внуково
у п. с-за Крекшино,у п. с-за крекшино,"ООО ""СТРОЙКОМПЛЕКТ""",Введено,НАО,Марушкинское
"""Крекшино""",крекшино,КОРПОРАЦИЯ БАРКЛИ,Введено,НАО,Марушкинское
Троицк,троицк,МОСКОВСКИЙ ФОНД ЗАЩИТЫ ПРАВ ДОЛЬЩИКОВ,Введено,ТАО,Троицк
поселение Кокошкино,поселение кокошкино,МОСВОДОКАНАЛ,Введено,НАО,Внуково
"Москва, поселение Первомайское",москва поселение первомайское,"АО ""КАПСТРОЙСИТИ""",Введено,ТАО,Троицк
Школьная ул.,школьная ул,"ООО ""КОРД""",Введено,НАО,Внуково
"пос. Кокошкино, дер. Санино",пос кокошкино дер санино,САМОЛЕТ,Введено,НАО,Внуково
вблизи д.Санино,вблизи дсанино,САМОЛЕТ,Введено,НАО,Останкинский
"д. Шарапово, ул. Придорожная, стр. 1",д шарапово ул придорожная стр 1,"ООО ""КАИФ""",Введено,НАО,Внуково
ул. Труда д. 9. к.1,ул труда д 9. к1,МОСКОВСКИЙ ФОНД ЗАЩИТЫ ПРАВ ДОЛЬЩИКОВ,Введено,НАО,Внуково
вблизи деревни Рогозинино,вблизи деревни рогозинино,ЦЕНТРСТРОЙ,Введено,ТАО,Первомайское
деревня Рогозинино,деревня рогозинино,ЦЕНТРСТРОЙ,Введено,ТАО,Филимонковский
"поселение Марушкинское, квартал 63",поселение марушкинское квартал 63,ПИК,Введено,НАО,Марушкинское
"поселение Марушкинское, д. Давыдково",поселение марушкинское д давыдково,"ООО ""ЛОГИСТИЧЕСКИЙ ПАРТНЁР""",Введено,НАО,Внуково
"дер. Марушкино, д. 1, 2, 3, 4",дер марушкино д 1 2 3 4,"АО ""МОСОТДЕЛСТРОЙ № 1""",Введено,НАО,Внуково
"Лесная ул., з/у 86",лесная ул зу 86,"АО ""ТУКС-2""",Введено,НАО,Филимонковский
"ул. Привольная, з/у 11",ул привольная зу 11,МОНАРХ,Введено,НАО,Внуково
п. Птичное,п. птичное,ИНДИВИДУАЛЬНЫЕ ПРЕДПРИНИМАТЕЛИ,Введено,ТАО,Троицк
ОНО «ОПХ «Толстопальцево»,оно опх толстопальцево,МОНАРХ,Введено,НАО,Коммунарка
ОНО «Толстопальцево»,оно толстопальцево,МОНАРХ,Введено,НАО,Внуково
"д. Большое Покровское, земельный участок 21",д большое покровское земельный участок 21,ИНДИВИДУАЛЬНЫЕ ПРЕДПРИНИМАТЕЛИ,Введено,НАО,Внуково
д. Большое Покровское,д большое покровское,ИНДИВИДУАЛЬНЫЕ ПРЕДПРИНИМАТЕЛИ,Введено,НАО,Внуково
"пос. Марушкинское, д. Большое Покровское",пос марушкинское д большое покровское,ИНДИВИДУАЛЬНЫЕ ПРЕДПРИНИМАТЕЛИ,Введено,НАО,Внуково
"пос. Десеновское, квартал 2/2",пос десеновское квартал 2/2,СТРОЙКОМ,Введено,НАО,Коммунарка
"Десеновское пос., квартал 2/1",десеновское пос квартал 2/1,СТРОЙКОМ,Введено,НАО,Коммунарка
"улица Изваринская, земельный участок 2/1",улица изваринская земельный участок 2/1,АНО РСИО,Введено,НАО,Внуково
ул. Войсковая вл. 1 В,ул войсковая вл 1 в,МАРИУС,Введено,ЗАО,Внуково
Бурцево дер. уч. № 107,бурцево дер уч № 107,ИНДИВИДУАЛЬНЫЕ ПРЕДПРИНИМАТЕЛИ,Введено,НАО,Филимонковский
Войсковая ул. уч. № 1,войсковая ул уч № 1,"ООО ""СТРОЙ-АВТО""",Введено,НАО,Внуково
улица Войсковая участок 1,улица войсковая участок 1,"ООО ""СТРОЙ-АВТО""",Введено,НАО,Внуково
"ОАО ""Марьинская птицефабрика"", вблизи д. Середнево, уч. VIII-1/1",оао марьинская птицефабрика вблизи д середнево уч viii-1/1,ПИК,Введено,НАО,Филимонковский
"кв-л 25, з/у 1",кв-л 25 зу 1,ПИК,Введено,НАО,Филимонковский
"поселение Филимонковское, ОАО «Марьинская птицефабрика», вблизи д. Середнево, уч.VIII-1/1",поселение филимонковское оао марьинская птицефабрика вблизи д середнево учviii-1/1,ПИК,Введено,НАО,Филимонковский
"Филимонковское, кв-л 25, з/у 1",филимонковское кв-л 25 зу 1,ПИК,Введено,НАО,Филимонковский
"улица Братьев Бромлей, земельный участок 3",улица братьев бромлей земельный участок 3,ПИК,Введено,НАО,Филимонковский
"Большая Внуковская улица, вл. 8",большая внуковская улица вл 8,"ООО ""МАГИСТРАЛЬ ИНВЕСТ""",Введено,НАО,Внуково
"г. Москва, поселение Филимонковское, ОАО ""Марьинская птицефабрика"", вблизи д. Середнево, участок VIII-1/1""",г. москва поселение филимонковское оао марьинская птицефабрика вблизи д середнево участок viii-1/1,ПИК,Введено,НАО,Филимонковский
"ОАО ""Марьинская птицефабрика"", вблизи д. Середнево, уч. № 8-1/1",оао марьинская птицефабрика вблизи д середнево уч № 8-1/1,ПИК,Введено,НАО,Филимонковский
поселение Филимонковское,поселение филимонковское,САМОЛЕТ,Введено,НАО,Филимонковский
тер. ОАО Марьинская птицефабрика,тер. оао марьинская птицефабрика,ПИК,Введено,НАО,Филимонковский
"Рассказовка дер., уч. № 13/4, кв. 17",рассказовка дер уч № 13/4 кв. 17,АБСОЛЮТ,Введено,НАО,Внуково
"Внуковское, квартал 9, земельный участок 1",внуковское квартал 9 земельный участок 1,АБСОЛЮТ,Введено,НАО,Внуково
"Внуковское, д. Пыхтино",внуковское д пыхтино,ПИК,Введено,НАО,Внуково
поселение Внуковское,поселение внуковское,"ГКУ ""МОСКВОРЕЧЬЕ""",Введено,НАО,Филимонковский
"дер. Староселье, з/у 1",дер староселье зу 1,САМОЛЕТ,Введено,НАО,Филимонковский
Староселье дер.,староселье дер,САМОЛЕТ,Введено,НАО,Филимонковский
"OAO ""Марьинская птицефабрика»",oao марьинская птицефабрика,"АО ""КАПСТРОЙСИТИ""",Введено,НАО,Филимонковский
"д. Рассказовка, уч. № 13/2. Кварталы 9,10,14,15,16",д рассказовка уч № 13/2. кварталы 9 10 14 15 16,АБСОЛЮТ,Введено,НАО,Внуково
"д.Рассказовка, 9,10,14,15,16 кварталы уч. №13/2",драссказовка 9 10 14 15 16 кварталы уч №13/2,АБСОЛЮТ,Введено,НАО,Внуково
"дер. Рассказовка, уч. 13/2",дер рассказовка уч 13/2,АБСОЛЮТ,Введено,НАО,Внуково
дер. Рассказовка,дер рассказовка,АБСОЛЮТ,Введено,НАО,Внуково
"д.Рассказовка, 9,10,14,15,16 кварталы",драссказовка 9 10 14 15 16 кварталы,АБСОЛЮТ,Введено,НАО,Внуково
"улица Братьев Бромлей, земельный участок 5",улица братьев бромлей земельный участок 5,ПИК,Введено,НАО,Филимонковский
"деревня Рассказовка, уч. № 13/2",деревня рассказовка уч № 13/2,АБСОЛЮТ,Введено,НАО,Внуково
"п.. Ватутинки, уч. № 110ю и уч. № 111ю",п.. ватутинки уч № 110ю и уч № 111ю,ГРУППА РОДИНА,Введено,НАО,Троицк
"Поселение Десеновское, Улица 1-я Ватутинская Дом 14 Строение 3",поселение десеновское улица 1-я ватутинская дом 14 строение 3,ГРУППА РОДИНА,Введено,НАО,Коммунарка
"пос. Ватутинки, уч. 110ю и уч. 111ю",пос ватутинки уч 110ю и уч 111ю,ГРУППА РОДИНА,Введено,НАО,Троицк
в районе д. Лапшинка,в районе д лапшинка,"ООО СЗ ""СК ""КЛЮЧ""",Введено,НАО,Московский
"поселение Филимонковское, поселок Марьино",поселение филимонковское поселок марьино,"ООО ""СТРОИТЕЛЬНАЯ КОМПАНИЯ ВЕЛЕСЪ""",Введено,НАО,Филимонковский
"д. Марьино, з/у 1Б",д марьино зу 1б,ИНДИВИДУАЛЬНЫЕ ПРЕДПРИНИМАТЕЛИ,Введено,НАО,Филимонковский
"Светлый бульв, вл. 11/3, 11/1",светлый бульв вл 11/3 11/1,"АО ""ТУКС-2""",Введено,НАО,Филимонковский
"пос. Марьино, участок № III-1/3в",пос марьино участок № iii-1/3в,ИНДИВИДУАЛЬНЫЕ ПРЕДПРИНИМАТЕЛИ,Введено,НАО,Филимонковский
"ул. Офицерская, вл. 11",ул офицерская вл 11,МОНАРХ,Введено,НАО,Троицк
"п. Внуковское, кв-л 6, вл. 2",п. внуковское кв-л 6 вл 2,РАЙДЕКС,Введено,НАО,Внуково
Улица Анны Ахматовой Дом 11 Корпус 3,улица анны ахматовой дом 11 корпус 3,ТПУ РАССКАЗОВКА,Введено,НАО,Внуково
пос. Михайлово-Ярцевское,пос михайлово-ярцевское,АБ КАПИТАЛ,Введено,ТАО,Краснопахорский
поселение Михайлово-Ярцевское,поселение михайлово-ярцевское,АБ КАПИТАЛ,Введено,ТАО,Краснопахорский
"дер. Каменка, уч. 51",дер каменка уч 51,"ООО ""АТЛАНТ""",Введено,ТАО,Троицк
"д. Голохвастово, уч. 2",д голохвастово уч 2,МОСГАЗ,Введено,ТАО,Вороново
Вблизи дер. Поляны,вблизи дер поляны,ИНДИВИДУАЛЬНЫЕ ПРЕДПРИНИМАТЕЛИ,Введено,ТАО,Краснопахорский
"п. Краснопахорское, вблизи д. Поляны",п. краснопахорское вблизи д поляны,"ООО ""ТЕРРИТОРИЯ ЗАБОТЫ""",Введено,ТАО,Краснопахорский
"Краснопахорское, с.Былово, вл.1Г",краснопахорское с.былово вл1г,"ООО ""ТСП""",Введено,ТАО,Краснопахорский
С. Троицк,с. троицк,"ООО ""ЛЕСНАЯ СКАЗКА""",Введено,ТАО,Троицк
ул. Николая Сладкова,ул николая сладкова,"ООО ""ЛЕСНАЯ СКАЗКА""",Введено,ТАО,Троицк
"ул. Николая Сладкова, влд. 2",ул николая сладкова влд. 2,"ООО ""ЛЕСНАЯ СКАЗКА""",Введено,ТАО,Троицк
"улица Промышленная. д.11, стр.4",улица промышленная. д11 стр4,"ООО ""СИНИКОН""",Введено,ТАО,Троицк
"пос. Красная Пахра, влд. 23-1",пос красная пахра влд. 23-1,"АО ""ТУКС-2""",Введено,ТАО,Краснопахорский
Улица Квантовая Дом 1,улица квантовая дом 1,"АО ""СТРОЙ СИТИ""",Введено,ТАО,Троицк
Улица Академика Франка Дом 21 Строение 2,улица академика франка дом 21 строение 2,"ООО ""АРХПРОЕКТ""",Введено,ТАО,Троицк
Улица Академика Франка Дом 21,улица академика франка дом 21,"ООО ""АРХПРОЕКТ""",Введено,ТАО,Троицк
Улица Академика Франка Дом 21 Строение 3,улица академика франка дом 21 строение 3,"ООО ""АРХПРОЕКТ""",Введено,ТАО,Троицк
Физическая ул. д 31 стррое2,физическая ул д 31 стррое2,"АО ""СМП-1""",Введено,ТАО,Троицк
"п. Краснопахорское, кв-л. 92, вл. 1",п. краснопахорское кв-л. 92 вл 1,АНО РСИО,Введено,ТАО,Краснопахорский
"г. Троицк, улица Дальняя, д. 6",г. троицк улица дальняя д 6,ИНДИВИДУАЛЬНЫЕ ПРЕДПРИНИМАТЕЛИ,Введено,ТАО,Троицк
"г. Троицк, микрорайон В дом 13А",г. троицк микрорайон в дом 13а,"ООО ""ОЛМИНА""",Введено,ТАО,Троицк
Физическая ул. д 29,физическая ул д 29,"АО ""СМП-1""",Введено,ТАО,Троицк
"Троицк, Улица Прибрежная Дом 17",троицк улица прибрежная дом 17,"ООО ""ЗАРЕЧЬЕ""",Введено,ТАО,Троицк
"г.Троицк, ул.Прибрежная, д.11",г.троицк улприбрежная д11,"ООО ""ОЛИМП""",Введено,ТАО,Троицк
"ул. Заречная, стр. 8",ул заречная стр 8,НОВЫЕ КВАРТАЛЫ,Введено,ТАО,Троицк
"Город Троицк, Улица Текстильщиков Дом 3 Корпус 2",город троицк улица текстильщиков дом 3 корпус 2,МОСКОВСКИЙ ФОНД ЗАЩИТЫ ПРАВ ДОЛЬЩИКОВ,Введено,ТАО,Троицк
"Город Троицк, Улица Текстильщиков Дом 3 Корпус 1",город троицк улица текстильщиков дом 3 корпус 1,МОСКОВСКИЙ ФОНД ЗАЩИТЫ ПРАВ ДОЛЬЩИКОВ,Введено,ТАО,Троицк
тер. СНТ Ветеран,тер. снт ветеран,ФОНД РЕНОВАЦИИ,Введено,ТАО,Троицк
"тер. СНТ Ветеран-1, корпус 1",тер. снт ветеран-1 корпус 1,"ООО СЗ ""ВЫБОР-СТОЛИЦА""",Введено,ТАО,Троицк
"улица Городская, земельный участок 6/9",улица городская земельный участок 6/9,ИНДИВИДУАЛЬНЫЕ ПРЕДПРИНИМАТЕЛИ,Введено,ТАО,Троицк
"в е д. Ватутинки, уч. 2",в е д ватутинки уч 2,МОСИНЖПРОЕКТ,Введено,НАО,Троицк
"в районе д. Ватутинки, уч. 2 (квартал № 102, дом 4, корпус 3)",в районе д ватутинки уч 2 (квартал № 102 дом 4 корпус 3),МОСИНЖПРОЕКТ,Введено,НАО,Троицк
"п. Краснопахорское, дер. Раево",п. краснопахорское дер раево,МОСКОВСКИЙ ФОНД ЗАЩИТЫ ПРАВ ДОЛЬЩИКОВ,Введено,ТАО,Краснопахорский
"Москва, ТАО, Краснопахорское, Раево дер. 77:22:0020330:590",москва тао краснопахорское раево дер 77:22:0020330:590,МОСКОВСКИЙ ФОНД ЗАЩИТЫ ПРАВ ДОЛЬЩИКОВ,Введено,ТАО,Краснопахорский
деревня Раево,деревня раево,МОСКОВСКИЙ ФОНД ЗАЩИТЫ ПРАВ ДОЛЬЩИКОВ,Введено,ТАО,Краснопахорский
"п. Роговское, вблизи п. Рогово",п. роговское вблизи п. рогово,ИНВАСТА КАПИТАЛ,Введено,ТАО,Вороново
Рогово пос.,рогово пос,"ЖСК ""РОГОВСКИЙ""",Введено,ТАО,Вороново
вблизи деревни Львово,вблизи деревни львово,СУ ХОЛДИНГС,Введено,ТАО,Вороново
"поселение Вороновское, пос. ЛМС",поселение вороновское пос лмс,ИНДИВИДУАЛЬНЫЕ ПРЕДПРИНИМАТЕЛИ,Введено,ТАО,Вороново
ЛМС пос. мкр. Центральный,лмс пос мкр. центральный,ИНДИВИДУАЛЬНЫЕ ПРЕДПРИНИМАТЕЛИ,Введено,ТАО,Вороново
"Вороновское, ТАО",вороновское тао,СКОЛБЕРГ,Введено,ТАО,Вороново
"ул.Синявинская, д.9",улсинявинская д9,ИНДИВИДУАЛЬНЫЕ ПРЕДПРИНИМАТЕЛИ,Введено,САО,Молжаниновский
"ул. Зенитчиков, д. 2",ул зенитчиков д 2,"АО ""УКС ИКС И Д""",Введено,СЗАО,Митино
"Синявинская улица, вл. 11",синявинская улица вл 11,КП УГС,Введено,САО,Молжаниновский
Митинская ул. вл. 57,митинская ул вл 57,"ООО ""АЛЬФА-СПРИНТ""",Введено,СЗАО,Митино
"ул. Дубравная, вл. 51",ул дубравная вл 51,"ООО ""МСС""",Введено,СЗАО,Митино
Дубравная ул. вл. 51,дубравная ул вл 51,"ООО ""МСС""",Введено,СЗАО,Митино
"1-я Сестрорецкая улица, 6Б",1-я сестрорецкая улица 6б,"АНО ""РСИ""",Введено,САО,Молжаниновский
"тер. ТПУ «Пятницкое шоссе», з/у 2",тер. тпу пятницкое шоссе зу 2,САМОЛЕТ,Введено,СЗАО,Митино
Дубравная ул. вл. 33,дубравная ул вл 33,"ООО ""ССС""",Введено,СЗАО,Митино
"Ленинградское шоссе, дом 228, корпус 4",ленинградское шоссе дом 228 корпус 4,ФСК,Введено,САО,Молжаниновский
"Ленинградское шоссе, дом 228 корпус 5",ленинградское шоссе дом 228 корпус 5,ФСК,Введено,САО,Молжаниновский
"КСПХ ""Химки""",кспх химки,ФСК,Введено,САО,Молжаниновский
"Машкинское шоссе, вл. 23",машкинское шоссе вл 23,"АНО ""ХОККЕЙНЫЙ КЛУБ ""СТАЛКЕР""",Введено,СЗАО,Куркино
"Муравская, земельный участок 38Б",муравская земельный участок 38б,ПИК,Введено,СЗАО,Митино
вблизи села Рождествено,вблизи села рождествено,ПИК,Введено,СЗАО,Митино
"Митино, вблизи с. Рождествено",митино вблизи с. рождествено,CAPITAL GROUP,Введено,СЗАО,Митино
"КСХП ""Химки""",ксхп химки,САМОЛЕТ,Введено,САО,Молжаниновский
"Молжаниновское, КСХП ""Химки""",молжаниновское ксхп химки,САМОЛЕТ,Введено,САО,Молжаниновский
"Ленинградское шоссе, дом 229А, строение 3",ленинградское шоссе дом 229а строение 3,САМОЛЕТ,Введено,САО,Молжаниновский
"Куркинское шоссе, 29",куркинское шоссе 29,"АО ""УКС ИКС И Д""",Введено,СЗАО,Куркино
"вблизи с. Рождествено, участок № 7",вблизи с. рождествено участок № 7,АКВИЛОН,Введено,СЗАО,Митино
"Рождествено, участок №7",рождествено участок №7,АКВИЛОН,Введено,СЗАО,Митино
Молжаниновский,молжаниновский,ФСК,Введено,САО,Молжаниновский
"Шоссе Ленинградское, Корпус 3",шоссе ленинградское корпус 3,ФСК,Введено,САО,Молжаниновский
Молжаниновский район,молжаниновский район,ФСК,Введено,САО,Молжаниновский
Проектируемый пр. N 5082 вл. 8,проектируемый пр n 5082 вл 8,"ООО ""МИРИДА ФИНАНС""",Введено,САО,Молжаниновский
МКАД 67 км вл. 7,мкад 67 км вл 7,"ЗАО ""КОМПАНИЯ ЛЕМА""",Введено,СЗАО,Строгино
"кв. 4, Светлогорский пр-д, влд. 7/1/1",кв. 4 светлогорский пр-д влд. 7/1/1,ФОНД РЕНОВАЦИИ,Введено,СЗАО,Южное Тушино
"ул. Героев Панфиловцев, вл. 31",ул героев панфиловцев вл 31,ФОНД РЕНОВАЦИИ,Введено,СЗАО,Северное Тушино
"ул. Фабрициуса, вл. 33-35",ул фабрициуса вл 33-35,ПРАВОСЛАВИЕ,Введено,СЗАО,Южное Тушино
"ул. Вилиса Лациса, вл. 2-1, 2-2",ул вилиса лациса вл 2-1 2-2,ПРАВОСЛАВИЕ,Введено,СЗАО,Северное Тушино
"ул. Героев Панфиловцев, д. 10, стр. 2",ул героев панфиловцев д 10 стр 2,КОНЦЕРН ВКО АЛМАЗ - АНТЕЙ,Введено,СЗАО,Северное Тушино
"ул. Сходненская, вл. 42",ул сходненская вл 42,ФОНД РЕНОВАЦИИ,Введено,СЗАО,Южное Тушино
"г. Москва, СЗАО, Южное Тушино, ул. Сходненская, вл.12",г. москва сзао южное тушино ул сходненская вл12,КП УГС,Введено,СЗАО,Южное Тушино
"Ленинградское шоссе, земельный участок 77Б/1",ленинградское шоссе земельный участок 77б/1,ННК,Введено,САО,Левобережный
"проезд Досфлота, д. 12",проезд досфлота д 12,"АО СЗ ""КАПИТАЛ-ИНВЕСТ""",Введено,СЗАО,Южное Тушино
"проезд Досфлота, вл. 2",проезд досфлота вл 2,ФОНД РЕНОВАЦИИ,Введено,СЗАО,Южное Тушино
Лодочная ул. вл. 11,лодочная ул вл 11,ФОНД РЕНОВАЦИИ,Введено,СЗАО,Южное Тушино
"Ленинградское шоссе, д. 61, стр. 2",ленинградское шоссе д 61 стр 2,"ООО ""АЛЬБАТРОС""",Введено,САО,Левобережный
"Валдайский проезд, д. 16",валдайский проезд д 16,"АО ""Киностудия им. М. Горького""",Введено,САО,Левобережный
"Капотня, кв.2, вл. 1",капотня кв.2 вл 1,ГАЗПРОМ,Введено,ЮВАО,Капотня
"Смольная улица, дом 61а",смольная улица дом 61а,КП УГС,Введено,САО,Левобережный
"р-н Левобережный, мкр.1Б, корп. 39А",р-н левобережный мкр.1б корп 39а,СК ЛЮБЕРЕЦКИЙ,Введено,САО,Левобережный
"ул. Левобережная, влд. 4, 4а, участок № 2",ул левобережная влд. 4 4а участок № 2,"АНО ""РСИ""",Введено,САО,Ховрино
Фестивальная ул. вл. 15,фестивальная ул вл 15,"АО СЗ ""ЦЕНТР-ИНВЕСТ""",Введено,САО,Левобережный
"ул. Фестивальная, вл. 15",ул фестивальная вл 15,"АО СЗ ""ЦЕНТР-ИНВЕСТ""",Введено,САО,Ховрино
"Левобережный, Ховрино",левобережный ховрино,МОСКОВСКИЙ МЕТРОПОЛИТЕН,Введено,САО,Левобережный
"Ленинградское ш., вл.58, стр.14, 21",ленинградское ш вл58 стр14 21,ЛСР,Введено,САО,Головинский
Пулковская ул. вл. 3,пулковская ул вл 3,ФОНД РЕНОВАЦИИ,Введено,САО,Головинский
"Улица Зеленоградская, Дом 24",улица зеленоградская дом 24,МОСКОВСКИЙ МЕТРОПОЛИТЕН,Введено,САО,Ховрино
"Дыбенко, д. 1Б, стр. 1",дыбенко д 1б стр 1,"ООО ""ВИТЯЗЬ""",Введено,САО,Ховрино
Кронштадтский бульв. вл. 9,кронштадтский бульв. вл 9,ПИК,Введено,САО,Головинский
"ул. Адмирала Макарова, вл. 41",ул адмирала макарова вл 41,"АО ""НОВАЯ КОНЦЕПЦИЯ""",Введено,САО,Войковский
Головинское шоссе д. 6А,головинское шоссе д 6а,"АНО ""РСИ""",Введено,САО,Войковский
Макарова адмирала ул.,макарова адмирала ул,КОНЦЕРН КРОСТ,Введено,САО,Войковский
"Зеленоградская ул., вл. 27, корп. 1",зеленоградская ул вл 27 корп 1,"АНО ""РСИ""",Введено,САО,Ховрино
"Кронштадтский бульв., д.14",кронштадтский бульв. д14,ПИК,Введено,САО,Головинский
Ижорская ул. вл. 6,ижорская ул вл 6,ПИК,Введено,САО,Западное Дегунино
Клинская ул. вл. 2,клинская ул вл 2,КП УГС,Введено,САО,Ховрино
Ижорская ул. вл. 6/6,ижорская ул вл 6/6,ПИК,Введено,САО,Западное Дегунино
Онежская ул. вл. 35 корп. 5,онежская ул вл 35 корп 5,КП УГС,Введено,САО,Головинский
"Коровинское шоссе, вл. 41А , корп. 1, корпус 2",коровинское шоссе вл 41а корп 1 корпус 2,"ООО ""УПРАВЛЯЮЩАЯ КОМПАНИЯ ПРОМЕТЕЙ""",Введено,САО,Западное Дегунино
"ул. Онежская, вл. 35 корп. 6",ул онежская вл 35 корп 6,КП УГС,Введено,САО,Головинский
"ул. Михалковская, вл. 52, стр. 7,11",ул михалковская вл 52 стр 7 11,SUN DEVELOPMENT,Введено,САО,Головинский
"Михалковская улица, вл. 48",михалковская улица вл 48,РГ-ДЕВЕЛОПМЕНТ,Введено,САО,Головинский
"Коровинское шоссе, з/у 35/18",коровинское шоссе зу 35/18,ПИК,Введено,САО,Западное Дегунино
"ул. Базовская, вл. 15, (участок 2)",ул базовская вл 15 (участок 2),СК ЛЮБЕРЕЦКИЙ,Введено,САО,Западное Дегунино
Базовская ул. уч. 24Б,базовская ул уч 24б,ФОНД РЕНОВАЦИИ,Введено,САО,Западное Дегунино
Талдомская ул. вл. 1,талдомская ул вл 1,ФОНД РЕНОВАЦИИ,Введено,САО,Западное Дегунино
"Кронштадтский бульвар, вл. 55А",кронштадтский бульвар вл 55а,ФОНД РЕНОВАЦИИ,Введено,САО,Головинский
"ул. Михалковская, вл. 48",ул михалковская вл 48,РГ-ДЕВЕЛОПМЕНТ,Введено,САО,Головинский
Старокоптевский пер. вл. 4,старокоптевский пер вл 4,ОСНОВА,Введено,САО,Коптево
"Соболевский проезд, д. 20Б",соболевский проезд д 20б,КП УГС,Введено,САО,Коптево
"ул. Лобненская, земельный участок 13",ул лобненская земельный участок 13,ПИК,Введено,САО,Дмитровский
"ул. Ангарская, влд. 34/1",ул ангарская влд. 34/1,АНО РСИО,Введено,САО,Дмитровский
"улица Новодачная, земельный участок 67/68",улица новодачная земельный участок 67/68,ОСНОВА,Введено,СВАО,Северный
"Новодачное шоссе, д. 32, стр. 1, стр. 2",новодачное шоссе д 32 стр 1 стр 2,КП УГС,Введено,СВАО,Северный
"Лобненская ул., д.10, стр.4",лобненская ул д10 стр4,"ГБУ ""ДИРЕКЦИЯ РАЗВИТИЯ ОБЪЕКТОВ ЗДРАВООХРАНЕНИЯ ГОРОДА МОСКВЫ""",Введено,САО,Дмитровский
"Коровинское шоссе, уч. 35/18",коровинское шоссе уч 35/18,ПИК,Введено,САО,Западное Дегунино
"ул. Софьи Ковалевской, вл. 8А/1",ул софьи ковалевской вл 8а/1,КП УГС,Введено,САО,Дмитровский
"Коровинское шоссе, д. 10",коровинское шоссе д 10,ФОНД РЕНОВАЦИИ,Введено,САО,Бескудниковский
Дегунинская ул. вл. 5А,дегунинская ул вл 5а,UPSIDE DEVELOPMENT,Введено,САО,Западное Дегунино
улица Долгопрудная з/у 10,улица долгопрудная зу 10,ФОНД РЕНОВАЦИИ,Введено,САО,Дмитровский
"Дмитровское шоссе, вл. 107",дмитровское шоссе вл 107,ГРАД,Введено,САО,Даниловский
Дмитровское шоссе д. 107,дмитровское шоссе д 107,ГРАД,Введено,САО,Дмитровский
Коровинское шоссе вл. 4А,коровинское шоссе вл 4а,КП УГС,Введено,САО,Бескудниковский
"Черепановых, д. 54А",черепановых д 54а,ФОНД РЕНОВАЦИИ,Введено,САО,Коптево
"Дмитровское шоссе, вл. 127",дмитровское шоссе вл 127,ФОНД РЕНОВАЦИИ,Введено,САО,Дмитровский
Дмитровское шоссе вл. 107Г,дмитровское шоссе вл 107г,"АНО ""РСИ""",Введено,САО,Дмитровский
"Дмитровское шоссе, земельный участок 107/2",дмитровское шоссе земельный участок 107/2,ЭТАЛОН,Введено,САО,Дмитровский
"шоссе Дмитровское, земельный участок 93/2",шоссе дмитровское земельный участок 93/2,ФОНД РЕНОВАЦИИ,Введено,САО,Бескудниковский
"Дмитровское шоссе, земельный участок 93/3/1",дмитровское шоссе земельный участок 93/3/1,ФОНД РЕНОВАЦИИ,Введено,САО,Бескудниковский
"Ильменский проспект, З/У 17",ильменский проспект зу 17,ПИК,Введено,САО,Западное Дегунино
Ильменский пр. вл. 17,ильменский пр вл 17,ПИК,Введено,САО,Западное Дегунино
"Северный мкр. 9, корп. 25",северный мкр. 9 корп 25,"ООО ""ЭЛЬБРУС""",Введено,СВАО,Северный
"Дмитровское шоссе, вл. 165Е, кв. 9",дмитровское шоссе вл 165е кв. 9,ПРАВОСЛАВИЕ,Введено,СВАО,Северный
Дмитровское шоссе,дмитровское шоссе,КОНЦЕРН ВКО АЛМАЗ - АНТЕЙ,Введено,САО,Дмитровский
Шоссе Коровинское Дом 2,шоссе коровинское дом 2,TASHIR,Введено,САО,Дмитровский
Селигерская улица,селигерская улица,МОСКОВСКИЙ МЕТРОПОЛИТЕН,Введено,САО,Бескудниковский
"проезд Ильменский, вл. 12",проезд ильменский вл 12,LEVEL GROUP,Введено,САО,Западное Дегунино
"Ильменский проезд, д, 14, корп. 1",ильменский проезд д 14 корп 1,MR GROUP,Введено,САО,Западное Дегунино
Коровинское шоссе вл. 2А,коровинское шоссе вл 2а,КП УГС,Введено,САО,Бескудниковский
"Люблинско-Дмитровская линия метрополитена от станции метро ""Лианозово"" до станции метро ""Физтех""",люблинско-дмитровская линия метрополитена от станции метро лианозово до станции метро физтех,МОСКОВСКИЙ МЕТРОПОЛИТЕН,Введено,САО,Восточное Дегунино
Рогачевский пер. вл. 3А,рогачевский пер вл 3а,"ГБУ ""ДИРЕКЦИЯ РАЗВИТИЯ ОБЪЕКТОВ ЗДРАВООХРАНЕНИЯ ГОРОДА МОСКВЫ""",Введено,САО,Бескудниковский
"Ильменский проезд, земельный участок 4, земельный участок 4/1",ильменский проезд земельный участок 4 земельный участок 4/1,ЛСР,Введено,САО,Западное Дегунино
"Технологическая часть ТПУ на станции метро ""Верхние Лихоборы. Этап 1.2. Этап 1.2.2",технологическая часть тпу на станции метро верхние лихоборы. этап 1.2. этап 1.2.2,"ГКУ ""УДМС""",Введено,САО,Бескудниковский
"9-я Северная линия ул., д. 25, корп. 2",9-я северная линия ул д 25 корп 2,"ООО ""ЖИЛСПЕЦПРОЕКТ""",Введено,СВАО,Северный
ул. Дубнинская,ул дубнинская,МОСКОВСКИЙ МЕТРОПОЛИТЕН,Введено,САО,Восточное Дегунино
"Дубнинская ул., вл.75А",дубнинская ул вл75а,"ООО ""РАНДЕВУ""",Введено,САО,Восточное Дегунино
"Бескудниковский проезд, вл. 4",бескудниковский проезд вл 4,ПРАВОСЛАВИЕ,Введено,САО,Бескудниковский
"район Бескудниковский, мкр. 6, корп. 16",район бескудниковский мкр. 6 корп 16,КП УГС,Введено,САО,Бескудниковский
"Дмитровское шоссе, З/У 75/77",дмитровское шоссе зу 75/77,UDS,Введено,САО,Западное Дегунино
"шоссе Дмитровское, земельный участок 73Б",шоссе дмитровское земельный участок 73б,ГРАНЕЛЬ,Введено,САО,Западное Дегунино
"Дмитровское шоссе, вл. 71, корпус 5",дмитровское шоссе вл 71 корпус 5,ГРАНЕЛЬ,Введено,САО,Западное Дегунино
"ш. Дмитровское, вл. 71, корп. 2, стр. 1-6",ш дмитровское вл 71 корп 2 стр 1-6,3S GROUP,Введено,САО,Западное Дегунино
3-й Нижнелихоборский проезд,3-й нижнелихоборский проезд,ПИК,Введено,САО,Тимирязевский
"3-й Нижнелихоборский пр., вл. 1 (, Тимирязевский)",3-й нижнелихоборский пр вл 1 ( тимирязевский),ПИК,Введено,САО,Тимирязевский
Нижнелихоборский 3-й пр. вл. 1,нижнелихоборский 3-й пр вл 1,ПИК,Введено,САО,Тимирязевский
"улица Илимская, вл. 3/5",улица илимская вл 3/5,SEVEN SUNS DEVELOPMENT,Введено,СВАО,Лианозово
район Марфино,район марфино,"ГКУ ""УДМС""",Введено,СВАО,Марфино
ул Станционная 8В,ул станционная 8в,"ГКУ ""УДМС""",Введено,СВАО,Марфино
"пр-д Черского, земельный участок 21Б",пр-д черского земельный участок 21б,ФОНД РЕНОВАЦИИ,Введено,СВАО,Алтуфьевский
"ш. Алтуфьевское, з/у 33Г",ш алтуфьевское зу 33г,"АО ""СМАК""",Введено,СВАО,Отрадное
"Линейный пр-д, д.8А",линейный пр-д д8а,ФОНД РЕНОВАЦИИ,Введено,САО,Тимирязевский
Инженерная ул. вл. 5а,инженерная ул вл 5а,"КП ""БСА ""ЛУЖНИКИ""",Введено,СВАО,Алтуфьевский
"Алтуфьевское ш., вл. 33Ж",алтуфьевское ш вл 33ж,ИНКСЕЛЕРЕЙТ,Введено,СВАО,Отрадное
"Алтуфьевское шоссе, вл.77",алтуфьевское шоссе вл77,ПРАВОСЛАВИЕ,Введено,СВАО,Алтуфьевский
Алтуфьевское шоссе,алтуфьевское шоссе,ПИК,Введено,СВАО,Алтуфьевский
"Алтуфьевское шоссе, з/у 53/1",алтуфьевское шоссе зу 53/1,ПИК,Введено,СВАО,Алтуфьевский
"Алтуфьевское шоссе, земельный участок 53/1",алтуфьевское шоссе земельный участок 53/1,ПИК,Введено,СВАО,Алтуфьевский
"ул. Ботаническая, вл.29",ул ботаническая вл29,ОСНОВА,Введено,СВАО,Марфино
Высоковольтный пр.,высоковольтный пр,"ПУБЛИЧНОЕ АКЦИОНЕРНОЕ ОБЩЕСТВО ""ПИК-СПЕЦИАЛИЗИРОВАННЫЙ ЗАСТРОЙЩИК""",Введено,СВАО,Отрадное
Сигнальный пр. вл. 37,сигнальный пр вл 37,"ООО ""АЙС АТЛЕТИКС""",Введено,СВАО,Отрадное
"Сигнальный проезд, влд. 16, стр.2",сигнальный проезд влд. 16 стр2,ПИК,Введено,СВАО,Отрадное
Сигнальный пр. вл. 16,сигнальный пр вл 16,ПИК,Введено,СВАО,Отрадное
ул. Римского-Корсакова,ул римского-корсакова,"ПУБЛИЧНОЕ АКЦИОНЕРНОЕ ОБЩЕСТВО ""ПИК-СПЕЦИАЛИЗИРОВАННЫЙ ЗАСТРОЙЩИК""",Введено,СВАО,Отрадное
ул Отрадная 4А,ул отрадная 4а,КОНЦЕРН КРОСТ,Введено,СВАО,Отрадное
"улица Березовая Аллея, дом 8",улица березовая аллея дом 8,МОСКОВСКИЙ МЕТРОПОЛИТЕН,Введено,СВАО,Отрадное
Ул Декабристов Дом 39 Стр 1,ул декабристов дом 39 стр 1,"ГБУ ""ДИРЕКЦИЯ РАЗВИТИЯ ОБЪЕКТОВ ЗДРАВООХРАНЕНИЯ ГОРОДА МОСКВЫ""",Введено,СВАО,Отрадное
"ул. Олонецкая, вл. 21В",ул олонецкая вл 21в,ФОНД РЕНОВАЦИИ,Введено,СВАО,Отрадное
"Берёзовая ал., влд. 5/1",березовая ал. влд. 5/1,ПРАВОСЛАВИЕ,Введено,СВАО,Отрадное
Лескова ул. вл. 25а,лескова ул вл 25а,АНО РСИО,Введено,СВАО,Бибирево
"ул. Сельскохозяйственная, вл. 35",ул сельскохозяйственная вл 35,"ПУБЛИЧНОЕ АКЦИОНЕРНОЕ ОБЩЕСТВО ""ПИК-СПЕЦИАЛИЗИРОВАННЫЙ ЗАСТРОЙЩИК""",Введено,СВАО,Останкинский
Сельскохозяйственная ул. вл. 35,сельскохозяйственная ул вл 35,"ПУБЛИЧНОЕ АКЦИОНЕРНОЕ ОБЩЕСТВО ""ПИК-СПЕЦИАЛИЗИРОВАННЫЙ ЗАСТРОЙЩИК""",Введено,СВАО,Останкинский
"ул. Корнейчука, вл. 27, вл. 27, стр. 5, 6, 7",ул корнейчука вл 27 вл 27 стр 5 6 7,UPSIDE DEVELOPMENT,Введено,СВАО,Бибирево
пересечение ул. Березовая аллея и ул. Сельскохозяйственная,пересечение ул березовая аллея и ул сельскохозяйственная,"ООО ""Д-ИНВЕСТ""",Введено,СВАО,Останкинский
Березовая аллея и Сельскохозяйственная ул.,березовая аллея и сельскохозяйственная ул,"ООО ""Д-ИНВЕСТ""",Введено,СВАО,Останкинский
"Чермянский проезд, з/у 4/1",чермянский проезд зу 4/1,УК А КЛАСС КАПИТАЛ,Введено,СВАО,Северное Медведково
Молодцова ул. вл. 25/1,молодцова ул вл 25/1,ФОНД РЕНОВАЦИИ,Введено,СВАО,Южное Медведково
"Молодцова ул., д. 14 с 6",молодцова ул д 14 с 6,"ООО ""ЛИГА АЛЬЯНС""",Введено,СВАО,Южное Медведково
"ул. Молодцова, д. 17. к.1",ул молодцова д 17. к1,ФОНД РЕНОВАЦИИ,Введено,СВАО,Южное Медведково
"проезд Дежнева, вл. 30, корп. 3",проезд дежнева вл 30 корп 3,ФОНД РЕНОВАЦИИ,Введено,СВАО,Южное Медведково
Улица Вильгельма Пика Земельный участок 14/2,улица вильгельма пика земельный участок 14/2,ХУАМИН,Введено,СВАО,Останкинский
"ул. Полярная, вл.25. Этап 9",ул полярная вл25. этап 9,ПИК,Введено,СВАО,Южное Медведково
"ул. Полярная, вл. 25",ул полярная вл 25,ПИК,Введено,СВАО,Южное Медведково
"Полярная ул., з/у 17/1",полярная ул зу 17/1,ФОНД РЕНОВАЦИИ,Введено,СВАО,Южное Медведково
"улица Полярная, дом 9",улица полярная дом 9,"АНО ""РСИ""",Введено,СВАО,Южное Медведково
"ул. Полярная, вл. 11",ул полярная вл 11,КП УГС,Введено,СВАО,Южное Медведково
"ул. Полярная, З/У 3/1",ул полярная зу 3/1,ФОНД РЕНОВАЦИИ,Введено,СВАО,Южное Медведково
"ул. Полярная, вл. 4",ул полярная вл 4,ФОНД РЕНОВАЦИИ,Введено,СВАО,Южное Медведково
"Полярная ул., вл. 16",полярная ул вл 16,ФОНД РЕНОВАЦИИ,Введено,СВАО,Южное Медведково
"ТПУ ""Ботанический сад""",тпу ботанический сад,PIONEER,Введено,СВАО,Ростокино
"ул. Вильгельма Пика, влд. 3, стр. 1-8",ул вильгельма пика влд. 3 стр 1-8,ФСК,Введено,СВАО,Ростокино
"ул. Вильгельма Пика, вл. 3, стр. 1-8",ул вильгельма пика вл 3 стр 1-8,ФСК,Введено,СВАО,Ростокино
Сельскохозяйственная ул. уч. 26/2,сельскохозяйственная ул уч 26/2,ГРУППА РОДИНА,Введено,СВАО,Ростокино
"улица Сергея Эйзенштейна, земельный участок 8",улица сергея эйзенштейна земельный участок 8,"АО ""Киностудия им. М. Горького""",Введено,СВАО,Останкинский
"Полярная, земельный участок 39/1, земельный участок 39/3",полярная земельный участок 39/1 земельный участок 39/3,ПИК,Введено,СВАО,Северное Медведково
"ул. Кольская, вл. 8",ул кольская вл 8,ПИК,Введено,СВАО,Бабушкинский
"ул. Кольская, земельный участок 8/1",ул кольская земельный участок 8/1,ПИК,Введено,СВАО,Бабушкинский
"проезд Серебрякова, вл. 11-13",проезд серебрякова вл 11-13,AFI DEVELOPMENT,Введено,СВАО,Свиблово
"проспект Мира, д. 135А",проспект мира д 135а,ФОНД РЕНОВАЦИИ,Введено,СВАО,Ростокино
ул Ленская 21А,ул ленская 21а,КП УГС,Введено,СВАО,Бабушкинский
Уржумская ул. вл. 4/1,уржумская ул вл 4/1,"АНО ""РСИ""",Введено,СВАО,Свиблово
"Бабушкинский, ул. Ленская, д. 15",бабушкинский ул ленская д 15,"АНО ""РСИ""",Введено,СВАО,Бабушкинский
"улица Верхоянская,земельный участок 12",улица верхоянская земельный участок 12,ФОНД РЕНОВАЦИИ,Введено,СВАО,Бабушкинский
"Кунцево, у д. Захарково, квартал А24",кунцево у д захарково квартал а24,"АО ""РУБЛЕВО-АРХАНГЕЛЬСКОЕ""",Введено,ЗАО,Кунцево
д. Захарково,д захарково,"АО ""РУБЛЕВО-АРХАНГЕЛЬСКОЕ""",Введено,ЗАО,Кунцево
"территория инновационного центра ""Сколково""",территория инновационного центра сколково,МОНОЛИТПРОЕКТ,Введено,ЗАО,Можайский
"""Сколково"", Большой Бульвар, 69",сколково большой бульвар 69,ФОНД ММК,Введено,ЗАО,Можайский
вблизи Мякининской поймы,вблизи мякининской поймы,ПИК,Введено,ЗАО,Кунцево
"""Сколково"", Большой бульвар, 56",сколково большой бульвар 56,ФОНД ММК,Введено,ЗАО,Можайский
"Большой бульвар, з/у 49Б",большой бульвар зу 49б,МОНОЛИТПРОЕКТ,Введено,ЗАО,Можайский
"г. Москва, территория инновационного центра ""Сколково""",г. москва территория инновационного центра сколково,"ООО ""ШКОЛА ТЕННИСА СКОЛКОВО""",Введено,ЗАО,Можайский
"""Сколково"", Большой бульвар, д. 46, стр. 3",сколково большой бульвар д 46 стр 3,ФОНД ММК,Введено,ЗАО,Можайский
"Большой бульвар, з/у 49/1",большой бульвар зу 49/1,МОНОЛИТПРОЕКТ,Введено,ЗАО,Можайский
"г. Москва, СЗАО, район Митино, ул. Волоколамское шоссе, вл. 140",г. москва сзао район митино ул волоколамское шоссе вл 140,МОСГАЗ,Введено,СЗАО,Митино
"Территория инновационного центра ""Сколково"", Большой бульвар, д. 7",территория инновационного центра сколково большой бульвар д 7,ФАНУК,Введено,ЗАО,Можайский
"ул. 5-я Мякининская, вл. 20, ул. 4-я Мякининская, вл. 27, стр. 1",ул 5-я мякининская вл 20 ул 4-я мякининская вл 27 стр 1,"ООО ""СЗ ""УНИВЕРСАЛЬ""",Введено,ЗАО,Кунцево
"ул Маршала Тимошенко 15, Стр 13",ул маршала тимошенко 15 стр 13,УПРАВЛЕНИЕ ДЕЛАМИ ПРЕЗИДЕНТА РОССИЙСКОЙ ФЕДЕРАЦИИ,Введено,ЗАО,Кунцево
"ул Маршала Тимошенко 15, Стр 14",ул маршала тимошенко 15 стр 14,УПРАВЛЕНИЕ ДЕЛАМИ ПРЕЗИДЕНТА РОССИЙСКОЙ ФЕДЕРАЦИИ,Введено,ЗАО,Кунцево
"ул Маршала Тимошенко 15, Стр 11",ул маршала тимошенко 15 стр 11,УПРАВЛЕНИЕ ДЕЛАМИ ПРЕЗИДЕНТА РОССИЙСКОЙ ФЕДЕРАЦИИ,Введено,ЗАО,Кунцево
"ул Маршала Тимошенко 15, Стр 12",ул маршала тимошенко 15 стр 12,УПРАВЛЕНИЕ ДЕЛАМИ ПРЕЗИДЕНТА РОССИЙСКОЙ ФЕДЕРАЦИИ,Введено,ЗАО,Кунцево
"ул Маршала Тимошенко 15, Стр 20",ул маршала тимошенко 15 стр 20,УПРАВЛЕНИЕ ДЕЛАМИ ПРЕЗИДЕНТА РОССИЙСКОЙ ФЕДЕРАЦИИ,Введено,ЗАО,Кунцево
"ул. Маршала Тимоенко, вл. 15",ул маршала тимоенко вл 15,УПРАВЛЕНИЕ ДЕЛАМИ ПРЕЗИДЕНТА РОССИЙСКОЙ ФЕДЕРАЦИИ,Введено,ЗАО,Кунцево
"улица Твардовского, д. 10, стр. 5",улица твардовского д 10 стр 5,"АНО ""РСИ""",Введено,СЗАО,Строгино
"ул. Маршала Тимошенко, вл. 8",ул маршала тимошенко вл 8,УПРАВЛЕНИЕ ДЕЛАМИ ПРЕЗИДЕНТА РОССИЙСКОЙ ФЕДЕРАЦИИ,Введено,ЗАО,Кунцево
"ул.Академика Павлова, вл.7, корп.1",улакадемика павлова вл7 корп1,УПРАВЛЕНИЕ ДЕЛАМИ ПРЕЗИДЕНТА РОССИЙСКОЙ ФЕДЕРАЦИИ,Введено,ЗАО,Кунцево
Сколковское шоссе з/у 43,сколковское шоссе зу 43,МИЛЛХАУС,Введено,ЗАО,Можайский
"Сколковское шоссе, з/у 43 (Заречье р.п.)",сколковское шоссе зу 43 (заречье р.п.),МИЛЛХАУС,Введено,ЗАО,Можайский
"Волоколамское шоссе, д. 95/2",волоколамское шоссе д 95/2,MR GROUP,Введено,СЗАО,Покровское-Стрешнево
"Волоколамское ш., вл.95",волоколамское ш вл95,MR GROUP,Введено,СЗАО,Покровское-Стрешнево
"Рублевское шоссе, вл. 54",рублевское шоссе вл 54,ПРАВОСЛАВИЕ,Введено,ЗАО,Крылатское
"ул. Академика Павлова, вл. 40 (напротив), (уровень 1)",ул академика павлова вл 40 (напротив) (уровень 1),"АНО ""РСИ""",Введено,ЗАО,Кунцево
ул. Оршанская,ул оршанская,"ЖСК ""АВИАТОР""",Введено,ЗАО,Кунцево
"Походный проезд, земельный участок 2Г",походный проезд земельный участок 2г,КОНЦЕРН КРОСТ,Введено,СЗАО,Покровское-Стрешнево
"ул. Академика Павлова, з/у 56",ул академика павлова зу 56,ПИК,Введено,ЗАО,Кунцево
Павлова академика ул.,павлова академика ул,ПИК,Введено,ЗАО,Кунцево
"ул. Оршанская, д.3",ул оршанская д3,МИНОБРНАУКИ РОССИИ,Введено,ЗАО,Кунцево
"ул. Большая Очаковская, вл. 2",ул большая очаковская вл 2,ПИК,Введено,ЗАО,Очаково-Матвеевское
Крылатские холмы ул. вл. 51.,крылатские холмы ул вл 51.,"ГБУ ""ДИРЕКЦИЯ РАЗВИТИЯ ОБЪЕКТОВ ЗДРАВООХРАНЕНИЯ ГОРОДА МОСКВЫ""",Введено,ЗАО,Крылатское
"Волоколамское шоссе, вл. 81, корп. 2",волоколамское шоссе вл 81 корп 2,LEVEL GROUP,Введено,СЗАО,Покровское-Стрешнево
Волоколамское шоссе вл. 81,волоколамское шоссе вл 81,LEVEL GROUP,Введено,СЗАО,Покровское-Стрешнево
"Лётная улица, дом 95Б, строение 1",летная улица дом 95б строение 1,ASTERUS (Vi Holding),Введено,СЗАО,Покровское-Стрешнево
ул. Аэроклубная 8А,ул аэроклубная 8а,ASTERUS (Vi Holding),Введено,СЗАО,Покровское-Стрешнево
"ул. Летная, влд. 95Б",ул летная влд. 95б,ASTERUS (Vi Holding),Введено,СЗАО,Покровское-Стрешнево
"ул. Лётная, земельный участок 95Б",ул летная земельный участок 95б,ASTERUS (Vi Holding),Введено,СЗАО,Покровское-Стрешнево
Волоколамское шоссе вл. 71/12,волоколамское шоссе вл 71/12,ТУШИНО 2018,Введено,СЗАО,Покровское-Стрешнево
Шоссе Волоколамское Дом 71 А,шоссе волоколамское дом 71 а,ТУШИНО 2018,Введено,СЗАО,Покровское-Стрешнево
"Кунцево, Молодогвардейская ул., 22",кунцево молодогвардейская ул 22,ПИК,Введено,ЗАО,Кунцево
Шоссе Волоколамское Дом 71/7,шоссе волоколамское дом 71/7,ТУШИНО 2018,Введено,СЗАО,Покровское-Стрешнево
"набережная Покровская, земельный участок 16",набережная покровская земельный участок 16,ТУШИНО 2018,Введено,СЗАО,Покровское-Стрешнево
"Волоколамское шоссе, вл.71/13",волоколамское шоссе вл71/13,ТУШИНО 2018,Введено,СЗАО,Покровское-Стрешнево
"Рябиновая, 39",рябиновая 39,МОНАРХ,Введено,ЗАО,Очаково-Матвеевское
Рябиновая ул. вл. 45,рябиновая ул вл 45,"ООО ""ТЕРМИНАЛЬНЫЙ КОМПЛЕКС""",Введено,ЗАО,Очаково-Матвеевское
"Российская Федерация, , внутригородская территория муниципальный округ Очаково-Матвеевское, Рябиновая улица, дом 40В",российская федерация внутригородская территория муниципальный округ очаково-матвеевское рябиновая улица дом 40в,САТУРН-ШБС-3,Введено,ЗАО,Очаково-Матвеевское
"Волоколамское шоссе, вл. 71/8, стр. 3",волоколамское шоссе вл 71/8 стр 3,ТУШИНО 2018,Введено,СЗАО,Покровское-Стрешнево
Волоколамское ш. 71/8,волоколамское ш 71/8,ТУШИНО 2018,Введено,СЗАО,Покровское-Стрешнево
Волоколамское шоссе вл. 71/8,волоколамское шоссе вл 71/8,ТУШИНО 2018,Введено,СЗАО,Покровское-Стрешнево
"Волоколамское шоссе, вл. 71/14",волоколамское шоссе вл 71/14,ТУШИНО 2018,Введено,СЗАО,Покровское-Стрешнево
Улица Петра Алексеева Дом 10,улица петра алексеева дом 10,ФОНД РЕНОВАЦИИ,Введено,ЗАО,Можайский
"ул. Рябиновая, вл. 55, стр. 29, 30",ул рябиновая вл 55 стр 29 30,"ООО ""АГРАМ""",Введено,ЗАО,Очаково-Матвеевское
Волоколамское шоссе вл. 71/9,волоколамское шоссе вл 71/9,ТУШИНО 2018,Введено,СЗАО,Покровское-Стрешнево
"Волоколамское шоссе, д. 71, стр. 5А",волоколамское шоссе д 71 стр 5а,ТУШИНО 2018,Введено,СЗАО,Покровское-Стрешнево
Алексеева Петра ул. вл. 12,алексеева петра ул вл 12,SMINEX (ранее INGRAD),Введено,ЗАО,Можайский
"ул. Петра Алексеева, вл. 12",ул петра алексеева вл 12,SMINEX (ранее INGRAD),Введено,ЗАО,Раменки
"ул. Верейская, д.41",ул верейская д41,КОНЦЕРН ВКО АЛМАЗ - АНТЕЙ,Введено,ЗАО,Можайский
"Рябиновая, вл. 55, стр. 29,30",рябиновая вл 55 стр 29 30,"ООО ""АГРАМ""",Введено,ЗАО,Очаково-Матвеевское
Волоколамское шоссе 71/1,волоколамское шоссе 71/1,ФОНД РЕНОВАЦИИ,Введено,СЗАО,Покровское-Стрешнево
Франко Ивана ул.,франко ивана ул,ПИК,Введено,ЗАО,Кунцево
"ул. Багрицкого, земельный участок 28",ул багрицкого земельный участок 28,ФОНД РЕНОВАЦИИ,Введено,ЗАО,Можайский
"Москва, ЗАО, район Можайский, Гжатская ул. вл. 9",москва зао район можайский гжатская ул вл 9,PIONEER,Введено,ЗАО,Можайский
"ул. Рябиновая, вл. 44/1",ул рябиновая вл 44/1,LEVEL GROUP,Введено,ЗАО,Очаково-Матвеевское
"Волоколамское шоссе, вл. 71/22",волоколамское шоссе вл 71/22,ТУШИНО 2018,Введено,СЗАО,Покровское-Стрешнево
"ул. Таманская, вл. 1, стр. 3",ул таманская вл 1 стр 3,Д-ИНВЕСТ,Введено,СЗАО,Хорошёво-Мнёвники
Озерная ул.,озерная ул,"ПУБЛИЧНОЕ АКЦИОНЕРНОЕ ОБЩЕСТВО ""ПИК-СПЕЦИАЛИЗИРОВАННЫЙ ЗАСТРОЙЩИК""",Введено,ЗАО,Очаково-Матвеевское
"ул. Озерная, земельный участок 42/5",ул озерная земельный участок 42/5,"ПУБЛИЧНОЕ АКЦИОНЕРНОЕ ОБЩЕСТВО ""ПИК-СПЕЦИАЛИЗИРОВАННЫЙ ЗАСТРОЙЩИК""",Введено,ЗАО,Очаково-Матвеевское
Озерная ул. 44,озерная ул 44,"ПУБЛИЧНОЕ АКЦИОНЕРНОЕ ОБЩЕСТВО ""ПИК-СПЕЦИАЛИЗИРОВАННЫЙ ЗАСТРОЙЩИК""",Введено,ЗАО,Очаково-Матвеевское
"ЗАО, Очаково-Матвеевское",зао очаково-матвеевское,МОСКОВСКИЙ МЕТРОПОЛИТЕН,Введено,ЗАО,Можайский
"проезд Стройкомбината, земельный участок 1/22",проезд стройкомбината земельный участок 1/22,ПИК,Введено,ЗАО,Очаково-Матвеевское
Электродепо «Аминьевское». 2.1 этап,электродепо аминьевское. 2.1 этап,МОСКОВСКИЙ МЕТРОПОЛИТЕН,Введено,ЗАО,Можайский
Транспортно-пересадочный узел «Озерная» 2.1 этап,транспортно-пересадочный узел озерная 2.1 этап,МОСКОВСКИЙ МЕТРОПОЛИТЕН,Введено,ЗАО,Очаково-Матвеевское
"ул. Озерная, вл. 33",ул озерная вл 33,МОСИНЖПРОЕКТ,Введено,ЗАО,Очаково-Матвеевское
Новикова-Прибоя наб. вл. 6/3/1,новикова-прибоя наб. вл 6/3/1,ФОНД РЕНОВАЦИИ,Введено,СЗАО,Хорошёво-Мнёвники
"улица Нижние Мнёвники, уч. 37Б",улица нижние мневники уч 37б,ДОНСТРОЙ,Введено,СЗАО,Хорошёво-Мнёвники
"ул. Нижние Мнёвники, земельный участок 35",ул нижние мневники земельный участок 35,ДОНСТРОЙ,Введено,СЗАО,Хорошёво-Мнёвники
"ул. Нижние Мнёвники, земельный участок 5",ул нижние мневники земельный участок 5,"ООО ""РАЗВИТИЕ""",Введено,СЗАО,Хорошёво-Мнёвники
"Франко Ивана ул. вл. 4,6",франко ивана ул вл 4 6,ОСНОВА,Введено,ЗАО,Фили-Давыдково
Очаковская Б. ул. вл. 35А,очаковская б. ул вл 35а,ФОНД РЕНОВАЦИИ,Введено,ЗАО,Очаково-Матвеевское
"Волоколамское шоссе, вл. 63",волоколамское шоссе вл 63,"АНО ""РСИ""",Введено,СЗАО,Покровское-Стрешнево
"улица Нижние Мнёвники, земельный участок 11",улица нижние мневники земельный участок 11,"ООО ""ЯРМАРКА""",Введено,СЗАО,Хорошёво-Мнёвники
"ул. Нижние Мнёвники, земельный участок 13",ул нижние мневники земельный участок 13,ДОНСТРОЙ,Введено,СЗАО,Хорошёво-Мнёвники
ул. Нижние Мневники,ул нижние мневники,ДОНСТРОЙ,Введено,СЗАО,Хорошёво-Мнёвники
"ул. Матвеевская, д. 1А",ул матвеевская д 1а,РОСИМУЩЕСТВО,Введено,ЗАО,Очаково-Матвеевское
"шоссе Очаковское, земельный участок 3А/12",шоссе очаковское земельный участок 3а/12,ПИК,Введено,ЗАО,Очаково-Матвеевское
"Очаковское шоссе, З/У 3А/12",очаковское шоссе зу 3а/12,ПИК,Введено,ЗАО,Очаково-Матвеевское
"Мичуринский пр-т , вл. 15",мичуринский пр-т вл 15,ПРАВОСЛАВИЕ,Введено,ЗАО,Очаково-Матвеевское
"Волоколамское шоссе, вл.80",волоколамское шоссе вл80,МИНОБРНАУКИ РОССИИ,Введено,СЗАО,Покровское-Стрешнево
Кременчугская ул. д. 3,кременчугская ул д 3,ПРОТЕК,Введено,ЗАО,Фили-Давыдково
Очаковское ш. з/у 3а,очаковское ш зу 3а,ПИК,Введено,ЗАО,Очаково-Матвеевское
"Очаковское шоссе, влд. 3А, 5А",очаковское шоссе влд. 3а 5а,ФОНД РЕНОВАЦИИ,Введено,ЗАО,Очаково-Матвеевское
"Авиационная ул., вл. 30",авиационная ул вл 30,ПРАВОСЛАВИЕ,Введено,СЗАО,Щукино
"ул. Генерала Глаголева, д. 14А",ул генерала глаголева д 14а,КОНЦЕРН КРОСТ,Введено,СЗАО,Хорошёво-Мнёвники
"ул. Нижние Мневники, уч. 9",ул нижние мневники уч 9,ДОНСТРОЙ,Введено,СЗАО,Хорошёво-Мнёвники
Кременчугская ул. вл. 11,кременчугская ул вл 11,ПРАВИТЕЛЬСТВО РОССИЙСКОЙ ФЕДЕРАЦИИ,Введено,ЗАО,Фили-Давыдково
Шоссе Аминьевское Дом 4Д Строение 4,шоссе аминьевское дом 4д строение 4,SMINEX,Введено,ЗАО,Очаково-Матвеевское
"ТПУ на станции метро ""Аминьевское шоссе""",тпу на станции метро аминьевское шоссе,МОСКОВСКИЙ МЕТРОПОЛИТЕН,Введено,ЗАО,Очаково-Матвеевское
Очаковское ш,очаковское ш,ПИК,Введено,ЗАО,Очаково-Матвеевское
"ул. Большая Очаковская, вл. 2, корп. 2",ул большая очаковская вл 2 корп 2,"ООО ""СМП-592""",Введено,ЗАО,Очаково-Матвеевское
"квартал 82 а , корпус 9 (бульвар Генерала Карбышева, вл. 9, корп. 1, вл. 11 корп. 1)",квартал 82 а корпус 9 (бульвар генерала карбышева вл 9 корп 1 вл 11 корп 1),КОНЦЕРН КРОСТ,Введено,СЗАО,Хорошёво-Мнёвники
Улица Саляма Адиля Дом 2А,улица саляма адиля дом 2а,КОНЦЕРН КРОСТ,Введено,СЗАО,Хорошёво-Мнёвники
От ул. Нижние Мневники д.62 до проспекта Маршала Жукова.,от ул нижние мневники д62 до проспекта маршала жукова.,РОСИМУЩЕСТВО,Введено,СЗАО,Хорошево-Мневники
пересечение Аминьевского шоссе с Киевским направлением Московской железной дороги,пересечение аминьевского шоссе с киевским направлением московской железной дороги,SMINEX,Введено,ЗАО,Очаково-Матвеевское
"Олимпийская деревня, вл. 4",олимпийская деревня вл 4,"ООО ""СЗ ""ЗАПАД ДЕВЕЛОПМЕНТ""",Введено,ЗАО,Тропарёво-Никулино
"ул. Берзарина, вл. 32/4",ул берзарина вл 32/4,РГ-ДЕВЕЛОПМЕНТ,Введено,СЗАО,Щукино
Берзарина ул. уч. 32/2,берзарина ул уч 32/2,РГ-ДЕВЕЛОПМЕНТ,Введено,СЗАО,Щукино
Берзарина ул. уч. 32/14,берзарина ул уч 32/14,РГ-ДЕВЕЛОПМЕНТ,Введено,СЗАО,Щукино
Берзарина ул. вл. 32/14/2,берзарина ул вл 32/14/2,РГ-ДЕВЕЛОПМЕНТ,Введено,СЗАО,Щукино
"улица Нижние Мнёвники, земельный участок 6/2",улица нижние мневники земельный участок 6/2,МОСВОДОКАНАЛ,Введено,СЗАО,Хорошёво-Мнёвники
"Давыдковская ул., д. 12",давыдковская ул д 12,КП УГС,Введено,ЗАО,Фили-Давыдково
"ул. Лобачевского, з/у 124/3А",ул лобачевского зу 124/3а,"ООО ""СЗ ""ЭТАЛОНИ ЕВРОПА""",Введено,ЗАО,Раменки
"ул. Лобачевского, вл. 120",ул лобачевского вл 120,ЭТАЛОН,Введено,ЗАО,Раменки
"ул. Озерная, з/у 1",ул озерная зу 1,LEVEL GROUP,Введено,ЗАО,Очаково-Матвеевское
"ул. Озерная, вл. 1",ул озерная вл 1,LEVEL GROUP,Введено,ЗАО,Очаково-Матвеевское
Анохина академика ул. вл. 8,анохина академика ул вл 8,КП УГС,Введено,ЗАО,Тропарёво-Никулино
"Народного ополчения ул. вл. 13 корп. 3,4",народного ополчения ул вл 13 корп 3 4,КОНЦЕРН КРОСТ,Введено,СЗАО,Хорошёво-Мнёвники
"Хорошево-Мневники, ул. Народного Ополчения, з/у 15",хорошево-мневники ул народного ополчения зу 15,КОНЦЕРН КРОСТ,Введено,СЗАО,Хорошёво-Мнёвники
"Народного ополчения ул. уч. 3/2 влд. 9, к. 5, 6",народного ополчения ул уч 3/2 влд. 9 к 5 6,"АНОО ""ХОРОШЕВСКАЯ ШКОЛА""",Введено,СЗАО,Хорошёво-Мнёвники
"Фили-Давыдково кв. 1-2 корп. 18, 18А",фили-давыдково кв. 1-2 корп 18 18а,МОСКОВСКИЙ ФОНД ЗАЩИТЫ ПРАВ ДОЛЬЩИКОВ,Введено,ЗАО,Фили-Давыдково
"ул. Нежинская, д. 4",ул нежинская д 4,ПРАВОСЛАВИЕ,Введено,ЗАО,Очаково-Матвеевское
"между ул. Лобачевского и платформой ""Матвеевская"", квартал 3, 1-я очередь, корпус 1",между ул лобачевского и платформой матвеевская квартал 3 1-я очередь корпус 1,ДОНСТРОЙ,Введено,ЗАО,Раменки
"между ул. Лобачевского и платформой ""Матвеевское"", кв. 2, корп. 1",между ул лобачевского и платформой матвеевское кв. 2 корп 1,ДОНСТРОЙ,Введено,ЗАО,Раменки
"между ул. Лобачевского и платформой ""Матвеевское"", кв. 2, корп. 2",между ул лобачевского и платформой матвеевское кв. 2 корп 2,ДОНСТРОЙ,Введено,ЗАО,Раменки
ул. Расплетина,ул расплетина,КОНЦЕРН КРОСТ,Введено,СЗАО,Щукино
"ул. Ротмистрова, земельный участок 2",ул ротмистрова земельный участок 2,КОНЦЕРН КРОСТ,Введено,СЗАО,Щукино
"ул. Ротмистрова, З/У 2, корпус 2",ул ротмистрова зу 2 корпус 2,КОНЦЕРН КРОСТ,Введено,СЗАО,Щукино
"ул. Ротмистрова, З/У 2, корпус 3",ул ротмистрова зу 2 корпус 3,КОНЦЕРН КРОСТ,Введено,СЗАО,Щукино
Филевский бульв. вл. 18,филевский бульв. вл 18,ПРАВОСЛАВИЕ,Введено,ЗАО,Филевский Парк
"между ул. Лобачевского и платформой ""Матвеевская"", Квартал 9.1",между ул лобачевского и платформой матвеевская квартал 9.1,ДОНСТРОЙ,Введено,ЗАО,Раменки
"квартал 9.2, между ул. Лобачевского и платформой «Матвеевское»",квартал 9.2 между ул лобачевского и платформой матвеевское,ДОНСТРОЙ,Введено,ЗАО,Раменки
"проезд 3-й Красногорский, земельный участок 2",проезд 3-й красногорский земельный участок 2,ПИК,Введено,СЗАО,Щукино
"ул. Щукинская, З/У 7А",ул щукинская зу 7а,МАНГАЗЕЯ,Введено,СЗАО,Щукино
"Москва, ЗАО, район Очаково-Матвеевское, Веерная ул. вл. 26 А, Б",москва зао район очаково-матвеевское веерная ул вл 26 а б,ФОНД РЕНОВАЦИИ,Введено,ЗАО,Очаково-Матвеевское
"между ул. Лобачевского и платформой ""Матвеевское"", 2-ая очередь, квартал 10, корпус 2",между ул лобачевского и платформой матвеевское 2-ая очередь квартал 10 корпус 2,ДОНСТРОЙ,Введено,ЗАО,Раменки
"проспект Вернадского, вл. 78, участок №2",проспект вернадского вл 78 участок №2,МОСКОВСКИЙ ФОНД ЗАЩИТЫ ПРАВ ДОЛЬЩИКОВ,Введено,ЗАО,Тропарёво-Никулино
Волоколамское шоссе вл. 24,волоколамское шоссе вл 24,ПИК,Введено,СЗАО,Щукино
"Щукино, 1-й Пехотный пер., вл. 2",щукино 1-й пехотный пер вл 2,ГРАД,Введено,СЗАО,Щукино
"ул. Демьяна Бедного, вл. 17, корп. 2",ул демьяна бедного вл 17 корп 2,ФОНД РЕНОВАЦИИ,Введено,СЗАО,Хорошёво-Мнёвники
"ул. Олеко Дундича, вл. 29",ул олеко дундича вл 29,ФОНД РЕНОВАЦИИ,Введено,ЗАО,Фили-Давыдково
"проспект Вернадского, вл. 76",проспект вернадского вл 76,МИД РОССИИ,Введено,ЗАО,Проспект Вернадского
Волоколамский Б. пр. вл. 23,волоколамский б. пр вл 23,СВИФТ,Введено,СЗАО,Щукино
"ул. Демьяна Бедного, земельный участок 24А",ул демьяна бедного земельный участок 24а,КОНЦЕРН КРОСТ,Введено,СЗАО,Хорошёво-Мнёвники
"ул. Мневники, вл. 10",ул мневники вл 10,ПРАВОСЛАВИЕ,Введено,СЗАО,Хорошёво-Мнёвники
Филевский бульвар (ул. Новозаводская),филевский бульвар (ул новозаводская),МОСИНЖПРОЕКТ,Введено,ЗАО,Филёвский Парк
"ул. Хорошевская, вл. 19, стр. 3",ул хорошевская вл 19 стр 3,САМОЛЕТ,Введено,СЗАО,Хорошёво-Мнёвники
Винницкая ул. вл. 8,винницкая ул вл 8,НИИМОССТРОЙ,Введено,ЗАО,Раменки
Винницкая ул. около дома №7,винницкая ул около дома №7,"АО ""УКС ИКС И Д""",Введено,ЗАО,Раменки
"пересечение ул.Минской с Киевским направлением Московской железной дороги в пойме реки Раменки (ТД ""Волынская"")",пересечение улминской с киевским направлением московской железной дороги в пойме реки раменки (тд волынская),УЭЗ,Введено,ЗАО,Раменки
"ул. Врубеля, вл. 4/1",ул врубеля вл 4/1,SMINEX,Введено,САО,Сокол
"Шеногина ул., вл.2",шеногина ул вл2,ФСК,Введено,СЗАО,Хорошёво-Мнёвники
ул. Шеногина вл.2,ул шеногина вл2,ФСК,Введено,СЗАО,Хорошёво-Мнёвники
пересечение улицы Минской с Киевским направлением МЖД в пойме реки Раменки,пересечение улицы минской с киевским направлением мжд в пойме реки раменки,SMINEX,Введено,ЗАО,Раменки
"ул. Лобачевского, д. 42, стр. 2",ул лобачевского д 42 стр 2,К+31,Введено,ЗАО,Проспект Вернадского
"Нарвская ул.,з/у 5/1",нарвская ул зу 5/1,ФОНД РЕНОВАЦИИ,Введено,САО,Войковский
"Береговой проезд, д.2",береговой проезд д2,ГЛАВСТРОЙ,Введено,ЗАО,Филёвский Парк
Волкова космонавта ул. д. 5Б стр. 1,волкова космонавта ул д 5б стр 1,"ООО ""КОРУНДСТРОЙ""",Введено,САО,Войковский
"Малый Песчаный переулок, дом 4А",малый песчаный переулок дом 4а,КП УГС,Введено,САО,Сокол
ул. Зорге вл.9,ул зорге вл9,ЗОРГЕ 9,Введено,САО,Хорошёвский
Зорге ул. вл. 9,зорге ул вл 9,ФСК,Введено,САО,Хорошёвский
"ул Барклая, вл 6, вл 6Т",ул барклая вл 6 вл 6т,ПИК,Введено,ЗАО,Филёвский Парк
"ул. Барклая, земельный участок 6А",ул барклая земельный участок 6а,ПИК,Введено,ЗАО,Филёвский Парк
"просп. Ломоносовский, вл. 36,",просп. ломоносовский вл 36 ,ЭТАЛОН,Введено,ЗАО,Раменки
"Мичуринский проспект, корп. 16, квартал 5-6",мичуринский проспект корп 16 квартал 5-6,МОСКАПСТРОЙ,Введено,ЗАО,Раменки
"улица Цеткин Клары, д. 33",улица цеткин клары д 33,КОНЦЕРН ВКО АЛМАЗ - АНТЕЙ,Введено,САО,Войковский
"Ленинградское шоссе, влд. 2Б",ленинградское шоссе влд. 2б,МОСКОВСКИЙ МЕТРОПОЛИТЕН,Введено,САО,Сокол
"Шелепихинская набережная, дом 34, корпус 5",шелепихинская набережная дом 34 корпус 5,ДОНСТРОЙ,Введено,СЗАО,Хорошёво-Мнёвники
"ул. Шеногина, вл. 1, Шелепихинская наб., вл. 34",ул шеногина вл 1 шелепихинская наб. вл 34,ДОНСТРОЙ,Введено,СЗАО,Хорошево-Мневники
Багратионовский пр-д вл. 5,багратионовский пр-д вл 5,MR GROUP,Введено,ЗАО,Филёвский Парк
"Причальный пр., вл. 8",причальный пр вл 8,LEVEL GROUP,Введено,СЗАО,Хорошёво-Мнёвники
"Причальный пр., д.8",причальный пр д8,LEVEL GROUP,Введено,СЗАО,Хорошево-Мневники
"ул. Довженко, вл. 4",ул довженко вл 4,TASHIR,Введено,ЗАО,Раменки
"Мосфильмовская ул. д. 42 стр. 1, 2",мосфильмовская ул д 42 стр 1 2,МИД РОССИИ,Введено,ЗАО,Раменки
"проспект Вернадского, вл. 10",проспект вернадского вл 10,ФСО РОССИИ,Введено,ЗАО,Проспект Вернадского
"Улица Магистральная 1-я, влд.25",улица магистральная 1-я влд.25,САМОЛЕТ,Введено,САО,Хорошёвский
"ул. Заречная, вл. 2/1",ул заречная вл 2/1,ПИК,Введено,ЗАО,Филёвский Парк
Строительство основного хода и съездов Северного дублера Кутузовского проспекта,строительство основного хода и съездов северного дублера кутузовского проспекта,ИНВЕСТИЦИОННАЯ КОМПАНИЯ ЛИДЕР,Введено,ЗАО,Одинцовский
ул. Братьев Фонченко,ул братьев фонченко,ANT DEVELOPMENT,Введено,ЗАО,Дорогомилово
"внутригородское муниципальное образование Ломоносовское, кв. 18, корп. 5Б",внутригородское муниципальное образование ломоносовское кв. 18 корп 5б,"ООО ""СПЕЦСТРОЙСЕРВИС""",Введено,ЮЗАО,Ломоносовский
Ленинский просп. вл. 90/2,ленинский просп. вл 90/2,НОВАТЭК,Введено,ЗАО,Проспект Вернадского
"Ленинский проспект, вл. 90/2",ленинский проспект вл 90/2,НОВАТЭК,Введено,ЗАО,Проспект Вернадского
"ул. 3-я Магистральная, вл. 10",ул 3-я магистральная вл 10,"ООО УК ""ДД КАЛИТА""",Введено,САО,Хорошёвский
Варшавское шоссе земельный участок 47/2,варшавское шоссе земельный участок 47/2,ФОНД РЕНОВАЦИИ,Введено,ЮАО,Нагатино-Садовники
"Хорошевское шоссе, вл. 25, стр 25",хорошевское шоссе вл 25 стр 25,"ООО ""ГАРАНТ-ИНВЕСТ""",Введено,САО,Хорошёвский
"Шмитовский проезд, вл. 39 - Мукомольный проезд, вл. 6, участок 2",шмитовский проезд вл 39 - мукомольный проезд вл 6 участок 2,КОРТРОС,Введено,ЦАО,Пресненский
"Шмитовский проезд, вл. 39, Мукомольный проезд, вл. 6, Участок 2",шмитовский проезд вл 39 мукомольный проезд вл 6 участок 2,КОРТРОС,Введено,ЦАО,Пресненский
Поклонная ул. вл. 9,поклонная ул вл 9,ANT DEVELOPMENT,Введено,ЗАО,Дорогомилово
2-й Мосфильмовский пер.,2-й мосфильмовский пер,ОЙКУМЕНА,Введено,ЗАО,Раменки
Мосфильмовская ул.,мосфильмовская ул,МИНКУЛЬТУРЫ РОССИИ,Введено,ЗАО,Раменки
"ул. Мосфильмовская, з/у 1В",ул мосфильмовская зу 1в,AB DEVELOPMENT,Введено,ЗАО,Раменки
"ул. Большая Академическая, вл. 33",ул большая академическая вл 33,ПРАВОСЛАВИЕ,Введено,САО,Коптево
"Москва, САО, район Хорошевский, Викторенко ул. вл. 11",москва сао район хорошевский викторенко ул вл 11,"ООО ""АТЛАНТИК""",Введено,САО,Хорошёвский
Хорошевское шоссе вл. 25,хорошевское шоссе вл 25,SEZAR GROUP,Введено,САО,Хорошёвский
Магистральная 2-я ул. вл. 18,магистральная 2-я ул вл 18,БОРИСХОФ ХОЛДИНГ,Введено,САО,Хорошёвский
"ул. Приорова, вл. 10",ул приорова вл 10,РОСЗДРАВ,Введено,САО,Коптево
Хорошёвский,хорошевский,МОСКОВСКИЙ МЕТРОПОЛИТЕН,Введено,САО,Хорошёвский
Ермакова роща ул. вл. 3,ермакова роща ул вл 3,"АО ""ЭКСПОЦЕНТР""",Введено,ЦАО,Пресненский
"ТПУ ""СИТИ"", тупик Шелепихинский, з/у 1,2,3,4,5,6,7,8,9,10",тпу сити тупик шелепихинский зу 1 2 3 4 5 6 7 8 9 10,MR GROUP,Введено,ЦАО,Пресненский
"тупик Шелепихинский з/у 1,2,3,4,5,6,7,8,9,10",тупик шелепихинский зу 1 2 3 4 5 6 7 8 9 10,MR GROUP,Введено,ЦАО,Пресненский
в районе ММДЦ «Москва-Сити»,в районе ммдц москва-сити,"ГУП ГОРОДА МОСКВЫ ""ЦЕНТР-СИТИ""",Введено,ЦАО,Пресненский
Подвойского ул. вл. 2,подвойского ул вл 2,КП УГС,Введено,ЦАО,Пресненский
Сетуньский 2-й пр. вл. 9,сетуньский 2-й пр вл 9,ПРАВОСЛАВИЕ,Введено,ЗАО,Раменки
Пудовкина ул. вл. 4а,пудовкина ул вл 4а,МИНЭКОНОМРАЗВИТИЯ РОССИИ,Введено,ЗАО,Раменки
"Хорошевское ш., вл. 38А",хорошевское ш вл 38а,КП УГС,Введено,САО,Хорошёвский
"ул. Розанова, з/у 6",ул розанова зу 6,ФСК,Введено,САО,Хорошёвский
г. Москва,г. москва,АВТОДОМ,Введено,ЦАО,Пресненский
Севастопольский просп. вл. 7 корп. 6/1,севастопольский просп. вл 7 корп 6/1,ФОНД РЕНОВАЦИИ,Введено,ЮАО,Донской
"Раменский бульвар, дом 1, строение 1",раменский бульвар дом 1 строение 1,ФОНД РАЗВИТИЯ МОСКОВСКОГО УНИВЕРСИТЕТА,Введено,ЗАО,Раменки
Улица Константина Симонова Дом 3,улица константина симонова дом 3,КП УГС,Введено,САО,Аэропорт
"Хорошевское шоссе, вл. 38А",хорошевское шоссе вл 38а,CAPITAL GROUP,Введено,САО,Хорошёвский
Хорошевское шоссе,хорошевское шоссе,Э.К. ДЕВЕЛОПМЕНТ,Введено,САО,Хорошёвский
Краснопресненская наб. уч.№15,краснопресненская наб. уч№15,CAPITAL GROUP,Введено,ЦАО,Пресненский
"Москва, ЦАО, район Пресненский, Краснопресненская набережная, ММДЦ «Москва - Сити»",москва цао район пресненский краснопресненская набережная ммдц москва - сити,"ГУП ГОРОДА МОСКВЫ ""ЦЕНТР-СИТИ""",Введено,ЦАО,Пресненский
"1-й Сетуньский проезд, вл. 6-10",1-й сетуньский проезд вл 6-10,DOMINANTA,Введено,ЗАО,Раменки
"Москва, САО, район Хорошевский, Ленинградский просп. вл. 37",москва сао район хорошевский ленинградский просп. вл 37,OPTIMA DEVELOPMENT,Введено,САО,Хорошёвский
"Ленинградский проспект, вл.37",ленинградский проспект вл37,OPTIMA DEVELOPMENT,Введено,САО,Хорошёвский
"пр-кт Ленинградский, вл. 37",пр-кт ленинградский вл 37,OPTIMA DEVELOPMENT,Введено,САО,Хорошёвский
"Лужники ул. д. 24 стр. 4Б , (объект № 45)",лужники ул д 24 стр 4б (объект № 45),ОЛИМПИЙСКИЙ КОМПЛЕКС ЛУЖНИКИ,Введено,ЦАО,Хамовники
"ул. Лужники, д. 24 (объект № 50)",ул лужники д 24 (объект № 50),ОЛИМПИЙСКИЙ КОМПЛЕКС ЛУЖНИКИ,Введено,ЦАО,Хамовники
"ул. Лужники, вл. 24",ул лужники вл 24,"АО ""АРЕНА КРИСТАЛЛ""",Введено,ЦАО,Хамовники
ул Косыгина 28,ул косыгина 28,АНО РСИО,Введено,ЗАО,Раменки
Косыгина ул. вл. 28,косыгина ул вл 28,"ООО ""ЭКСТРИМ-ПАРК ""ВОРОБЬЕВЫ ГОРЫ""",Введено,ЗАО,Раменки
"2-й Боткинский проезд, д. 5",2-й боткинский проезд д 5,"АНО ""РСИ""",Введено,САО,Беговой
"Звенигородское шоссе, вл. 11",звенигородское шоссе вл 11,РОССТРОЙИНВЕСТ,Введено,ЦАО,Пресненский
"набережная Краснопресненская, земельный участок 14",набережная краснопресненская земельный участок 14,CAPITAL GROUP,Введено,ЦАО,Мещанский
"Краснопресненская набережная, вл. 14",краснопресненская набережная вл 14,CAPITAL GROUP,Введено,ЦАО,Пресненский
"ул. Лужники, д. 24 (объект № 49)",ул лужники д 24 (объект № 49),ОЛИМПИЙСКИЙ КОМПЛЕКС ЛУЖНИКИ,Введено,ЦАО,Хамовники
"проспект Вернадского, вл.4",проспект вернадского вл4,"АО ""ИЭ ЖКХ""",Введено,ЗАО,Раменки
"ул. Тимирязевская, вл. 52",ул тимирязевская вл 52,РОССЕЛЬХОЗ,Введено,САО,Тимирязевский
"улица Бориса Петровского, дом 3",улица бориса петровского дом 3,"ГКУ ""УКРИС""",Введено,САО,Беговой
Звенигородская 2-я ул. д. 12 стр. 6,звенигородская 2-я ул д 12 стр 6,VESPER,Введено,ЦАО,Пресненский
Резервный 11А,резервный 11а,"ООО ""ВОСТОК""",Введено,ЗАО,Дорогомилово
улица Лужники напротив д. 24,улица лужники напротив д 24,АНО РСИО,Введено,ЦАО,Хамовники
"Звенигородская 2-я ул. вл. 12 стр. 62, 63, 70, 71",звенигородская 2-я ул вл 12 стр 62 63 70 71,VESPER,Введено,ЦАО,Пресненский
"ул.2-я Звенигородская, вл.12, стр. 9, 11, 12, 13, 14, 15, 17, 29, 32, 33",ул2-я звенигородская вл12 стр 9 11 12 13 14 15 17 29 32 33,VESPER,Введено,ЦАО,Пресненский
"Кутузовский проспект, вл. 12, 14А",кутузовский проспект вл 12 14а,КИЕВСКАЯ ПЛОЩАДЬ,Введено,ЗАО,Дорогомилово
Лужники ул. вл. 24,лужники ул вл 24,"ООО ""РСК ""ПРОМСТРОЙ""",Введено,ЦАО,Хамовники
"г. Москва, ЮЗАО, Ломоносовский, ул. Архитектора Власова, вл. 2",г. москва юзао ломоносовский ул архитектора власова вл 2,ФОНД РЕНОВАЦИИ,Введено,ЮЗАО,Ломоносовский
"ул. Старокрымская, вл. 13",ул старокрымская вл 13,ЭТАЛОН,Введено,ЮЗАО,Южное Бутово
"ул. 2-я Звенигородская, вл. 12 (Участок 2)",ул 2-я звенигородская вл 12 (участок 2),VESPER,Введено,ЦАО,Пресненский
"Звенигородская 2-я ул. вл. 12 стр. 1, 3, 4, 5, 7, 8, 10, 18, 19, 21, 22, 23, 26, 64",звенигородская 2-я ул вл 12 стр 1 3 4 5 7 8 10 18 19 21 22 23 26 64,VESPER,Введено,ЦАО,Пресненский
Звенигородская 2-я ул. д. 12 стр. 2,звенигородская 2-я ул д 12 стр 2,VESPER,Введено,ЦАО,Пресненский
"Саввинская набережная, дом 25А",саввинская набережная дом 25а,LEVEL GROUP,Введено,ЦАО,Хамовники
"ул. Вавилова, вл. 61",ул вавилова вл 61,КП УГС,Введено,ЮЗАО,Академический
"ул. Вавилова, д. 63",ул вавилова д 63,ПРАВОСЛАВИЕ,Введено,ЮЗАО,Академический
ул Профсоюзная 37,ул профсоюзная 37,ФОНД РЕНОВАЦИИ,Введено,ЮАО,Черёмушки
"проезд Старый Петровско Разумовский, земельный участок 1/23",проезд старый петровско разумовский земельный участок 1/23,РГ-ДЕВЕЛОПМЕНТ,Введено,САО,Савёловский
"Бережковская наб, д. 16",бережковская наб д 16,ГАЗПРОМ,Введено,ЗАО,Дорогомилово
"Лужники ул., д. 24, стр. 4В , (объект № 46)",лужники ул д 24 стр 4в (объект № 46),ОЛИМПИЙСКИЙ КОМПЛЕКС ЛУЖНИКИ,Введено,ЦАО,Хамовники
"Академический, ул. Вавилова, вл. 57А, стр.11",академический ул вавилова вл 57а стр11,"ООО ""АТОМИНЖИНИРИНГ""",Введено,ЮЗАО,Академический
"улица Гарибальди, земельный участок 31/1/1, зона 6.8",улица гарибальди земельный участок 31/1/1 зона 6.8,ФОНД РЕНОВАЦИИ,Введено,ЮЗАО,Черёмушки
"Ленинградский проспект, вл. 36",ленинградский проспект вл 36,ВТБ,Введено,САО,Аэропорт
"Саввинская набережная, вл. 17",саввинская набережная вл 17,LEVEL GROUP,Введено,ЦАО,Хамовники
ул Академика Зельдовича 1,ул академика зельдовича 1,МФ ФОИ,Введено,ЮЗАО,Гагаринский
"Черёмушки, Нахимовский проспект, ул. Новочеремушкинская, ТПУ ""Профсоюзная"" (участок 1)",черемушки нахимовский проспект ул новочеремушкинская тпу профсоюзная (участок 1),"ООО УК ""ПРОГРЕСС-ФИНАНС""",Введено,ЮЗАО,Черемушки
"улица 2-я Хуторская, земельный участок 31А",улица 2-я хуторская земельный участок 31а,ФОНД РЕНОВАЦИИ,Введено,САО,Савёловский
Проспект Ленинградский Дом 34А,проспект ленинградский дом 34а,ALCON,Введено,САО,Беговой
"Пироговская М. ул. вл. 14 стр. 2, 6",пироговская м. ул вл 14 стр 2 6,ЭЛБЕРТ ИНВЕСТМЕНТ,Введено,ЦАО,Хамовники
"ул. Усачева, вл. 11",ул усачева вл 11,SMINEX,Введено,ЦАО,Хамовники
ул. Дмитрия Ульянова,ул дмитрия ульянова,МИНЗДРАВ РОССИИ,Введено,ЮЗАО,Академический
"ул. Кржижановского, вл. 13, корп. 3",ул кржижановского вл 13 корп 3,ИНДИВИДУАЛЬНЫЕ ПРЕДПРИНИМАТЕЛИ,Введено,ЮЗАО,Академический
"Тимирязевский, Ивановская ул., вл.16 стр.1,вл. 18 стр.2",тимирязевский ивановская ул вл16 стр1 вл 18 стр2,СУ №7 ФУНДАМЕНТСТРОЙ,Введено,САО,Тимирязевский
"2-я Хуторская ул., влд.34",2-я хуторская ул влд.34,MR GROUP,Введено,САО,Савёловский
"ул. Нижняя Масловка, вл. 17",ул нижняя масловка вл 17,3S GROUP,Введено,САО,Аэропорт
"ул. Малая Грузинская, д.44/30, стр. 1",ул малая грузинская д44/30 стр 1,CAPITAL GROUP,Введено,ЦАО,Пресненский
Улица Малая Грузинская Дом 24 Корпус 3,улица малая грузинская дом 24 корпус 3,МИНКУЛЬТУРЫ РОССИИ,Введено,ЦАО,Пресненский
"1-й Тружеников пер., вл. 12",1-й тружеников пер вл 12,COLDY,Введено,ЦАО,Хамовники
"Москва, ЦАО, район Хамовники, Усачева ул. вл. 11",москва цао район хамовники усачева ул вл 11,SMINEX,Введено,ЦАО,Хамовники
"Ленинский проспект, вл. 38",ленинский проспект вл 38,HUTTON DEVELOPMENT,Введено,ЮЗАО,Гагаринский
"Косыгина, влд. 28",косыгина влд. 28,АНО РСИО,Введено,ЗАО,Раменки
"улица Профсоюзная, земельный участок 2/22",улица профсоюзная земельный участок 2/22,LEVEL GROUP,Введено,ЮЗАО,Академический
"улица Кедрова, вл.16",улица кедрова вл16,ФОНД РЕНОВАЦИИ,Введено,ЮЗАО,Академический
"ул. 5-я Ямского поля, 25 А",ул 5-я ямского поля 25 а,ТЕНЗОР,Введено,САО,Беговой
"Дружинниковская ул., д.15А",дружинниковская ул д15а,СЗ КИНОЦЕНТР,Введено,ЦАО,Пресненский
"Дружинниковская ул., вл. 15А",дружинниковская ул вл 15а,СЗ КИНОЦЕНТР,Введено,ЦАО,Пресненский
"Новочеремушкинская ул., вл. 35",новочеремушкинская ул вл 35,ФОНД РЕНОВАЦИИ,Введено,ЮЗАО,Академический
"ул. Яблочкова, вл. 5/5",ул яблочкова вл 5/5,"ГКУ ""УКРИС""",Введено,СВАО,Бутырский
"ул. Нижняя Масловка, вл. 10, стр. Б",ул нижняя масловка вл 10 стр б,"ООО ""НМ-10""",Введено,САО,Савёловский
Ямского поля 5-я ул. вл. 23/25 стр. 2,ямского поля 5-я ул вл 23/25 стр 2,ТЕНЗОР,Введено,САО,Беговой
Грузинский вал ул. вл. 11,грузинский вал ул вл 11,"ООО ""ГРУЗИНСКИЙ ВАЛ""",Введено,ЦАО,Тверской
"Большая Грузинская улица, влд. 1, стр. 109",большая грузинская улица влд. 1 стр 109,МОСКОВСКИЙ ЗООПАРК,Введено,ЦАО,Пресненский
"улица Новочеремушкинская, владение 27",улица новочеремушкинская владение 27,ФОНД РЕНОВАЦИИ,Введено,ЮЗАО,Академический
Вятская ул. вл. 37-39,вятская ул вл 37-39,"АНО ""РСИ""",Введено,САО,Савёловский
"Ленинградский проспект, вл. 8",ленинградский проспект вл 8,MR GROUP,Введено,САО,Беговой
Ул. Грузинский Вал Земельный уч. 29/31,ул грузинский вал земельный уч 29/31,AFI DEVELOPMENT,Введено,ЦАО,Тверской
Нахимовский просп. вл. 31 (площадка 10),нахимовский просп. вл 31 (площадка 10),ФЛЭТ И КО,Введено,ЮЗАО,Черемушки
"улица Милашенкова, земельный участок 7/3",улица милашенкова земельный участок 7/3,ФОНД РЕНОВАЦИИ,Введено,СВАО,Бутырский
Новодмитровская Б. ул. д. 63,новодмитровская б. ул д 63,КП УГС,Введено,СВАО,Бутырский
"Бумажный пр., вл. 19",бумажный пр вл 19,STONE,Введено,САО,Беговой
Бумажный пр. д. 19/1,бумажный пр д 19/1,STONE,Введено,САО,Беговой
"1-я ул. Ямского Поля, влд. 28, стр. 3",1-я ул ямского поля влд. 28 стр 3,GLORAX,Введено,САО,Беговой
"ул. 1-я Ямского Поля, вл. 8, вл. 10 стр.1",ул 1-я ямского поля вл 8 вл 10 стр1,MR GROUP,Введено,САО,Беговой
"ул. Б. Грузинская, вл. 8",ул б. грузинская вл 8,МОСКОВСКИЙ ЗООПАРК,Введено,ЦАО,Пресненский
"улица Милашенкова, вл. 6",улица милашенкова вл 6,КП УГС,Введено,СВАО,Бутырский
"Остаповский проезд, вл. 22, стр. 4",остаповский проезд вл 22 стр 4,СПЕЦЭЛЕКТРОМОНТАЖ,Введено,ЮВАО,Нижегородский
Складочная ул. вл. 1,складочная ул вл 1,MR GROUP,Введено,СВАО,Бутырский
Хлебный пер. вл. 24 стр. 1,хлебный пер вл 24 стр 1,"ЖСК ""ХЛЕБНЫЙ 24""",Введено,ЦАО,Пресненский
"ул. Руставели, ул. Добролюбова, з/у 8",ул руставели ул добролюбова зу 8,ПИК,Введено,СВАО,Бутырский
"ул. Двинцев, влд. 3",ул двинцев влд. 3,ПИК,Введено,СВАО,Марьина Роща
"ул. 1-я Тверская-Ямская, вл. 2",ул 1-я тверская-ямская вл 2,VESPER,Введено,ЦАО,Тверской
"ул. Большая Садовая, дом 16, стр.5",ул большая садовая дом 16 стр5,"ООО ""СВЕТ ЗВЕЗД""",Введено,ЦАО,Пресненский
"Большая Черемушкинская улица, вл.25",большая черемушкинская улица вл25,TEKTA GROUP,Введено,ЮЗАО,Котловка
"Руставели ул. вл.14/2, з/у 14/3",руставели ул вл14/2 зу 14/3,ПИК,Введено,СВАО,Бутырский
"улица Руставели, д. 16, корпус 1",улица руставели д 16 корпус 1,ПИК,Введено,СВАО,Бутырский
"ул. Руставели, вл. 14/2",ул руставели вл 14/2,ПИК,Введено,СВАО,Бутырский
"ул. Добролюбова, дом 8",ул добролюбова дом 8,ПИК,Введено,СВАО,Бутырский
"ул. Складочная, вл. 6",ул складочная вл 6,ПИК,Введено,СВАО,Бутырский
Складочная ул. вл. 6,складочная ул вл 6,ПИК,Введено,СВАО,Бутырский
Турчанинов пер. вл. 3 стр. 1,турчанинов пер вл 3 стр 1,СОЮЗ МАРИНС ГРУПП,Введено,ЦАО,Хамовники
"улица Академика Королева, дом 21",улица академика королева дом 21,SMINEX,Введено,СВАО,Марфино
Проезд Огородный Дом 16/1,проезд огородный дом 16/1,PIONEER,Введено,СВАО,Бутырский
Огородный пр. уч. 16/1,огородный пр уч 16/1,PIONEER,Введено,СВАО,Бутырский
"проезд Огородный, земельный участок 16/1",проезд огородный земельный участок 16/1,PIONEER,Введено,СВАО,Бутырский
"Полковая улица, вл. 1",полковая улица вл 1,PIONEER,Введено,СВАО,Марьина Роща
"ул. Новосущевская, вл. 37",ул новосущевская вл 37,"ЖСК ""ЖУРНАЛИСТ - 3""",Введено,СВАО,Марьина роща
"ул. Ремизова, вл. 11 к.2",ул ремизова вл 11 к2,ФОНД РЕНОВАЦИИ,Введено,ЮЗАО,Котловка
"ул. Краснопролетарская, д. 31",ул краснопролетарская д 31,КП УГС,Введено,ЦАО,Тверской
"Брюсов пер., вл. 2/14, стр. 10",брюсов пер вл 2/14 стр 10,МЕГАПОЛИС - ИНВЕСТ,Введено,ЦАО,Пресненский
"Пожарский пер., вл. 5/12, стр. 1; вл. 3",пожарский пер вл 5/12 стр 1 вл 3,"ООО ""ЭЛЕКТРА""",Введено,ЦАО,Хамовники
"от ст. ""ЗИЛ"" - до ст. ""Крымская""",от ст. зил - до ст. крымская,МОСКОВСКИЙ МЕТРОПОЛИТЕН,Введено,ЮАО,Даниловский
Обручева ул. вл. 23,обручева ул вл 23,TEKTA GROUP,Введено,ЮЗАО,Обручевский
"Архитектора Власова, д. 71, корп. 1",архитектора власова д 71 корп 1,TEKTA GROUP,Введено,ЮЗАО,Обручевский
"4-й Верхний Михайловский проезд, вл. 1; вл.1, стр.2, 3, 4, 5, 6, 7, 8, 11 (, Донской)",4-й верхний михайловский проезд вл 1 вл1 стр2 3 4 5 6 7 8 11 ( донской),"АО СЗ ""ЕВРАЗИЯ""",Введено,ЮАО,Донской
"Электролитный пр., вл. 7А",электролитный пр вл 7а,SMINEX (ранее INGRAD),Введено,ЮАО,Нагорный
"Электролитный пр-д, д. 7",электролитный пр-д д 7,SMINEX (ранее INGRAD),Введено,ЮАО,Нагорный
Петровка ул. д. 17 стр. 19,петровка ул д 17 стр 19,УПРАВЛЕНИЕ ДЕЛАМИ ПРЕЗИДЕНТА РОССИЙСКОЙ ФЕДЕРАЦИИ,Введено,ЦАО,Тверской
"территория на участках между Берсеневской набережной, Якиманской набережной, Болотной набережной и ул. Серафимовича",территория на участках между берсеневской набережной якиманской набережной болотной набережной и ул серафимовича,"ООО ""ГЭС-2""",Введено,ЦАО,Якиманка
"Станционный комплекс ""Крымская""",станционный комплекс крымская,МОСКОВСКИЙ МЕТРОПОЛИТЕН,Введено,ЮЗАО,Гагаринский
"Электролитный проезд, вл. 7А",электролитный проезд вл 7а,ФОНД РЕНОВАЦИИ,Введено,ЮАО,Нагорный
Электролитный пр. вл. 16/А,электролитный пр вл 16/а,"ООО""СОРОКОВОЙ МАГАЗИН""",Введено,ЮАО,Нагорный
"улица Октябрьская, вл.98",улица октябрьская вл98,САМОЛЕТ,Введено,СВАО,Марьина Роща
"ТПУ ""Марьина Роща""",тпу марьина роща,ФОНД РЕНОВАЦИИ,Введено,СВАО,Марьина роща
"Столешников пер., вл. 12, стр. 2",столешников пер вл 12 стр 2,"ООО ""ОМЕГА""",Введено,ЦАО,Тверской
"ул. Большая Дмитровка, вл. 9",ул большая дмитровка вл 9,"ОБЩЕСТВО С ОГРАНИЧЕННОЙ ОТВЕТСТВЕННОСТЬЮ ""ИНГЕОКОМ-ТРАСТ""",Введено,ЦАО,Тверской
Хвостов 2-й пер. вл. 8 стр. 2,хвостов 2-й пер вл 8 стр 2,"АО СЗ ""ЦЕНТР-ИНВЕСТ""",Введено,ЦАО,Якиманка
"ул. Мытная, вл. 40-44",ул мытная вл 40-44,CAPITAL GROUP,Введено,ЦАО,Якиманка
"Москва, ЦАО, район Якиманка, Мытная ул. вл. 40-44",москва цао район якиманка мытная ул вл 40-44,CAPITAL GROUP,Введено,ЦАО,Якиманка
Мытная ул. вл. 40-44,мытная ул вл 40-44,CAPITAL GROUP,Введено,ЦАО,Якиманка
"ул. Хавская, вл. 9",ул хавская вл 9,"ООО СЗ ""ШАБОЛОВСКИЙ""",Введено,ЮАО,Даниловский
"Академика Королёва, вл. 13",академика королева вл 13,ПАТЕК ГРУПП,Введено,СВАО,Останкинский
"улица Новомосковская, вл. 18-22",улица новомосковская вл 18-22,ТЕЛЕКОМПАНИЯ НТВ,Введено,СВАО,Останкинский
"Софийская наб. вл. вл.18/8, стр.1, вл.20, стр.1, вл.24/2, стр.1, 2, часть стр.5 Болотная площадь, вл.2/4, стр.1, вл.4. стр.1, вл.6-8, вл.10, стр.16, 17",софийская наб. вл вл18/8 стр1 вл20 стр1 вл24/2 стр1 2 часть стр5 болотная площадь вл2/4 стр1 вл4. стр1 вл6-8 вл10 стр16 17,CAPITAL GROUP,Введено,ЦАО,Якиманка
"Кадашёвская набережная, д. 12",кадашевская набережная д 12,МИНКУЛЬТУРЫ РОССИИ,Введено,ЦАО,Замоскворечье
"ул. Полянка, вл. 9, стр. 1,2,4,5,6",ул полянка вл 9 стр 1 2 4 5 6,VESPER,Введено,ЦАО,Якиманка
"Старомонетный пер., д. 19/11",старомонетный пер д 19/11,"ООО ""СЗ ""СТАРОМОНЕТНЫЙ 19""",Введено,ЦАО,Якиманка
Электролитный пр. вл.,электролитный пр вл,TASHIR,Введено,ЮАО,Нагорный
"Электролитный проезд, вл. 12Б",электролитный проезд вл 12б,TEKTA GROUP,Введено,ЮАО,Нагорный
Бочкова ул. вл. 11А,бочкова ул вл 11а,КОРТРОС,Введено,СВАО,Останкинский
"Олимпийский, вл. 10",олимпийский вл 10,"ООО ""ЕВРОФАРМАКОЛ""",Введено,ЦАО,Мещанский
"Большой Толмачевский пер., вл. 5, стр. 5, 6, 7А, 8, 11",большой толмачевский пер вл 5 стр 5 6 7а 8 11,SMINEX,Введено,ЦАО,Якиманка
"Большой Толмачевский пер., вл. 5, стр. 1, 3, 4, 4а, 12, 13, 14, 15",большой толмачевский пер вл 5 стр 1 3 4 4а 12 13 14 15,SMINEX,Введено,ЦАО,Якиманка
Полянка Б. ул. вл. 33/41,полянка б. ул вл 33/41,КП УГС,Введено,ЦАО,Якиманка
"проспект Мира, вл. 119, стр. 19",проспект мира вл 119 стр 19,ГОСКОРПОРАЦИЯ РОСАТОМ,Введено,СВАО,Останкинский
"ул. Бочкова, вл. 11а",ул бочкова вл 11а,КОРТРОС,Введено,СВАО,Останкинский
"ул. Бочкова, вл. 11А, корпус 2",ул бочкова вл 11а корпус 2,КОРТРОС,Введено,СВАО,Останкинский
"ул. 4-я Марьиной Рощи, з/у 12",ул 4-я марьиной рощи зу 12,MR GROUP,Введено,СВАО,Марьина Роща
"Сухаревский М. пер., вл. 4, стр. 2",сухаревский м. пер вл 4 стр 2,"ОБЩЕСТВО С ОГРАНИЧЕННОЙ ОТВЕТСТВЕННОСТЬЮ ""ГРУППА КОМПАНИЙ СТИЛОБАТ""",Введено,ЦАО,Мещанский
"ул. Ильинка, д. 3/8 стр. 3, 4; Богоявленский пер., д. 6, стр. 1",ул ильинка д 3/8 стр 3 4 богоявленский пер д 6 стр 1,SMINEX,Введено,ЦАО,Тверской
"Софийская наб. 36/10, вл.34 стр. 2",софийская наб. 36/10 вл34 стр 2,СБЕРБАНК,Введено,ЦАО,Якиманка
"ул. Большая Серпуховская, вл. 13, стр. 1",ул большая серпуховская вл 13 стр 1,МИНОБРНАУКИ РОССИИ,Введено,ЦАО,Замоскворечье
"Подольское шоссе, 3",подольское шоссе 3,SENSE,Введено,ЮАО,Даниловский
"Новоданиловская, д.8",новоданиловская д8,САМОЛЕТ,Введено,ЮАО,Донской
"Варшавское шоссе, вл. 9/2",варшавское шоссе вл 9/2,KR PROPERTIES,Введено,ЮАО,Донской
"Мира просп. вл. 119 стр. 220, 486, 491, 493, 494, 495, 498, 499",мира просп. вл 119 стр 220 486 491 493 494 495 498 499,"ООО ""СОЛНЦЕ МОСКВЫ""",Введено,СВАО,Останкинский
Садовая-Сухаревская ул. вл. 14 стр. 1,садовая-сухаревская ул вл 14 стр 1,MR GROUP,Введено,ЦАО,Мещанский
"ул. Серпуховская Б., д. 27, стр.2",ул серпуховская б. д 27 стр2,МИНЗДРАВ РОССИИ,Введено,ЦАО,Замоскворечье
Мира просп. вл. 81Б,мира просп. вл 81б,ГОСКОРПОРАЦИЯ РОСАТОМ,Введено,СВАО,Останкинский
Сретенка ул. вл. 13/26 стр. 1,сретенка ул вл 13/26 стр 1,"АО ""СРЕТЕНКА 13 - СПЕЦЗАСТРОЙЩИК""",Введено,СВАО,Северный
"ул. Варварка, д. 14, стр. 2",ул варварка д 14 стр 2,"ООО ""МФК""",Введено,ЦАО,Тверской
"Стремянный переулок вл. 28 (ул. Зацепа, вл. 29)",стремянный переулок вл 28 (ул зацепа вл 29),МИНОБРНАУКИ РОССИИ,Введено,ЦАО,Замоскворечье
Автозаводская ул. вл. 23,автозаводская ул вл 23,ЛСР,Введено,ЮАО,Даниловский
"Автозаводская улица, вл.23 (Лот 14)",автозаводская улица вл23 (лот 14),ЛСР,Введено,ЮАО,Даниловский
"Автозаводская улица, вл. 23, (Лот 15)",автозаводская улица вл 23 (лот 15),ЛСР,Введено,ЮАО,Даниловский
"1-й Нагатинский пр., вл. 10",1-й нагатинский пр вл 10,"ООО ""НЬЮТОН ПЛАЗА""",Введено,ЮАО,Нагатинский Затон
Каширское шоссе вл. 11 корп. 3,каширское шоссе вл 11 корп 3,ФОНД РЕНОВАЦИИ,Введено,ЮАО,Нагатино-Садовники
"проспект Мира, вл.105",проспект мира вл105,ТРАНССТРОЙИНВЕСТ,Введено,СВАО,Останкинский
Сухаревская Б. пл. д. 3,сухаревская б. пл. д 3,"АНО ""РСИ""",Введено,ЦАО,Мещанский
"Костянский пер., вл. 13, стр. 1",костянский пер вл 13 стр 1,НЕОСТРОЙ,Введено,ЦАО,Красносельский
Славянская пл. вл. 2/5/4 стр. 5,славянская пл. вл 2/5/4 стр 5,HUTTON DEVELOPMENT,Введено,ЦАО,Таганский
"Стремянный пер., вл. 2",стремянный пер вл 2,САМОЛЕТ,Введено,ЦАО,Замоскворечье
"ул. Дубининская, д. 59",ул дубининская д 59,LEVEL GROUP,Введено,ЮАО,Даниловский
"ул. Дубининская, вл. 59-69",ул дубининская вл 59-69,LEVEL GROUP,Введено,ЮАО,Даниловский
"ул. Автозаводская, вл. 23",ул автозаводская вл 23,ЛСР,Введено,ЮАО,Даниловский
"набережная Марка Шагала, з/у 15",набережная марка шагала зу 15,ЭТАЛОН,Введено,ЮАО,Даниловский
"ул Петра Кончаловского, з/у 7",ул петра кончаловского зу 7,ЭТАЛОН,Введено,ЮАО,Даниловский
"ул. Автозаводская, вл. 23/64",ул автозаводская вл 23/64,ЭТАЛОН,Введено,ЮАО,Даниловский
"ул. Автозаводская, вл.23/4",ул автозаводская вл23/4,ЛСР,Введено,ЮАО,Даниловский
"ул. Автозаводская, вл. 23/56",ул автозаводская вл 23/56,ЭТАЛОН,Введено,ЮАО,Даниловский
"проезд 2-й Нагатинский, земельный участок 6/2, з/у 6А",проезд 2-й нагатинский земельный участок 6/2 зу 6а,ПИК,Введено,ЮАО,Нагатино-Садовники
ул Дубнинская 39,ул дубнинская 39,ГАЛС,Введено,ЦАО,Замоскворечье
"ул. Автозаводская, вл. 23/2 (Лоты 18, 19, 27)",ул автозаводская вл 23/2 (лоты 18 19 27),ЛСР,Введено,ЮАО,Даниловский
"Автозаводская, вл. 23",автозаводская вл 23,КП УГС,Введено,ЮАО,Даниловский
"ул. Петра Кончаловского, земельный участок 5",ул петра кончаловского земельный участок 5,ЭТАЛОН,Введено,ЮАО,Даниловский
"ул. Петра Кончаловского, земельный участок 7",ул петра кончаловского земельный участок 7,ЭТАЛОН,Введено,ЮАО,Даниловский
"ул. Автозаводская, вл. 23/66, корп. 5,6,7,8,9,10",ул автозаводская вл 23/66 корп 5 6 7 8 9 10,ЭТАЛОН,Введено,ЮАО,Даниловский
"ул. Автозаводская, вл. 23/66",ул автозаводская вл 23/66,ЭТАЛОН,Введено,ЮАО,Даниловский
"Нагатинская набережная,уч. 10А",нагатинская набережная уч 10а,LEVEL GROUP,Введено,ЮАО,Нагатино-Садовники
"набережная Космодамианская, земельный участок 4/22/9",набережная космодамианская земельный участок 4/22/9,ГАЛС,Введено,ЦАО,Замоскворечье
"ул. Садовническая, З/У 82",ул садовническая зу 82,ГЕКАТА,Введено,ЦАО,Замоскворечье
гфз Москва,гфз москва,РЖД,Введено,ЦАО,Замоскворечье
"ул. Кожевническая, вл. 2-4",ул кожевническая вл 2-4,"ООО ""ПЛАТТО""",Введено,ЦАО,Замоскворечье
Летниковская ул. земельный участок 6/1,летниковская ул земельный участок 6/1,ЭТАЛОН,Введено,ЦАО,Замоскворечье
"ул. Автозаводская, вл. 23, стр.120, 120Б",ул автозаводская вл 23 стр120 120б,"ООО ""АВТОТЕХ""",Введено,ЮАО,Даниловский
"ул. Автозаводская, вл. 23, стр. 120, 120Б",ул автозаводская вл 23 стр 120 120б,"ООО ""АВТОТЕХ""",Введено,ЮАО,Даниловский
"ул. Автозаводская, вл. 23, участок №34",ул автозаводская вл 23 участок №34,ЛСР,Введено,ЮАО,Даниловский
Автозаводская ул. вл. 23/65,автозаводская ул вл 23/65,ЭТАЛОН,Введено,ЮАО,Даниловский
"Нагатинский 2-й по, З/У 2/3",нагатинский 2-й по зу 2/3,ПИК,Введено,ЮАО,Нагатино-Садовники
"проезд Нагатинский 2-й, вл. 2/2",проезд нагатинский 2-й вл 2/2,ПИК,Введено,ЮАО,Нагатино-Садовники
Нагатинский 2-й пр. вл. 2/2,нагатинский 2-й пр вл 2/2,ПИК,Введено,ЮАО,Нагатино-Садовники
"ул. Староалексеевская, вл. 5",ул староалексеевская вл 5,TASHIR,Введено,СВАО,Алексеевский
"3-я Мытищинская улица, дом 5, строение 6",3-я мытищинская улица дом 5 строение 6,КП УГС,Введено,СВАО,Алексеевский
пересечение пр-та ак. Сахарова и Садовой-Спасской ул,пересечение пр-та ак. сахарова и садовой-спасской ул,ОСНОВА,Введено,ЦАО,Красносельский
"р-н Таганский, Котельническая наб., вл. 21",р-н таганский котельническая наб. вл 21,СК-207,Введено,ЦАО,Таганский
"Летниковская ул. вл. 6а стр. 1, 2, 3, 7, 10",летниковская ул вл 6а стр 1 2 3 7 10,ЭТАЛОН,Введено,ЦАО,Замоскворечье
"ул. Летниковская, з/e 11/10/6",ул летниковская з/e 11/10/6,PIONEER,Введено,ЮАО,Даниловский
"Жуков проезд, вл.21",жуков проезд вл21,"ПУБЛИЧНОЕ АКЦИОНЕРНОЕ ОБЩЕСТВО ""РОССИЙСКИЕ СЕТИ""",Введено,ЮАО,Даниловский
"проспект Лихачева, дом 15",проспект лихачева дом 15,ФИН-ПАРТНЕР,Введено,ЮАО,Даниловский
Новоалексеевская ул.,новоалексеевская ул,ЭТАЛОН,Введено,СВАО,Алексеевский
"Новоалексеевская ул., вл. 16",новоалексеевская ул вл 16,ЭТАЛОН,Введено,СВАО,Алексеевский
Спасская Б. ул. вл. 35-37,спасская б. ул вл 35-37,"АО СЗ ""ЦЕНТР-ИНВЕСТ""",Введено,ЦАО,Красносельский
"Тессинский переулок, дом 1",тессинский переулок дом 1,STATE DEVELOPMENT,Введено,ЦАО,Таганский
"Гончарная улица, дом 20/1, стр. 1, стр. 2",гончарная улица дом 20/1 стр 1 стр 2,"АО ""Московский парк""",Введено,ЦАО,Таганский
Павелецкая наб. вл. 8 З/У 6,павелецкая наб. вл 8 зу 6,AFI DEVELOPMENT,Введено,ЮАО,Даниловский
Сокольнический вал ул. вл. 1 Д,сокольнический вал ул вл 1 д,"АКЦИОНЕРНОЕ ОБЩЕСТВО ""СПЕЦИАЛИЗИРОВАННЫЙ ЗАСТРОЙЩИК ""СОКОЛЬНИЧЕСКИЙ ВАЛ""",Введено,ВАО,Сокольники
наб. Симоновская,наб. симоновская,SMINEX (ранее INGRAD),Введено,ЮАО,Даниловский
Сокольнический вал ул. вл. 37,сокольнический вал ул вл 37,"ООО ТК ""АЛЛАДИН""",Введено,ВАО,Сокольники
"Восточная ул., д. 4А",восточная ул д 4а,SMINEX (ранее INGRAD),Введено,ЮАО,Даниловский
"ул. Восточная, владение 4А",ул восточная владение 4а,SMINEX (ранее INGRAD),Введено,ЮАО,Даниловский
"Проектируемый проезд 4062, вл.6, корпус 5",проектируемый проезд 4062 вл6 корпус 5,"ООО СЗ ""НАГАТИНСКИЙ ПАРК""",Введено,ЮАО,Даниловский
Автозаводская ул. вл. 23 стр. 184,автозаводская ул вл 23 стр 184,ЭТАЛОН,Введено,ЮАО,Даниловский
"Нагатинская пойма, пр. пр. 4062, вл.6 (стр. 3, 7, 9-13, 22, 23, 28-31) Корпус 2.3",нагатинская пойма пр пр 4062 вл6 (стр 3 7 9-13 22 23 28-31) корпус 2.3,"ООО СЗ ""НАГАТИНСКИЙ ПАРК""",Введено,ЮАО,Даниловский
"Нагатинская пойма, пр. пр. 4062, вл.6 (стр. 3, 7, 9-13, 22, 23, 28-31) Корпус 4.2",нагатинская пойма пр пр 4062 вл6 (стр 3 7 9-13 22 23 28-31) корпус 4.2,"ООО СЗ ""НАГАТИНСКИЙ ПАРК""",Введено,ЮАО,Даниловский
проспект Андропова,проспект андропова,ЭТАЛОН,Введено,ЮАО,Даниловский
Автозаводская ул. вл. 23 стр. 438 (западная часть Нагатинской поймы),автозаводская ул вл 23 стр 438 (западная часть нагатинской поймы),ЭТАЛОН,Введено,ЮАО,Даниловский
"Москва, Касаткина ул. вл. 9",москва касаткина ул вл 9,"ГБУ ""ДИРЕКЦИЯ РАЗВИТИЯ ОБЪЕКТОВ ЗДРАВООХРАНЕНИЯ ГОРОДА МОСКВЫ""",Введено,СВАО,Алексеевский
Казакова ул. вл. 7,казакова ул вл 7,COLDY,Введено,ЦАО,Басманный
пл. Курского вокзала,пл. курского вокзала,IKON DEVELOPMENT,Введено,ЦАО,Басманный
"ул. Автозаводская, вл. 23 стр. 123",ул автозаводская вл 23 стр 123,КП УГС,Введено,ЮАО,Даниловский
Садовники ул.,садовники ул,"ООО ""АВТОТРЕЙД""",Введено,ЮАО,Нагатино-Садовники
"гфз Москва, Басманный р-н",гфз москва басманный р-н,РЖД,Введено,ЦАО,Басманный
"пр-кт Андропова, вл. 18/9/1",пр-кт андропова вл 18/9/1,ЭТАЛОН,Введено,ЮАО,Даниловский
Шумкина ул. вл. 14,шумкина ул вл 14,МОСТРАНССКЛАД,Введено,ВАО,Сокольники
"Костомаровский пер. , земельный участок 11/1",костомаровский пер земельный участок 11/1,STONE,Введено,ЦАО,Таганский
"Динамовская ул., вл. 1А",динамовская ул вл 1а,ЯУЗСКИЕ ВОРОТА,Введено,ЦАО,Таганский
Симоновский вал ул. вл. 7,симоновский вал ул вл 7,КИЕВСКАЯ ПЛОЩАДЬ,Введено,ЮВАО,Южнопортовый
Дубровский пр. вл. 7,дубровский пр вл 7,КП УГС,Введено,ЮВАО,Южнопортовый
"ул. Велозаводская, д. 1/1",ул велозаводская д 1/1,КП УГС,Введено,ЮВАО,Южнопортовый
Ленинская слобода ул. вл. 3,ленинская слобода ул вл 3,ФОНД РЕНОВАЦИИ,Введено,ЮАО,Даниловский
"ул. Анны Ахматовой, уч. 7",ул анны ахматовой уч 7,ИНДИВИДУАЛЬНЫЕ ПРЕДПРИНИМАТЕЛИ,Введено,НАО,Внуково
"д. Рассказовка, тер. ТПУ ""Рассказовка"", з/у 13/1А",д рассказовка тер. тпу рассказовка зу 13/1а,ТПУ РАССКАЗОВКА,Введено,НАО,Внуково
Боровская ул 49,боровская ул 49,"ООО ""СТИЛЬ-М+""",Введено,НАО,Внуково
"в районе пос. Ватутинки, уч. № 26",в районе пос ватутинки уч № 26,САМОЛЕТ,Введено,НАО,Троицк
"ул. Лукинская, д. 12А (Ново-Переделкино, мкр. 14, корп. 18)",ул лукинская д 12а (ново-переделкино мкр. 14 корп 18),КП УГС,Введено,ЗАО,Ново-Переделкино
"улица Скульптора Мухиной, вл. 11/1",улица скульптора мухиной вл 11/1,ФОНД РЕНОВАЦИИ,Введено,ЗАО,Ново-Переделкино
Рассказовка дер.,рассказовка дер,SEZAR GROUP,Введено,НАО,Внуково
"п. Десёновское, ш. Калужское, вл. 52Б, 35 км",п. десеновское ш калужское вл 52б 35 км,САМОЛЕТ,Введено,НАО,Троицк
"ш. Калужское, вл. 52Б, 35 км",ш калужское вл 52б 35 км,САМОЛЕТ,Введено,НАО,Троицк
г. Московский. Третий микрорайон,г. московский. третий микрорайон,АБСОЛЮТ,Введено,НАО,Коммунарка
Административное здание на территории пос. Филимонковское,административное здание на территории пос филимонковское,"ГКУ ""МОСКВОРЕЧЬЕ""",Введено,НАО,Филимонковский
"г. Московский, участок №М30",г. московский участок №м30,"ООО ""ПОБЕДА""",Введено,НАО,Московский
"г. Московский, Первый микрорайон, квартал 3",г. московский первый микрорайон квартал 3,АБСОЛЮТ,Введено,НАО,Коммунарка
г.Московский Первый микрорайон,г.московский первый микрорайон,АБСОЛЮТ,Введено,НАО,Коммунарка
"Троицк, квартал 34, земельный участок 18",троицк квартал 34 земельный участок 18,ИНДИВИДУАЛЬНЫЕ ПРЕДПРИНИМАТЕЛИ,Введено,ТАО,Троицк
"Москва, п. Десеновское",москва п. десеновское,ИНВЕСТТРАСТ,Введено,НАО,Троицк
"Москва, Десна дер., участок № 24",москва десна дер участок № 24,ИНВЕСТТРАСТ,Введено,НАО,Троицк
"Нововатутинский проспект, дом 6",нововатутинский проспект дом 6,"ООО ""СОЛНЕЧНОЕ 14""",Введено,НАО,Троицк
Боровское шоссе вл. 30-36,боровское шоссе вл 30-36,"ООО ФИРМА ""ТИХИВЗ""",Введено,ЗАО,Ново-Переделкино
Боровское шоссе,боровское шоссе,МОСКОВСКИЙ МЕТРОПОЛИТЕН,Введено,НАО,Внуково
"ул. Чоботовская, з/у 2А",ул чоботовская зу 2а,"ООО ""СЗ ""ШЕФ-ИНЖЕНЕР""",Введено,ЗАО,Ново-Переделкино
"ул. Новоорловская, промзона Орлово",ул новоорловская промзона орлово,ЭЛИТ КАПИТАЛ,Введено,ЗАО,Ново-Переделкино
"ул Георгиевская, вл 8",ул георгиевская вл 8,"ООО ""СК ""ВЕЛЕСЪ""""",Введено,НАО,Коммунарка
"п. Десеновское, кв-л 18",п. десеновское кв-л 18,А101,Введено,ТАО,Троицк
"г. Москвский, уч. М35",г. москвский уч м35,ПРАВОСЛАВИЕ,Введено,НАО,Внуково
"улица Никитина, д. 9",улица никитина д 9,ФОНД РЕНОВАЦИИ,Введено,НАО,Коммунарка
"территория тепличного комбината №1, Третий микрорайон, Квартал 1",территория тепличного комбината №1 третий микрорайон квартал 1,АБСОЛЮТ,Введено,НАО,Коммунарка
"г. Московский, тепличного комбината №1, третий микрорайон, квартал 1",г. московский тепличного комбината №1 третий микрорайон квартал 1,АБСОЛЮТ,Введено,НАО,Коммунарка
"пос. Московский, тепличный комбинат №1",пос московский тепличный комбинат №1,АБСОЛЮТ,Введено,НАО,Коммунарка
"поселение Десеновское, квартал 23",поселение десеновское квартал 23,А101,Введено,ТАО,Троицк
тер инновационного центра Сколково,тер инновационного центра сколково,"ООО ""ЛОГОПАРК СКОЛКОВО""",Введено,ЗАО,Можайский
"улица Центральная, земельный участок 1Б",улица центральная земельный участок 1б,ИНДИВИДУАЛЬНЫЕ ПРЕДПРИНИМАТЕЛИ,Введено,НАО,Коммунарка
Производственная зу 19А,производственная зу 19а,ЛСР,Введено,ЗАО,Солнцево
"Производственная, зу 17А/21Б",производственная зу 17а/21б,ЛСР,Введено,ЗАО,Солнцево
вблизи дер. Зименки,вблизи дер зименки,СТРОЙКОМ,Введено,НАО,Коммунарка
поселок Ватутинки,поселок ватутинки,"ООО ""ДЕВЕЛОПМЕНТ-М""",Введено,ТАО,Троицк
Десёновское,десеновское,"ООО ""ДЕВЕЛОПМЕНТ-М""",Введено,НАО,Внуково
Транспортно-пересадочный узел «Озерная» 2.2 этап,транспортно-пересадочный узел озерная 2.2 этап,МОСКОВСКИЙ МЕТРОПОЛИТЕН,Введено,ЗАО,Очаково-Матвеевское
"ул. Производственная, з/у 19",ул производственная зу 19,ЛСР,Введено,ЗАО,Солнцево
"ул. Производственная, земельный участок 15/2",ул производственная земельный участок 15/2,ЛСР,Введено,ЗАО,Солнцево
"Производственная ул., д. 4А (Производственная ул., вл.6)",производственная ул д 4а (производственная ул вл6),ЛСР,Введено,ЗАО,Солнцево
"ул. Производственная, вл.6",ул производственная вл6,ЛСР,Введено,ЗАО,Солнцево
"проект 46А, квартал 15",проект 46а квартал 15,СТРОЙКОМ,Введено,НАО,Коммунарка
в границах земельного участка с кадастровым номером 77:17:0130104:2662,в границах земельного участка с кадастровым номером 77:17:0130104:2662,СТРОЙКОМ,Введено,НАО,Коммунарка
"Боровский проезд, д. 1",боровский проезд д 1,ФОНД РЕНОВАЦИИ,Введено,ЗАО,Солнцево
"ул. Зимёнковская, з/у 158",ул зименковская зу 158,СТРОЙКОМ,Введено,НАО,Коммунарка
Центральная ул. (дер. Десна) вл. 144,центральная ул (дер десна) вл 144,"ООО ""НОВАЯ ЗЕМЛЯ""",Введено,НАО,Троицк
Десна дер.,десна дер,ИНДИВИДУАЛЬНЫЕ ПРЕДПРИНИМАТЕЛИ,Введено,НАО,Троицк
"Многоквартирный жилой дом (корпус 12), подлежащий возведению на земельном участке, расположенном по адресу: г. Москва, ул. Производственная, вл. 6, МФЖК ""Лучи""",многоквартирный жилой дом (корпус 12) подлежащий возведению на земельном участке расположенном по адресу: г. москва ул производственная вл 6 мфжк лучи,ЛСР,Введено,ЗАО,Солнцево
Производственная ул. вл. 6,производственная ул вл 6,ЛСР,Введено,ЗАО,Солнцево
"улица Производственная, з/у 6",улица производственная зу 6,ЛСР,Введено,ЗАО,Солнцево
д. Десна,д десна,ДЕСНА-ЛЭНД,Введено,НАО,Троицк
"Авиаторов, 3Б",авиаторов 3б,"АО ""О2""",Введено,ЗАО,Солнцево
"Родниковая улица, влд. 5А",родниковая улица влд. 5а,ФОНД РЕНОВАЦИИ,Введено,ЗАО,Солнцево
район Солнцево,район солнцево,КП УГС,Введено,ЗАО,Солнцево
"ул. Авиаторов, вл. 5/1",ул авиаторов вл 5/1,"ООО ""КРАТЕР""",Введено,ЗАО,Солнцево
"вблизи д. Летово, уч. № 20-3",вблизи д летово уч № 20-3,"АО ""МАШИНОАППАРАТ""",Введено,НАО,Коммунарка
"Сосенское, квартал 159, земельный участок 101А/2",сосенское квартал 159 земельный участок 101а/2,МОСКОВСКИЙ МЕТРОПОЛИТЕН,Введено,НАО,Коммунарка
"Москва, НАО, район Московский, Саларьево дер.",москва нао район московский саларьево дер,ПИК,Введено,НАО,Московский
Румянцево дер. вл. 17Е,румянцево дер вл 17е,LEXION DEVELOPMENT,Введено,НАО,Московский
"д.Саларьево, корпус 66",дсаларьево корпус 66,ПИК,Введено,НАО,Московский
"п.Сосенское, квартал №7, дом 3, корп.5",п.сосенское квартал №7 дом 3 корп5,ПИК,Введено,НАО,Коммунарка
"вблизи д. Николо-Хованское, квартал № 7, дом 3, корпус 7",вблизи д николо-хованское квартал № 7 дом 3 корпус 7,ПИК,Введено,НАО,Коммунарка
"п. Московский, д. Румянцево, вл. 17Е",п. московский д румянцево вл 17е,LEXION DEVELOPMENT,Введено,НАО,Коммунарка
"п. Сосенское, вблизи д. Николо-Хованское, (VIII очередь) Строение 1",п. сосенское вблизи д николо-хованское (viii очередь) строение 1,ПИК,Введено,НАО,Коммунарка
"поселение Сосенское, квартал 28, з/у 1",поселение сосенское квартал 28 зу 1,ПИК,Введено,НАО,Коммунарка
в районе д. Николо-Хованское,в районе д николо-хованское,ПИК,Введено,НАО,Коммунарка
"п. Сосенское, вблизи д. Николо-Хованское",п. сосенское вблизи д николо-хованское,ПИК,Введено,НАО,Коммунарка
Боровское шоссе вл. 2-1 и вл. 2,боровское шоссе вл 2-1 и вл 2,ПИК,Введено,ЗАО,Солнцево
"Солнцево, Боровское шоссе, вл. 2-1",солнцево боровское шоссе вл 2-1,ПИК,Введено,ЗАО,Солнцево
пос. Сосенское,пос сосенское,А101,Введено,НАО,Коммунарка
Сосенки дер.,сосенки дер,"ГКУ ""МОСКВОРЕЧЬЕ""",Введено,НАО,Коммунарка
в районе дер. Говорово,в районе дер говорово,ФСК,Введено,НАО,Коммунарка
"Москва, НАО, район Московский, в районе деревни Румянцево",москва нао район московский в районе деревни румянцево,ТЕТРАЭКОНОМАЛЬЯНС,Введено,НАО,Московский
в районе деревни Румянцево,в районе деревни румянцево,ТЕТРАЭКОНОМАЛЬЯНС,Введено,НАО,Московский
в районе д. Румянцево,в районе д румянцево,ППФ РИЭЛ ЭСТЕЙТ,Введено,НАО,Московский
в е деревни Румянцево,в е деревни румянцево,ППФ РИЭЛ ЭСТЕЙТ,Введено,НАО,Московский
"вблизи дер. Николо-Хованское, д. 6",вблизи дер николо-хованское д 6,А101,Введено,НАО,Коммунарка
"в районе дер. Николо-Хованское, кв. 26 уч. 3/3",в районе дер николо-хованское кв. 26 уч 3/3,А101,Введено,НАО,Коммунарка
поселение Сосенское,поселение сосенское,"ГКУ ""УДМС""",Введено,НАО,Коммунарка
вблизи дер. Николо-Хованское,вблизи дер николо-хованское,А101,Введено,НАО,Коммунарка
вблизи д.Николо-Хованское,вблизи дниколо-хованское,А101,Введено,НАО,Коммунарка
"пос. Сосенское, квартал 26, земельный участок 3/3",пос сосенское квартал 26 земельный участок 3/3,А101,Введено,НАО,Коммунарка
"Солнцево, квартал № 29, земельный участок 23",солнцево квартал № 29 земельный участок 23,"АО ""ДСК ""ГОВОРОВО""",Введено,ЗАО,Солнцево
"квартал №29, земельный участок 23, земельный участок 27, земельный участок 28",квартал №29 земельный участок 23 земельный участок 27 земельный участок 28,"АО ""ДСК ""ГОВОРОВО""",Введено,ЗАО,Солнцево
"проспект Куприна, з/у 3",проспект куприна зу 3,А101,Введено,НАО,Коммунарка
"Сосенское, квартал 35, земельный участок 12/8",сосенское квартал 35 земельный участок 12/8,А101,Введено,НАО,Коммунарка
"улица Адмирала Корнилова, з/у 76",улица адмирала корнилова зу 76,САМОЛЕТ,Введено,НАО,Коммунарка
"д. Николо-Хованское, д. 1031, стр. 1",д николо-хованское д 1031 стр 1,ИНДИВИДУАЛЬНЫЕ ПРЕДПРИНИМАТЕЛИ,Введено,НАО,Внуково
"дер. Николо-Хованское, д. 1031, стр. 1",дер николо-хованское д 1031 стр 1,ИНДИВИДУАЛЬНЫЕ ПРЕДПРИНИМАТЕЛИ,Введено,НАО,Коммунарка
"Сосенское, квартал 35, з/у 12/4",сосенское квартал 35 зу 12/4,"МЕЖДУНАРОДНАЯ КОМПАНИЯ ОБЩЕСТВО С ОГРАНИЧЕННОЙ ОТВЕТСТВЕННОСТЬЮ ""БАЛАМЕР""",Введено,НАО,Коммунарка
"уч. 12, вблизи дер. Николо-Хованское",уч 12 вблизи дер николо-хованское,А101,Введено,НАО,Коммунарка
в районе Николо-Хованского кладбища,в районе николо-хованского кладбища,"ООО ""КИТ ХАУС""",Введено,НАО,Коммунарка
д. Николо-Хованское,д николо-хованское,ИНДИВИДУАЛЬНЫЕ ПРЕДПРИНИМАТЕЛИ,Введено,НАО,Коммунарка
"Пикассо ул., з/у 1",пикассо ул зу 1,А101,Введено,НАО,Коммунарка
дер. Николо-Хованское,дер николо-хованское,А101,Введено,НАО,Коммунарка
"Москва, поселение Сосенское, южнее деревни Сосенки, вблизи примыкания автодороги на поселок Воскресенское к Калужскому шоссе",москва поселение сосенское южнее деревни сосенки вблизи примыкания автодороги на поселок воскресенское к калужскому шоссе,ИНТЕР РАО ЕЭС,Введено,НАО,Коммунарка
"п.Московский, квартал No4",п.московский квартал no4,"АО ""ДСК ""ГОВОРОВО""",Введено,НАО,Московский
снт.Дудкино,снт.дудкино,САМОЛЕТ,Введено,НАО,Коммунарка
"дер. Николо-Хованское, уч. 9/1-1",дер николо-хованское уч 9/1-1,ИНДИВИДУАЛЬНЫЕ ПРЕДПРИНИМАТЕЛИ,Введено,НАО,Коммунарка
Деревня Николо-Хованское уч 9/1-1,деревня николо-хованское уч 9/1-1,"ООО ""ТК ""СТЕИЛ""",Введено,НАО,Коммунарка
"деревня Николо-Хованское, з/у 1019",деревня николо-хованское зу 1019,"ООО ""ТК ""СТЕИЛ""",Введено,НАО,Коммунарка
Николо-Хованское дер.,николо-хованское дер,А101,Введено,НАО,Коммунарка
"д. Николо-Хованское, уч. 5-3 (ППТ 1-4)",д николо-хованское уч 5-3 (ппт 1-4),А101,Введено,НАО,Коммунарка
"в районе дер. Николо-Хованское, уч. 5-1 (ппт 1-4)",в районе дер николо-хованское уч 5-1 (ппт 1-4),А101,Введено,НАО,Коммунарка
Николо-Хованское дер. уч. 9/1-1,николо-хованское дер уч 9/1-1,ИНДИВИДУАЛЬНЫЕ ПРЕДПРИНИМАТЕЛИ,Введено,НАО,Коммунарка
"дер. Николо-Хованское, уч.5-4.2, д.8",дер николо-хованское уч 5-4.2 д8,А101,Введено,НАО,Коммунарка
"г. Москва, НАО, п. Сосенское, 28 кв-л",г. москва нао п. сосенское 28 кв-л,ПИК,Введено,НАО,Коммунарка
Воскресенское пос. корп. 1,воскресенское пос корп 1,МОСКОВСКИЙ ФОНД ЗАЩИТЫ ПРАВ ДОЛЬЩИКОВ,Введено,НАО,Коммунарка
Воскресенское пос. корп. 2,воскресенское пос корп 2,МОСКОВСКИЙ ФОНД ЗАЩИТЫ ПРАВ ДОЛЬЩИКОВ,Введено,НАО,Коммунарка
Воскресенское пос. корп. 4,воскресенское пос корп 4,МОСКОВСКИЙ ФОНД ЗАЩИТЫ ПРАВ ДОЛЬЩИКОВ,Введено,НАО,Коммунарка
дер. Дудкино,дер дудкино,САМОЛЕТ,Введено,НАО,Коммунарка
д. Столбово,д столбово,САМОЛЕТ,Введено,НАО,Коммунарка
"Александры Монаховой, земельный участок 87",александры монаховой земельный участок 87,"ПУБЛИЧНОЕ АКЦИОНЕРНОЕ ОБЩЕСТВО ""ПИК-СПЕЦИАЛИЗИРОВАННЫЙ ЗАСТРОЙЩИК""",Введено,НАО,Коммунарка
"п. Сосенское, дер. Столбово, уч. 40/1",п. сосенское дер столбово уч 40/1,САМОЛЕТ,Введено,НАО,Коммунарка
Воскресенское пос. корп. 3,воскресенское пос корп 3,МОСКОВСКИЙ ФОНД ЗАЩИТЫ ПРАВ ДОЛЬЩИКОВ,Введено,НАО,Коммунарка
Востряковское шоссе уч. 1,востряковское шоссе уч 1,"ООО ""АКАДЕМИЯ ФИГУРНОГО КАТАНИЯ ""АНГЕЛЫ ПЛЮЩЕНКО""",Введено,ЗАО,Тропарёво-Никулино
"проспект Куприна, земельный участок 40",проспект куприна земельный участок 40,САМОЛЕТ,Введено,НАО,Коммунарка
Столбово дер. уч. 40/2,столбово дер уч 40/2,САМОЛЕТ,Введено,НАО,Коммунарка
"д. Столбово, уч. 40/1",д столбово уч 40/1,САМОЛЕТ,Введено,НАО,Коммунарка
Столбово дер. вл. 40/2,столбово дер вл 40/2,САМОЛЕТ,Введено,НАО,Коммунарка
"пос. Коммунарка, поселение Сосенское",пос коммунарка поселение сосенское,КП УГС,Введено,НАО,Коммунарка
"д. Столбово, з/у 41/1Г",д столбово зу 41/1г,А101,Введено,НАО,Коммунарка
"ул. Академика Анохина, вл. 34, корп.3",ул академика анохина вл 34 корп3,ИПСМЕД,Введено,ЗАО,Тропарёво-Никулино
"пос. Внуково, Центральная ул.",пос внуково центральная ул,ИНДИВИДУАЛЬНЫЕ ПРЕДПРИНИМАТЕЛИ,Введено,НАО,Внуково
"улица Эдварда Грига, земельный участок 9В",улица эдварда грига земельный участок 9в,А101,Введено,НАО,Коммунарка
"п. Коммунарка, ул. Сосенский Стан, вл.10/1",п. коммунарка ул сосенский стан вл10/1,КП УГС,Введено,НАО,Коммунарка
"Мосрентген, пос. завода Мосрентген",мосрентген пос завода мосрентген,СЕВИНВЕСТ,Введено,НАО,Коммунарка
Эдварда Грига Дом 1А,эдварда грига дом 1а,А101,Введено,НАО,Коммунарка
"Коммунарка, поселение Сосенское",коммунарка поселение сосенское,КП УГС,Введено,НАО,Коммунарка
"кв-л 160 1В, К8",кв-л 160 1в к8,А101,Введено,НАО,Коммунарка
"Тропарево-Никулино, проспект Вернадского, вл.98 (вл.90)",тропарево-никулино проспект вернадского вл98 (вл90),ПРАВИТЕЛЬСТВО РОССИЙСКОЙ ФЕДЕРАЦИИ,Введено,ЗАО,Тропарёво-Никулино
"111 кв-л, д 1А, строен 1",111 кв-л д 1а строен 1,А101,Введено,НАО,Коммунарка
д.Столбово,дстолбово,А101,Введено,НАО,Коммунарка
"Сосенское, квартал 191, з/у 1",сосенское квартал 191 зу 1,А101,Введено,НАО,Коммунарка
"г.Троицк,ш.Калужское,влд.15",г.троицк шкалужское влд.15,ИНДИВИДУАЛЬНЫЕ ПРЕДПРИНИМАТЕЛИ,Введено,ТАО,Троицк
"ул. Фитарёвская, вл. 9а",ул фитаревская вл 9а,"ООО ""СТРОИТЕЛЬНАЯ КОМПАНИЯ ВЕЛЕСЪ""",Введено,НАО,Коммунарка
п. Коммунарка,п. коммунарка,"АО ""ТУКС-2""",Введено,НАО,Коммунарка
"п. Сосенское, д. Столбово, з/у 41/1Г",п. сосенское д столбово зу 41/1г,А101,Введено,НАО,Коммунарка
"ул. Александры Монаховой, вблизи дер. Столбово, ППТ2-5",ул александры монаховой вблизи дер столбово ппт2-5,А101,Введено,НАО,Коммунарка
Поселок завода Мосрентген Дом 38А,поселок завода мосрентген дом 38а,"АО ""ТУКС-2""",Введено,НАО,Мосрентген
"улица Александры Монаховой, вблизи дер. Столбово",улица александры монаховой вблизи дер столбово,А101,Введено,НАО,Коммунарка
"Проспект Вернадского, у станции метро""Юго-Западная""",проспект вернадского у станции метроюго-западная,SEZAR GROUP,Введено,ЗАО,Тропарёво-Никулино
д. Мамыри,д мамыри,"ООО ""КОМПАНИЯ ССА""",Введено,НАО,Коммунарка
д. Столбово корпус 2.9,д столбово корпус 2.9,"ПУБЛИЧНОЕ АКЦИОНЕРНОЕ ОБЩЕСТВО ""ПИК-СПЕЦИАЛИЗИРОВАННЫЙ ЗАСТРОЙЩИК""",Введено,НАО,Коммунарка
"поселение Сосенское, дер. Столбово, з/у 3/3",поселение сосенское дер столбово зу 3/3,"ПУБЛИЧНОЕ АКЦИОНЕРНОЕ ОБЩЕСТВО ""ПИК-СПЕЦИАЛИЗИРОВАННЫЙ ЗАСТРОЙЩИК""",Введено,НАО,Коммунарка
"ул. Академика Виноградова, вл. 7, корп. 13",ул академика виноградова вл 7 корп 13,"ООО ""СКАР ТРЕЙДИНГ""",Введено,ЮЗАО,Теплый Стан
"вн.тер.г. муниципальный округа, улица Алекса Коммунарка, поселок Коммунаркндры Монаховой, земельный участок 84А",вн.тер.г. муниципальный округа улица алекса коммунарка поселок коммунаркндры монаховой земельный участок 84а,"ПУБЛИЧНОЕ АКЦИОНЕРНОЕ ОБЩЕСТВО ""ПИК-СПЕЦИАЛИЗИРОВАННЫЙ ЗАСТРОЙЩИК""",Введено,НАО,Коммунарка
с. Остафьево корпус 12.3,с. остафьево корпус 12.3,САМОЛЕТ,Введено,НАО,Щербинка
"Калужское ш. 21-й км, з/у 3А",калужское ш 21-й км зу 3а,ИНГКА СЕНТЕРС РУС ПРОПЕРТИ (ИКЕА),Введено,НАО,Коммунарка
"улица Александры Монаховой, земельный участок 39Б",улица александры монаховой земельный участок 39б,А101,Введено,НАО,Коммунарка
"п. Сосенское, д. Столбово",п. сосенское д столбово,"ПУБЛИЧНОЕ АКЦИОНЕРНОЕ ОБЩЕСТВО ""ПИК-СПЕЦИАЛИЗИРОВАННЫЙ ЗАСТРОЙЩИК""",Введено,НАО,Коммунарка
"п. Коммунарка, д. Столбово",п. коммунарка д столбово,"ПУБЛИЧНОЕ АКЦИОНЕРНОЕ ОБЩЕСТВО ""ПИК-СПЕЦИАЛИЗИРОВАННЫЙ ЗАСТРОЙЩИК""",Введено,НАО,Коммунарка
"поселок Коммунарка, участок 29",поселок коммунарка участок 29,А101,Введено,НАО,Коммунарка
проспект Куприна,проспект куприна,А101,Введено,НАО,Коммунарка
"проспект Куприна, земельный участок 3",проспект куприна земельный участок 3,А101,Введено,НАО,Коммунарка
"пос. Сосенское,п. Коммунарка",пос сосенское п. коммунарка,А101,Введено,НАО,Коммунарка
пос. Коммунарка ППТ 2-3 участок №34.1,пос коммунарка ппт 2-3 участок №34.1,А101,Введено,НАО,Коммунарка
"поселение Сосенское, пос. Коммунарка",поселение сосенское пос коммунарка,А101,Введено,НАО,Коммунарка
"пос. Коммунарка, уч. 34, дом № 17 (корп.4)",пос коммунарка уч 34 дом № 17 (корп4),А101,Введено,НАО,Коммунарка
бульвар Скандинавский з/у 14,бульвар скандинавский зу 14,А101,Введено,НАО,Коммунарка
пос. Коммунарка №15,пос коммунарка №15,А101,Введено,НАО,Коммунарка
"ул. Академика Волгина, вл. 12-14",ул академика волгина вл 12-14,МВД РОССИИ,Введено,ЮЗАО,Коньково
п.Сосенское,п.сосенское,А101,Введено,НАО,Коммунарка
"Сосенское, ул. Александры Монаховой, уч. 3Г",сосенское ул александры монаховой уч 3г,А101,Введено,НАО,Коммунарка
"поселение Сосенское, вблизи дер. Бачурино, уч. 31",поселение сосенское вблизи дер бачурино уч 31,А101,Введено,НАО,Коммунарка
Коммунарка пос.,коммунарка пос,А101,Введено,НАО,Коммунарка
"пос. Сосенское, вблизи дер. Бачурино",пос сосенское вблизи дер бачурино,А101,Введено,НАО,Коммунарка
"вблизи дер. Бачурино, уч. 28, по проекту строительства ППТ2-5 участок 3-1",вблизи дер бачурино уч 28 по проекту строительства ппт2-5 участок 3-1,А101,Введено,НАО,Коммунарка
Голубинская ул. д. 8а,голубинская ул д 8а,АВТОРУСЬ,Введено,ЮЗАО,Ясенево
"поселение Сосенское, вблизи д. Бачурино, уч. 31, д. 8",поселение сосенское вблизи д бачурино уч 31 д 8,А101,Введено,НАО,Коммунарка
"строительство автомобильной дороги «Воскресенское - Каракашево - Щербинка». этап: 1.3, 1.4, 2.1, 2.2, 3.2, 3.3, 3.4, 5.1, 5.2",строительство автомобильной дороги воскресенское - каракашево - щербинка. этап: 1.3 1.4 2.1 2.2 3.2 3.3 3.4 5.1 5.2,"АО ""КАПСТРОЙСИТИ""",Введено,НАО,Внуково
д. Язово,д язово,МД ГРУПП,Введено,НАО,Воскресенское
Обручевский кв. 38А корп. 9А,обручевский кв. 38а корп 9а,РЕМСТРОЙТРЕСТ,Введено,ЮЗАО,Обручевский
"Миклухо-Маклая ул., вл. 23",миклухо-маклая ул вл 23,МИНОБРНАУКИ РОССИИ,Введено,ЮЗАО,Обручевский
Новоясеневский просп. вл. 1-В стр. 1,новоясеневский просп. вл 1-в стр 1,"ООО ""СНАРК-СЕВЕР""",Введено,ЮЗАО,Ясенево
"поселение Сосенское, вблизи д. Бачурино, уч. 31, д. 7",поселение сосенское вблизи д бачурино уч 31 д 7,А101,Введено,НАО,Коммунарка
Коммунарка пос. уч. 29,коммунарка пос уч 29,А101,Введено,НАО,Коммунарка
"Воскресенское, дер. Язово, корп. 18",воскресенское дер язово корп 18,МД ГРУПП,Введено,НАО,Воскресенское
Новоясеневский просп. вл. 3,новоясеневский просп. вл 3,"ООО ""СЗ ""СПАРТАК""",Введено,ЮЗАО,Ясенево
"Коммунальная зона ""Гавриково"", уч. №1",коммунальная зона гавриково уч №1,А101,Введено,ЮЗАО,Южное Бутово
"Волгина академика ул. вл. 2 стр. 1,2,3,4",волгина академика ул вл 2 стр 1 2 3 4,ФСК,Введено,ЮЗАО,Обручевский
"Чечёрский проезд, напротив вл. 92-94 (участок № 3)",чечерский проезд напротив вл 92-94 (участок № 3),ЛУКОЙЛ,Введено,ЮЗАО,Южное Бутово
"Новаторов ул. вл. 3 стр. 1, 2, 3",новаторов ул вл 3 стр 1 2 3,"ГБУ ""ДИРЕКЦИЯ РАЗВИТИЯ ОБЪЕКТОВ ЗДРАВООХРАНЕНИЯ ГОРОДА МОСКВЫ""",Введено,ЮЗАО,Обручевский
"район Обручевский, з/у 23А",район обручевский зу 23а,TEKTA GROUP,Введено,ЮЗАО,Обручевский
"ул. Обручева, земельный участок 23/2",ул обручева земельный участок 23/2,"ООО ""СТРЕЛА""",Введено,ЮЗАО,Обручевский
"улица Обручева, вл. 23",улица обручева вл 23,"ОБЩЕСТВО С ОГРАНИЧЕННОЙ ОТВЕТСТВЕННОСТЬЮ ""МАТРЕШКА""",Введено,ЮЗАО,Обручевский
"Чечерский проезд, земельный участок 15 (напротив вл. 54, 56)",чечерский проезд земельный участок 15 (напротив вл 54 56),ФОНД РЕНОВАЦИИ,Введено,ЮЗАО,Южное Бутово
Паустовского ул. вл. 6 корп. 2,паустовского ул вл 6 корп 2,АНО РСИО,Введено,ЮЗАО,Ясенево
ул. Южнобутовская,ул южнобутовская,"ООО ""С1""",Введено,ЮЗАО,Южное Бутово
"Чечерский пр-д, вл. 28",чечерский пр-д вл 28,ФОНД РЕНОВАЦИИ,Введено,ЮЗАО,Южное Бутово
"ул. Введенского, д. 13В",ул введенского д 13в,КП УГС,Введено,ЮЗАО,Коньково
"улица Поляны, земельный участок 5А/3",улица поляны земельный участок 5а/3,ПИК,Введено,ЮЗАО,Южное Бутово
"ул. Поляны, земельный участок 6Б",ул поляны земельный участок 6б,"ООО ""СПГ""",Введено,ЮЗАО,Северное Бутово
"ул. Краснолиманская, вл. 29",ул краснолиманская вл 29,ФОНД РЕНОВАЦИИ,Введено,ЮЗАО,Южное Бутово
"ул. Индустриальная, дом 2",ул индустриальная дом 2,"ООО ""АРЕНА""",Введено,НАО,Щербинка
"г. Москва, ЮЗАО, Южное Бутово, ул. Краснолиманская, вл. 21",г. москва юзао южное бутово ул краснолиманская вл 21,ФОНД РЕНОВАЦИИ,Введено,ЮЗАО,Южное Бутово
Севастопольский просп. вл. 28 корп. 9,севастопольский просп. вл 28 корп 9,ФОНД РЕНОВАЦИИ,Введено,ЮЗАО,Черёмушки
"Варшавское шоссе, уч. 77:05:0008007:14033",варшавское шоссе уч 77:05:0008007:14033,ПИК,Введено,ЮЗАО,Южное Бутово
общественная зона вдоль Варшавского шоссе (участок 2),общественная зона вдоль варшавского шоссе (участок 2),КП УГС,Введено,ЮЗАО,Южное Бутово
"Севастопольский проспект, влд. 71, к. 1",севастопольский проспект влд. 71 к 1,ФОНД РЕНОВАЦИИ,Введено,ЮЗАО,Зюзино
"Херсонская ул., з/у 8 (участок 6.5)",херсонская ул зу 8 (участок 6.5),ФОНД РЕНОВАЦИИ,Введено,ЮЗАО,Зюзино
"Варшавское шоссе, дом 268, строение 1",варшавское шоссе дом 268 строение 1,ПИК,Введено,ЮЗАО,Южное Бутово
"г. Щербинка, мкр. Люблинский",г. щербинка мкр. люблинский,ПИК,Введено,НАО,Щербинка
"г. Москва, г. Щербинка, ул. Мостотреста, д. 8, стр. 1",г. москва г. щербинка ул мостотреста д 8 стр 1,ПИК,Введено,НАО,Щербинка
"Щербинка, ул. Мостотреста, земельный участок 3А",щербинка ул мостотреста земельный участок 3а,ПИК,Введено,НАО,Щербинка
"Керченская улица, вл. 20/1",керченская улица вл 20/1,ФОНД РЕНОВАЦИИ,Введено,ЮЗАО,Зюзино
Красного маяка ул. вл. 19 корп. 1,красного маяка ул вл 19 корп 1,ПРАВОСЛАВИЕ,Введено,ЮАО,Чертаново Центральное
"ул. Феодосийская, вл. 7",ул феодосийская вл 7,ФОНД РЕНОВАЦИИ,Введено,ЮЗАО,Северное Бутово
"ул. Академика Янгеля, вл. 12А",ул академика янгеля вл 12а,"ООО ""ПОКРОВСКИЕ ВЫСЕЛКИ""",Введено,ЮАО,Чертаново Южное
Варшавское шоссе,варшавское шоссе,Э.К. ДЕВЕЛОПМЕНТ,Введено,ЮАО,Чертаново Южное
"ул. Болотниковская, д. 43, корпус 1",ул болотниковская д 43 корпус 1,ФОНД РЕНОВАЦИИ,Введено,ЮЗАО,Зюзино
"Керченская ул., вл.2",керченская ул вл2,ФОНД РЕНОВАЦИИ,Введено,ЮЗАО,Зюзино
Днепропетровская ул. 16,днепропетровская ул 16,ПРАВОСЛАВИЕ,Введено,ЮАО,Чертаново Центральное
"улица Брусилова, дом 19А",улица брусилова дом 19а,КП УГС,Введено,ЮЗАО,Южное Бутово
"Чертаново Северное, мкр. ОПЖР",чертаново северное мкр. опжр,КП УГС,Введено,ЮАО,Чертаново Северное
"Варшавское шоссе, дом 280, корпус 1",варшавское шоссе дом 280 корпус 1,ПИК,Введено,ЮЗАО,Южное Бутово
"Варшавское шоссе, дом 280, корпус 3",варшавское шоссе дом 280 корпус 3,ПИК,Введено,ЮЗАО,Южное Бутово
Одесская ул. вл. 10,одесская ул вл 10,ФОНД РЕНОВАЦИИ,Введено,ЮЗАО,Зюзино
"Балаклавский проспект, земельныйучасток 28А",балаклавский проспект земельныйучасток 28а,ФОНД РЕНОВАЦИИ,Введено,ЮЗАО,Зюзино
"Чертаново Северное, Битцевский проезд, дом 12",чертаново северное битцевский проезд дом 12,КП УГС,Введено,ЮАО,Чертаново Северное
"Чертановская ул., вл. 45",чертановская ул вл 45,АНО РСИО,Введено,ЮАО,Чертаново Центральное
"г. Щербинка, ул. Маршала Савицкого, проект. проезд №728",г. щербинка ул маршала савицкого проект. проезд №728,"АНО ""РСИ""",Введено,ЮЗАО,Южное Бутово
пересечение ул. Каховка и ул. Азовской,пересечение ул каховка и ул азовской,ПРАВОСЛАВИЕ,Введено,ЮЗАО,Зюзино
"Балаклавский проспект, дом 24А",балаклавский проспект дом 24а,"ООО ""АНИТЕК""",Введено,ЮЗАО,Зюзино
Улица Кировоградская Дом 25А,улица кировоградская дом 25а,КП УГС,Введено,ЮАО,Чертаново Южное
"Черноморский бульвар, вл. 22, корп. 2",черноморский бульвар вл 22 корп 2,ФОНД РЕНОВАЦИИ,Введено,ЮЗАО,Зюзино
"ш. Варшавское, вл. 150Б/1",ш варшавское вл 150б/1,"ООО ""РАССВЕТ""",Введено,ЮАО,Чертаново Южное
Симферопольский бульвар владение 28,симферопольский бульвар владение 28,ПРАВОСЛАВИЕ,Введено,ЮЗАО,Зюзино
"ул. Газопровод, земельный участок 6Г/20",ул газопровод земельный участок 6г/20,ПИК,Введено,ЮАО,Чертаново Южное
"Газопровод ул., влд.6Г",газопровод ул влд.6г,ПИК,Введено,ЮАО,Чертаново Южное
Востряковский пр. вл. 10 корп. 1,востряковский пр вл 10 корп 1,"АО ""ПРОМИНВЕСТ""",Введено,ЮАО,Бирюлёво Западное
"внутригородская территория муниципальный округ Нагорный, Варшавское шоссе земельный уч. 100/1",внутригородская территория муниципальный округ нагорный варшавское шоссе земельный уч 100/1,ФОНД РЕНОВАЦИИ,Введено,ЮАО,Нагорный
"ул. Подольских Курсантов, вл. 7",ул подольских курсантов вл 7,ПРАВОСЛАВИЕ,Введено,ЮАО,Чертаново Центральное
"улица Дорожная, вл. 7",улица дорожная вл 7,"ООО ""ОСТРОВ""",Введено,ЮАО,Чертаново Южное
"ул. Дорожная, д. 9, стр. 1",ул дорожная д 9 стр 1,МОНАРХ,Введено,ЮАО,Чертаново Южное
Ступинский пр. вл. 1,ступинский пр вл 1,"ООО ""ААТ""",Введено,ЮАО,Бирюлево Западное
"Каширский пр. вл. 25 , вл. 25/1",каширский пр вл 25 вл 25/1,PIONEER,Введено,ЮАО,Москворечье-Сабурово
"2-й Котляковский пер., 25/5",2-й котляковский пер 25/5,PIONEER,Введено,ЮАО,Москворечье-Сабурово
"2-й Котляковский пер., уч. 1/1Б",2-й котляковский пер уч 1/1б,PIONEER,Введено,ЮАО,Москворечье-Сабурово
"Российская Федерация, город Москва, внутригородская территория муниципальный округ Московречье-Сабурово, 1-й Котляковский переулок, дом 2Б",российская федерация город москва внутригородская территория муниципальный округ московречье-сабурово 1-й котляковский переулок дом 2б,PIONEER,Введено,ЮАО,Москворечье-Сабурово
"пер. Котляковский 2-й, вл. 1/1",пер котляковский 2-й вл 1/1,PIONEER,Введено,ЮАО,Москворечье-Сабурово
"Котляковский 2-й пер. вл. 1 (, Москворечье-Сабурово)",котляковский 2-й пер вл 1 ( москворечье-сабурово),PIONEER,Введено,ЮАО,Москворечье-Сабурово
"1-й Котляковский переулок, дом 4, корпус 1, корпус 2",1-й котляковский переулок дом 4 корпус 1 корпус 2,PIONEER,Введено,ЮАО,Москворечье-Сабурово
"Коломенский проезд, вл. 13",коломенский проезд вл 13,ПРАВОСЛАВИЕ,Введено,ЮАО,Нагатино-Садовники
"Бирюлево Западное, Харьковский пр., вл. 1/1",бирюлево западное харьковский пр вл 1/1,ФОНД РЕНОВАЦИИ,Введено,ЮАО,Бирюлёво Западное
"6-я Радиальная ул., вл.7, корп. 31",6-я радиальная ул вл7 корп 31,"АО ""МОСОТДЕЛСТРОЙ № 1""",Введено,ЮАО,Бирюлёво Восточное
"6-я Радиальная ул., вл. 7, корп. 30",6-я радиальная ул вл 7 корп 30,"АО ""МОСОТДЕЛСТРОЙ № 1""",Введено,ЮАО,Бирюлёво Восточное
"6-я Радиальная ул., вл. 7, корп. 30, 31",6-я радиальная ул вл 7 корп 30 31,"АО ""МОСОТДЕЛСТРОЙ № 1""",Введено,ЮАО,Бирюлёво Восточное
Радиальная 6-я ул. вл. 7 корп.28/29,радиальная 6-я ул вл 7 корп28/29,"АО ""МОСОТДЕЛСТРОЙ № 1""",Введено,ЮАО,Бирюлёво Восточное
"6-я Радиальная улица, вл. 7, корп. 27",6-я радиальная улица вл 7 корп 27,"АО ""МОСОТДЕЛСТРОЙ № 1""",Введено,ЮАО,Бирюлёво Восточное
"Радиальная 6-я ул. вл. 7 корп. 27,28,29",радиальная 6-я ул вл 7 корп 27 28 29,"АО ""МОСОТДЕЛСТРОЙ № 1""",Введено,ЮАО,Бирюлёво Восточное
Москворечье ул. вл. 19 корп. 2,москворечье ул вл 19 корп 2,МИНОБРНАУКИ РОССИИ,Введено,ЮАО,Москворечье-Сабурово
пересечение Пролетарского проспекта и ул. Кантемировской (пр. проезд № 6216),пересечение пролетарского проспекта и ул кантемировской (пр проезд № 6216),ПРАВОСЛАВИЕ,Введено,ЮАО,Москворечье-Сабурово
Пролетарский просп. вл. 16/3,пролетарский просп. вл 16/3,ФОНД РЕНОВАЦИИ,Введено,ЮАО,Царицыно
"Бакинская улица, д. 26",бакинская улица д 26,"АНО ""РСИ""",Введено,ЮАО,Царицыно
"улица Бакинская, земельный участок 26/4",улица бакинская земельный участок 26/4,"ГБУ ""ДИРЕКЦИЯ РАЗВИТИЯ ОБЪЕКТОВ ЗДРАВООХРАНЕНИЯ ГОРОДА МОСКВЫ""",Введено,ЮАО,Царицыно
"ул. Липецкая, промзона ""Ленино"", участок 1",ул липецкая промзона ленино участок 1,"ООО ""ПОЛИИН""",Введено,ЮАО,Бирюлёво Восточное
"ул. 6-я Радиальная, вл. 7, корп. 1",ул 6-я радиальная вл 7 корп 1,"АО ""МОСОТДЕЛСТРОЙ № 1""",Введено,ЮАО,Бирюлево Восточное
6-я Радиальная вл.7 корп 36,6-я радиальная вл7 корп 36,"АНО ""РСИ""",Введено,ЮАО,Бирюлёво Восточное
"ул. Элеваторная, вл. 10",ул элеваторная вл 10,ИНДИВИДУАЛЬНЫЕ ПРЕДПРИНИМАТЕЛИ,Введено,ЮАО,Бирюлёво Восточное
"6-я Радиальная улица, влд. 7 (19 участок)",6-я радиальная улица влд. 7 (19 участок),"АНО ""РСИ""",Введено,ЮАО,Бирюлёво Восточное
"Ватутинки пос. уч. 2, квартал № 102, дом 3, корпус 1",ватутинки пос уч 2 квартал № 102 дом 3 корпус 1,МОСИНЖПРОЕКТ,Введено,НАО,Троицк
"Ватутинки пос. уч. 2, квартал № 102, дом 3, корпус 2",ватутинки пос уч 2 квартал № 102 дом 3 корпус 2,МОСИНЖПРОЕКТ,Введено,НАО,Троицк
"Ватутинки пос. уч. 2, квартал № 102, дом 3, корпус 3",ватутинки пос уч 2 квартал № 102 дом 3 корпус 3,МОСИНЖПРОЕКТ,Введено,НАО,Троицк
"Ватутинки пос. уч. 2, квартал № 102, дом 3, корпус 4",ватутинки пос уч 2 квартал № 102 дом 3 корпус 4,МОСИНЖПРОЕКТ,Введено,НАО,Троицк
Ватутинки пос. уч. 2,ватутинки пос уч 2,МОСИНЖПРОЕКТ,Введено,НАО,Троицк
"в районе д. Ватутинки, уч. 2",в районе д ватутинки уч 2,МОСИНЖПРОЕКТ,Введено,НАО,Троицк
вблизи п. Курилово,вблизи п. курилово,ИНДИВИДУАЛЬНЫЕ ПРЕДПРИНИМАТЕЛИ,Введено,ТАО,Краснопахорский
в районе д. Яковлево,в районе д яковлево,МОНАРХ,Введено,ТАО,Троицк
в районе дер. Яковлево,в районе дер яковлево,МОНАРХ,Введено,ТАО,Троицк
пос. Дубровицкое,пос дубровицкое,"ГКУ ""МОСКВОРЕЧЬЕ""",Введено,НАО,Щербинка
"п. Щапово, ул.Садовый квартал, вл. 5А",п. щапово улсадовый квартал вл 5а,"ООО ""ГЕОГРАНД""",Введено,ТАО,Краснопахорский
поселок Щапово,поселок щапово,"ООО ""ВОСТОРГ""",Введено,ТАО,Краснопахорский
"улица Евсеевская, земельный участок 13",улица евсеевская земельный участок 13,ПИК,Введено,ТАО,Троицк
улица Евсеевская,улица евсеевская,ПИК,Введено,ТАО,Троицк
дер. Никульское 43Б,дер никульское 43б,ТОРГОВО-ПРОМЫШЛЕННАЯ ПАЛАТА РОССИЙСКОЙ ФЕДЕРАЦИИ,Введено,НАО,Коммунарка
Остафьево,остафьево,САМОЛЕТ,Введено,НАО,Щербинка
с. Остафьево Корпус 11.2,с. остафьево корпус 11.2,САМОЛЕТ,Введено,НАО,Щербинка
с. Остафьево Корпус 11.3,с. остафьево корпус 11.3,САМОЛЕТ,Введено,НАО,Щербинка
"Фабрики имени 1 Мая пос. , кв-л №99, влд. 1",фабрики имени 1 мая пос кв-л №99 влд. 1,КП УГС,Введено,НАО,Щербинка
вблизи д. Алхимово,вблизи д алхимово,САМОЛЕТ,Введено,НАО,Щербинка
"ул. Зелёновка, земельный участок 92А",ул зеленовка земельный участок 92а,"АО ""КАПСТРОЙСИТИ""",Введено,НАО,Щербинка
вблизи дер. Алхимово,вблизи дер алхимово,САМОЛЕТ,Введено,НАО,Щербинка
"поселение Рязановское, с. Остафьево",поселение рязановское с. остафьево,САМОЛЕТ,Введено,НАО,Щербинка
Поселение Рязановское,поселение рязановское,САМОЛЕТ,Введено,НАО,Щербинка
вблизи деревни Алхимово,вблизи деревни алхимово,САМОЛЕТ,Введено,НАО,Щербинка
Улица Местечко Барыши Дом 25 Корпус 1,улица местечко барыши дом 25 корпус 1,"ООО ""СТРОИТЕЛЬНАЯ КОМПАНИЯ ВЕЛЕСЪ""",Введено,НАО,Щербинка
"п. Знамя Октября, влд. 3 (поселение Рязановское, пос. Знамя Октября, около д.3)",п. знамя октября влд. 3 (поселение рязановское пос знамя октября около д3),ФОНД РЕНОВАЦИИ,Введено,НАО,Щербинка
"ул. Местечко Барыши, з/у 25, Корпус 2",ул местечко барыши зу 25 корпус 2,"ООО ""АКАДЕМПРОЕКТ""",Введено,НАО,Щербинка
кв-л Южный з/у 13,кв-л южный зу 13,"АНО ""РСИ""",Введено,НАО,Щербинка
"с. Кленово, вл. 65А",с. кленово вл 65а,"АО ""ТУКС-2""",Введено,ТАО,Вороново
"с.Кленово,ул.Садовая,влд.5Б",с.кленово улсадовая влд.5б,"АО ""КАПСТРОЙСИТИ""",Введено,ТАО,Вороново
село Кленово,село кленово,ИНДИВИДУАЛЬНЫЕ ПРЕДПРИНИМАТЕЛИ,Введено,ТАО,Вороново
"Поселение Кленовское, Село Кленово",поселение кленовское село кленово,МОСВОДОКАНАЛ,Введено,ТАО,Вороново
Акулово поселок д. 4,акулово поселок д 4,ФОНД РЕНОВАЦИИ,Введено,ВАО,Восточный
Ленская ул. уч. 8,ленская ул уч 8,ФОНД РЕНОВАЦИИ,Введено,СВАО,Бабушкинский
"г. Москва, внутригородская территория муниципальный округ Бабушкинский, ул. Печорская, вл. 7",г. москва внутригородская территория муниципальный округ бабушкинский ул печорская вл 7,ФОНД РЕНОВАЦИИ,Введено,СВАО,Бабушкинский
Осташковская ул. вл. 9/2,осташковская ул вл 9/2,ФОНД РЕНОВАЦИИ,Введено,СВАО,Бабушкинский
"ул. Тайнинская, д.7, корп.1",ул тайнинская д7 корп1,ФОНД РЕНОВАЦИИ,Введено,СВАО,Лосиноостровский
"ул. Тайнинская, земельный участок 16/3",ул тайнинская земельный участок 16/3,ФОНД РЕНОВАЦИИ,Введено,СВАО,Лосиноостровский
"Тайнинская ул., вл. 9/5",тайнинская ул вл 9/5,ФОНД РЕНОВАЦИИ,Введено,СВАО,Лосиноостровский
Анадырский пр. вл. 8,анадырский пр вл 8,ПРАВОСЛАВИЕ,Введено,СВАО,Лосиноостровский
"Изумрудная ул., уч. 28",изумрудная ул уч 28,ФОНД РЕНОВАЦИИ,Введено,СВАО,Лосиноостровский
"ул. Шушенская, д. 5",ул шушенская д 5,ФОНД РЕНОВАЦИИ,Введено,СВАО,Лосиноостровский
Ярославское шоссе вл. 51,ярославское шоссе вл 51,ПАТЕК ГРУПП,Введено,СВАО,Ярославский
Улица Малыгина Дом 12А,улица малыгина дом 12а,МОСКОВСКИЙ ФОНД ЗАЩИТЫ ПРАВ ДОЛЬЩИКОВ,Введено,СВАО,Лосиноостровский
1-я Напрудная Дом 15А,1-я напрудная дом 15а,"ГБУ ""ДИРЕКЦИЯ РАЗВИТИЯ ОБЪЕКТОВ ЗДРАВООХРАНЕНИЯ ГОРОДА МОСКВЫ""",Введено,СВАО,Лосиноостровский
"Стартовая улица, земельный участок 3/1",стартовая улица земельный участок 3/1,ФОНД РЕНОВАЦИИ,Введено,СВАО,Лосиноостровский
Лосиноостровская ул. вл. 45,лосиноостровская ул вл 45,SEVEN SUNS DEVELOPMENT,Введено,СВАО,Лосиноостровский
Парковая 16-я ул. д. 12,парковая 16-я ул д 12,ФОНД РЕНОВАЦИИ,Введено,ВАО,Восточное Измайлово
"ул. Ольховская, вл. 27",ул ольховская вл 27,ИНСТИТУТ ПЛАСТИЧЕСКОЙ ХИРУРГИИ И КОСМЕТОЛОГИИ,Введено,ЦАО,Красносельский
"2-я ул. Машиностроения, д. 3",2-я ул машиностроения д 3,"ООО ""ЖИЛСПЕЦПРОЕКТ""",Введено,ЮВАО,Южнопортовый
"пр-кт Андропова, вл. 9/2",пр-кт андропова вл 9/2,РЕГИОНЫ-ДЕВЕЛОПМЕНТ,Введено,ЮАО,Нагатинский Затон
"проспект Андропова, вл. 9/1",проспект андропова вл 9/1,РЕГИОНЫ-ДЕВЕЛОПМЕНТ,Введено,ЮАО,Нагатинский затон
Русаковская ул. вл. 6,русаковская ул вл 6,КП УГС,Введено,ЦАО,Красносельский
"Шарикоподшипниковская, земельный участок 11/2",шарикоподшипниковская земельный участок 11/2,ГРАНЕЛЬ,Введено,ЮВАО,Южнопортовый
"проспект Андропова, земельный участок 11/1",проспект андропова земельный участок 11/1,РЕГИОНЫ-ДЕВЕЛОПМЕНТ,Введено,ЮАО,Нагатинский Затон
Судостроительная Дом 15,судостроительная дом 15,ФОНД РЕНОВАЦИИ,Введено,ЮАО,Нагатинский затон
Андропова просп. вл. 39,андропова просп. вл 39,МГОМЗ,Введено,ЮАО,Нагатинский Затон
"ул. Леснорядская, земельный участок 7",ул леснорядская земельный участок 7,ФОНД РЕНОВАЦИИ,Введено,ЦАО,Красносельский
"улица Мельникова, д. 2",улица мельникова д 2,КП УГС,Введено,ЦАО,Таганский
Сосинская ул. д. 43,сосинская ул д 43,TOUCH,Введено,ЮВАО,Южнопортовый
Андропова просп. уч. 11/2,андропова просп. уч 11/2,РЕГИОНЫ-ДЕВЕЛОПМЕНТ,Введено,ЮАО,Нагатинский Затон
"Госпитальная наб., 4с1А"" (Центральный кластер (Участок 1.3)",госпитальная наб. 4с1а (центральный кластер (участок 1.3),АНО РСИО,Введено,ЦАО,Басманный
Золоторожский пр. вл. 5А,золоторожский пр вл 5а,SUN DEVELOPMENT,Введено,ЮВАО,Кузьминки
"Нагатинская пойма, участок №2",нагатинская пойма участок №2,РЕГИОНЫ-ДЕВЕЛОПМЕНТ,Введено,ЮАО,Нагатинский Затон
Улица Рабочая Дом 34 Строение 1,улица рабочая дом 34 строение 1,"ГБУ ""ДИРЕКЦИЯ РАЗВИТИЯ ОБЪЕКТОВ ЗДРАВООХРАНЕНИЯ ГОРОДА МОСКВЫ""",Введено,ЦАО,Таганский
Волгоградский проспект,волгоградский проспект,ГРАНЕЛЬ,Введено,ЮВАО,Южнопортовый
"Почтовая М. ул. вл. 12 стр. 2 , 3, 4, 5, 7, 9, 11, вл. 12, соор. 6",почтовая м. ул вл 12 стр 2 3 4 5 7 9 11 вл 12 соор. 6,ГРАНЕЛЬ,Введено,ЦАО,Басманный
"Танковый проезд, корпус 1, участок 4",танковый проезд корпус 1 участок 4,ФОНД РЕНОВАЦИИ,Введено,ЮВАО,Лефортово
"Золоторожский вал ул. вл. 11 стр. 50,56",золоторожский вал ул вл 11 стр 50 56,ДОНСТРОЙ,Введено,ЮВАО,Лефортово
"Золоторожский вал ул. вл. 11 стр. 30, 37, 47, 57, 58, корпус 23",золоторожский вал ул вл 11 стр 30 37 47 57 58 корпус 23,ДОНСТРОЙ,Введено,ЮВАО,Лефортово
"Золоторожский вал ул. вл. 11 стр. 30, 37, 47, 57, 58, корпус 22",золоторожский вал ул вл 11 стр 30 37 47 57 58 корпус 22,ДОНСТРОЙ,Введено,ЮВАО,Лефортово
"ул. Золоторожский Вал, вл. 11, стр. 30, 37, 47, 57, 58",ул золоторожский вал вл 11 стр 30 37 47 57 58,ДОНСТРОЙ,Введено,ЮВАО,Лефортово
"Волгоградский проспект, вл. 32, корп.3",волгоградский проспект вл 32 корп3,MR GROUP,Введено,ЮВАО,Южнопортовый
"Короленко ул., д.3, стр.8",короленко ул д3 стр8,,Введено,ВАО,Сокольники
"ул. Короленко, вл. 5",ул короленко вл 5,"ГСК ""ПРИЧАЛ""",Введено,ВАО,Сокольники
Бакунинская ул. вл. 60/2,бакунинская ул вл 60/2,КП УГС,Введено,ЦАО,Басманный
"ул. Фридриха Энгельса, д. участок 58, стр.1, 2, 3",ул фридриха энгельса д участок 58 стр1 2 3,ГАЛС,Введено,ЦАО,Басманный
"ул. Золоторожский Вал, вл. 11, стр. 73, 75",ул золоторожский вал вл 11 стр 73 75,ДОНСТРОЙ,Введено,ЮВАО,Лефортово
"шоссе Энтузиастов, вл.4",шоссе энтузиастов вл4,МОСКОВСКИЙ МЕТРОПОЛИТЕН,Введено,ЮВАО,Лефортово
"Волгоградский проспект, вл. 32/5",волгоградский проспект вл 32/5,MR GROUP,Введено,ЮВАО,Южнопортовый
"Волгоградский проспект дом 32/5, корп. 2",волгоградский проспект дом 32/5 корп 2,MR GROUP,Введено,ЮВАО,Южнопортовый
Волгоградский просп. вл. 32/5,волгоградский просп. вл 32/5,MR GROUP,Введено,ЮВАО,Южнопортовый
"Южнопортовая, земельный участок 28А/10",южнопортовая земельный участок 28а/10,LEVEL GROUP,Введено,ЮВАО,Печатники
"ул. Южнопортовая, земельный участок 26",ул южнопортовая земельный участок 26,LEVEL GROUP,Введено,ЮВАО,Печатники
"Нагатинский Затон, ул. Речников, вл. 18-20",нагатинский затон ул речников вл 18-20,ФОНД РЕНОВАЦИИ,Введено,ЮАО,Нагатинский Затон
"ул. Рубцовско-Дворцовая, д. 1/3",ул рубцовско-дворцовая д 1/3,"АНО ""РСИ""",Введено,ВАО,Сокольники
"ул. Большая Почтовая, вл. 18, стр. 1,2,3,5,8; вл. 18/20; вл.18/20, стр. 6; вл. 18, стр. 4; вл. 18, стр. 9; вл. 20, стр.1,2,3,4",ул большая почтовая вл 18 стр 1 2 3 5 8 вл 18/20 вл18/20 стр 6 вл 18 стр 4 вл 18 стр 9 вл 20 стр1 2 3 4,LEVEL GROUP,Введено,ЦАО,Басманный
"Большая Почтовая ул., вл.18, стр. 1,2,3,5,8, вл.18/20, вл.18/20, стр.6, вл.18, стр.4, вл.18, стр.9, вл. 20, стр.1,2,3,4",большая почтовая ул вл18 стр 1 2 3 5 8 вл18/20 вл18/20 стр6 вл18 стр4 вл18 стр9 вл 20 стр1 2 3 4,LEVEL GROUP,Введено,ЦАО,Басманный
"ул. Золоторожский Вал, вл. 11",ул золоторожский вал вл 11,ДОНСТРОЙ,Введено,ЮВАО,Лефортово
Энтузиастов шоссе д. 4,энтузиастов шоссе д 4,МОСКОВСКИЙ МЕТРОПОЛИТЕН,Введено,ЮВАО,Лефортово
"ул. Угрешская, вл. 2, стр. 104, вл.2Б, стр. 1, 2",ул угрешская вл 2 стр 104 вл2б стр 1 2,ИНДИВИДУАЛЬНЫЕ ПРЕДПРИНИМАТЕЛИ,Введено,ЮВАО,Печатники
"2-й Южнопортовый пр., д. 26А",2-й южнопортовый пр д 26а,"ООО ""ЗДИ""",Введено,ЮВАО,Печатники
ул Корабельная 4,ул корабельная 4,РЕЧНИКОВ ИНВЕСТ,Введено,ЮАО,Нагатинский Затон
Корабельная з/у 7,корабельная зу 7,РЕЧНИКОВ ИНВЕСТ,Введено,ЮАО,Нагатинский Затон
Энтузиастов шоссе вл. 4,энтузиастов шоссе вл 4,МОСКОВСКИЙ МЕТРОПОЛИТЕН,Введено,ЮВАО,Лефортово
"Автомобильный проезд, вл. 4",автомобильный проезд вл 4,COLDY,Введено,ЮВАО,Нижегородский
"улица Южнопортовая, дом 28А",улица южнопортовая дом 28а,LEVEL GROUP,Введено,ЮВАО,Печатники
"ул. Речников, земельный участок 7/3",ул речников земельный участок 7/3,РЕЧНИКОВ ИНВЕСТ,Введено,ЮАО,Нагатинский Затон
"улица Корабельная, з/у 5",улица корабельная зу 5,РЕЧНИКОВ ИНВЕСТ,Введено,ЮАО,Нагатинский Затон
"ул. Речников, вл. 7",ул речников вл 7,РЕЧНИКОВ ИНВЕСТ,Введено,ЮАО,Нагатинский затон
"2-я Гражданская ул., д.8",2-я гражданская ул д8,КП УГС,Введено,ВАО,Богородское
"Краснобогатырская, вл. 38",краснобогатырская вл 38,BESTCON,Введено,ВАО,Богородское
"ул. Большая Почтовая, вл. 24, стр. 2, 3",ул большая почтовая вл 24 стр 2 3,AFI DEVELOPMENT,Введено,ЦАО,Басманный
"внутригородское муниципальное образование Басманное, ул. Новая Дорога, вл. 11А, вл. 11Б",внутригородское муниципальное образование басманное ул новая дорога вл 11а вл 11б,КОРТРОС,Введено,ЦАО,Басманный
Золоторожский вал ул. вл. 11,золоторожский вал ул вл 11,ДОНСТРОЙ,Введено,ЮВАО,Лефортово
"улица Шепелюгинская, земельный участок 14",улица шепелюгинская земельный участок 14,ФОНД РЕНОВАЦИИ,Введено,ЮВАО,Лефортово
Улица Шепелюгинская Дом 16А,улица шепелюгинская дом 16а,ФОНД РЕНОВАЦИИ,Введено,ЮВАО,Лефортово
"г. Москва, ул. Красноказарменная, вл. 13",г. москва ул красноказарменная вл 13,"ЖСК ""МЭИ-12""",Введено,ЮВАО,Лефортово
Красноказарменная ул. вл. 15,красноказарменная ул вл 15,ПИК,Введено,ЮВАО,Лефортово
"ул. Красноказарменная, д. 15",ул красноказарменная д 15,ПИК,Введено,ЮВАО,Лефортово
"Золоторожский Вал, вл.11, з/у 7",золоторожский вал вл11 зу 7,ДОНСТРОЙ,Введено,ЮВАО,Лефортово
"Золоторожский вал, вл 11",золоторожский вал вл 11,ДОНСТРОЙ,Введено,ЮВАО,Лефортово
Нагатинский затон,нагатинский затон,МОСКОВСКИЙ МЕТРОПОЛИТЕН,Введено,ЮАО,Нагатинский Затон
Погонный пр. вл. 7,погонный пр вл 7,Посольство Республики Беларусь в Российской Федерации,Введено,ВАО,Богородское
"Погонный проезд, д. 13",погонный проезд д 13,ФОНД РЕНОВАЦИИ,Введено,ВАО,Богородское
Игральная ул. вл. 1,игральная ул вл 1,ФОНД РЕНОВАЦИИ,Введено,ВАО,Богородское
Улица Игральная Дом 8,улица игральная дом 8,"АНО ""РСИ""",Введено,ВАО,Богородское
"Бухвостова 1-я ул., д. 2, корп. 3",бухвостова 1-я ул д 2 корп 3,РЕГИОНЫ-ДЕВЕЛОПМЕНТ,Введено,ВАО,Преображенское
"Москва, ул. Синичкина 2-я, вл. 7, з/у 1 ( Лефортово, кв. 3, корп. 6)",москва ул синичкина 2-я вл 7 зу 1 ( лефортово кв. 3 корп 6),КП УГС,Введено,ЮВАО,Лефортово
Кабельная 2-я ул. д. 2 стр. 25,кабельная 2-я ул д 2 стр 25,МКМ,Введено,ЮВАО,Лефортово
"ул. Новохохловская, вл. 15",ул новохохловская вл 15,ПИК,Введено,ЮВАО,Нижегородский
"ул. Новохохловская, вл.15",ул новохохловская вл15,ПИК,Введено,ЮВАО,Нижегородский
«Развитиежелезнодорожнойинфраструктуры Московской железнойдороги на Курском направлении. III и IVглавные пути Москва-Пассажирская-Курская- Люблино» строительство о.п.Новохохловская (первоочередные работы)»,развитиежелезнодорожнойинфраструктуры московской железнойдороги на курском направлении. iii и ivглавные пути москва-пассажирская-курская- люблино строительство о.п.новохохловская (первоочередные работы),РЖД,Введено,ЮВАО,Нижегородский
"Шоссейный проезд, з/у 12А",шоссейный проезд зу 12а,ОЭЗ ТЕХНОПОЛИС МОСКВА,Введено,ЮВАО,Печатники
ул. 4-я Гражданская,ул 4-я гражданская,ВСЕРОССИЙСКОЕ ОБЩЕСТВО СЛЕПЫХ,Введено,ВАО,Богородское
"Богородское, ул. Просторная, вл.7",богородское ул просторная вл7,ПИК,Введено,ВАО,Богородское
"ул. Лермонтовская, вл. 17",ул лермонтовская вл 17,BESTCON,Введено,ВАО,Преображенское
"Нижегородская ул., д.76, к. 1",нижегородская ул д76 к 1,ФОНД РЕНОВАЦИИ,Введено,ЮВАО,Нижегородский
"улица Южнопортовая, земельный участок 52/2",улица южнопортовая земельный участок 52/2,ПИК,Введено,ЮВАО,Печатники
Проезд Энтузиастов Дом 11,проезд энтузиастов дом 11,"ООО ""С.М.-АУДИТ Ф""",Введено,ВАО,Соколиная Гора
Вельяминовская ул. д. 34 стр. 23,вельяминовская ул д 34 стр 23,"ООО ""КОММЕРЧЕСКИЙ ЦЕНТР ""РИЦ""",Введено,ВАО,Соколиная гора
Грайвороновский 1-й пр. вл. 3,грайвороновский 1-й пр вл 3,ПИК,Введено,ЮВАО,Текстильщики
"проезд 1-й Грайвороновский, з/у 13",проезд 1-й грайвороновский зу 13,ПИК,Введено,ЮВАО,Текстильщики
проезд 1-й Грайвороновский вл.3,проезд 1-й грайвороновский вл3,ПИК,Введено,ЮВАО,Текстильщики
"Волгоградский пр-т вл. 42, к. 13",волгоградский пр-т вл 42 к 13,ОЭЗ ТЕХНОПОЛИС МОСКВА,Введено,ЮВАО,Печатники
Проезд 3-й Подбельского Дом 26 Строение 1,проезд 3-й подбельского дом 26 строение 1,РЖД,Введено,ВАО,Богородское
"Измайловское шоссе, вл. 20",измайловское шоссе вл 20,ЭТАЛОН,Введено,ВАО,Соколиная Гора
р-н Печатники,р-н печатники,РЖД,Введено,ЮВАО,Печатники
Пермская ул. вл. 5 зу1,пермская ул вл 5 зу 1,"АО ""ЧМПЗ""",Введено,ВАО,Метрогородок
"ул. Вольная, 28/1",ул вольная 28/1,РГ-ДЕВЕЛОПМЕНТ,Введено,ВАО,Соколиная Гора
"1-й Кирпичный, земельный участок 17А/17",1-й кирпичный земельный участок 17а/17,РГ-ДЕВЕЛОПМЕНТ,Введено,ВАО,Соколиная Гора
"Рязанский проспект, вл. 2",рязанский проспект вл 2,"ООО ""ТРЕЗОР""",Введено,ЮВАО,Нижегородский
"ул. Газгольдерная, вл. 8",ул газгольдерная вл 8,ГРАНЕЛЬ,Введено,ЮВАО,Нижегородский
"Грайвороново, квартал 90А, з/у 1",грайвороново квартал 90а зу 1,ФОНД РЕНОВАЦИИ,Введено,ЮВАО,Текстильщики
"Волгоградский просп., д. 46/15",волгоградский просп. д 46/15,МОСГОСЭКСПЕРТИЗА,Введено,ЮВАО,Текстильщики
Чистова ул. вл. 3А стр. 1,чистова ул вл 3а стр 1,ФОНД РЕНОВАЦИИ,Введено,ЮВАО,Текстильщики
"Открытое ш., земельный участок 14Д/2",открытое ш земельный участок 14д/2,ФОНД РЕНОВАЦИИ,Введено,ВАО,Богородское
"Вольная улица, вл. 28/5",вольная улица вл 28/5,ФОНД РЕНОВАЦИИ,Введено,ВАО,Соколиная Гора
"Шоссе Перовское, дом 2, корпус 1",шоссе перовское дом 2 корпус 1,ПИК,Введено,ЮВАО,Нижегородский
"Люблинская улица, влд. 109/1",люблинская улица влд. 109/1,ФОНД РЕНОВАЦИИ,Введено,ЮВАО,Люблино
Шоссе Открытое Дом 14Д,шоссе открытое дом 14д,3S GROUP,Введено,ВАО,Богородское
"Тюменский пр., вл. 3-5",тюменский пр вл 3-5,SMINEX (ранее INGRAD),Введено,ВАО,Богородское
"Окружной проезд, дом 10Б",окружной проезд дом 10б,НОВАЯ ЖИЗНЬ,Введено,ВАО,Соколиная гора
"Гаражная улица, вл. 3",гаражная улица вл 3,ФОНД РЕНОВАЦИИ,Введено,ВАО,Соколиная Гора
"Перовское, земельный участок 2",перовское земельный участок 2,ПИК,Введено,ЮВАО,Нижегородский
"Перовское шоссе, земельный участок 2",перовское шоссе земельный участок 2,ПИК,Введено,ЮВАО,Нижегородский
"Рязанский просп., вл. 2",рязанский просп. вл 2,АКВИЛОН,Введено,ЮВАО,Нижегородский
"Волжский бульвар, вл. 8",волжский бульвар вл 8,АНО РСИО,Введено,ЮВАО,Текстильщики
"Нижегородский, Фрезерная 1-я ул., вл. 2/1",нижегородский фрезерная 1-я ул вл 2/1,"ООО ""БЭСТ ХОЛДИНГ""",Введено,ЮВАО,Нижегородский
"Рязанский просп., вл. 6А",рязанский просп. вл 6а,"ЗАО ""ВЕКТОРСТРОЙФИНАНС""",Введено,ЮВАО,Рязанский
"пр-кт 40 лет Октября, д. 7, стр.1",пр-кт 40 лет октября д 7 стр1,РАСЦВЕТАЙ,Введено,ЮВАО,Люблино
"ул. Тагильская, вл. 4, стр. 13, вл. 4, з/у 4",ул тагильская вл 4 стр 13 вл 4 зу 4,AFI DEVELOPMENT,Введено,ВАО,Метрогородок
"улица Амурская, земельный участок 2/1",улица амурская земельный участок 2/1,ПИК,Введено,ВАО,Гольяново
"Грайвороновский 2-й пр., дом 44 А",грайвороновский 2-й пр дом 44 а,"ЗАО ""ВЕКТОРСТРОЙФИНАНС""",Введено,ЮВАО,Рязанский
"Амурская улица, земельный участок 1, Корпуса 6, 7, 8",амурская улица земельный участок 1 корпуса 6 7 8,ФОНД РЕНОВАЦИИ,Введено,ВАО,Гольяново
Рязанский пр.,рязанский пр,РТГ,Введено,ЮВАО,Рязанский
ул Амурская 1А/3/4,ул амурская 1а/3/4,ФОНД РЕНОВАЦИИ,Введено,ВАО,Гольяново
Амурская ул. вл. 2А стр. 1,амурская ул вл 2а стр 1,ПИК,Введено,ВАО,Гольяново
"Москва, ВАО, район Гольяново, Амурская ул. вл. 2А стр. 1",москва вао район гольяново амурская ул вл 2а стр 1,ПИК,Введено,ВАО,Гольяново
"Совхозная ул., вл. 10А",совхозная ул вл 10а,ФОНД РЕНОВАЦИИ,Введено,ЮВАО,Люблино
"Сиреневый бульвар, вл. 4, З/У7, корп. 1",сиреневый бульвар вл 4 зу 7 корп 1,ФОНД РЕНОВАЦИИ,Введено,ВАО,Восточное Измайлово
"Перовская ул., д. 6А",перовская ул д 6а,ФОНД РЕНОВАЦИИ,Введено,ВАО,Перово
"Рязанский проспект, вл. 39",рязанский проспект вл 39,ТРАНССТРОЙИНВЕСТ,Введено,ЮВАО,Рязанский
"Открытое шоссе земельный участок 26/3, номер зоны - 4.5 (ЖУ-5)",открытое шоссе земельный участок 26/3 номер зоны - 4.5 (жу-5),ФОНД РЕНОВАЦИИ,Введено,ВАО,Метрогородок
"ул.Николая Химушина, з/у 2/7Б",улниколая химушина зу 2/7б,ПИК,Введено,ВАО,Метрогородок
"Гольяново, пр. 1-й Иртышский, вл. 10-14",гольяново пр 1-й иртышский вл 10-14,"ООО ""ИНИКОМ 97""",Введено,ВАО,Гольяново
"Совхозная ул. дом 55, К1",совхозная ул дом 55 к1,ФОНД РЕНОВАЦИИ,Введено,ЮВАО,Люблино
"Зеленодольская ул.,вл. 42",зеленодольская ул вл 42,ПИК,Введено,ЮВАО,Кузьминки
Открытое шоссе вл. 28/3,открытое шоссе вл 28/3,ФОНД РЕНОВАЦИИ,Введено,ВАО,Метрогородок
Рязанский просп. вл. 26 з/у 1,рязанский просп. вл 26 зу 1,ГЛАВСТРОЙ,Введено,ЮВАО,Рязанский
пересечение улиц Белореченской и Перервы,пересечение улиц белореченской и перервы,ПРАВОСЛАВИЕ,Введено,ЮВАО,Люблино
Открытое шоссе вл. 32 корп. 6; влад. 32,открытое шоссе вл 32 корп 6 влад. 32,ЦЕНТРАЛЬНАЯ БАЗОВАЯ ТАМОЖНЯ,Введено,ВАО,Метрогородок
Шоссе Открытое Дом 30,шоссе открытое дом 30,ФОНД РЕНОВАЦИИ,Введено,ВАО,Метрогородок
"улица Зеленодольская, земельный участок , 28/3 (зона 3.3, 3.4)",улица зеленодольская земельный участок 28/3 (зона 3.3 3.4),ФОНД РЕНОВАЦИИ,Введено,ЮВАО,Кузьминки
"ул. Никитинская, д. 5",ул никитинская д 5,ФОНД РЕНОВАЦИИ,Введено,ВАО,Измайлово
"2-я Институтская, вл. 6",2-я институтская вл 6,ПИК,Введено,ЮВАО,Рязанский
Институтская 2-я ул.,институтская 2-я ул,ПИК,Введено,ЮВАО,Рязанский
"Иртышский 2-й пр., дом 11А",иртышский 2-й пр дом 11а,МЭЛ,Введено,ВАО,Гольяново
"Тихорецкий бульвар, вл. 1",тихорецкий бульвар вл 1,ПРАВОСЛАВИЕ,Введено,ЮВАО,Люблино
площадь Викторио Кодовильи,площадь викторио кодовильи,ПРАВОСЛАВИЕ,Введено,ВАО,Северное Измайлово
"ул. Юных Ленинцев, д. 103, корп.3",ул юных ленинцев д 103 корп3,ФОНД РЕНОВАЦИИ,Введено,ЮВАО,Текстильщики
"Измайловский просп. вл. 63, 65, 67",измайловский просп. вл 63 65 67,"АНО ""РСИ""",Введено,ВАО,Измайлово
"улица Юных Ленинцев, земельный участок 113/12/8 (ул. Юных Ленинцев, з/у 111, зона 12.8)",улица юных ленинцев земельный участок 113/12/8 (ул юных ленинцев зу 111 зона 12.8),ФОНД РЕНОВАЦИИ,Введено,ЮВАО,Кузьминки
"улица Юных Ленинцев, земельный участок 113/5",улица юных ленинцев земельный участок 113/5,ФОНД РЕНОВАЦИИ,Введено,ЮВАО,Кузьминки
"Федора Полетаева улица, д. 36, корп. 2",федора полетаева улица д 36 корп 2,ИНДИВИДУАЛЬНЫЕ ПРЕДПРИНИМАТЕЛИ,Введено,ЮВАО,Кузьминки
"ул. Металлургов, влд.30",ул металлургов влд.30,ФОНД РЕНОВАЦИИ,Введено,ВАО,Перово
"ул. Утренняя, вл. 3",ул утренняя вл 3,ФОНД РЕНОВАЦИИ,Введено,ВАО,Новогиреево
Паперника ул. вл. 12,паперника ул вл 12,ФОНД РЕНОВАЦИИ,Введено,ЮВАО,Рязанский
"шоссе Энтузиастов, земельный участок 86/3",шоссе энтузиастов земельный участок 86/3,"АНО ""РСИ""",Введено,ВАО,Перово
"шоссе Энтузиастов, влд 86С",шоссе энтузиастов влд 86с,"АНО ""РСИ""",Введено,ВАО,Перово
"Новогиреевская ул. ,вл. 5",новогиреевская ул вл 5,"АО ""МОСОТДЕЛСТРОЙ № 1""",Введено,ВАО,Перово
Уральская ул. вл. 21,уральская ул вл 21,ПРАВОСЛАВИЕ,Введено,ВАО,Гольяново
Куна Белы пл. вл. 1,куна белы пл. вл 1,ФОНД РЕНОВАЦИИ,Введено,ВАО,Гольяново
"ул. 11-Парковая, влд.45",ул 11-парковая влд.45,ФОНД РЕНОВАЦИИ,Введено,ВАО,Северное Измайлово
Улица 9-я Парковая Дом 4А,улица 9-я парковая дом 4а,ПРАВОСЛАВИЕ,Введено,ВАО,Восточное Измайлово
ул. Перовская вл. 66Г,ул перовская вл 66г,"ООО ""ЮЛСЕРВИС""",Введено,ВАО,Перово
Металлургов ул. вл. 56,металлургов ул вл 56,ФОНД РЕНОВАЦИИ,Введено,ВАО,Перово
"Ташкентская ул., 29/1",ташкентская ул 29/1,ФОНД РЕНОВАЦИИ,Введено,ЮВАО,Выхино-Жулебино
"Мартеновская ул., вл. 39",мартеновская ул вл 39,ФОНД РЕНОВАЦИИ,Введено,ВАО,Новогиреево
"13-я Парковая улица, дом 35 А",13-я парковая улица дом 35 а,ЛИСТПРОМСТРОЙ,Введено,ВАО,Северное Измайлово
Гостиничный пр. вл. 8А,гостиничный пр вл 8а,ФОНД РЕНОВАЦИИ,Введено,СВАО,Марфино
"улица Ташкентская, земельный участок 14/5 (зоны 3.3 и 3.4)",улица ташкентская земельный участок 14/5 (зоны 3.3 и 3.4),ФОНД РЕНОВАЦИИ,Введено,ЮВАО,Выхино-Жулебино
"улица Ташкентская, земельный участок 14/1",улица ташкентская земельный участок 14/1,ФОНД РЕНОВАЦИИ,Введено,ЮВАО,Выхино-Жулебино
"Ташкентская улица, земельный участок 14/3 (зоны 3.2 и 3.4)",ташкентская улица земельный участок 14/3 (зоны 3.2 и 3.4),ФОНД РЕНОВАЦИИ,Введено,ЮВАО,Выхино-Жулебино
"Ферганский пр., вл. 14",ферганский пр вл 14,ФОНД РЕНОВАЦИИ,Введено,ЮВАО,Выхино-Жулебино
"пр-кт Свободный, вл. 33",пр-кт свободный вл 33,"ООО ""РЭЯ""",Введено,ВАО,Новогиреево
"Ферганская ул., вл. 17-21",ферганская ул вл 17-21,"ООО ""ФКА""",Введено,ЮВАО,Выхино-Жулебино
Измайловский бульв. вл. 75/17,измайловский бульв. вл 75/17,"КП ""БСА ""ЛУЖНИКИ""",Введено,ВАО,Восточное Измайлово
"Ивановское, Зеленый проспект, 101",ивановское зеленый проспект 101,ФОНД РЕНОВАЦИИ,Введено,ВАО,Ивановское
Красноярская ул. вл. 11 (напротив),красноярская ул вл 11 (напротив),ПРАВОСЛАВИЕ,Введено,ВАО,Гольяново
"ул. Алтайская, вл. 33",ул алтайская вл 33,АНО РСИО,Введено,ВАО,Гольяново
"ул. Молостовых, д. 18",ул молостовых д 18,ФОНД РЕНОВАЦИИ,Введено,ВАО,Ивановское
"Улица Вешняковская Дом 23/1 Строение 1, Улица Вешняковская Дом 23/1 Строение 2",улица вешняковская дом 23/1 строение 1 улица вешняковская дом 23/1 строение 2,"АНО ""РСИ""",Введено,ВАО,Вешняки
"Самаркандский бульвар, влд. 15, з/у 1",самаркандский бульвар влд. 15 зу 1,ФОНД РЕНОВАЦИИ,Введено,ЮВАО,Выхино-Жулебино
ул. Вешняковская д.23,ул вешняковская д23,"АНО ""РСИ""",Введено,ВАО,Вешняки
"Северное Измайлово, МКАД 104 км, вл. 8а",северное измайлово мкад 104 км вл 8а,"АО ""ГИГИ КАУДИ""",Введено,ВАО,Северное Измайлово
"улица Николая Старостина, земельный участок 6",улица николая старостина земельный участок 6,АПСИС АКТИВ,Введено,ВАО,Косино-Ухтомский
"Старостина Николая ул., вл. 8 корп. 15",старостина николая ул вл 8 корп 15,"ГСК ""ВОСТОК""",Введено,ВАО,Косино-Ухтомский
"Новоухтомское шоссе, вл. 5",новоухтомское шоссе вл 5,"ООО ""ВЕБ""",Введено,ВАО,Косино-Ухтомский
"ул. Черное Озеро, з/у 8",ул черное озеро зу 8,ФОНД РЕНОВАЦИИ,Введено,ВАО,Косино-Ухтомский
"Выхино-Жулебино, мкр.6, корп.18",выхино-жулебино мкр.6 корп18,"ООО ""ПРОДЖЕКТ ИНВ""",Введено,ЮВАО,Выхино-Жулебино
Салтыковская ул. вл. 8,салтыковская ул вл 8,КП УГС,Введено,ВАО,Косино-Ухтомский
"Черное озеро ул., з/у 7",черное озеро ул зу 7,ФОНД РЕНОВАЦИИ,Введено,ВАО,Косино-Ухтомский
Салтыковская ул.,салтыковская ул,КП УГС,Введено,ВАО,Косино-Ухтомский
"ул. Каскадная, д. 20А, корп. 1",ул каскадная д 20а корп 1,ФОНД РЕНОВАЦИИ,Введено,ВАО,Косино-Ухтомский
"ул. Каскадная, вл. 21, з/у 2",ул каскадная вл 21 зу 2,ФОНД РЕНОВАЦИИ,Введено,ВАО,Косино-Ухтомский
"ул. Девятого Мая, д 28, корпус 1",ул девятого мая д 28 корпус 1,ФОНД РЕНОВАЦИИ,Введено,ВАО,Восточный
"Западная ул., вл. 16",западная ул вл 16,КП УГС,Введено,ВАО,Восточный
Суздальская ул. вл. 44,суздальская ул вл 44,"ООО ""ВЕРТИКАЛЬ""",Введено,ВАО,Новокосино
"Салтыковская улица, влд. 55",салтыковская улица влд. 55,"ООО ""ГЕО ИНВЕСТ""",Введено,ВАО,Новокосино
"проезд Красковский 1-й, вл. 38А",проезд красковский 1-й вл 38а,ИЛКОН,Введено,ВАО,Косино-Ухтомский
"Промышленная зона ""Руднево""",промышленная зона руднево,ОЭЗ ТЕХНОПОЛИС МОСКВА,Введено,ВАО,Косино-Ухтомский
"ул. Рождественская, Некрасовка, кв. 1, ГР 10",ул рождественская некрасовка кв. 1 гр 10,"ООО ""АТЛАНТ-ТАН""",Введено,ЮВАО,Некрасовка
"территория ТПУ ""Некрасовка"", з/у 1",территория тпу некрасовка зу 1,3S GROUP,Введено,ЮВАО,Некрасовка
"ПЗ Руднево, пр. пр. 597, уч. № 6",пз руднево пр пр 597 уч № 6,ОЭЗ ТЕХНОПОЛИС МОСКВА,Введено,ВАО,Косино-Ухтомский
"ул. Маресьева, з/у 11",ул маресьева зу 11,ОЭЗ ТЕХНОПОЛИС МОСКВА,Введено,ЮВАО,Некрасовка
"ул. Маресьева, земельный участок 11",ул маресьева земельный участок 11,ОЭЗ ТЕХНОПОЛИС МОСКВА,Введено,ЮВАО,Некрасовка
"улица Маресьева, земельный участок 11, зона 52",улица маресьева земельный участок 11 зона 52,ОЭЗ ТЕХНОПОЛИС МОСКВА,Введено,ЮВАО,Некрасовка
20 кв. района Некрасовка между ул. Сочинская и ул. Маресьева,20 кв. района некрасовка между ул сочинская и ул маресьева,"АНО ""МОСПРОМ""",Введено,ЮВАО,Некрасовка
"территория ТПУ ""Некрасовка"", ул. Рождественская, д.33",территория тпу некрасовка ул рождественская д33,АНО РСИО,Введено,ЮВАО,Некрасовка
"Осенний бульвар, вл. 8А",осенний бульвар вл 8а,"ООО ""ГЕРА - К""",Введено,ЗАО,Крылатское
"ул. Пехорская,з/у 1Б/1",ул пехорская зу 1б/1,ОЭЗ ТЕХНОПОЛИС МОСКВА,Введено,ВАО,Косино-Ухтомский
"Российская Федерация, , , внутригородская территория муниципальный округ Некрасовка, улица Вертолетчиков, земельный участок 26",российская федерация внутригородская территория муниципальный округ некрасовка улица вертолетчиков земельный участок 26,КП УГС,Введено,ЮВАО,Некрасовка
пос. Некрасовка,пос некрасовка,САМОЛЕТ,Введено,ЮВАО,Некрасовка
"район Некрасовка, кв. 17, ул. Маресьева Дом 12А",район некрасовка кв. 17 ул маресьева дом 12а,КП УГС,Введено,ЮВАО,Некрасовка
Люберецкие очистные сооружения,люберецкие очистные сооружения,МОСВОДОКАНАЛ,Введено,ЮВАО,Некрасовка
"ул. Маресьева, земельный участок 9",ул маресьева земельный участок 9,ОЭЗ ТЕХНОПОЛИС МОСКВА,Введено,ЮВАО,Некрасовка
"пос. Некрасовка, зем.участок с кадастровым номером 77:16:0010105:8283",пос некрасовка зем.участок с кадастровым номером 77:16:0010105:8283,САМОЛЕТ,Введено,ЮВАО,Некрасовка
"г. Москва, пос. Некрасовка, 77:16:0010105:8283 (ЮВАО, район Некрасовка)",г. москва пос некрасовка 77:16:0010105:8283 (ювао район некрасовка),САМОЛЕТ,Введено,ЮВАО,Некрасовка
"Некрасовка Российская Федерация, город , внутригородская территория муниципальный округ Некрасовка, улица Вертолётчиков, земельный участок 26",некрасовка российская федерация город внутригородская территория муниципальный округ некрасовка улица вертолетчиков земельный участок 26,КП УГС,Введено,ЮВАО,Некрасовка
Некрасовка кв. 17 уч. 21,некрасовка кв. 17 уч 21,КП УГС,Введено,ЮВАО,Некрасовка
"ул. 2-я Вольская, 30, стр. 25А",ул 2-я вольская 30 стр 25а,МОСВОДОКАНАЛ,Введено,ЮВАО,Некрасовка
"улица Маресьева, земельный участок 9",улица маресьева земельный участок 9,ОЭЗ ТЕХНОПОЛИС МОСКВА,Введено,ЮВАО,Некрасовка
"квартал 17, внутренняя территория г. Некрасовка, з/у 19",квартал 17 внутренняя территория г. некрасовка зу 19,КП УГС,Введено,ЮВАО,Некрасовка
"г. Москва, ЮВАО, район Некрасовка, ул. Маршала Еременко, д.1, к.1",г. москва ювао район некрасовка ул маршала еременко д1 к1,КП УГС,Введено,ЮВАО,Некрасовка
"квартал 17, вн.тер.г. Некрасовка, з/у 22",квартал 17 вн.тер.г. некрасовка зу 22,КП УГС,Введено,ЮВАО,Некрасовка
"Некрасовка кв. 17, з/у 5",некрасовка кв. 17 зу 5,КП УГС,Введено,ЮВАО,Некрасовка
Люберецкие поля кв. 13 корп. 17,люберецкие поля кв. 13 корп 17,АВЕСТА-СТРОЙ,Введено,ЮВАО,Некрасовка
"Некрасовка, кв. 14",некрасовка кв. 14,КП УГС,Введено,ЮВАО,Некрасовка
"кв-л 17, вн.тер.г. Некрасовка, з/у 19",кв-л 17 вн.тер.г. некрасовка зу 19,КП УГС,Введено,ЮВАО,Некрасовка
"район Некрасовка, кв. 13",район некрасовка кв. 13,КП УГС,Введено,ЮВАО,Некрасовка
"ул. Каспийская, вл. 28, корп. 1",ул каспийская вл 28 корп 1,АГАСТОН ИНВЕСТ,Введено,ЮАО,Царицыно
"Улица Прохладная, вл.30",улица прохладная вл30,"АО ""МОСЭКОСТРОЙ""",Введено,ЮАО,Бирюлёво Восточное
"Каспийская ул., вл. 28, корп. 1",каспийская ул вл 28 корп 1,ФОНД РЕНОВАЦИИ,Введено,ЮАО,Царицыно
"Каширское шоссе вл. 74 корп. 1, стр. 1, 2,3,4,5",каширское шоссе вл 74 корп 1 стр 1 2 3 4 5,"ООО СЗ ""ОПТИМУМ-ИНВЕСТ""",Введено,ЮАО,Москворечье-Сабурово
Проектируемый пр. N 5112,проектируемый пр n 5112,"ГБУ ""МАЦ""",Введено,ЮВАО,Печатники
"улица Борисовские Пруды, земельный участок 1/43",улица борисовские пруды земельный участок 1/43,ЛСР,Введено,ЮАО,Москворечье-Сабурово
"улица Шоссейная вл. 90, стр. 6",улица шоссейная вл 90 стр 6,САМОЛЕТ,Введено,ЮВАО,Печатники
"ул. Шоссейная, земельный участок 90/11",ул шоссейная земельный участок 90/11,САМОЛЕТ,Введено,ЮВАО,Печатники
"ул. Шоссейная, вл. 90",ул шоссейная вл 90,САМОЛЕТ,Введено,ЮВАО,Печатники
Белова генерала ул. вл. 7,белова генерала ул вл 7,"ООО ""ИЦЭ""",Введено,ЮАО,Орехово-Борисово Северное
"улица Иловайская, земельный участок 2Б/1",улица иловайская земельный участок 2б/1,ПИК,Введено,ЮВАО,Люблино
"л. Иловайская, земельный участок 4",л. иловайская земельный участок 4,ПИК,Введено,ЮВАО,Люблино
"Перерва ул. вл. 11 стр. 1,2,11,14,27,28",перерва ул вл 11 стр 1 2 11 14 27 28,"АО ""СТАЛЬМОНТАЖ-ОПТИМ""",Введено,ЮВАО,Марьино
пересечение ул. Шипиловской и Орехового проезда,пересечение ул шипиловской и орехового проезда,АНО РСИО,Введено,ЮАО,Зябликово
"Ореховый проезд, владение 41 (напротив)",ореховый проезд владение 41 (напротив),ПРАВОСЛАВИЕ,Введено,ЮАО,Зябликово
"Люблино, Люблинская ул., вл. 72",люблино люблинская ул вл 72,ПИК,Введено,ЮВАО,Люблино
Ясеневая ул.,ясеневая ул,ПИК,Введено,ЮАО,Орехово-Борисово Южное
"Орехово-Борисово Южное, Ясеневая ул.",орехово-борисово южное ясеневая ул,ПИК,Введено,ЮАО,Орехово-Борисово Южное
"улица Люблинская , з/у 72",улица люблинская зу 72,ПИК,Введено,ЮВАО,Люблино
"улица Люблинская, земельный участок 74/1",улица люблинская земельный участок 74/1,ПИК,Введено,ЮВАО,Люблино
"ул. Люблинская, вл. 72, корпус 15",ул люблинская вл 72 корпус 15,ПИК,Введено,ЮВАО,Люблино
Люблинская ул. вл. 72,люблинская ул вл 72,ПИК,Введено,ЮВАО,Люблино
"Люблинская улица, дом 78А",люблинская улица дом 78а,ПИК,Введено,ЮВАО,Люблино
"Нижние поля ул. вл. 27А стр. 1, 2, 3, 4, 5",нижние поля ул вл 27а стр 1 2 3 4 5,"ООО ""АНГАР-14""",Введено,ЮВАО,Марьино
Шипиловская ул. вл. 41 корп. 1,шипиловская ул вл 41 корп 1,ПЕРСПЕКТИВА,Введено,ЮАО,Зябликово
Борисовские пруды ул. вл. 33,борисовские пруды ул вл 33,ПРАВОСЛАВИЕ,Введено,ЮАО,Братеево
Ореховый бульв. вл. 26 з/у 1,ореховый бульв. вл 26 зу 1,"ООО ""ТЕРЕМЪ""",Введено,ЮАО,Зябликово
"район Братеево (Бесединское шоссе, вл.17)",район братеево (бесединское шоссе вл17),МОСКОВСКИЙ МЕТРОПОЛИТЕН,Введено,ЮАО,Братеево
"Ореховый бульвар, вл. 28",ореховый бульвар вл 28,МИНЗДРАВ РОССИИ,Введено,ЮАО,Зябликово
Ореховый бульв. вл. 28,ореховый бульв. вл 28,МИНЗДРАВ РОССИИ,Введено,ЮАО,Зябликово
Бесединское шоссе,бесединское шоссе,МОСКОВСКИЙ МЕТРОПОЛИТЕН,Введено,ЮАО,Братеево
"мкр. 14, корп. 101, Марьинский парк""",мкр. 14 корп 101 марьинский парк,КИЕВСКАЯ ПЛОЩАДЬ,Введено,ЮВАО,Люблино
"Капотня, кв. 2, вл. 1",капотня кв. 2 вл 1,ГАЗПРОМ,Введено,ЮВАО,Капотня
"г.Москва, Капотня, 2-й квартал, д.1, корп.3",г.москва капотня 2-й квартал д1 корп3,ГАЗПРОМ,Введено,ЮВАО,Капотня
"Москва, ЮВАО, Капотня, кв. 2, д. 1, корп. 3",москва ювао капотня кв. 2 д 1 корп 3,ГАЗПРОМ,Введено,ЮВАО,Капотня
"г.Москва, ЮВАО, Капотня, Капотня кв. 2 вл. 1",г.москва ювао капотня капотня кв. 2 вл 1,ГАЗПРОМ,Введено,ЮВАО,Капотня
"2-й Квартал, вл. 1",2-й квартал вл 1,ГАЗПРОМ,Введено,ЮВАО,Капотня
"Москва, ЮВАО, Капотня, 2-й квартал, вл. 1",москва ювао капотня 2-й квартал вл 1,ГАЗПРОМ,Введено,ЮВАО,Капотня
"РФ, г. Москва, Капотня, 2-й квартал, вл.1",рф г. москва капотня 2-й квартал вл1,ГАЗПРОМ,Введено,ЮВАО,Капотня
"2-й Капотнинский пр-д, з/у1",2-й капотнинский пр-д зу 1,"ООО ""АЛЬФА""",Введено,ЮВАО,Капотня
МКАД 15-й Земельный участок 1,мкад 15-й земельный участок 1,ЛУКОЙЛ,Введено,ЮВАО,Капотня
"ЗАО, Ново-Переделкино",зао ново-переделкино,КП УГС,Введено,ЗАО,Ново-Переделкино
"г. Москва, г. Троицк, ул. Промышленная, д. 13",г. москва г. троицк ул промышленная д 13,"ООО ""СИНИКОН""",Введено,ТАО,Троицк
"пос. Варшавское, 64-й км, д. 1А, стр. 2",пос варшавское 64-й км д 1а стр 2,РАЗВИТИЕ АКТИВОВ,Введено,ТАО,Вороново
"Российская Федерация, город , внутригородская территория поселение Вороновское, Варшавское шоссе, 64-й километр, дом 1, строение 11",российская федерация город внутригородская территория поселение вороновское варшавское шоссе 64-й километр дом 1 строение 11,"ГБУ ""МИГРАЦИОННЫЙ ЦЕНТР""",Введено,ТАО,Вороново
"ул. Кастанаевская, вл. 16, стр. 1",ул кастанаевская вл 16 стр 1,"ООО СЗ ""ФИЛИ ГАРДЕН""",Введено,ЗАО,Филёвский Парк
"г. Троицк, ул. Квантовая",г. троицк ул квантовая,"АО ""СТРОЙ СИТИ""",Введено,ТАО,Троицк
"ул. Яблочкова, земельный участок 5/5",ул яблочкова земельный участок 5/5,"ГКУ ""УКРИС""",Введено,СВАО,Бутырский
"Огородный, земельный участок 16/1",огородный земельный участок 16/1,PIONEER,Введено,СВАО,Бутырский
"Молдавская ул., з/у 1",молдавская ул зу 1,UPSIDE DEVELOPMENT,Введено,ЗАО,Кунцево
"Госпитальная наб., 4, с. 1А",госпитальная наб. 4 с. 1а,АНО РСИО,Введено,ЦАО,Басманный
"Госпитальная наб., 4с1А",госпитальная наб. 4с1а,АНО РСИО,Введено,ЦАО,Басманный
"ул. Старонародная, земельный участок 1",ул старонародная земельный участок 1,ПРАВОСЛАВИЕ,Введено,ЮЗАО,Южное Бутово
Поречная ул. пересечение с Перервинским бульваром,поречная ул пересечение с перервинским бульваром,ПРАВОСЛАВИЕ,Введено,ЮВАО,Марьино
Мосфильмовская ул. вл. 80,мосфильмовская ул вл 80,ПРАВОСЛАВИЕ,Введено,ЗАО,Раменки
"Березовая аллея, вл. 5/1",березовая аллея вл 5/1,ПРАВОСЛАВИЕ,Введено,СВАО,Останкинский
"Барболина ул, л. 22",барболина ул л. 22,ИНДИВИДУАЛЬНЫЕ ПРЕДПРИНИМАТЕЛИ,Введено,ВАО,Сокольники
"квартал 61А, земельный участок 1Г",квартал 61а земельный участок 1г,"ООО ""КСК ""ФМ""",Введено,НАО,Внуково
"Синельниковская ул., вл. 49/2",синельниковская ул вл 49/2,"ООО ""ЭЛИТПРОЕКТ""",Введено,ЮЗАО,Южное Бутово
"Магистральная 4-я ул., вл. 4, стр. 11, влд. 4/1",магистральная 4-я ул вл 4 стр 11 влд. 4/1,"ООО ""СОЛАРД""",Введено,САО,Хорошёвский
"улица Грина, земельный участок 1/3",улица грина земельный участок 1/3,"АО ""КАПСТРОЙСИТИ""",Введено,ЮЗАО,Северное Бутово
"ул. Лухмановская, д.4",ул лухмановская д4,"ООО ""ЭТАЛОН КОНСАЛТИНГ""",Введено,ВАО,Косино-Ухтомский
"пос. Мосрентген, дер. Дудкино, корпуса 1.1,1.2,1.3",пос мосрентген дер дудкино корпуса 1.1 1.2 1.3,САМОЛЕТ,Введено,НАО,Мосрентген
"ул. 1-я Рыбацкая, д. 7/2",ул 1-я рыбацкая д 7/2,ИНДИВИДУАЛЬНЫЕ ПРЕДПРИНИМАТЕЛИ,Введено,ТАО,Троицк
Краснодонская ул. вл. 35,краснодонская ул вл 35,О`КЕЙ,Введено,ЮВАО,Люблино
"дер. Саларьево, ул. 2-я Новая",дер саларьево ул 2-я новая,ИНДИВИДУАЛЬНЫЕ ПРЕДПРИНИМАТЕЛИ,Введено,НАО,Коммунарка
пересечение бульв. Дмитрия Донского и ул. Академика Глушко,пересечение бульв. дмитрия донского и ул академика глушко,"ООО ""ЭВЕРЕСТ""",Введено,ЮЗАО,Южное Бутово
д.Староселье З/У 28,дстароселье зу 28,ИНДИВИДУАЛЬНЫЕ ПРЕДПРИНИМАТЕЛИ,Введено,НАО,Филимонковский
дер. Изварино,дер изварино,ИНДИВИДУАЛЬНЫЕ ПРЕДПРИНИМАТЕЛИ,Введено,НАО,Внуково
"ул. Элеваторная, вл. 1А, стр. 1, 2, 3",ул элеваторная вл 1а стр 1 2 3,ЭЛИТ СТРОЙ,Введено,ЮАО,Бирюлёво Восточное
"ул. Шеногина, земельный участок 2/11",ул шеногина земельный участок 2/11,ФСК,Введено,СЗАО,Хорошёво-Мнёвники
"ш. Остафьевское, з/у 20/2",ш остафьевское зу 20/2,САМОЛЕТ,Введено,НАО,Коммунарка
"улица Олонецкая, владение 14, строение 1, 2, 3",улица олонецкая владение 14 строение 1 2 3,"АО ""РОСТ""",Введено,СВАО,Останкинский
"Шоссе Волоколамское, вл. 63",шоссе волоколамское вл 63,"АНО ""РСИ""",Введено,СЗАО,Покровское-Стрешнево
"ул. Лебедянская, вл. 33",ул лебедянская вл 33,"АНО ""РСИ""",Введено,ЮАО,Бирюлёво Восточное
"г. Москва, НАО, Сосенское, п. Коммунарка, ул. Сосенский Стан, вл. 10/1",г. москва нао сосенское п. коммунарка ул сосенский стан вл 10/1,КП УГС,Введено,НАО,Коммунарка
"Сколково, Большой бульвар, 65,67,69",сколково большой бульвар 65 67 69,ФОНД ММК,Введено,ЗАО,Можайский
"ул. Лобачевского, вл. 42",ул лобачевского вл 42,"ГБУ ""ДИРЕКЦИЯ РАЗВИТИЯ ОБЪЕКТОВ ЗДРАВООХРАНЕНИЯ ГОРОДА МОСКВЫ""",Введено,ЗАО,Проспект Вернадского
"Новохорошевский проезд, вл. 16",новохорошевский проезд вл 16,ИНДИВИДУАЛЬНЫЕ ПРЕДПРИНИМАТЕЛИ,Введено,СЗАО,Хорошёво-Мнёвники
"Панфиловский просп., з/у 18",панфиловский просп. зу 18,"АНО ""РСИ""",Введено,ЗелАО,Крюково
"ул. Раменки, д.19",ул раменки д19,АНО РСИО,Введено,ВАО,Раменки
"Волоколамское шоссе, вл. 71/17",волоколамское шоссе вл 71/17,ТУШИНО 2018,Введено,СЗАО,Покровское-Стрешнево
бульвар Дмитрия Донского,бульвар дмитрия донского,АНО РСИО,Введено,ЮЗАО,Северное Бутово
"ул. Дубнинская, вл. 20, корп. 4",ул дубнинская вл 20 корп 4,КП УГС,Введено,САО,Восточное Дегунино
"Калужское шоссе, вл. 52Б, 35 км (ул.Чароитовая, д.3)",калужское шоссе вл 52б 35 км (улчароитовая д3),САМОЛЕТ,Введено,НАО,Троицк
"ул. Мироновская, дом 46А",ул мироновская дом 46а,КП УГС,Введено,ВАО,Соколиная гора
Фестивальная. дом 16 А,фестивальная. дом 16 а,"АНО ""РСИ""",Введено,САО,Ховрино
"поселок Мосрентген, кв-л №23, влд. 1",поселок мосрентген кв-л №23 влд. 1,"ООО ""СК ""ВЕЛЕСЪ""""",Введено,НАО,Коммунарка
"ул. Петрозаводская, д. 28а",ул петрозаводская д 28а,"АНО ""РСИ""",Введено,САО,Ховрино
"Сосенское, кв-л 7, з/у 2",сосенское кв-л 7 зу 2,ПИК,Введено,НАО,Коммунарка
"дер. Рассказовка, 15",дер рассказовка 15,АБСОЛЮТ,Введено,НАО,Внуково
ул. Мостовая д. 6,ул мостовая д 6,СТРОЙКОМ,Введено,ТАО,Троицк
"Молжаниновский, 1-я Сестрорецкая ул., д. 6А",молжаниновский 1-я сестрорецкая ул д 6а,"АНО ""РСИ""",Введено,САО,Молжаниновский
"Сормовская ул., земельный участок 17",сормовская ул земельный участок 17,"АНО ""РСИ""",Введено,ЮВАО,Выхино-Жулебино
"ул. Введенского, вл. 5",ул введенского вл 5,ФОНД РЕНОВАЦИИ,Введено,ЮЗАО,Коньково
"ул. Нижние Мневники, уч. 11",ул нижние мневники уч 11,ДОНСТРОЙ,Введено,СЗАО,Хорошёво-Мнёвники
"ул. Новохохловская, з/у 1 ( Нижегородский, кв.80, между Новохохловской ул. и Третьим транспортным кольцом)",ул новохохловская зу 1 ( нижегородский кв.80 между новохохловской ул и третьим транспортным кольцом),ФОНД РЕНОВАЦИИ,Введено,ЮВАО,Нижегородский
ул. Лавочкина з/у 4,ул лавочкина зу 4,ФОНД РЕНОВАЦИИ,Введено,САО,Головинский
"улица Камова, з/у 24А",улица камова зу 24а,ФОНД РЕНОВАЦИИ,Введено,ВАО,Косино-Ухтомский
"Клинская улица, вл. 2, корп. 2, 3, 4",клинская улица вл 2 корп 2 3 4,КП УГС,Введено,САО,Ховрино
"Есенинский бульвар, з/у 1",есенинский бульвар зу 1,ФОНД РЕНОВАЦИИ,Введено,ЮВАО,Кузьминки
"Щелковское шоссе, влд.92, к.3",щелковское шоссе влд.92 к3,ФОНД РЕНОВАЦИИ,Введено,ВАО,Северное Измайлово
Тульская М. ул. вл. 55/1,тульская м. ул вл 55/1,ФОНД РЕНОВАЦИИ,Введено,ЮАО,Донской
"ул. Амурская, З/У 2",ул амурская зу 2,ПИК,Введено,ВАО,Гольяново
"Бескудниковский кв. 8,9 корп. 20 (Селигерская ул., влд. 32А)",бескудниковский кв. 8 9 корп 20 (селигерская ул влд. 32а),КП УГС,Введено,САО,Бескудниковский
"Симферопольский пр-д, влд. 7, стр.1",симферопольский пр-д влд. 7 стр1,ФОНД РЕНОВАЦИИ,Введено,ЮАО,Нагорный
"ул. Нагорная, влд. 5А",ул нагорная влд. 5а,ФОНД РЕНОВАЦИИ,Введено,ЮЗАО,Котловка
Пересветов пер. вл. 5,пересветов пер вл 5,ФОНД РЕНОВАЦИИ,Введено,ЮАО,Даниловский
Капотня кв. 1-й вл. 8,капотня кв. 1-й вл 8,ФОНД РЕНОВАЦИИ,Введено,ЮВАО,Капотня
"Свободный пр-т, вл. 25/27",свободный пр-т вл 25/27,ФОНД РЕНОВАЦИИ,Введено,ВАО,Новогиреево
"Толбухина ул., влд. 2/4",толбухина ул влд. 2/4,ФОНД РЕНОВАЦИИ,Введено,ЗАО,Можайский
"Петра Кончаловского ул., з/у 7 (Автозаводская ул., вл. 23/70)",петра кончаловского ул зу 7 (автозаводская ул вл 23/70),ЭТАЛОН,Введено,ЮАО,Даниловский
"г. Зеленоград, Солнечная аллея, корпус 935",г. зеленоград солнечная аллея корпус 935,ФОНД РЕНОВАЦИИ,Введено,ЗелАО,Старое Крюково
"Золоторожский вал ул. вл. 11/14, 11/15",золоторожский вал ул вл 11/14 11/15,ФОНД РЕНОВАЦИИ,Введено,ЮВАО,Лефортово
Радужная ул. вл. 14 стр. 2,радужная ул вл 14 стр 2,ФОНД РЕНОВАЦИИ,Введено,СВАО,Бабушкинский
Улица Краснодарская Дом 6,улица краснодарская дом 6,ФОНД РЕНОВАЦИИ,Введено,ЮВАО,Люблино
"п. Сосенское, д. Столбово, к.17",п. сосенское д столбово к17,САМОЛЕТ,Введено,НАО,Коммунарка
"ул. Базовская, земельный участок 24/26",ул базовская земельный участок 24/26,ФОНД РЕНОВАЦИИ,Введено,САО,Западное Дегунино
"п.Сосенское, квартал №7, дом 3, корпус 6",п.сосенское квартал №7 дом 3 корпус 6,ПИК,Введено,НАО,Коммунарка
"ул.Берзарина, вл. 32/3",улберзарина вл 32/3,РГ-ДЕВЕЛОПМЕНТ,Введено,СЗАО,Щукино
ул. Лавочкина з/у 7,ул лавочкина зу 7,ФОНД РЕНОВАЦИИ,Введено,САО,Головинский
"улица Автозаводская, д. 26/1",улица автозаводская д 26/1,ПИК,Введено,ЮАО,Даниловский
"улица Автозаводская, земельный участок 26/1",улица автозаводская земельный участок 26/1,ПИК,Введено,ЮАО,Даниловский
"квартал № 7, дом 3, корпус 8",квартал № 7 дом 3 корпус 8,ПИК,Введено,НАО,Коммунарка
Улица Новочерёмушкинская Дом 56/3,улица новочеремушкинская дом 56/3,ФОНД РЕНОВАЦИИ,Введено,ЮЗАО,Черёмушки
"Петра Кончаловского, земельный участок 7 (Автозаводская ул., вл. 23/70)",петра кончаловского земельный участок 7 (автозаводская ул вл 23/70),ЭТАЛОН,Введено,ЮАО,Даниловский
"3-й Новомихалковский пр., вл.8, корп.1",3-й новомихалковский пр вл8 корп1,ФОНД РЕНОВАЦИИ,Введено,САО,Коптево
"между ул.Лобачевского и платформой «Матвеевское», квартал 4.1",между уллобачевского и платформой матвеевское квартал 4.1,ДОНСТРОЙ,Введено,ЗАО,Раменки
"Шокальского пр., вл. 28А",шокальского пр вл 28а,ФОНД РЕНОВАЦИИ,Введено,СВАО,Северное Медведково
Речников ул. вл. 22,речников ул вл 22,ФОНД РЕНОВАЦИИ,Введено,ЮАО,Нагатинский Затон
Сиреневый бульв. вл. 4/1,сиреневый бульв. вл 4/1,ФОНД РЕНОВАЦИИ,Введено,ВАО,Измайлово
ул. Лавочкина з/у 9,ул лавочкина зу 9,ФОНД РЕНОВАЦИИ,Введено,САО,Головинский
ул. Лавочкина з/у 8,ул лавочкина зу 8,ФОНД РЕНОВАЦИИ,Введено,САО,Головинский
Лобачевского з/у 1,лобачевского зу 1,ДОНСТРОЙ,Введено,ЗАО,Раменки
"ул. Русаковская, д. 2/1, стр. 1, стр. 2",ул русаковская д 2/1 стр 1 стр 2,КП УГС,Введено,ЦАО,Красносельский
Солнечная аллея вл. 936,солнечная аллея вл 936,ФОНД РЕНОВАЦИИ,Введено,ЗелАО,Старое Крюково
"поселение Филимонковское, квартал 25, з/у 1",поселение филимонковское квартал 25 зу 1,ПИК,Введено,НАО,Филимонковский
"Открытое шоссе, вл. 18/1, корпус 1.1",открытое шоссе вл 18/1 корпус 1.1,ПИК,Введено,ВАО,Метрогородок
Открытое шоссе з/у владение 18/1,открытое шоссе зу владение 18/1,ПИК,Введено,ВАО,Метрогородок
"Открытое шоссе, вл. 18/1, корпус 1.3",открытое шоссе вл 18/1 корпус 1.3,ПИК,Введено,ВАО,Метрогородок
"Открытое шоссе, вл. 18/1, корпус 1.4",открытое шоссе вл 18/1 корпус 1.4,ПИК,Введено,ВАО,Метрогородок
ул. Лавочкина з/у 10,ул лавочкина зу 10,ФОНД РЕНОВАЦИИ,Введено,САО,Головинский
"ул. Плющева, влд. 15/3",ул плющева влд. 15/3,ФОНД РЕНОВАЦИИ,Введено,ВАО,Перово
"проезд Дежнева, вл. 32",проезд дежнева вл 32,ФОНД РЕНОВАЦИИ,Введено,СВАО,Южное Медведково
Нижегородская ул. вл. 94 корп. 4,нижегородская ул вл 94 корп 4,ФОНД РЕНОВАЦИИ,Введено,ЮВАО,Нижегородский
"Варшавское шоссе, участок 37/4",варшавское шоссе участок 37/4,ФСК,Введено,ЮАО,Нагатино-Садовники
"Варшавское шоссе, земельные участки 37 А/1, 37/4",варшавское шоссе земельные участки 37 а/1 37/4,ФСК,Введено,ЮАО,Нагатино-Садовники
"поселение Десеновское, квартал 9",поселение десеновское квартал 9,СТРОЙКОМ,Введено,НАО,Коммунарка
"г. Москва, вн. тер. г. поселение Сосенское, квартал 26, з/у 3/3",г. москва вн. тер. г. поселение сосенское квартал 26 зу 3/3,А101,Введено,НАО,Коммунарка
Кронштадтский бульвар 27,кронштадтский бульвар 27,ФОНД РЕНОВАЦИИ,Введено,САО,Головинский
"у д.Захарково, квартал В10",у дзахарково квартал в10,"АО ""РУБЛЕВО-АРХАНГЕЛЬСКОЕ""",Введено,ЗАО,Кунцево
"проезд Нансена, земельный участок 8",проезд нансена земельный участок 8,ФОНД РЕНОВАЦИИ,Введено,СВАО,Свиблово
"Сосенское, квартал 26",сосенское квартал 26,А101,Введено,НАО,Коммунарка
"п. Десёновское, проект 54, квартал № 5",п. десеновское проект 54 квартал № 5,СТРОЙКОМ,Введено,НАО,Коммунарка
Михалковская ул. вл. 50,михалковская ул вл 50,ОСНОВА,Введено,САО,Головинский
Строительный пр. 9/9,строительный пр 9/9,ФСК,Введено,СЗАО,Покровское-Стрешнево
"Очаково-Матвеевское, ул. Озерная Корпуса 2.3-2.6",очаково-матвеевское ул озерная корпуса 2.3-2.6,"ПУБЛИЧНОЕ АКЦИОНЕРНОЕ ОБЩЕСТВО ""ПИК-СПЕЦИАЛИЗИРОВАННЫЙ ЗАСТРОЙЩИК""",Введено,ЗАО,Очаково-Матвеевское
"улица Лётчика Бабушкина, земельный участок 29/5",улица летчика бабушкина земельный участок 29/5,ФОНД РЕНОВАЦИИ,Введено,СВАО,Бабушкинский
"Кавказский бульвар, уч. 51",кавказский бульвар уч 51,ПИК,Введено,ЮАО,Царицыно
"Кавказский бульвар, вл. 4",кавказский бульвар вл 4,ПИК,Введено,ЮАО,Царицыно
Андропова просп.,андропова просп.,СТРАНА ДЕВЕЛОПМЕНТ,Введено,ЮАО,Даниловский
"ул. Шеногина, земельный участок 2/2",ул шеногина земельный участок 2/2,ФСК,Введено,СЗАО,Хорошёво-Мнёвники
"Бартеневская, земельный участок 60",бартеневская земельный участок 60,А101,Введено,ЮЗАО,Южное Бутово
"д. Столбово, корп. 10-11",д столбово корп 10-11,САМОЛЕТ,Введено,НАО,Коммунарка
"Открытое шоссе, земельный участок 18",открытое шоссе земельный участок 18,ПИК,Введено,ВАО,Метрогородок
"Спортивный проезд, земельный участок 6А/2",спортивный проезд земельный участок 6а/2,ФОНД РЕНОВАЦИИ,Введено,ЮВАО,Люблино
"улица Люблинская, д. 52, стр. 1",улица люблинская д 52 стр 1,ФОНД РЕНОВАЦИИ,Введено,ЮВАО,Люблино
"проезд 2-й Тушинский, земельный участок 1",проезд 2-й тушинский земельный участок 1,ПИК,Введено,СЗАО,Покровское-Стрешнево
"ул. Красного маяка, вл. 26",ул красного маяка вл 26,ЛСР,Введено,ЮАО,Чертаново Южное
"1-й Грайвороновский проезд, вл. 3А",1-й грайвороновский проезд вл 3а,ПИК,Введено,ЮВАО,Текстильщики
"Куприна, земельный участок 3",куприна земельный участок 3,А101,Введено,НАО,Внуково
"квартал 75, ул. Саларьевская",квартал 75 ул саларьевская,ПИК,Введено,НАО,Коммунарка
"улица Саларьевская, земельный участок 13, улица Трёхполье, земельный участок 6",улица саларьевская земельный участок 13 улица трехполье земельный участок 6,ПИК,Введено,НАО,Коммунарка
"ул. Изумрудная, з/у 44/1",ул изумрудная зу 44/1,ФОНД РЕНОВАЦИИ,Введено,СВАО,Лосиноостровский
"улица Снежная, земельный участок 20А",улица снежная земельный участок 20а,ФСК,Введено,СВАО,Свиблово
"улица Любучанская, земельный участок 2",улица любучанская земельный участок 2,САМОЛЕТ,Введено,НАО,Щербинка
ул. Римского Корсакова,ул римского корсакова,"ПУБЛИЧНОЕ АКЦИОНЕРНОЕ ОБЩЕСТВО ""ПИК-СПЕЦИАЛИЗИРОВАННЫЙ ЗАСТРОЙЩИК""",Введено,СВАО,Отрадное
"Огородный проезд, з/у 4/2",огородный проезд зу 4/2,UPSIDE DEVELOPMENT,Введено,СВАО,Бутырский
"вблизи дер. Столбово (кв. 160, з/у 1В)",вблизи дер столбово (кв. 160 зу 1в),А101,Введено,НАО,Коммунарка
"улица Часовая, земельный участок 28/1",улица часовая земельный участок 28/1,ПИК,Введено,САО,Аэропорт
Вернадского 12Б,вернадского 12б,КП УГС,Введено,ЗАО,Раменки
Жигулевская ул. уч. 12/6,жигулевская ул уч 12/6,ФОНД РЕНОВАЦИИ,Введено,ЮВАО,Кузьминки
вблизи дер. Большое Свинорье,вблизи дер большое свинорье,САМОЛЕТ,Введено,ЮВАО,Люблино
"д Большое Свинорье, ш Боровское 62, К2",д большое свинорье ш боровское 62 к2,САМОЛЕТ,Введено,НАО,Внуково
ОАО Марьинская птицефабрика,оао марьинская птицефабрика,ПИК,Введено,НАО,Филимонковский
"ул. Дербеневская, земельный участок 20А",ул дербеневская земельный участок 20а,TEKTA GROUP,Введено,ЮАО,Даниловский
проезд Нижнелихоборский 3-й,проезд нижнелихоборский 3-й,ПИК,Введено,САО,Тимирязевский
"Коммунарка, квартал 160, земельный участок 1В",коммунарка квартал 160 земельный участок 1в,А101,Введено,НАО,Коммунарка
Чуйкова маршала ул. земельный участок 9/5/2,чуйкова маршала ул земельный участок 9/5/2,ФОНД РЕНОВАЦИИ,Введено,ЮВАО,Кузьминки
"улица Зорге, земельный участок 23А",улица зорге земельный участок 23а,А101,Введено,САО,Сокол
"Рязанский пр-т, вл. 6А",рязанский пр-т вл 6а,ФОНД РЕНОВАЦИИ,Введено,ЮВАО,Рязанский
"Свободный пр-т, вл. 12",свободный пр-т вл 12,"ООО СЗ ""УРЗ-4""",Введено,ВАО,Новогиреево
"улица Чапаева, земельный участок 4",улица чапаева земельный участок 4,ФОНД РЕНОВАЦИИ,Введено,НАО,Щербинка
проспект Рязанский,проспект рязанский,"ООО ""СЗ ""ЭС АЙ ЭС ДЕВЕЛОПМЕНТ""",Введено,ЮВАО,Рязанский
1-й Грайвороновский проезд,1-й грайвороновский проезд,ПИК,Введено,ЮВАО,Текстильщики
вблизи д. Большое Свинорье,вблизи д большое свинорье,САМОЛЕТ,Введено,НАО,Коммунарка
"пр-кт Мичуринский 72, К3",пр-кт мичуринский 72 к3,ТРАНССТРОЙИНВЕСТ,Введено,ЗАО,Очаково-Матвеевское
"д. Зверево, уч. 101, д.5",д зверево уч 101 д5,"ООО ""АПРЕЛЕВКА С2""",Введено,ТАО,Новофёдоровское
"Николая Старостина ул., з/у 8А",николая старостина ул зу 8а,КП УГС,Введено,ВАО,Косино-Ухтомский
"ул. Летчика Полагушина, земельный участок 226/2",ул летчика полагушина земельный участок 226/2,СТРОЙИННОВАЦИЯ,Введено,ЗелАО,Матушкино
дер. Львово,дер львово,"АО ""МАНП""",Введено,ТАО,Вороново
"д Николо-Хованское, з/у 1029",д николо-хованское зу 1029,"ООО ""СФЕРА ВИН""",Введено,НАО,Коммунарка
"ПЗ Руднево, пр. пр. 287, 265, уч. № 2, 3",пз руднево пр пр 287 265 уч № 2 3,ОЭЗ ТЕХНОПОЛИС МОСКВА,Введено,ВАО,Косино-Ухтомский
"ПЗ Руднево, пр. пр. 287, пр. пр. внутреннего использования, уч. № 4, 5",пз руднево пр пр 287 пр пр внутреннего использования уч № 4 5,ОЭЗ ТЕХНОПОЛИС МОСКВА,Введено,ВАО,Косино-Ухтомский
"ул. Пехорская, з/у 7Б",ул пехорская зу 7б,ОЭЗ ТЕХНОПОЛИС МОСКВА,Введено,ВАО,Косино-Ухтомский
поселение Краснопахорское,поселение краснопахорское,ПИК,Введено,ТАО,Краснопахорский
"поселение Краснопахорское, кв-л 61, з/у 1",поселение краснопахорское кв-л 61 зу 1,ПИК,Введено,ТАО,Краснопахорский
"Краснопахорское, кв-л 61, з/у 1",краснопахорское кв-л 61 зу 1,ПИК,Введено,ТАО,Краснопахорский
"Нагатинская наб., земельный участок 74, земельный участок 76",нагатинская наб. земельный участок 74 земельный участок 76,МОСГОРТРАНС,Введено,ЮАО,Нагатинский Затон
Насосная станция второго подъема,насосная станция второго подъема,"ГКУ ""МОСКВОРЕЧЬЕ""",Введено,НАО,Троицк
Саларьево,саларьево,"АО ""КАПСТРОЙСИТИ""",Введено,НАО,Московский
Нагатино-Садовники,нагатино-садовники,"ГКУ ""УДМС""",Введено,ЮАО,Москворечье-Сабурово
"р-н Москворечье-Сабурово, р-н Царицыно",р-н москворечье-сабурово р-н царицыно,"ГКУ ""УДМС""",Введено,ЮАО,Москворечье-Сабурово
"Проектируемый проезд № 661, № 1113, вл.1",проектируемый проезд № 661 № 1113 вл1,"ГКУ ""МОСКВОРЕЧЬЕ""",Введено,ЮЗАО,Южное Бутово
"д. Рассудово, ул. Зелёная, влд. 1А",д рассудово ул зеленая влд. 1а,ТОРГОВО-ПРОМЫШЛЕННАЯ ПАЛАТА РОССИЙСКОЙ ФЕДЕРАЦИИ,Введено,ТАО,Бекасово
"Москва, ЗАО, район Кунцево, вблизи Мякининской поймы",москва зао район кунцево вблизи мякининской поймы,ПИК,Введено,ЗАО,Кунцево
деревня Картмазово,деревня картмазово,"АО ""КАПСТРОЙСИТИ""",Введено,НАО,Коммунарка
"дер. Середнево, ОАО «Марьинская птицефабрика», вблизи д. Середнево",дер середнево оао марьинская птицефабрика вблизи д середнево,ПИК,Введено,НАО,Филимонковский
Рассказовка дер. уч. 13/2,рассказовка дер уч 13/2,АБСОЛЮТ,Введено,НАО,Внуково
Люблинская ул. вл. 76 А,люблинская ул вл 76 а,ПИК,Введено,ЮВАО,Люблино
улица Люблинская,улица люблинская,ПИК,Введено,ЮВАО,Люблино
Барышиха ул. вл. 59,барышиха ул вл 59,"ООО ""АВТОМИР""",Введено,СЗАО,Митино
"6-я Радиальная ул., вл. 7, корп. 5.4",6-я радиальная ул вл 7 корп 5.4,"АО ""МОСОТДЕЛСТРОЙ № 1""",Введено,ЮАО,Бирюлёво Восточное
Варшавское ш.,варшавское ш,Э.К. ДЕВЕЛОПМЕНТ,Введено,ЮАО,Чертаново Южное
"Мичуринский пр-т, вл. 13/1",мичуринский пр-т вл 13/1,"ООО ""НАХИЧЕВАНЬ ИНВЕСТ""",Введено,ЗАО,Раменки
"п. Рязановское, Щербинка",п. рязановское щербинка,"ГКУ ""МОСКВОРЕЧЬЕ""",Введено,НАО,Воскресенское
от ул.Каспийской до 1-го Котляковского пер. 2 Этап,от улкаспийской до 1-го котляковского пер 2 этап,"ГКУ ""УДМС""",Введено,ЮАО,Москворечье-Сабурово
"ТПУ ""Ярославская"". Этап 1",тпу ярославская. этап 1,"ГКУ ""УДМС""",Введено,СВАО,Ростокино
Марьино,марьино,"ГКУ ""УДМС""",Введено,ЮВАО,Марьино
"г. Москва, СЗАО, район Хорошево-Мневники",г. москва сзао район хорошево-мневники,"ГКУ ""УДМС""",Введено,СЗАО,Хорошёво-Мнёвники
Алексеевский,алексеевский,"ГКУ ""УДМС""",Введено,СВАО,Ростокино
"Физическая ул., з/у 27",физическая ул зу 27,"ГКУ ""МОСКВОРЕЧЬЕ""",Введено,ТАО,Троицк
район Московский,район московский,АБСОЛЮТ,Введено,НАО,Филимонковский
Раменки,раменки,ДОНСТРОЙ,Введено,ЗАО,Раменки
район Черемушки,район черемушки,МОСКОВСКИЙ МЕТРОПОЛИТЕН,Введено,ЮЗАО,Черемушки
ст. «Нижегородская улица» до ст. «Авиамоторная»,ст. нижегородская улица до ст. авиамоторная,МОСКОВСКИЙ МЕТРОПОЛИТЕН,Введено,ЮВАО,Нижегородский
Нижегородская ул. 105,нижегородская ул 105,МОСКОВСКИЙ МЕТРОПОЛИТЕН,Введено,ЮВАО,Нижегородский
ст.«Каширская» до ст.«Карачарово»,ст.каширская до ст.карачарово,МОСКОВСКИЙ МЕТРОПОЛИТЕН,Введено,ЮАО,Нагатино-Садовники
ст. «Каширская» до ст. «Карачарово»,ст. каширская до ст. карачарово,МОСКОВСКИЙ МЕТРОПОЛИТЕН,Введено,ЮАО,Нагатино-Садовники
район Зюзино,район зюзино,МОСКОВСКИЙ МЕТРОПОЛИТЕН,Введено,ЮЗАО,Зюзино
"Люблинско-Дмитровская линия, станция «Селигерская» - станция «Дмитровское шоссе» («Лианозово»)",люблинско-дмитровская линия станция селигерская - станция дмитровское шоссе (лианозово),МОСКОВСКИЙ МЕТРОПОЛИТЕН,Введено,САО,Бескудниковский
Люблинско-Дмитровская линия метрополитена,люблинско-дмитровская линия метрополитена,МОСКОВСКИЙ МЕТРОПОЛИТЕН,Введено,САО,Бескудниковский
Станционный комплекс «Академическая»,станционный комплекс академическая,МОСКОВСКИЙ МЕТРОПОЛИТЕН,Введено,ЮАО,Нагорный
Станционный комплекс «Вавиловская»,станционный комплекс вавиловская,МОСКОВСКИЙ МЕТРОПОЛИТЕН,Введено,ЮАО,Нагорный
Калининско-Солнцевская линия метрополитена от станции метро «Рассказовка» до станции метро «Внуково»,калининско-солнцевская линия метрополитена от станции метро рассказовка до станции метро внуково,МОСКОВСКИЙ МЕТРОПОЛИТЕН,Введено,НАО,Внуково
ст. «Нижняя Масловка» - ст. «Авиамоторная»,ст. нижняя масловка - ст. авиамоторная,МОСКОВСКИЙ МЕТРОПОЛИТЕН,Введено,ЦАО,Басманный
Участок от ст. «Улица Новаторов» до ст. «Славянский мир»,участок от ст. улица новаторов до ст. славянский мир,МОСКОВСКИЙ МЕТРОПОЛИТЕН,Введено,ЮЗАО,Коньково
"г. Зеленоград, улица Конструктора Лукина, дом 14, строение 17",г. зеленоград улица конструктора лукина дом 14 строение 17,ОЭЗ ТЕХНОПОЛИС МОСКВА,Введено,ЗелАО,Силино
Буденного просп. вл. 47Б/1,буденного просп. вл 47б/1,ФОНД РЕНОВАЦИИ,Введено,ВАО,Соколиная Гора
"проспект Мира, дом 119",проспект мира дом 119,"КП ""ВДНХ""",Введено,СВАО,Останкинский
"Родниковая ул., влд. 4/1",родниковая ул влд. 4/1,ФОНД РЕНОВАЦИИ,Введено,ЗАО,Солнцево
"ул. Артюхиной, вл. 26А, з/у 1",ул артюхиной вл 26а зу 1,ФОНД РЕНОВАЦИИ,Введено,ЮВАО,Текстильщики
"улица Демьяна Бедного, земельный участок 22А",улица демьяна бедного земельный участок 22а,ФОНД РЕНОВАЦИИ,Введено,СЗАО,Хорошёво-Мнёвники
"Бутырская улица, д. 1",бутырская улица д 1,"АО ""КАПСТРОЙСИТИ""",Введено,САО,Савёловский
"1-й Магистральный тупик, вл. 6а",1-й магистральный тупик вл 6а,"ООО ""СК АЛГОРИТМ""",Введено,САО,Хорошёвский
Промышленная,промышленная,ТОРГОВО-ПРОМЫШЛЕННАЯ ПАЛАТА РОССИЙСКОЙ ФЕДЕРАЦИИ,Введено,ТАО,Троицк
2-я Владимирская Дом 13 Корпус 1,2-я владимирская дом 13 корпус 1,ФОНД РЕНОВАЦИИ,Введено,ВАО,Перово
"ул. Оренбургская, земельный участок 4",ул оренбургская земельный участок 4,ФОНД РЕНОВАЦИИ,Введено,ВАО,Косино-Ухтомский
"ул. Говорова, з/у 14/16",ул говорова зу 14/16,ФОНД РЕНОВАЦИИ,Введено,ЗАО,Можайский
"1-я Владимирская ул., вл. 47",1-я владимирская ул вл 47,ФОНД РЕНОВАЦИИ,Введено,ВАО,Перово
"ул. Гродненская, д.9",ул гродненская д9,ФОНД РЕНОВАЦИИ,Введено,ЗАО,Можайский
"ул. Летчика Бабушкина, д. 42",ул летчика бабушкина д 42,"АО ""КАПСТРОЙСИТИ""",Введено,СВАО,Лосиноостровский
"ул. Николая Старостина, напротив влд. 8. Этап 1",ул николая старостина напротив влд. 8. этап 1,КП УГС,Введено,ВАО,Косино-Ухтомский
"ул. 1-я Машинстроения, З/У 5",ул 1-я машинстроения зу 5,ФОНД РЕНОВАЦИИ,Введено,ЮВАО,Южнопортовый
"улица Остафьевская, корпус Г",улица остафьевская корпус г,АНО РСИО,Введено,ЮЗАО,Южное Бутово
"кв-л Грайвороново 90А, корп.12",кв-л грайвороново 90а корп12,ФОНД РЕНОВАЦИИ,Введено,ЮВАО,Текстильщики
Загорьевская ул. вл. 2/2,загорьевская ул вл 2/2,ФОНД РЕНОВАЦИИ,Введено,ЮАО,Бирюлёво Восточное
"Большая Филевская ул., д. 6А",большая филевская ул д 6а,ФОНД РЕНОВАЦИИ,Введено,ЗАО,Филевский парк
Вернадского просп. 12Б,вернадского просп. 12б,КП УГС,Введено,ЗАО,Раменки
"Верхние Поля ул., вл. 19",верхние поля ул вл 19,ФОНД РЕНОВАЦИИ,Введено,ЮВАО,Люблино
"Алтуфьевское ш., влд. 100",алтуфьевское ш влд. 100,АНО РСИО,Введено,СВАО,Алтуфьевский
"проез Чечёрский, д. 28А",проез чечерский д 28а,КП УГС,Введено,ЮЗАО,Южное Бутово
Клинская дом 24А,клинская дом 24а,"АНО ""РСИ""",Введено,САО,Ховрино
"Большой бульвар, дом 37",большой бульвар дом 37,"АКЦИОНЕРНОЕ ОБЩЕСТВО ""СТАРТ""",Введено,ЗАО,Можайский
"Касимовская ул., влд. 39/2",касимовская ул влд. 39/2,ФОНД РЕНОВАЦИИ,Введено,ЮАО,Бирюлёво Восточное
"11-я Парковая ул., земельный участок 55/1",11-я парковая ул земельный участок 55/1,ФОНД РЕНОВАЦИИ,Введено,ВАО,Северное Измайлово
"улица Конструктора Лукина, дом 14, строение 16",улица конструктора лукина дом 14 строение 16,ОЭЗ ТЕХНОПОЛИС МОСКВА,Введено,ЗелАО,Силино
Ставропольская улица дом 4/2,ставропольская улица дом 4/2,ФОНД РЕНОВАЦИИ,Введено,ЮВАО,Люблино
"ул. Константина Федина, влд. 5",ул константина федина влд. 5,ФОНД РЕНОВАЦИИ,Введено,ВАО,Северное Измайлово
"ул. 9-я Парковая, влд. 68/2/3",ул 9-я парковая влд. 68/2/3,ФОНД РЕНОВАЦИИ,Введено,ВАО,Северное Измайлово
Утренняя ул. вл. 20 стр. 2,утренняя ул вл 20 стр 2,ФОНД РЕНОВАЦИИ,Введено,ВАО,Новогиреево
"Дубравная ул., вл. 50/1",дубравная ул вл 50/1,КП УГС,Введено,СЗАО,Митино
9-я ул. Соколиной Горы д.9,9-я ул соколиной горы д9,КП УГС,Введено,ВАО,Соколиная гора
"ул. Лобачевского, з/у 28/36/2",ул лобачевского зу 28/36/2,ФОНД РЕНОВАЦИИ,Введено,ЗАО,Проспект Вернадского
"п. Воскресенское, вл. 67А",п. воскресенское вл 67а,"АО ""КАПСТРОЙСИТИ""",Введено,НАО,Коммунарка
Черепановых пр. вл. 56А,черепановых пр вл 56а,ФОНД РЕНОВАЦИИ,Введено,САО,Коптево
"улица Часовая, вл. 27/12",улица часовая вл 27/12,КП УГС,Введено,САО,Аэропорт
Анохина академика ул. земельный участок 40/2/2,анохина академика ул земельный участок 40/2/2,"АНО ""РСИ""",Введено,ЗАО,Тропарёво-Никулино
"ул. Амурская, Корпус 9",ул амурская корпус 9,ФОНД РЕНОВАЦИИ,Введено,ВАО,Гольяново
"Волгоградский проспект, земельный участок 101/2",волгоградский проспект земельный участок 101/2,ФОНД РЕНОВАЦИИ,Введено,ЮВАО,Кузьминки
"Зеленодольская ул. вл. 30, з/у 1",зеленодольская ул вл 30 зу 1,ФОНД РЕНОВАЦИИ,Введено,ЮВАО,Кузьминки
"9-я Северная Линия, земельный участок 3",9-я северная линия земельный участок 3,КП УГС,Введено,СВАО,Северный
"ул. Новогиреевская, вл. 24А",ул новогиреевская вл 24а,ФОНД РЕНОВАЦИИ,Введено,ВАО,Перово
"Раменский бульвар, дом 1",раменский бульвар дом 1,КП УГС,Введено,ЗАО,Раменки
"улица Константина Федина, вл. 3",улица константина федина вл 3,ФОНД РЕНОВАЦИИ,Введено,ВАО,Северное Измайлово
5-я улица Соколиной Горы,5-я улица соколиной горы,ФОНД РЕНОВАЦИИ,Введено,ВАО,Соколиная Гора
"Багратионовский проезд, земельный участок 10",багратионовский проезд земельный участок 10,"АНО ""РСИ""",Введено,ЗАО,Филёвский Парк
Строительство дублера Боровского шоссе,строительство дублера боровского шоссе,"ГКУ ""МОСКВОРЕЧЬЕ""",Введено,НАО,Внуково
"Новоясеневский проспект, д. 26",новоясеневский проспект д 26,АНО РСИО,Введено,ЮЗАО,Ясенево
"ул. Кастанаевская, вл. 32, к.1",ул кастанаевская вл 32 к1,ФОНД РЕНОВАЦИИ,Введено,ЗАО,Фили-Давыдково
Волгоградский просп. вл. 155,волгоградский просп. вл 155,ФОНД РЕНОВАЦИИ,Введено,ЮВАО,Кузьминки
"2-й кв. Капотня, вл. 21",2-й кв. капотня вл 21,ФОНД РЕНОВАЦИИ,Введено,ЮВАО,Капотня
"бульвар Ореховый, ул. Ясеневая",бульвар ореховый ул ясеневая,АЛКОТЕК-ФАСАД,Введено,ЮАО,Зябликово
"поселение Сосенское, квартал 39, земельный участок 1К",поселение сосенское квартал 39 земельный участок 1к,"ГКУ ""УДМС""",Введено,НАО,Коммунарка
"2-й Лихачевский переулок, з/у 4",2-й лихачевский переулок зу 4,ФОНД РЕНОВАЦИИ,Введено,САО,Головинский
"3-я Владимирская ул., вл. 23",3-я владимирская ул вл 23,ФОНД РЕНОВАЦИИ,Введено,ВАО,Перово
"ул. Академика Скрябина, вл. 3 (вл. 3/1)",ул академика скрябина вл 3 (вл 3/1),ФОНД РЕНОВАЦИИ,Введено,ЮВАО,Выхино-Жулебино
"3-я Гражданская, вл. 35",3-я гражданская вл 35,"ООО ""СЗ ""ЭСИ""",Введено,ВАО,Богородское
пересечение Кутузовского шоссе и проектируемого пр-д 809,пересечение кутузовского шоссе и проектируемого пр-д 809,АНО РСИО,Введено,ЗелАО,Крюково
"проспект Вернадского, з/у 12Б",проспект вернадского зу 12б,КП УГС,Введено,ЗАО,Раменки
Годовикова ул. д. 10,годовикова ул д 10,ФОНД РЕНОВАЦИИ,Введено,СВАО,Останкинский
"ул. Никитина, вл. 7",ул никитина вл 7,"ООО ""МОСПРОЕКТ-2""",Введено,НАО,Филимонковский
"ул. Клязьминская, д. 28А",ул клязьминская д 28а,ФОНД РЕНОВАЦИИ,Введено,САО,Дмитровский
"Судостроительная улица, вл. 5",судостроительная улица вл 5,ФОНД РЕНОВАЦИИ,Введено,ЮАО,Нагатинский Затон
"Люблинская ул., вл. 113, корп. 3",люблинская ул вл 113 корп 3,ФОНД РЕНОВАЦИИ,Введено,ЮВАО,Люблино
"Радужная улица, земельный участок 15/3",радужная улица земельный участок 15/3,ФОНД РЕНОВАЦИИ,Введено,СВАО,Бабушкинский
ТПУ«Терешково»,тпутерешково,"ГКУ ""УДМС""",Введено,ЗАО,Солнцево
"ул. Тюменская, влд. 5",ул тюменская влд. 5,"АНО ""РСИ""",Введено,ВАО,Богородское
"ул. Ереванская, з/у 6/2",ул ереванская зу 6/2,ФОНД РЕНОВАЦИИ,Введено,ЮАО,Царицыно
пересечение 2-ой Бауманской уд. и Бригадирского пер.,пересечение 2-ой бауманской уд. и бригадирского пер,АНО РСИО,Введено,ЦАО,Басманный
"ул. Анненская, д.6",ул анненская д6,ФОНД РЕНОВАЦИИ,Введено,СВАО,Марьина роща
"посёлок Шишкин Лес, дом 35А",поселок шишкин лес дом 35а,"АО ""КАПСТРОЙСИТИ""",Введено,ТАО,Краснопахорский
"ул. Окская, д.3А",ул окская д3а,МОСКАПСТРОЙ,Введено,ЮВАО,Рязанский
поселение Мосрентген,поселение мосрентген,"ГКУ ""МОСКВОРЕЧЬЕ""",Введено,НАО,Коммунарка
"улица Олеко Дундича, вл. 31/35",улица олеко дундича вл 31/35,ФОНД РЕНОВАЦИИ,Введено,ЗАО,Фили-Давыдково
Улица Дмитрия Ульянова влд.47,улица дмитрия ульянова влд.47,ФОНД РЕНОВАЦИИ,Введено,ЮЗАО,Котловка
"Бескудниковский бульвар, влд. 52",бескудниковский бульвар влд. 52,ФОНД РЕНОВАЦИИ,Введено,САО,Бескудниковский
"ул. Красных Зорь, дом 23",ул красных зорь дом 23,ФОНД РЕНОВАЦИИ,Введено,ЗАО,Можайский
Энтузиастов шоссе вл. 86,энтузиастов шоссе вл 86,"АНО ""РСИ""",Введено,ВАО,Перово
ул. Пивченкова з/у 1,ул пивченкова зу 1,ФОНД РЕНОВАЦИИ,Введено,ЗАО,Очаково-Матвеевское
"Дмитровское шоссе, квартал 95, 55А",дмитровское шоссе квартал 95 55а,ФОНД РЕНОВАЦИИ,Введено,САО,Тимирязевский
"ул. Пресненский Вал, вл. 27, корп. 1.1",ул пресненский вал вл 27 корп 1.1,АО «СТРАНА ДЕВЕЛОПМЕНТ»,Введено,ЦАО,Пресненский
Участок ГРП «Десна» - СНТ «Ракитки»,участок грп десна - снт ракитки,МОСГАЗ,Введено,НАО,Коммунарка
"ул. Горбунова, вл. 11/3",ул горбунова вл 11/3,ФОНД РЕНОВАЦИИ,Введено,ЗАО,Можайский
"ул. Давыдковская, д. 10",ул давыдковская д 10,КП УГС,Введено,ЗАО,Фили-Давыдково
"Люблинская ул., вл. 111, стр. 3",люблинская ул вл 111 стр 3,ФОНД РЕНОВАЦИИ,Введено,ЮВАО,Люблино
"Балаклавский проспект, зу 33/3",балаклавский проспект зу 33/3,КП УГС,Введено,ЮАО,Чертаново Северное
"ул. Синявинская, д. 1Б",ул синявинская д 1б,"АНО ""РСИ""",Введено,САО,Молжаниновский
"Москва, п. Сосенское, п. Коммунарка",москва п. сосенское п. коммунарка,"ГКУ ""УДМС""",Введено,НАО,Коммунарка
"Королева Академика, вл. 21",королева академика вл 21,ФОНД РЕНОВАЦИИ,Введено,СВАО,Марфино
"Никитинская улица, земельный участок 21/1/3",никитинская улица земельный участок 21/1/3,ФОНД РЕНОВАЦИИ,Введено,ВАО,Измайлово
"Алтуфьевское шоссе, земельный участок 51/53",алтуфьевское шоссе земельный участок 51/53,ФОНД РЕНОВАЦИИ,Введено,СВАО,Алтуфьевский
"Михалковская улица, дом 48, корпус 3",михалковская улица дом 48 корпус 3,РГ-ДЕВЕЛОПМЕНТ,Введено,САО,Головинский
Энтузиастов 2-я ул. вл. 5а,энтузиастов 2-я ул вл 5а,"ГКУ ""УДМС""",Введено,ВАО,Перово
"Станция метро ""Новаторская"" - станция метро ""Бачуринская""",станция метро новаторская - станция метро бачуринская,МОСКОВСКИЙ МЕТРОПОЛИТЕН,Введено,НАО,Коммунарка
"Яблочкова, земельный участок 26А",яблочкова земельный участок 26а,ФОНД РЕНОВАЦИИ,Введено,СВАО,Бутырский
"Волгоградский проспект, З/У 107/4",волгоградский проспект зу 107/4,ФОНД РЕНОВАЦИИ,Введено,ЮВАО,Кузьминки
Радиальная 6-я ул. вл. 7 корп. 5.1,радиальная 6-я ул вл 7 корп 5.1,"АО ""МОСОТДЕЛСТРОЙ № 1""",Введено,ЮАО,Бирюлёво Восточное
"ул. Лобненская, вл. 10",ул лобненская вл 10,"ГБУ ""ДИРЕКЦИЯ РАЗВИТИЯ ОБЪЕКТОВ ЗДРАВООХРАНЕНИЯ ГОРОДА МОСКВЫ""",Введено,САО,Дмитровский
"ул. Новохохловская, земельный участок 15/2",ул новохохловская земельный участок 15/2,ФОНД РЕНОВАЦИИ,Введено,ЮВАО,Нижегородский
район Даниловский,район даниловский,"ГКУ ""УДМС""",Введено,ЮАО,Даниловский
"Илимская ул., вл. 5",илимская ул вл 5,ФОНД РЕНОВАЦИИ,Введено,СВАО,Лианозово
"Отрадный пр., земельный участок 6/1",отрадный пр земельный участок 6/1,ФОНД РЕНОВАЦИИ,Введено,СВАО,Отрадное
"ул. Павла Корчагина, вл. 7",ул павла корчагина вл 7,АНО РСИО,Введено,СВАО,Алексеевский
"улица Полбина, влд. 37",улица полбина влд. 37,"АНО ""РСИ""",Введено,ЮВАО,Печатники
"улица Малая Юшуньская, земельный участок 12/1",улица малая юшуньская земельный участок 12/1,ФОНД РЕНОВАЦИИ,Введено,ЮЗАО,Зюзино
"Окружная улица, 2А",окружная улица 2а,ФОНД РЕНОВАЦИИ,Введено,СЗАО,Южное Тушино
"Мироновская, земельный участок 32В/1",мироновская земельный участок 32в/1,ФОНД РЕНОВАЦИИ,Введено,ВАО,Соколиная Гора
"Лосевская улица, земельный участок 3А",лосевская улица земельный участок 3а,ФОНД РЕНОВАЦИИ,Введено,СВАО,Ярославский
"улица Совхозная, земельный участок 55/2 (участок 21.1)",улица совхозная земельный участок 55/2 (участок 21.1),ФОНД РЕНОВАЦИИ,Введено,ЮВАО,Люблино
"улица Маршала Чуйкова, земельный участок 9/5/3",улица маршала чуйкова земельный участок 9/5/3,ФОНД РЕНОВАЦИИ,Введено,ЮВАО,Кузьминки
"Нагатинская ул, вл.1",нагатинская ул вл1,ФОНД РЕНОВАЦИИ,Введено,ЮАО,Нагатино-Садовники
"улица Юных Ленинцев, земельный участок 44А",улица юных ленинцев земельный участок 44а,ФОНД РЕНОВАЦИИ,Введено,ЮВАО,Кузьминки
"улица Академика Скрябина, земельный участок 40 (участки 13.1 и 13.2)",улица академика скрябина земельный участок 40 (участки 13.1 и 13.2),ФОНД РЕНОВАЦИИ,Введено,ЮВАО,Кузьминки
"улица Херсонская, земельный участок 10/1",улица херсонская земельный участок 10/1,ФОНД РЕНОВАЦИИ,Введено,ЮЗАО,Зюзино
"пер. Посланников, д.18, строен.5",пер посланников д18 строен.5,ФОНД РЕНОВАЦИИ,Введено,ЦАО,Басманный
"Краснобогатырская ул., вблизи вл. 38",краснобогатырская ул вблизи вл 38,ФОНД РЕНОВАЦИИ,Введено,ВАО,Богородское
"Карельский бульвар, з/у 14/16, К.6",карельский бульвар зу 14/16 к6,ФОНД РЕНОВАЦИИ,Введено,САО,Дмитровский
Кавказский бульвар,кавказский бульвар,ФОНД РЕНОВАЦИИ,Введено,ЮАО,Царицыно
Шоссе Коровинское Земельный участок 29,шоссе коровинское земельный участок 29,ФОНД РЕНОВАЦИИ,Введено,САО,Западное Дегунино
"переулок 3-й Михалковский, земельный участок 17/19/1",переулок 3-й михалковский земельный участок 17/19/1,ФОНД РЕНОВАЦИИ,Введено,САО,Коптево
"Тайнинская ул., вл. 11",тайнинская ул вл 11,ФОНД РЕНОВАЦИИ,Введено,СВАО,Лосиноостровский
"Измайловский б-р, вл.71/25",измайловский б-р вл71/25,ФОНД РЕНОВАЦИИ,Введено,ВАО,Восточное Измайлово
"улица Бочкова, земельный участок 11А/1",улица бочкова земельный участок 11а/1,ФОНД РЕНОВАЦИИ,Введено,СВАО,Останкинский
"11-я Парковая ул., вл. 53",11-я парковая ул вл 53,ФОНД РЕНОВАЦИИ,Введено,ВАО,Северное Измайлово
"Ереванская ул., 4",ереванская ул 4,ФОНД РЕНОВАЦИИ,Введено,ЮАО,Царицыно
"ул. Кантемировская, 43",ул кантемировская 43,ФОНД РЕНОВАЦИИ,Введено,ЮАО,Царицыно
"ул. Кантемировская, земельный участок 35",ул кантемировская земельный участок 35,ФОНД РЕНОВАЦИИ,Введено,ЮАО,Царицыно
"Парковая ул., вл. 7 (зона № 2.1)",парковая ул вл 7 (зона № 2.1),ФОНД РЕНОВАЦИИ,Введено,СЗАО,Митино
"Генерала Глаголева ул., уч.9",генерала глаголева ул уч 9,ФОНД РЕНОВАЦИИ,Введено,СЗАО,Молжаниновский
"ул. Авиационная, з/у 14",ул авиационная зу 14,ФОНД РЕНОВАЦИИ,Введено,СЗАО,Щукино
"Заводская ул, 14",заводская ул 14,ФОНД РЕНОВАЦИИ,Введено,ЗелАО,Крюково
"ул. Заводская, земельный участок 10",ул заводская земельный участок 10,ФОНД РЕНОВАЦИИ,Введено,ЗелАО,Крюково
"Черноморский б-р, д.20 (участок 6.1)",черноморский б-р д20 (участок 6.1),ФОНД РЕНОВАЦИИ,Введено,ЮЗАО,Зюзино
"Бескудниковский б-р, зу 50",бескудниковский б-р зу 50,ФОНД РЕНОВАЦИИ,Введено,САО,Бескудниковский
"Лобненская, земельный участок 9А",лобненская земельный участок 9а,ФОНД РЕНОВАЦИИ,Введено,САО,Дмитровский
"ул. Михалковская, д. 10",ул михалковская д 10,ФОНД РЕНОВАЦИИ,Введено,САО,Коптево
"Старокоптевский пер., д. 7, стр. 15",старокоптевский пер д 7 стр 15,ФОНД РЕНОВАЦИИ,Введено,САО,Коптево
"3-я Институтская улица, земельный участок 4/1",3-я институтская улица земельный участок 4/1,ФОНД РЕНОВАЦИИ,Введено,ЮВАО,Рязанский
"ул.Михайлова, земельный участок 15",улмихайлова земельный участок 15,ФОНД РЕНОВАЦИИ,Введено,ЮВАО,Рязанский
"Фрезер ш., вл. 17, стр. 1, 2",фрезер ш вл 17 стр 1 2,ФОНД РЕНОВАЦИИ,Введено,ЮВАО,Нижегородский
"ул. Севанская, вл. 60",ул севанская вл 60,ФОНД РЕНОВАЦИИ,Введено,ЮАО,Царицыно
"ул. Спортивная, д. 1, 3, 5",ул спортивная д 1 3 5,ФОНД РЕНОВАЦИИ,Введено,ТАО,Троицк
"улица Свободы, земельный участок 69 (Свободы ул., вл.69)",улица свободы земельный участок 69 (свободы ул вл69),ФОНД РЕНОВАЦИИ,Введено,СЗАО,Северное Тушино
"мкр. 4, б-р Яна Райниса, вл.2, к 2,3",мкр. 4 б-р яна райниса вл2 к 2 3,ФОНД РЕНОВАЦИИ,Введено,СЗАО,Северное Тушино
"ул. Амурская, земельный участок 1 А",ул амурская земельный участок 1 а,ФОНД РЕНОВАЦИИ,Введено,ВАО,Гольяново
"улица Амурская, земельный участок 1/11 (зоны 3.1, 3.2)",улица амурская земельный участок 1/11 (зоны 3.1 3.2),ФОНД РЕНОВАЦИИ,Введено,ВАО,Гольяново
"ул. Заречная , вл. 5",ул заречная вл 5,ФОНД РЕНОВАЦИИ,Введено,ЗАО,Филёвский Парк
Щукинская ул. уч. 7Б,щукинская ул уч 7б,ФОНД РЕНОВАЦИИ,Введено,СЗАО,Щукино
"лица Юных Ленинцев, земельный участок 97/12/3",лица юных ленинцев земельный участок 97/12/3,ФОНД РЕНОВАЦИИ,Введено,ЮВАО,Кузьминки
"Барклая ул., вл. 6",барклая ул вл 6,ФОНД РЕНОВАЦИИ,Введено,ЗАО,Филёвский Парк
Перовская ул. д. 40А,перовская ул д 40а,ФОНД РЕНОВАЦИИ,Введено,ВАО,Перово
"ул. Юных Ленинцев, земельный участок 40/3",ул юных ленинцев земельный участок 40/3,ФОНД РЕНОВАЦИИ,Введено,ЮВАО,Кузьминки
"ул. Кусковская, зу 12/1",ул кусковская зу 12/1,ФОНД РЕНОВАЦИИ,Введено,ВАО,Новогиреево
"Люблинская улица, вл. 121/1",люблинская улица вл 121/1,ФОНД РЕНОВАЦИИ,Введено,ЮВАО,Люблино
"Булатниковский пр-д, земельный участок 2В/2",булатниковский пр-д земельный участок 2в/2,ФОНД РЕНОВАЦИИ,Введено,ЮАО,Бирюлёво Западное
"Севастопольский проспект, дом 46А",севастопольский проспект дом 46а,ФОНД РЕНОВАЦИИ,Введено,ЮЗАО,Черёмушки
"улица Бехтерева, земельный участок 25/49/1",улица бехтерева земельный участок 25/49/1,ФОНД РЕНОВАЦИИ,Введено,ЮАО,Царицыно
"улица Изумрудная, земельный участок 44/2",улица изумрудная земельный участок 44/2,ФОНД РЕНОВАЦИИ,Введено,СВАО,Лосиноостровский
"Рязанский проспект, з/у 49А",рязанский проспект зу 49а,ФОНД РЕНОВАЦИИ,Введено,ЮВАО,Рязанский
"улица Краснодонская, земельный участок 18А (улица Краснодарская, земельный участок 18)",улица краснодонская земельный участок 18а (улица краснодарская земельный участок 18),ФОНД РЕНОВАЦИИ,Введено,ЮВАО,Люблино
"ул. Гарибальди, зу 17/2",ул гарибальди зу 17/2,ФОНД РЕНОВАЦИИ,Введено,ЮЗАО,Черёмушки
"ул Профсоюзная, земельный участок 32/1",ул профсоюзная земельный участок 32/1,ФОНД РЕНОВАЦИИ,Введено,ЮЗАО,Черёмушки
"Ярославская улица, земельный участок 2/1",ярославская улица земельный участок 2/1,ФОНД РЕНОВАЦИИ,Введено,СВАО,Алексеевский
"ул. 15-я Парковая, з/у 46/1А",ул 15-я парковая зу 46/1а,ФОНД РЕНОВАЦИИ,Введено,ВАО,Северное Измайлово
"1-ая Мясниковская улица, земельный участок 16А (участок 2.1)",1-ая мясниковская улица земельный участок 16а (участок 2.1),ФОНД РЕНОВАЦИИ,Введено,ВАО,Богородское
"Симферопольский проезд, д. 7",симферопольский проезд д 7,ФОНД РЕНОВАЦИИ,Введено,ЮАО,Нагорный
"улица Гарибальди, участок 26",улица гарибальди участок 26,ФОНД РЕНОВАЦИИ,Введено,ЮЗАО,Обручевский
"улица Долгопрудная, земельный участок 3/5 (зона 13.1)",улица долгопрудная земельный участок 3/5 (зона 13.1),ФОНД РЕНОВАЦИИ,Введено,САО,Дмитровский
"Булатниковский пр., земельный участок 2Б/1",булатниковский пр земельный участок 2б/1,ФОНД РЕНОВАЦИИ,Введено,ЮАО,Бирюлёво Западное
"улица Героев Панфиловцев, вл. 39, корп. 2",улица героев панфиловцев вл 39 корп 2,ФОНД РЕНОВАЦИИ,Введено,СЗАО,Северное Тушино
"ул. Ташкентская, з/у 15",ул ташкентская зу 15,ФОНД РЕНОВАЦИИ,Введено,ЮВАО,Выхино-Жулебино
"ул. Онежская, земельный участок 33",ул онежская земельный участок 33,ФОНД РЕНОВАЦИИ,Введено,САО,Головинский
"улица Люблинская, земельный участок 111/2/1",улица люблинская земельный участок 111/2/1,ФОНД РЕНОВАЦИИ,Введено,ЮВАО,Люблино
"ул. Астрадамская, вл. 15, корпус 2",ул астрадамская вл 15 корпус 2,"АНО ""РСИ""",Введено,САО,Тимирязевский
"Сиреневый бульвар, земельный участок 4/12А",сиреневый бульвар земельный участок 4/12а,ФОНД РЕНОВАЦИИ,Введено,ВАО,Измайлово
"Сиреневый бульвар, земельный участок 4/9 ( участок 6.2)",сиреневый бульвар земельный участок 4/9 ( участок 6.2),ФОНД РЕНОВАЦИИ,Введено,ВАО,Измайлово
"Волгоградский проспект, земельный участок 161/2/1",волгоградский проспект земельный участок 161/2/1,ФОНД РЕНОВАЦИИ,Введено,ЮВАО,Кузьминки
"Проспект Вернадского, з/у 75/2",проспект вернадского зу 75/2,ФОНД РЕНОВАЦИИ,Введено,ЗАО,Проспект Вернадского
"ул. Героев Панфиловцев, земельный участок 49",ул героев панфиловцев земельный участок 49,ФОНД РЕНОВАЦИИ,Введено,СЗАО,Северное Тушино
"ул. Ветлужская, д. 4А",ул ветлужская д 4а,КП УГС,Введено,ВАО,Косино-Ухтомский
Специальные объекты,специальные объекты,"ООО ""ЭНЕРГОТЕПЛОКАПИТАЛ""",Введено,ЮЗАО,Южное Бутово
Перовское шоссе уч. 2,перовское шоссе уч 2,ПИК,Введено,ЮВАО,Нижегородский
"Волгоградский, д. 42, корп. 8",волгоградский д 42 корп 8,ОЭЗ ТЕХНОПОЛИС МОСКВА,Введено,ЮВАО,Печатники
Главмосстрой з/у 1,главмосстрой зу 1,КП УГС,Введено,ЗАО,Солнцево
Проспект Вернадского 12 Б,проспект вернадского 12 б,КП УГС,Введено,ЗАО,Раменки
"пос. Шишкин Лес, дом 1",пос шишкин лес дом 1,МОСВОДОКАНАЛ,Введено,ТАО,Краснопахорский
"Люблинская улица, з/у 72",люблинская улица зу 72,ПИК,Введено,ЮВАО,Люблино
"улица Шумилова, земельный участок 26",улица шумилова земельный участок 26,ФОНД РЕНОВАЦИИ,Введено,ЮВАО,Кузьминки
"ул. Оренбургская, вл. 30",ул оренбургская вл 30,"ООО СЗ ""УРЗ-2""",Введено,ВАО,Косино-Ухтомский
"Пехорская улица, земельный участок 1Б",пехорская улица земельный участок 1б,ОЭЗ ТЕХНОПОЛИС МОСКВА,Введено,ВАО,Косино-Ухтомский
ИЖС,ижс,ФИЗИЧЕСКИЕ ЛИЦА,Введено,НАО,
"Поселение Киевский, Рабочий поселок Киевский Земельный участок 13А",поселение киевский рабочий поселок киевский земельный участок 13а,МОСВОДОКАНАЛ,Строится,ТАО,Бекасово
"Вышгородская улица, дом 4",вышгородская улица дом 4,"ООО ""АПРЕЛЕВКА С2""",Введено,ТАО,Бекасово
"д. Зверево, уч. 102",д зверево уч 102,"ООО ""АПРЕЛЕВКА С2""",Строится,ТАО,Бекасово
"д. Зверево, уч. 103",д зверево уч 103,"ООО ""АПРЕЛЕВКА С2""",Строится,ТАО,Бекасово
"д. Зверево, уч. 104",д зверево уч 104,"ООО ""АПРЕЛЕВКА С2""",Строится,ТАО,Бекасово
"д. Зверево, уч. 105",д зверево уч 105,"ООО ""АПРЕЛЕВКА С2""",Строится,ТАО,Бекасово
"д. Зверево, уч. 106",д зверево уч 106,"ООО ""АПРЕЛЕВКА С2""",Строится,ТАО,Бекасово
"д. Зверево, уч. 107",д зверево уч 107,"ООО ""АПРЕЛЕВКА С2""",Строится,ТАО,Бекасово
"д. Зверево, уч. 108",д зверево уч 108,"ООО ""АПРЕЛЕВКА С2""",Строится,ТАО,Бекасово
"д. Зверево, уч. 109",д зверево уч 109,"ООО ""АПРЕЛЕВКА С2""",Строится,ТАО,Бекасово
"д. Зверево, уч. 110",д зверево уч 110,"ООО ""АПРЕЛЕВКА С2""",Строится,ТАО,Бекасово
"д. Зверево, уч. 111",д зверево уч 111,"ООО ""АПРЕЛЕВКА С2""",Строится,ТАО,Бекасово
"д. Зверево, уч. 112",д зверево уч 112,"ООО ""АПРЕЛЕВКА С2""",Строится,ТАО,Бекасово
"д. Зверево, уч. 113",д зверево уч 113,"ООО ""АПРЕЛЕВКА С2""",Строится,ТАО,Бекасово
"д. Зверево, уч. 114",д зверево уч 114,"ООО ""АПРЕЛЕВКА С2""",Строится,ТАО,Бекасово
"д. Зверево, уч. 115",д зверево уч 115,"ООО ""АПРЕЛЕВКА С2""",Строится,ТАО,Бекасово
"д. Зверево, уч. 116",д зверево уч 116,"ООО ""АПРЕЛЕВКА С2""",Строится,ТАО,Бекасово
"д. Зверево, уч. 117",д зверево уч 117,"ООО ""АПРЕЛЕВКА С2""",Строится,ТАО,Бекасово
"д. Зверево, уч. 118",д зверево уч 118,"ООО ""АПРЕЛЕВКА С2""",Строится,ТАО,Бекасово
"д. Зверево, уч. 119",д зверево уч 119,"ООО ""АПРЕЛЕВКА С2""",Строится,ТАО,Бекасово
"д. Зверево, уч. 120",д зверево уч 120,"ООО ""АПРЕЛЕВКА С2""",Строится,ТАО,Бекасово
"д. Зверево, уч. 121",д зверево уч 121,"ООО ""АПРЕЛЕВКА С2""",Строится,ТАО,Бекасово
"д. Зверево, уч. 122",д зверево уч 122,"ООО ""АПРЕЛЕВКА С2""",Строится,ТАО,Бекасово
"д. Зверево, уч. 123",д зверево уч 123,"ООО ""АПРЕЛЕВКА С2""",Строится,ТАО,Бекасово
"д. Зверево, уч. 124",д зверево уч 124,"ООО ""АПРЕЛЕВКА С2""",Строится,ТАО,Бекасово
"д. Зверево, уч. 125",д зверево уч 125,"ООО ""АПРЕЛЕВКА С2""",Строится,ТАО,Бекасово
"д. Зверево, уч. 126",д зверево уч 126,"ООО ""АПРЕЛЕВКА С2""",Строится,ТАО,Бекасово
"д. Зверево, уч. 127",д зверево уч 127,"ООО ""АПРЕЛЕВКА С2""",Строится,ТАО,Бекасово
"д. Зверево, уч. 128",д зверево уч 128,"ООО ""АПРЕЛЕВКА С2""",Строится,ТАО,Бекасово
"д. Зверево, уч. 129",д зверево уч 129,"ООО ""АПРЕЛЕВКА С2""",Строится,ТАО,Бекасово
"д. Зверево, уч. 130",д зверево уч 130,"ООО ""АПРЕЛЕВКА С2""",Строится,ТАО,Бекасово
"д. Зверево, уч. 131",д зверево уч 131,"ООО ""АПРЕЛЕВКА С2""",Строится,ТАО,Бекасово
"д. Зверево, уч. 132",д зверево уч 132,"ООО ""АПРЕЛЕВКА С2""",Строится,ТАО,Бекасово
"д. Зверево, уч. 133",д зверево уч 133,"ООО ""АПРЕЛЕВКА С2""",Строится,ТАО,Бекасово
"д. Зверево, уч. 134",д зверево уч 134,"ООО ""АПРЕЛЕВКА С2""",Строится,ТАО,Бекасово
"Силино, ОЭЗ ""Алабушево""",силино оэз алабушево,Р-ФАРМ,Введено,ЗелАО,Силино
"территория ОЭЗ ""Технополис Москва"", площадка ""Алабушево""",территория оэз технополис москва площадка алабушево,"ООО ""АРТСЕЛЛЕНС""",Строится,ЗелАО,Силино
"г Зеленоград, пр-кт Генерала Алексеева 50",г зеленоград пр-кт генерала алексеева 50,"ООО ""ВЕЛФАРМ-М""",Введено,ЗелАО,Силино
"Силино, территория Алабушево",силино территория алабушево,МТС,Введено,ЗелАО,Силино
"проезд № 684, дом 4А, территория Алабушево",проезд № 684 дом 4а территория алабушево,"ООО ""ГРИНГО""",Строится,ЗелАО,Силино
"территория Алабушево, пр-д 684, 2А, стр. 1",территория алабушево пр-д 684 2а стр 1,"ООО ""РЕЗОНИТ ПЛЮС""",Введено,ЗелАО,Силино
"территория Алабушево, проезд № 4803, дом 25, стр.1",территория алабушево проезд № 4803 дом 25 стр1,ВЕСНА,Строится,ЗелАО,Силино
"территория Алабушево, проезд № 4803, дом 25, стр. 1",территория алабушево проезд № 4803 дом 25 стр 1,ВЕСНА,Строится,ЗелАО,Силино
"город Москва, вн.тер.г. муниципальный округ Красносельский, проезд Комсомольской Площади, земельный участок 5/3",город москва вн.тер.г. муниципальный округ красносельский проезд комсомольской площади земельный участок 5/3,РЖД,Строится,ЦАО,Красносельский
"проспект Генерала Алексеева , вл.17-19,",проспект генерала алексеева вл17-19 ,ПИК,Введено,ЗелАО,Силино
"территория ОЭЗ ""Технополис ""Москва"", участок № 16, площадка ""Алабушево""",территория оэз технополис москва участок № 16 площадка алабушево,"ООО ""СОВЭЛМАШ""",Строится,ЗелАО,Силино
"ПЗ «Алабушево», проезд № 5371",пз алабушево проезд № 5371,"ООО ""ИНВЕСТЛИДЕР""",Строится,ЗелАО,Силино
"пр-т. Генерала Алексеева, вл. 5",пр-т. генерала алексеева вл 5,"АО ""СИТРОНИКС КЛАУД""",Строится,ЗелАО,Матушкино
1-й Западный проезд,1-й западный проезд,НПП ДОЗА,Введено,ЗелАО,Матушкино
"мкр 17, поз.19, д. Андреевка",мкр 17 поз.19 д андреевка,ПИК,Введено,ЗелАО,Крюково
"ул. Логвиненко, вл. 1531",ул логвиненко вл 1531,"ООО ""КВАРТАЛ 1531""",Строится,ЗелАО,Крюково
"Крюково,16-й микрорайон, проезд №648 (г. Москва, Зеленоград, 16 мкр., Панфиловский пр-т, 23)",крюково 16-й микрорайон проезд №648 (г. москва зеленоград 16 мкр. панфиловский пр-т 23),ПРАВОСЛАВИЕ,Строится,ЗелАО,Силино
"Крюково, Георгиевский пр, мкр. № 17",крюково георгиевский пр мкр. № 17,ПРАВОСЛАВИЕ,Введено,ЗелАО,Крюково
"внутригородское муниципальное образование Силино, территория Алабушево",внутригородское муниципальное образование силино территория алабушево,"ООО ""ДИАГНОСТИКА-М""",Строится,ЗелАО,Силино
"г. Зеленоград, Георгиевский проспект 27, К1",г. зеленоград георгиевский проспект 27 к1,ПИК,Введено,ЗелАО,Крюково
"Заречная ул., вл. 19",заречная ул вл 19,"ООО ""ФИТНЕС""",Введено,ЗелАО,Крюково
"Панфиловский просп., корп. 1841",панфиловский просп. корп 1841,ИНДИВИДУАЛЬНЫЕ ПРЕДПРИНИМАТЕЛИ,Введено,ЗелАО,Крюково
"р-н Крюково, Промзона ЦИЭ",р-н крюково промзона циэ,ПИК,Строится,ЗелАО,Крюково
"ул. Панфилова, з/у 32",ул панфилова зу 32,ФСИН РОССИИ,Строится,ЗелАО,Силино
"улица Заводская, земельный участок 4",улица заводская земельный участок 4,ФОНД РЕНОВАЦИИ,Строится,ЗелАО,Крюково
"улица 1 Мая, земельный участок 31",улица 1 мая земельный участок 31,ИНДИВИДУАЛЬНЫЕ ПРЕДПРИНИМАТЕЛИ,Строится,ЗелАО,Крюково
"г. Зеленоград, корп. 1003 А",г. зеленоград корп 1003 а,"ООО ""МКВ СИСТЕМ""",Строится,ЗелАО,Силино
"Улица Заводская, земельный участок 30",улица заводская земельный участок 30,"ООО ""РЕНТА""",Строится,ЗелАО,Крюково
территория Кутузово района Крюково,территория кутузово района крюково,"ФОНД ""ЗИФ""",Строится,ЗелАО,Крюково
"Заводская ул.(пос.Малино), д. 32",заводская ул(посмалино) д 32,"ООО ""ИКС-КВ""",Строится,ЗелАО,Крюково
"ул. Заводская, дом 28 стр. 1, 2",ул заводская дом 28 стр 1 2,"ООО ""ИНТЕКПОЛИС""",Введено,ЗелАО,Крюково
"ул. Заводская, д. 25 стр. 1,2,3,4,5,8",ул заводская д 25 стр 1 2 3 4 5 8,"ООО ""ЗЗВО""",Строится,ЗелАО,Крюково
"707-й проезд, вл.4",707-й проезд вл4,"ООО ""КОМПАНИЯ ПАРКЕТ ВЮРДЕК""",Строится,ЗелАО,Крюково
"город Москва, вн. тер. г. муниципальный округ Крюково, город Зеленоград",город москва вн. тер. г. муниципальный округ крюково город зеленоград,"ООО ""ПРОЕЗД 707""",Строится,ЗелАО,Крюково
"Старое Крюково, проезд N 4806",старое крюково проезд n 4806,ЮВИСАН,Введено,ЗелАО,Старое Крюково
Шокина пл. д. 2 стр. 5,шокина пл. д 2 стр 5,ВЭБ.РФ,Строится,ЗелАО,Крюково
"Сосновая аллея, вл.6",сосновая аллея вл6,"АО ""СТМП-ЗЕЛЕНОГРАД""",Введено,ЗелАО,Савёлки
"Восточная коммунальная зона, пр. 4921",восточная коммунальная зона пр 4921,"ООО ""ВОСТОЧНАЯ""",Строится,ЗелАО,Савёлки
"г. Зеленоград, проезд № 4807, дом 2, строение 3",г. зеленоград проезд № 4807 дом 2 строение 3,"ООО НПП ""ЭЛЕМЕР""",Строится,ЗелАО,Савёлки
"Савелки, мкр. 5А, у корпуса № 531",савелки мкр. 5а у корпуса № 531,"НП МЖК ""ЗЕЛЕНОГРАД""",Строится,ЗелАО,Савёлки
"5500-й пр-д, земельный участок 4/2",5500-й пр-д земельный участок 4/2,ФСК,Введено,ЗелАО,Савёлки
"Восточно-Коммунальная Зона, проезд №5500, дом 4, стр 1",восточно-коммунальная зона проезд №5500 дом 4 стр 1,ФСК,Введено,ЗелАО,Савёлки
"проезд № 4807, з/у 7/2 (ПЗ ""Восточная"", пересечение Сосновой аллеи и Фирсановского шоссе)",проезд № 4807 зу 7/2 (пз восточная пересечение сосновой аллеи и фирсановского шоссе),"ООО ""СЭНДТРЕККЕР""",Строится,ЗелАО,Савёлки
"город Зеленоград, 5500-й проезд, земельный участок 4/4",город зеленоград 5500-й проезд земельный участок 4/4,ФСК,Введено,ЗелАО,Савёлки
у д. Захарково,у д захарково,"АО ""РУБЛЕВО-АРХАНГЕЛЬСКОЕ""",Строится,ЗАО,Кунцево
у д.Захарково,у дзахарково,"АО ""РУБЛЕВО-АРХАНГЕЛЬСКОЕ""",Строится,ЗАО,Кунцево
"Кунцево, территория АО ""Рублево -Архангельское""",кунцево территория ао рублево -архангельское,"АО ""РУБЛЕВО-АРХАНГЕЛЬСКОЕ""",Введено,ЗАО,Кунцево
"территория Акционерного общества ""Рублёво-Архангельское"", земельный участок Т04",территория акционерного общества рублево-архангельское земельный участок т04,"АО ""РУБЛЕВО-АРХАНГЕЛЬСКОЕ""",Строится,ЗАО,Кунцево
"у д. Захарково, квартал А27",у д захарково квартал а27,"АО ""РУБЛЕВО-АРХАНГЕЛЬСКОЕ""",Строится,ЗАО,Кунцево
"п. совхоза ""Крекшино"", позиция 24",п. совхоза крекшино позиция 24,"ООО ""СЗ ""НАРАСТРОЙ-М""",Строится,НАО,Внуково
д. Крекшино,д крекшино,"ООО ""ИНВЕСТ ДЕВЕЛОПМЕНТ""",Введено,НАО,Внуково
"у п. с-за Крекшино, уч-к 3",у п. с-за крекшино уч-к 3,"ООО ""СТРОЙКОМПЛЕКТ""",Введено,НАО,Внуково
"п.Совхоза Крекшино, ул.Южная, вл.23г",п.совхоза крекшино улюжная вл23г,"ООО ""ГЕС""",Строится,НАО,Внуково
"ул. Медовая Долина, земельный участок 6",ул медовая долина земельный участок 6,ХАНТ-ХОЛДИНГ,Строится,НАО,Внуково
"ул. Перспективная, д.52",ул перспективная д52,"ООО ""ФУНДАМЕНТ""",Строится,НАО,Внуково
"пос. Марушкинское, д. Большое Свинорье",пос марушкинское д большое свинорье,САМОЛЕТ,Строится,НАО,Внуково
п. Первомайское,п. первомайское,"ООО ""УК ""ЦЕНТР МЕНЕДЖМЕНТ""",Строится,ТАО,Филимонковский
"поселение Кокошкино, кв-л 39, з/у 1",поселение кокошкино кв-л 39 зу 1,САМОЛЕТ,Строится,НАО,Внуково
"Деревня Пучково, Улица Полевая Земельный участок Владение 4Б",деревня пучково улица полевая земельный участок владение 4б,ИНДИВИДУАЛЬНЫЕ ПРЕДПРИНИМАТЕЛИ,Строится,ТАО,Филимонковский
вблизи дер. Санино,вблизи дер санино,САМОЛЕТ,Введено,НАО,Внуково
"дер. Ивановское, уч. 66, 64",дер ивановское уч 66 64,ЕДИНАЯ ЕВРОПА,Строится,ТАО,Филимонковский
Санино дер. (вблизи),санино дер (вблизи),САМОЛЕТ,Введено,НАО,Внуково
"вблизи д. Санино (НАО, Кокошкино)",вблизи д санино (нао кокошкино),САМОЛЕТ,Строится,НАО,Внуково
"пос. Кокошкино, ул. Труда, д. 8",пос кокошкино ул труда д 8,МОСКОВСКИЙ ФОНД ЗАЩИТЫ ПРАВ ДОЛЬЩИКОВ,Введено,НАО,Внуково
"д. Рогозинино, ул. Луговая",д рогозинино ул луговая,"ООО ""СЗ ""КАНТРИ КЛАБ""",Строится,ТАО,Филимонковский
вблизи д. Рогозинино,вблизи д рогозинино,ЦЕНТРСТРОЙ,Введено,ТАО,Филимонковский
"поселение Марушкинское, ОНО ОПХ""Толстопальцево"", уч-к 19.",поселение марушкинское оно опхтолстопальцево уч-к 19.,ВТБ,Строится,НАО,Внуково
"поселение Марушкинское, ОНО ОПХ""Толстопальцево"", уч-к 19",поселение марушкинское оно опхтолстопальцево уч-к 19,ВТБ,Строится,НАО,Филимонковский
"ЗАО ""Первомайское"", уч-к 6",зао первомайское уч-к 6,Масаев Шамиль Хасанович,Строится,ТАО,Филимонковский
"вблизи д. Рогозинино, корп.5",вблизи д рогозинино корп5,ЦЕНТРСТРОЙ,Введено,ТАО,Филимонковский
"п. Первомайское, вблизи д. Рогозинино",п. первомайское вблизи д рогозинино,ЦЕНТРСТРОЙ,Введено,ТАО,Филимонковский
"Марушкинское, вблизи д. Давыково",марушкинское вблизи д давыково,ПИК,Введено,НАО,Внуково
"квартал 63, земельный участок 1А/8",квартал 63 земельный участок 1а/8,"ООО ""ЛОГИСТИЧЕСКИЙ ПАРТНЁР""",Введено,НАО,Внуково
дер. Марушкино (площадка №1),дер марушкино (площадка №1),УК АТЛАНТ,Строится,НАО,Внуково
"Внуково, кв-л 63, з/у 1А/8",внуково кв-л 63 зу 1а/8,"ООО ""СТРОЙ-ИМПУЛЬС""",Строится,НАО,Внуково
"Марушкино дер., (площадка №2)",марушкино дер (площадка №2),"ООО ""СЗ ""АНТЕЙ""",Строится,НАО,Внуково
"д. Марушкино, д. 1, 2, 3, 4",д марушкино д 1 2 3 4,"АО ""МОСОТДЕЛСТРОЙ № 1""",Введено,НАО,Внуково
пос. Птичное,пос птичное,"АО ""ТУКС-2""",Введено,ТАО,Филимонковский
"Марушкинское, квартал 33 з/у 3",марушкинское квартал 33 зу 3,А101,Строится,НАО,Внуково
"Деревня Марушкино, Улица Привольная Земельный участок владение 9",деревня марушкино улица привольная земельный участок владение 9,"ООО ""ЛЕСНОЙ ЗАВОД""",Строится,НАО,Внуково
"д. Постниково, квартал 33, земельный участок 3",д постниково квартал 33 земельный участок 3,А101,Строится,НАО,Внуково
"поселение Марушкинское, квартал 33, земельный участок 3",поселение марушкинское квартал 33 земельный участок 3,А101,Строится,НАО,Внуково
"Марушкинское, ОНО ""ОПХ ""Толстопальцево""",марушкинское оно опх толстопальцево,МОНАРХ,Введено,НАО,Внуково
"поселение Марушкинское, кв-л 33",поселение марушкинское кв-л 33,А101,Строится,НАО,Внуково
дер. Большое Покровское з/у 24,дер большое покровское зу 24,ИНДИВИДУАЛЬНЫЕ ПРЕДПРИНИМАТЕЛИ,Строится,НАО,Коммунарка
"д. Б. Покровское, зу 20",д б. покровское зу 20,ИНДИВИДУАЛЬНЫЕ ПРЕДПРИНИМАТЕЛИ,Строится,НАО,Внуково
"дер. Большое Покровское, земельный участок 18",дер большое покровское земельный участок 18,ИНДИВИДУАЛЬНЫЕ ПРЕДПРИНИМАТЕЛИ,Строится,НАО,Внуково
д. Большое Покровское (НАО Марушкинское),д большое покровское (нао марушкинское),ИНДИВИДУАЛЬНЫЕ ПРЕДПРИНИМАТЕЛИ,Строится,НАО,Внуково
"ул. Ленина, вл.38А",ул ленина вл38а,МОСВОДОКАНАЛ,Строится,НАО,Внуково
Изваринская ул. вл. 2,изваринская ул вл 2,АНО РСИО,Введено,ЗАО,Внуково
"с.п. Первомайское, у д. Губцево",с.п. первомайское у д губцево,"ООО ""НАРА-РЕГИОН""",Строится,ТАО,Филимонковский
Губцево дер.,губцево дер,"ООО ""НАРА-РЕГИОН""",Строится,ТАО,Филимонковский
"д, Изварино",д изварино,"ООО ""ГК ТИНГЕР""",Строится,НАО,Внуково
ул. Омская 14/4,ул омская 14/4,АБСОЛЮТ,Строится,НАО,Внуково
"Войсковая улица, вл. 1В",войсковая улица вл 1в,МАРИУС,Введено,ЗАО,Внуково
"шоссе Внуковское, рядом с д. 11-А, строен. 2",шоссе внуковское рядом с д 11-а строен. 2,"ООО ""АВАНТАЖ""",Строится,ЗАО,Внуково
"пос. Десёновское, в районе д. Яковлево",пос десеновское в районе д яковлево,МОНАРХ,Строится,ТАО,Троицк
"п.Филимонковское, кв.25, з/у 1",п.филимонковское кв.25 зу 1,ПИК,Введено,НАО,Филимонковский
"Аэропорт ""Внуково"", привокзальная площадь, участок № 8",аэропорт внуково привокзальная площадь участок № 8,МЕЖДУНАРОДНЫЙ АЭРОПОРТ ВНУКОВО,Строится,ЗАО,Внуково
Жуковка дер. (вблизи),жуковка дер (вблизи),"ЗАО ""АВУАР-ИНВЕСТ""",Строится,ТАО,Филимонковский
территория аэропорт Внуково,территория аэропорт внуково,МЕЖДУНАРОДНЫЙ АЭРОПОРТ ВНУКОВО,Строится,ЗАО,Внуково
вблизи д. Середнево,вблизи д середнево,ПИК,Строится,НАО,Филимонковский
"ОАО «Марьинская птицефабрика», НАО, Филимонковское",оао марьинская птицефабрика нао филимонковское,ПИК,Введено,НАО,Филимонковский
"ОАО ""Марьинская птицефабрика"", вблизи д. Середнево, уч. № VIII-1/1",оао марьинская птицефабрика вблизи д середнево уч № viii-1/1,ПИК,Введено,НАО,Филимонковский
"ОАО ""Марьинская птицефабрика"" (квартал № 23, дом 4, корпус 4)",оао марьинская птицефабрика (квартал № 23 дом 4 корпус 4),САМОЛЕТ,Строится,НАО,Филимонковский
"ОАО ""Марьинская птицефабрика"" (квартал № 23, дом 4, корпус 5)",оао марьинская птицефабрика (квартал № 23 дом 4 корпус 5),САМОЛЕТ,Строится,НАО,Филимонковский
"ОАО ""Марьинская птицефабрика"" (квартал № 23, дом 4, корпус 2)",оао марьинская птицефабрика (квартал № 23 дом 4 корпус 2),САМОЛЕТ,Строится,НАО,Филимонковский
"ОАО ""Марьинская птицефабрика"" (квартал № 23, дом 4, корпус 3)",оао марьинская птицефабрика (квартал № 23 дом 4 корпус 3),САМОЛЕТ,Строится,НАО,Филимонковский
"ОАО ""Марьинская птицефабрика"" (квартал № 23, дом 4, корпус 1)",оао марьинская птицефабрика (квартал № 23 дом 4 корпус 1),САМОЛЕТ,Строится,НАО,Филимонковский
"квартал 176, земельный участок 1/1",квартал 176 земельный участок 1/1,САМОЛЕТ,Строится,НАО,Филимонковский
"поселение Внуковское, квартал 9, земельный участок 1",поселение внуковское квартал 9 земельный участок 1,АБСОЛЮТ,Введено,НАО,Внуково
"Рассказовская ул. , напротив д. 30",рассказовская ул напротив д 30,ПРАВОСЛАВИЕ,Строится,ЗАО,Внуково
"Филимонковское, кв.65, з/у 3",филимонковское кв.65 зу 3,САМОЛЕТ,Строится,НАО,Филимонковский
д. Староселье,д староселье,САМОЛЕТ,Строится,НАО,Филимонковский
"кв-л 176, з/у 2",кв-л 176 зу 2,САМОЛЕТ,Строится,НАО,Филимонковский
"Филимонковское, кв-л 174",филимонковское кв-л 174,САМОЛЕТ,Строится,НАО,Филимонковский
"поселение Внуковское, д. Рассказовка, уч. № 13/1",поселение внуковское д рассказовка уч № 13/1,АБСОЛЮТ,Строится,НАО,Внуково
"деревня Лапшинка, земельный участок 57Г",деревня лапшинка земельный участок 57г,"ГКУ ""МОСКВОРЕЧЬЕ""",Введено,НАО,Внуково
"ул. Карьерная, з/у 1",ул карьерная зу 1,ИНДИВИДУАЛЬНЫЕ ПРЕДПРИНИМАТЕЛИ,Строится,ЗАО,Внуково
Староселье дер. ( НАО: поселение Филимонковское ),староселье дер ( нао: поселение филимонковское ),САМОЛЕТ,Введено,НАО,Филимонковский
"Староселье дер., д.2",староселье дер д2,САМОЛЕТ,Строится,НАО,Филимонковский
деревня Староселье,деревня староселье,САМОЛЕТ,Введено,НАО,Филимонковский
"Москва, п. Филимонковское, ОАО «Марьинская птицефабрика»",москва п. филимонковское оао марьинская птицефабрика,"АО ""КАПСТРОЙСИТИ""",Введено,НАО,Филимонковский
"Внуковское, д. Рассказовка, з/у 204",внуковское д рассказовка зу 204,САМОЛЕТ,Строится,НАО,Внуково
Лапшинка дер. (в районе),лапшинка дер (в районе),"АО ""УКС ИКС И Д""",Строится,ЗАО,Ново-Переделкино
дер. Староселье,дер староселье,САМОЛЕТ,Строится,НАО,Филимонковский
"д. Рассказовка, уч. № 13/2",д рассказовка уч № 13/2,АБСОЛЮТ,Введено,НАО,Внуково
"пос. Филимонковское, ОАО «Марьинская птицефабрика»",пос филимонковское оао марьинская птицефабрика,ПИК,Введено,НАО,Филимонковский
"д. Рассказовка, уч. № 13/2, 14-й квартал",д рассказовка уч № 13/2 14-й квартал,АБСОЛЮТ,Введено,НАО,Внуково
"квартал 176, земельный участок 1/2",квартал 176 земельный участок 1/2,САМОЛЕТ,Строится,НАО,Филимонковский
"п. Ватутинки, уч. № 110ю и уч. № 111ю",п. ватутинки уч № 110ю и уч № 111ю,ГРУППА РОДИНА,Введено,НАО,Троицк
"в районе пос. Переделкино, регламентный участок №4",в районе пос переделкино регламентный участок №4,"ФОНД ""ПОДАРИ ЖИЗНЬ""",Строится,НАО,Внуково
"в районе пос.Переделкино, регламентный участок №4",в районе поспеределкино регламентный участок №4,"ФОНД ""ПОДАРИ ЖИЗНЬ""",Строится,НАО,Внуково
"в районе п. Переделкино, регламентный участок №4",в районе п. переделкино регламентный участок №4,"ФОНД ""ПОДАРИ ЖИЗНЬ""",Строится,НАО,Внуково
"поселение Московский, в районе д. Лапшинка",поселение московский в районе д лапшинка,"ООО СЗ ""СК ""КЛЮЧ""",Введено,НАО,Внуково
"посёлок Марьино, дом 2, строение 1",поселок марьино дом 2 строение 1,"ООО ""СТРОИТЕЛЬНАЯ КОМПАНИЯ ВЕЛЕСЪ""",Введено,НАО,Филимонковский
"д. Рассказовка, 18 квартал",д рассказовка 18 квартал,АБСОЛЮТ,Строится,НАО,Внуково
"Москва, п. Десёновское, д. Ватутинки, ул. Офицерская, вл.11",москва п. десеновское д ватутинки ул офицерская вл11,МОНАРХ,Введено,НАО,Троицк
"улица Анны Ахматовой, земельный участок 11, Боровское шоссе, 28-й километр, земельный участок 2Б",улица анны ахматовой земельный участок 11 боровское шоссе 28-й километр земельный участок 2б,ТПУ РАССКАЗОВКА,Строится,НАО,Внуково
д.Сенькино-Секерино,дсенькино-секерино,"ООО ""ТЕПЛОГАЗСЕРВИСПРОЕКТ""",Строится,ТАО,Краснопахорский
"дер. Сенькино-Секерино, з/у 136",дер сенькино-секерино зу 136,ИНДИВИДУАЛЬНЫЕ ПРЕДПРИНИМАТЕЛИ,Строится,СЗАО,Куркино
Каменка дер.,каменка дер,"ООО ""СЗ ""ПАРК ЧЕМПИОНОВ""",Строится,ТАО,Филимонковский
Михайлово-Ярцевское,михайлово-ярцевское,АБ КАПИТАЛ,Введено,ТАО,Краснопахорский
"вблизи п. Секерино, земельный участок 6",вблизи п. секерино земельный участок 6,НПП ГИДРИКС,Строится,ТАО,Краснопахорский
"кв-л 16, уч. Владение1, вблизи д. Рыжово",кв-л 16 уч владение1 вблизи д рыжово,ИНДИВИДУАЛЬНЫЕ ПРЕДПРИНИМАТЕЛИ,Строится,ТАО,Вороново
"город Москва, вн. тер. г. муниципальный округ Вороново, деревня Бабенки, земельный участок 46",город москва вн. тер. г. муниципальный округ вороново деревня бабенки земельный участок 46,ИНДИВИДУАЛЬНЫЕ ПРЕДПРИНИМАТЕЛИ,Строится,ТАО,Вороново
"поселок Армейский, з/у 11",поселок армейский зу 11,МОСГАЗ,Строится,ТАО,Краснопахорский
"поселение Михайлово-Ярцевское, пос. Армейский",поселение михайлово-ярцевское пос армейский,МОСГАЗ,Строится,ТАО,Краснопахорский
вблизи д. Поляны,вблизи д поляны,ИНДИВИДУАЛЬНЫЕ ПРЕДПРИНИМАТЕЛИ,Введено,ТАО,Краснопахорский
"вн.тер.г. Муниципальный округ Краснопахорский, квартал 79",вн.тер.г. муниципальный округ краснопахорский квартал 79,"ООО СЗ ""ЛЕВЕЛ ЗВЕНИГОРОДСКАЯ""",Строится,ТАО,Краснопахорский
"город Москва, муниципальный округ Краснопахорский",город москва муниципальный округ краснопахорский,"ООО ""ЮНИКЕН""",Строится,ТАО,Краснопахорский
"вн.тер.г. муниципальный округ Краснопахорский, квартал 220, земельный участок 22",вн.тер.г. муниципальный округ краснопахорский квартал 220 земельный участок 22,"ООО ""ЮНИКЕН""",Строится,ТАО,Краснопахорский
Поляны дер. вблизи,поляны дер вблизи,"ООО ""ТЕРРИТОРИЯ ЗАБОТЫ""",Введено,ТАО,Краснопахорский
муниципальный округ Краснопахорский,муниципальный округ краснопахорский,"ООО ""ЮНИКЕН""",Строится,ТАО,Краснопахорский
"с. Былово, вл. 1Г",с. былово вл 1г,"ООО ""ТСП""",Введено,ТАО,Краснопахорский
"г. Троицк, ул. Николая Сладкова",г. троицк ул николая сладкова,"ООО ""ЛЕСНАЯ СКАЗКА""",Введено,ТАО,Троицк
"г. Троицк, ул. Николая Сладкова, влд. 2",г. троицк ул николая сладкова влд. 2,"ООО ""ЛЕСНАЯ СКАЗКА""",Введено,ТАО,Троицк
"ул.Николая Сладкова, дом поз.23",улниколая сладкова дом поз.23,"ООО ""ЛЕСНАЯ СКАЗКА""",Строится,ТАО,Троицк
Промышленная ул. (г.Троицк),промышленная ул (г.троицк),"ООО ""ЭКОДОМ""",Строится,ТАО,Троицк
улица Академика Франка,улица академика франка,"ООО ""СЗ ТРОИЦКЖИЛСТРОЙ""",Строится,ТАО,Троицк
Улица Квантовая Земельный участок 4,улица квантовая земельный участок 4,"АО ""СТРОЙ СИТИ""",Строится,ТАО,Троицк
"ул. Академика Франка, зем. участок 21",ул академика франка зем. участок 21,"ООО ""АРХПРОЕКТ""",Введено,ТАО,Троицк
"ул. Академика Франка, з/у18/2",ул академика франка зу 18/2,"АО ""СТРОЙ СИТИ""",Строится,ТАО,Троицк
"г. Троицк, ул. Академика Франка",г. троицк ул академика франка,"ООО ""СЗ ТРОИЦКЖИЛСТРОЙ""",Строится,ТАО,Троицк
"деревня Красная Пахра, земельный участок 55 Ж",деревня красная пахра земельный участок 55 ж,"ПУБЛИЧНОЕ АКЦИОНЕРНОЕ ОБЩЕСТВО ""РОССИЙСКИЕ СЕТИ""",Строится,ТАО,Краснопахорский
"вн. тер. г. муниципальный округ Краснопахорский, село Красная Пахра, улица Почтовая, земельный участок 2В",вн. тер. г. муниципальный округ краснопахорский село красная пахра улица почтовая земельный участок 2в,ПРАВОСЛАВИЕ,Строится,ТАО,Коммунарка
ул. Физическая,ул физическая,"ЖСК ""ПРОТОН""",Строится,ТАО,Троицк
"ул. Академика Дыхне, з/у 1",ул академика дыхне зу 1,МОСКОВСКИЙ ФОНД ЗАЩИТЫ ПРАВ ДОЛЬЩИКОВ,Строится,ТАО,Троицк
"ул. Академика Черенкова, д. 18",ул академика черенкова д 18,"ООО ""СТАРТ""",Строится,ТАО,Троицк
Октябрьский проспект,октябрьский проспект,ГСК-9,Введено,ТАО,Троицк
"Троицк, ул. Академика Дыхне, з/у 1",троицк ул академика дыхне зу 1,МОСКОВСКИЙ ФОНД ЗАЩИТЫ ПРАВ ДОЛЬЩИКОВ,Введено,ТАО,Троицк
"ул. Академика франка, з/у 19 А",ул академика франка зу 19 а,"ООО ""ЭКОДОМ""",Строится,ТАО,Троицк
"микрорайон В, влд.13А",микрорайон в влд.13а,"ООО ""ОЛМИНА""",Введено,ТАО,Троицк
"микрорайон «В», влд. 52А",микрорайон в влд. 52а,"ЖСК ""ЛЕСНОЙ""",Строится,ТАО,Троицк
"д. Колотилово, д.1",д колотилово д1,ИНДИВИДУАЛЬНЫЕ ПРЕДПРИНИМАТЕЛИ,Строится,ТАО,Краснопахорский
"ул. Физическая, земельный участок. 29/1",ул физическая земельный участок. 29/1,"АО ""СМП-1""",Введено,ТАО,Троицк
"Прибрежная ул., д. 11",прибрежная ул д 11,"ООО ""ОЛИМП""",Введено,ТАО,Троицк
"Заречная улица, стр. 8",заречная улица стр 8,НОВЫЕ КВАРТАЛЫ,Введено,ТАО,Троицк
Текстильщиков ул. д. 2 (Корпус1),текстильщиков ул д 2 (корпус1),МОСКОВСКИЙ ФОНД ЗАЩИТЫ ПРАВ ДОЛЬЩИКОВ,Введено,ТАО,Троицк
Текстильщиков ул. д. 2 (Корпус 2),текстильщиков ул д 2 (корпус 2),МОСКОВСКИЙ ФОНД ЗАЩИТЫ ПРАВ ДОЛЬЩИКОВ,Введено,ТАО,Троицк
"ул. Новостройка, д. 29",ул новостройка д 29,ИНДИВИДУАЛЬНЫЕ ПРЕДПРИНИМАТЕЛИ,Строится,ТАО,Троицк
"Город Москва, Город Троицк, Улица Новостройка Дом 32",город москва город троицк улица новостройка дом 32,"ООО ""АРХПРОЕКТ""",Строится,ТАО,Троицк
"Улица Пушковых, Земельный участок 5А",улица пушковых земельный участок 5а,ИНДИВИДУАЛЬНЫЕ ПРЕДПРИНИМАТЕЛИ,Строится,ТАО,Троицк
Софьино дер.,софьино дер,ИНДИВИДУАЛЬНЫЕ ПРЕДПРИНИМАТЕЛИ,Строится,ТАО,Краснопахорский
поселение Троицк,поселение троицк,"ГКУ ""УДМС""",Строится,ТАО,Троицк
тер. СНТ Ветеран-1,тер. снт ветеран-1,"ООО СЗ ""ВЫБОР-СТОЛИЦА""",Введено,ТАО,Троицк
"39 км Калужского ш., д. 3а",39 км калужского ш д 3а,"ООО ""ЛЕН - КО""",Строится,ТАО,Троицк
"поселение Краснопахорское, квартал 147, з\у 1Д",поселение краснопахорское квартал 147 з\уч 1д,ВАЙЛДБЕРРИЗ,Строится,ТАО,Краснопахорский
"Город Троицк, улица Рождественская, з/у 31, з/у 33",город троицк улица рождественская зу 31 зу 33,OCTOBER GROUP,Строится,ТАО,Троицк
"Город Троицк, улица Рождественская, з/у 34, з/у 36, з/у 38",город троицк улица рождественская зу 34 зу 36 зу 38,OCTOBER GROUP,Строится,ТАО,Троицк
вблизи д. Софьино,вблизи д софьино,"ООО ""МАРЕНСИС""",Строится,ТАО,Краснопахорский
"деревня Ватутинки, дом 3",деревня ватутинки дом 3,ИНДИВИДУАЛЬНЫЕ ПРЕДПРИНИМАТЕЛИ,Строится,НАО,Троицк
"в районе д. Ватутинки, уч. 2 (квартал № 102, дом 4, корпус 1)",в районе д ватутинки уч 2 (квартал № 102 дом 4 корпус 1),МОСИНЖПРОЕКТ,Введено,НАО,Троицк
"в районе д. Ватутинки, уч. 2 (квартал № 102, дом 4, корпус 2)",в районе д ватутинки уч 2 (квартал № 102 дом 4 корпус 2),МОСИНЖПРОЕКТ,Введено,НАО,Троицк
"в районе д. Ватутинки, уч. 2 (квартал № 102, дом 4, корпус 4)",в районе д ватутинки уч 2 (квартал № 102 дом 4 корпус 4),МОСИНЖПРОЕКТ,Введено,НАО,Троицк
д. Раево,д раево,МОСКОВСКИЙ ФОНД ЗАЩИТЫ ПРАВ ДОЛЬЩИКОВ,Введено,ТАО,Краснопахорский
"п. Краснопахорское, д. Раево",п. краснопахорское д раево,МОСКОВСКИЙ ФОНД ЗАЩИТЫ ПРАВ ДОЛЬЩИКОВ,Введено,ТАО,Краснопахорский
вблизи д. Васюнино,вблизи д васюнино,"ООО ""ВАСХОЗ""",Строится,ТАО,Вороново
Бунчиха дер.,бунчиха дер,"ОБЩЕСТВОСОГРАНИЧЕННОЙОТВЕТСТВЕННОСТЬЮ""САНОЙЛ""",Строится,ТАО,Вороново
"пос. Рогово, корп.А, корп.Б",пос рогово корпа корпб,"ЖСК ""РОГОВСКИЙ""",Введено,ТАО,Вороново
с. Ознобишино,с. ознобишино,"ООО ""ВОРТЕКС ПЛЮС""",Строится,ТАО,Краснопахорский
д. Львово,д львово,"ООО ""БАЗА УПТК""",Строится,ТАО,Вороново
"вн.тер.г. поселение Вороновское, квартал № 32, земельный участок 2",вн.тер.г. поселение вороновское квартал № 32 земельный участок 2,"ООО ""МЗ ""ПОТОК""",Строится,ТАО,Вороново
"пос. ЛМС, мкр. Центральный",пос лмс мкр. центральный,ИНДИВИДУАЛЬНЫЕ ПРЕДПРИНИМАТЕЛИ,Введено,ТАО,Вороново
"шоссе Варшавское, километр 64-й, земельный участок 1/2",шоссе варшавское километр 64-й земельный участок 1/2,"ГБУ ""МИГРАЦИОННЫЙ ЦЕНТР""",Строится,ТАО,Вороново
Вороново. квартал 790. земельный участок 1/3,вороново. квартал 790. земельный участок 1/3,МОСВОДОКАНАЛ,Строится,ТАО,Вороново
вблизи с.Покровское,вблизи с.покровское,СКОЛБЕРГ,Введено,ТАО,Вороново
"Новоподрезково, дер. Верескино - река Сходня",новоподрезково дер верескино - река сходня,"ООО ""ФИНАНСТЕХНОКОМПЛЕКТ""",Строится,САО,Молжаниновский
"Барышиха ул., вл. 49",барышиха ул вл 49,"ГСК ""МИТИНО 48 - 49""",Строится,СЗАО,Митино
ш. Пятницкое .вл. 53,ш пятницкое .вл 53,ИНДИВИДУАЛЬНЫЕ ПРЕДПРИНИМАТЕЛИ,Строится,СЗАО,Митино
"ул. Барышиха, вл. 32",ул барышиха вл 32,"ООО ""ПРОМЦЕНТРПЛАСТ""",Строится,СЗАО,Митино
Синявинская ул. д. 9,синявинская ул д 9,"АО ""ЖИЛСЕРВИС""",Введено,САО,Молжаниновский
улица Зенитчиков,улица зенитчиков,КП УГС,Введено,СЗАО,Митино
"ул. Зенитчиков, ЗУ 4",ул зенитчиков зу 4,"ООО ""МОСУПАК""",Строится,СЗАО,Митино
"Синявинская ул., вл.11",синявинская ул вл11,КП УГС,Введено,САО,Молжаниновский
"1-я Сестрорецкая улица, земельный участок 6Б",1-я сестрорецкая улица земельный участок 6б,"АНО ""РСИ""",Введено,САО,Молжаниновский
"Территория ТПУ «Пятницкое шоссе», СЗАО, Митино",территория тпу пятницкое шоссе сзао митино,TASHIR,Строится,СЗАО,Митино
ш. Ленинградское,ш ленинградское,ФСК,Введено,САО,Молжаниновский
"Внутригородское муниципальное образование Молжаниновское, КСХП «Химки»",внутригородское муниципальное образование молжаниновское ксхп химки,САМОЛЕТ,Строится,САО,Молжаниновский
"вблизи с. Рождествено, участок № 6.1",вблизи с. рождествено участок № 6.1,CAPITAL GROUP,Строится,СЗАО,Митино
Молжаниновский р-н,молжаниновский р-н,РЖД,Строится,САО,Молжаниновский
Рождествено с. (вблизи),рождествено с. (вблизи),ПИК,Строится,СЗАО,Митино
"Митино, вблизи села Рождествено",митино вблизи села рождествено,ПИК,Введено,СЗАО,Митино
"шоссе Ленинградское, з/у 13, з/у 202",шоссе ленинградское зу 13 зу 202,САМОЛЕТ,Строится,САО,Молжаниновский
"вблизи села Рождествено (Муравская ул.,д.46, к.1)",вблизи села рождествено (муравская ул д46 к1),АКВИЛОН,Введено,СЗАО,Митино
"вблизи села Рождествено, участок № 7",вблизи села рождествено участок № 7,АКВИЛОН,Введено,СЗАО,Митино
"Москва, САО, Молжаниновский район",москва сао молжаниновский район,ФСК,Введено,САО,Молжаниновский
"Ленинградское шоссе, д. 228, корп. 1",ленинградское шоссе д 228 корп 1,ФСК,Введено,САО,Молжаниновский
ул. 2-я Новосёлки,ул 2-я новоселки,ФСК,Строится,САО,Молжаниновский
Проектируемый проезд №5082,проектируемый проезд №5082,"ООО ""ВАШУТИНО""",Строится,САО,Краснопахорский
Проектируемый пр. N 5082,проектируемый пр n 5082,"ООО ""МАШУК""",Строится,САО,Молжаниновский
"Куркино, Воротынская вл 14 корп. 1",куркино воротынская вл 14 корп 1,ПРАВОСЛАВИЕ,Строится,СЗАО,Куркино
"Пятницкое шоссе, земельный участок 4",пятницкое шоссе земельный участок 4,ИНДИВИДУАЛЬНЫЕ ПРЕДПРИНИМАТЕЛИ,Строится,СЗАО,Митино
Новосходненское шоссе вл. 2 стр. 1,новосходненское шоссе вл 2 стр 1,"ООО ""БАЛТСТРОЙПРОЕКТ""",Введено,САО,Молжаниновский
"ш. Куркинское, 15",ш куркинское 15,"ООО ""СЗ ""КУРКИНСКИЙ ПРОЕКТ""",Строится,СЗАО,Куркино
Героев Панфиловцев ул. уч. 28 А,героев панфиловцев ул уч 28 а,"БЛАГОТВОРИТЕЛЬНЫЙ ФОНД ""СЕМЬЯ ВМЕСТЕ""",Строится,СЗАО,Северное Тушино
"Героев Панфиловцев ул., 31",героев панфиловцев ул 31,ФОНД РЕНОВАЦИИ,Введено,СЗАО,Северное Тушино
Строительный проезд 9/9,строительный проезд 9/9,ФСК,Строится,СЗАО,Покровское-Стрешнево
"Куркино, МКАД 74 км (внешняя сторона)",куркино мкад 74 км (внешняя сторона),"ООО ""ДУНФАН СЕРВИС""",Строится,СЗАО,Куркино
"Лациса Вилиса ул. вл. 2/1, 2/2",лациса вилиса ул вл 2/1 2/2,ПРАВОСЛАВИЕ,Введено,СЗАО,Северное Тушино
"ул. Героев Панфиловцев, вл. 10, корп. 1, стр.16/4",ул героев панфиловцев вл 10 корп 1 стр16/4,КОНЦЕРН ВКО АЛМАЗ - АНТЕЙ,Введено,СЗАО,Северное Тушино
"Сходненская ул., вл. 42",сходненская ул вл 42,ФОНД РЕНОВАЦИИ,Введено,СЗАО,Южное Тушино
"ул. Новопоселковая, вл. 6",ул новопоселковая вл 6,ФОНД РЕНОВАЦИИ,Строится,СЗАО,Южное Тушино
"ш. Ленинградское, вл. 69",ш ленинградское вл 69,WAINBRIDGE,Введено,САО,Левобережный
"Москва, САО, Левобережный, Ленинградское шоссе вл. 69",москва сао левобережный ленинградское шоссе вл 69,WAINBRIDGE,Строится,САО,Левобережный
"Досфлота пр., вл. 10, стр. 1",досфлота пр вл 10 стр 1,"АО СЗ ""КАПИТАЛ-ИНВЕСТ""",Введено,СЗАО,Южное Тушино
проезд Досфлота,проезд досфлота,"АО ""СК СТАРТ""",Строится,СЗАО,Южное Тушино
Досфлота вл 2,досфлота вл 2,ФОНД РЕНОВАЦИИ,Введено,СЗАО,Южное Тушино
"Лодочная улица, влд. 11",лодочная улица влд. 11,ФОНД РЕНОВАЦИИ,Введено,СЗАО,Южное Тушино
"город Москва, вн.тер.г. муниципальный округ Левобережный, шоссе Ленинградское, земельный участок 63А/3",город москва вн.тер.г. муниципальный округ левобережный шоссе ленинградское земельный участок 63а/3,"ООО ""СПЕЦИАЛИЗИРОВАННЫЙ ЗАСТРОЙЩИК ""СРП""",Строится,САО,Левобережный
"ул. Лодочная, вл. 27, корп. 2",ул лодочная вл 27 корп 2,АТЛАС ДЕВЕЛОПМЕНТ,Строится,СЗАО,Южное Тушино
"Ленинградское шоссе, вл. 61, стр. 2, 5, 6, 7, 8, 10,11",ленинградское шоссе вл 61 стр 2 5 6 7 8 10 11,"ООО ""АЛЬБАТРОС""",Введено,САО,Левобережный
"Ленинградское шоссе, земельный участок 57/4/1",ленинградское шоссе земельный участок 57/4/1,МАНГАЗЕЯ,Строится,САО,Левобережный
Ленинградское шоссе вл. 59,ленинградское шоссе вл 59,ПРАВОСЛАВИЕ,Строится,САО,Левобережный
"ул.Лодочная ,вл.20 (СЗАО, район Южное Тушино)",уллодочная вл20 (сзао район южное тушино),"ООО ""ТОРГОВЫЙ ДОМ РУСЛАН Э""",Строится,СЗАО,Южное Тушино
Левобережный мкр. 1Б корп. 39А,левобережный мкр. 1б корп 39а,СК ЛЮБЕРЕЦКИЙ,Введено,САО,Левобережный
"Москва, САО,район Ховрино, ул. Левобережная, вл. 6/Б",москва сао район ховрино ул левобережная вл 6/б,АФИНАСТРОЙ,Строится,САО,Ховрино
"гфз Москва, Северный а.о.",гфз москва северный а.о.,РЖД,Строится,САО,Ховрино
"ул. Зеленоградская,",ул зеленоградская ,МОСКОВСКИЙ МЕТРОПОЛИТЕН,Введено,САО,Ховрино
"Дыбенко ул. д. 1""Б"" стр. 1",дыбенко ул д 1б стр 1,"ООО ""ВИТЯЗЬ""",Введено,САО,Ховрино
Ленинградское шоссе д. 52А,ленинградское шоссе д 52а,ХАМА,Строится,САО,Войковский
"Ленинградское шоссе, вл. 39/1",ленинградское шоссе вл 39/1,ПРАВОСЛАВИЕ,Строится,САО,Войковский
"Кронштадтский бульвар., вл. 9",кронштадтский бульвар. вл 9,ПИК,Введено,САО,Головинский
Макарова адмирала ул. вл. 41,макарова адмирала ул вл 41,"АО ""НОВАЯ КОНЦЕПЦИЯ""",Введено,САО,Войковский
"улица Авангардная, земельный участок 12",улица авангардная земельный участок 12,ФОНД РЕНОВАЦИИ,Строится,САО,Головинский
"б-р Кронштадтский, вл.1",б-р кронштадтский вл1,ПИК,Строится,САО,Головинский
"ул. Маршала Федоренко, вл. 1",ул маршала федоренко вл 1,ГК РМ,Строится,САО,Западное Дегунино
Кронштадтский бульв. д. 14,кронштадтский бульв. д 14,ПИК,Введено,САО,Головинский
"ул. Выборгская, вл. 18, стр. 2",ул выборгская вл 18 стр 2,КОНЦЕРН КРОСТ,Строится,САО,Войковский
Кронштадтский бульвар,кронштадтский бульвар,ПИК,Строится,САО,Головинский
"Коровинское шоссе, вл. 35, ул. Ижорская, вл. 6, 8",коровинское шоссе вл 35 ул ижорская вл 6 8,ПИК,Строится,САО,Западное Дегунино
"улица Ижорская, земельный участок 6/4",улица ижорская земельный участок 6/4,ПИК,Строится,САО,Западное Дегунино
"улица Ижорская, земельный участок 6/2",улица ижорская земельный участок 6/2,ПИК,Строится,САО,Западное Дегунино
"улица Флотская, земельный участок 66/2",улица флотская земельный участок 66/2,ФОНД РЕНОВАЦИИ,Строится,САО,Головинский
"улица Флотская, земельный участок 68",улица флотская земельный участок 68,ФОНД РЕНОВАЦИИ,Строится,САО,Головинский
"улица Флотская, земельный участок 66/1",улица флотская земельный участок 66/1,ФОНД РЕНОВАЦИИ,Строится,САО,Головинский
"Онежская улица, вл. 35, корп. 5",онежская улица вл 35 корп 5,КП УГС,Введено,САО,Головинский
"Коровинское шоссе, вл. 41А, корп. 1",коровинское шоссе вл 41а корп 1,"ООО ""УПРАВЛЯЮЩАЯ КОМПАНИЯ ПРОМЕТЕЙ""",Введено,САО,Западное Дегунино
"Михалковская ул. вл. 52 стр. 7,11",михалковская ул вл 52 стр 7 11,SUN DEVELOPMENT,Введено,САО,Головинский
Михалковская ул. вл. 48,михалковская ул вл 48,РГ-ДЕВЕЛОПМЕНТ,Введено,САО,Головинский
"Нарвская ул., вл. 2А",нарвская ул вл 2а,"ООО ""ТЕМБР""",Строится,САО,Коптево
"ул. Ижорская, з/у 13/16",ул ижорская зу 13/16,ФГБУН ИНСТИТУТ ТЕОРЕТИЧЕСКОЙ И ПРИКЛАДНОЙ ЭЛЕКТРОДИНАМИКИ РОССИЙСКОЙ АКАДЕМИИ НАУК,Строится,САО,Дмитровский
"Коровинское шоссе, земельный участок 35/18",коровинское шоссе земельный участок 35/18,ПИК,Введено,САО,Западное Дегунино
"Базовская ул., з/у 24Б",базовская ул зу 24б,ФОНД РЕНОВАЦИИ,Введено,САО,Западное Дегунино
"Ижорская улица, вл.13/19, корп.10",ижорская улица вл13/19 корп10,"ООО ""ДОХОДНЫЙ ДОМ""",Строится,САО,Дмитровский
"ул. Путейская, д. 7, стр. 1",ул путейская д 7 стр 1,ЛОГИСТИКА КС,Строится,САО,Западное Дегунино
"улица Ижорская, земельный участок 6/6",улица ижорская земельный участок 6/6,ПИК,Строится,САО,Западное Дегунино
"ул. Ангарская, вл. 49",ул ангарская вл 49,МСУ-24,Строится,САО,Дмитровский
"Долгопрудненское шоссе, вл. 5",долгопрудненское шоссе вл 5,ALCON,Строится,СВАО,Северный
"Северный, Новодачная ул.",северный новодачная ул,ОСНОВА,Введено,СВАО,Северный
"Дмитровское шоссе, влд. 163",дмитровское шоссе влд. 163,КП УГС,Введено,СВАО,Северный
"Карельский бульвар, вл.1/24 (Клязьминская ул., вл.26)",карельский бульвар вл1/24 (клязьминская ул вл26),ФОНД РЕНОВАЦИИ,Строится,САО,Дмитровский
"улица Долгопрудная, з/у 8/1/1",улица долгопрудная зу 8/1/1,ФОНД РЕНОВАЦИИ,Строится,САО,Дмитровский
"Долгопрудная ул., вл. 10",долгопрудная ул вл 10,ФОНД РЕНОВАЦИИ,Введено,САО,Дмитровский
"Дмитровское шоссе, вл.107",дмитровское шоссе вл107,ГРАД,Введено,САО,Дмитровский
"Коровинское шоссе, земельный участок 2/4",коровинское шоссе земельный участок 2/4,ФОНД РЕНОВАЦИИ,Строится,САО,Бескудниковский
Черепановых пр. д. 54А,черепановых пр д 54а,ФОНД РЕНОВАЦИИ,Введено,САО,Коптево
"Афанасовское шоссе, земельный участок 1А",афанасовское шоссе земельный участок 1а,"АО ""ФАРМСТАНДАРТ""",Строится,СВАО,Северный
"ул. Долгопрудная, з/у 6",ул долгопрудная зу 6,ФОНД РЕНОВАЦИИ,Строится,САО,Дмитровский
"Бескудниковский бульвар, земельный участок 48 (Зоны 3.2, 3.4)",бескудниковский бульвар земельный участок 48 (зоны 3.2 3.4),"ООО ""СПЕЦИАЛИЗИРОВАННЫЙ ЗАСТРОЙЩИК ""БСК-СТРОЙ""",Строится,САО,Бескудниковский
"Бескудниковский бульвар, земельный участок 46 (зона 3.3)",бескудниковский бульвар земельный участок 46 (зона 3.3),"ООО ""СПЕЦИАЛИЗИРОВАННЫЙ ЗАСТРОЙЩИК ""БСК-СТРОЙ""",Строится,САО,Бескудниковский
"Дмитровское шоссе, земельный участок 93/2 (Дмитровское шоссе вл. 93 корп. 2)",дмитровское шоссе земельный участок 93/2 (дмитровское шоссе вл 93 корп 2),ФОНД РЕНОВАЦИИ,Введено,САО,Бескудниковский
"проезд Ильменский, земельный участок 13/8",проезд ильменский земельный участок 13/8,ПИК,Строится,САО,Западное Дегунино
"Северный микрорайон 9, корпус 25",северный микрорайон 9 корпус 25,"ООО ""ЭЛЬБРУС""",Введено,СВАО,Северный
"Москва, СВАО, Северный, Дмитровское шоссе вл. 165Е кв. 9",москва свао северный дмитровское шоссе вл 165е кв. 9,ПРАВОСЛАВИЕ,Введено,СВАО,Северный
Дмитровское шоссе д. 110,дмитровское шоссе д 110,КОНЦЕРН ВКО АЛМАЗ - АНТЕЙ,Строится,САО,Дмитровский
На пересечении Дмитровского и Коровинского шоссе с Селигерской и Пяловской улицами,на пересечении дмитровского и коровинского шоссе с селигерской и пяловской улицами,TASHIR,Введено,САО,Дмитровский
"Дмитровское ш., вл.87",дмитровское ш вл87,MR GROUP,Строится,САО,Западное Дегунино
"Дмитровское шоссе, вл.83А",дмитровское шоссе вл83а,DOMINANTA,Строится,САО,Западное Дегунино
"Ильменский пр, вл.12",ильменский пр вл12,LEVEL GROUP,Введено,САО,Западное Дегунино
"пр. Ильменский, вл. 14",пр ильменский вл 14,MR GROUP,Введено,САО,Западное Дегунино
"проезд Ильменский, земельный участок 11/1",проезд ильменский земельный участок 11/1,ПИК,Строится,САО,Западное Дегунино
"г. Москва, Дмитровское шоссе, вл. 110, стр. 7",г. москва дмитровское шоссе вл 110 стр 7,КОНЦЕРН ВКО АЛМАЗ - АНТЕЙ,Строится,САО,Дмитровский
"Дмитровское шоссе, земельный участок 82/1/1, земельный участок 82",дмитровское шоссе земельный участок 82/1/1 земельный участок 82,МОСКОВСКИЙ МЕТРОПОЛИТЕН,Строится,САО,Бескудниковский
Дмитровское шоссе вл. 108А/1 и 108А,дмитровское шоссе вл 108а/1 и 108а,ВИММ-БИЛЛЬ-ДАНН,Строится,САО,Восточное Дегунино
"Ильменский проезд, вл. 1 ( САО: район Западное Дегунино )",ильменский проезд вл 1 ( сао: район западное дегунино ),ЛСР,Строится,САО,Западное Дегунино
"Ильменский пр., з/у 4, 4/1",ильменский пр зу 4 4/1,ЛСР,Введено,САО,Западное Дегунино
"Ильменский проезд, вл. 1",ильменский проезд вл 1,ЛСР,Строится,САО,Западное Дегунино
"ул. Верхнелихоборская, вл. 7б",ул верхнелихоборская вл 7б,РЖД,Введено,САО,Бескудниковский
Северная 9-я линия уч. 1/5,северная 9-я линия уч 1/5,"ООО ""ЖИЛСПЕЦПРОЕКТ""",Введено,СВАО,Северный
"ул. 9-я Северная линия, д. 25, к. 2",ул 9-я северная линия д 25 к 2,"ООО ""ЖИЛСПЕЦПРОЕКТ""",Введено,СВАО,Северный
"Дубнинская ул., вл. 75А",дубнинская ул вл 75а,"ООО ""РАНДЕВУ""",Введено,САО,Восточное Дегунино
"Бескудниковский пр., вл. 4",бескудниковский пр вл 4,ПРАВОСЛАВИЕ,Введено,САО,Бескудниковский
"Дмитровское шоссе, земельный участок 75/77",дмитровское шоссе земельный участок 75/77,UDS,Введено,САО,Западное Дегунино
"Дмитровское шоссе, вл.75 (1-ый этап)",дмитровское шоссе вл75 (1-ый этап),"СЗ ""САМАН""",Строится,САО,Западное Дегунино
"Дмитровское шоссе, вл.71, корп.3",дмитровское шоссе вл71 корп3,ГРАНЕЛЬ,Введено,САО,Западное Дегунино
"Дубнинская ул., вл. 24",дубнинская ул вл 24,ПРАВОСЛАВИЕ,Строится,САО,Восточное Дегунино
Дмитровское шоссе вл. 71 корп. 5,дмитровское шоссе вл 71 корп 5,ГРАНЕЛЬ,Введено,САО,Западное Дегунино
"3-й Нижнелихоборский проезд, 1",3-й нижнелихоборский проезд 1,ПРАВОСЛАВИЕ,Строится,ЗАО,Можайский
"Илимская ул., вл. 3/13",илимская ул вл 3/13,SEVEN SUNS DEVELOPMENT,Строится,СВАО,Лианозово
"Линейный проезд, земельный участок 1",линейный проезд земельный участок 1,ФОНД РЕНОВАЦИИ,Строится,САО,Тимирязевский
"вблизи ул. Комдива Орлова, вл. 3",вблизи ул комдива орлова вл 3,РЖД,Строится,САО,Тимирязевский
Илимская ул. вл. 3/5,илимская ул вл 3/5,SEVEN SUNS DEVELOPMENT,Введено,СВАО,Лианозово
"ул. Поморская, земельный участок 50/5",ул поморская земельный участок 50/5,МВД РОССИИ,Строится,СВАО,Алтуфьевский
Марфино,марфино,"ГКУ ""УДМС""",Введено,СВАО,Марфино
Черского пр. уч. 21Б (участок 2.1),черского пр уч 21б (участок 2.1),ФОНД РЕНОВАЦИИ,Введено,СВАО,Алтуфьевский
"ш. Алтуфьевское, вл. 33Г",ш алтуфьевское вл 33г,"АО ""СМАК""",Введено,СВАО,Отрадное
"Линейный проезд, влд. 8А",линейный проезд влд. 8а,ФОНД РЕНОВАЦИИ,Введено,САО,Тимирязевский
Илимская ул. вл. 3/6,илимская ул вл 3/6,SEVEN SUNS DEVELOPMENT,Строится,СВАО,Лианозово
"Проезд Черского дом 13, строение 4",проезд черского дом 13 строение 4,"ООО ""МАГМА""",Строится,СВАО,Алтуфьевский
Проектируемый проезд № 4875,проектируемый проезд № 4875,AFI DEVELOPMENT,Строится,СВАО,Отрадное
"Алтуфьевское шоссе, вл. 35-37",алтуфьевское шоссе вл 35-37,"ООО ""ЗОЛОТОЕ РУНО""",Строится,СВАО,Отрадное
"Алтуфьевское ш., вл. 51-54",алтуфьевское ш вл 51-54,ПИК,Строится,СВАО,Алтуфьевский
"ул. Пришвина, вл. 4А",ул пришвина вл 4а,ALVEK,Строится,СВАО,Бибирево
"Нововладыкинский проезд, вл. 15",нововладыкинский проезд вл 15,БУДДИЗМ,Строится,СВАО,Отрадное
"проезд Сигнальный, земельный участок 12",проезд сигнальный земельный участок 12,АКВИЛОН,Строится,СВАО,Отрадное
Ботаническая ул. вл. 29,ботаническая ул вл 29,ОСНОВА,Введено,СВАО,Марфино
"ул. Пришвина, вл. 22",ул пришвина вл 22,АЛЛА ЛТД,Строится,СВАО,Бибирево
"Москва, СВАО, Отрадное, Сигнальный пр. вл. 37",москва свао отрадное сигнальный пр вл 37,"ООО ""АЙС АТЛЕТИКС""",Введено,СВАО,Отрадное
"Сигнальный пр., влд.16, стр.2",сигнальный пр влд.16 стр2,ПИК,Введено,СВАО,Отрадное
"Римского Корсакова ул., з/у 11/12",римского корсакова ул зу 11/12,"ПУБЛИЧНОЕ АКЦИОНЕРНОЕ ОБЩЕСТВО ""ПИК-СПЕЦИАЛИЗИРОВАННЫЙ ЗАСТРОЙЩИК""",Введено,СВАО,Отрадное
"Березовая аллея, вл. 8",березовая аллея вл 8,МОСКОВСКИЙ МЕТРОПОЛИТЕН,Введено,СВАО,Отрадное
"улица Берёзовая аллея, земельный участок 12/1",улица березовая аллея земельный участок 12/1,"АО ""СОЮЗЦМА""",Строится,СВАО,Останкинский
"улица Декабристов, влд. 39",улица декабристов влд. 39,"ГБУ ""ДИРЕКЦИЯ РАЗВИТИЯ ОБЪЕКТОВ ЗДРАВООХРАНЕНИЯ ГОРОДА МОСКВЫ""",Введено,СВАО,Отрадное
"ул. Молодцова, д.33, к. 1",ул молодцова д33 к 1,ФОНД РЕНОВАЦИИ,Введено,СВАО,Южное Медведково
"Москва, СВАО, Отрадное, Декабристов ул. д. 45",москва свао отрадное декабристов ул д 45,"ООО ""ПРОМИНВЕСТ""",Строится,СВАО,Отрадное
Корнейчука ул. вл. 27 стр. 5,корнейчука ул вл 27 стр 5,UPSIDE DEVELOPMENT,Введено,СВАО,Бибирево
"Березовая аллея (район станции метро ""Ботанический сад"", пересечение улиц Березовая аллея и Сельскохозяйственная)",березовая аллея (район станции метро ботанический сад пересечение улиц березовая аллея и сельскохозяйственная),"ООО ""Д-ИНВЕСТ""",Введено,СВАО,Останкинский
Березовая аллея пересечение с ул. Сельскохозяйственная,березовая аллея пересечение с ул сельскохозяйственная,"ООО ""Д-ИНВЕСТ""",Введено,СВАО,Останкинский
"ул. Чермянская, вл. 4",ул чермянская вл 4,УК А КЛАСС КАПИТАЛ,Введено,СВАО,Северное Медведково
"ул. Вилюйская, вл. 9",ул вилюйская вл 9,"ООО ""ЭНРАЙТ ВИЛЮЙСКАЯ""",Строится,СВАО,Южное Медведково
Чермянская ул. вл. 3,чермянская ул вл 3,"АО ""СВОБОДА""",Строится,СВАО,Южное Медведково
"Сельскохозяйственная ул., з/у 42/1",сельскохозяйственная ул зу 42/1,ОМ ДЕВЕЛОПМЕНТ,Строится,СВАО,Свиблово
"улица Молодцова, д. 17, к. 1",улица молодцова д 17 к 1,ФОНД РЕНОВАЦИИ,Введено,СВАО,Южное Медведково
Дежнева пр. вл. 30 корп. 3,дежнева пр вл 30 корп 3,ФОНД РЕНОВАЦИИ,Введено,СВАО,Южное Медведково
"Пика Вильгельма ул. д. 14 и Лазоревый пр.(метро ""Ботанический сад"")",пика вильгельма ул д 14 и лазоревый пр(метро ботанический сад),ХУАМИН,Введено,СВАО,Останкинский
"Полярная ул., вл.25",полярная ул вл25,ПИК,Введено,СВАО,Южное Медведково
"Полярная ул., з/у 17/1 (Полярная ул., вл.17, корп.1)",полярная ул зу 17/1 (полярная ул вл17 корп1),ФОНД РЕНОВАЦИИ,Введено,СВАО,Южное Медведково
"Полярная улица, д. 9",полярная улица д 9,,Введено,СВАО,Южное Медведково
"Полярная улица, земельный участок 3/1 (Полярная ул. вл.3, корп.1)",полярная улица земельный участок 3/1 (полярная ул вл3 корп1),ФОНД РЕНОВАЦИИ,Введено,СВАО,Южное Медведково
"ул. Полярная, земельный участок 4 (ул. Полярная, вл. 4)",ул полярная земельный участок 4 (ул полярная вл 4),ФОНД РЕНОВАЦИИ,Введено,СВАО,Южное Медведково
Полярная ул. уч. 16,полярная ул уч 16,ФОНД РЕНОВАЦИИ,Введено,СВАО,Южное Медведково
"вблизи станции МЦК ""Ботанический сад""",вблизи станции мцк ботанический сад,"АО ""МКЖД""",Строится,СВАО,Свиблово
"ТПУ ""Ботанический сад (Ботаническая)""",тпу ботанический сад (ботаническая),PIONEER,Введено,СВАО,Ростокино
"Сельскохозяйственная улица, земельный участок 26/8",сельскохозяйственная улица земельный участок 26/8,ГРУППА РОДИНА,Строится,СВАО,Ростокино
"улица Вильгельма Пика, влд.3, стр. 1-8",улица вильгельма пика влд.3 стр 1-8,ФСК,Введено,СВАО,Ростокино
"улица Вильгельма Пика, дом 1",улица вильгельма пика дом 1,ФСК,Введено,СВАО,Ростокино
"Сельскохозяйственная ул., вл. 26",сельскохозяйственная ул вл 26,ГРУППА РОДИНА,Строится,СВАО,Ростокино
"ул. Сельскохозяйственная, земельный участок 26/8",ул сельскохозяйственная земельный участок 26/8,ГРУППА РОДИНА,Строится,СВАО,Ростокино
"ул. Сергея Эйзенштейна, вл. 8/5",ул сергея эйзенштейна вл 8/5,"АО ""Киностудия им. М. Горького""",Введено,СВАО,Ростокино
"улица Полярная, земельный участок 39/1",улица полярная земельный участок 39/1,ПИК,Строится,СВАО,Северное Медведково
Полярная ул.,полярная ул,ПИК,Введено,СВАО,Северное Медведково
"ул. Сельскохозяйственная, вл. 12А",ул сельскохозяйственная вл 12а,ИНДИВИДУАЛЬНЫЕ ПРЕДПРИНИМАТЕЛИ,Строится,СВАО,Ростокино
"Кольская ул., дом 8, корп.2",кольская ул дом 8 корп2,ПИК,Введено,СВАО,Бабушкинский
"Кольская ул., вл. 8",кольская ул вл 8,ПИК,Введено,СВАО,Бабушкинский
"Кольская улица, земельный участок 7",кольская улица земельный участок 7,ФОНД РЕНОВАЦИИ,Строится,СВАО,Свиблово
Серебрякова пр. вл. 11-13,серебрякова пр вл 11-13,AFI DEVELOPMENT,Введено,СВАО,Свиблово
"улица Докукина, земельный участок 10/2",улица докукина земельный участок 10/2,ФОНД РЕНОВАЦИИ,Строится,СВАО,Ростокино
"Серебрякова проезд, з/у 14А/1",серебрякова проезд зу 14а/1,"АО ""КАПСТРОЙСИТИ""",Строится,СВАО,Свиблово
"Ленская ул., вл. 21",ленская ул вл 21,КП УГС,Введено,СВАО,Бабушкинский
Верхоянская ул. уч. 14,верхоянская ул уч 14,ФОНД РЕНОВАЦИИ,Введено,СВАО,Бабушкинский
"ул Енисейская, вл 1",ул енисейская вл 1,"ООО ""ТСП""",Строится,СВАО,Бабушкинский
"у д. Захарково, квартал А24 (квартал №120,дом 16)",у д захарково квартал а24 (квартал №120 дом 16),"АО ""РУБЛЕВО-АРХАНГЕЛЬСКОЕ""",Введено,ЗАО,Кунцево
Захарково в 17,захарково в 17,"АО ""РУБЛЕВО-АРХАНГЕЛЬСКОЕ""",Строится,ЗАО,Кунцево
"д Захарково квартал В21, корпуса 1, 2, 3",д захарково квартал в21 корпуса 1 2 3,"АО ""РУБЛЕВО-АРХАНГЕЛЬСКОЕ""",Строится,ЗАО,Кунцево
Сколково,сколково,ФОНД ММК,Введено,ЗАО,Можайский
"территория инновационного центр Сколково, Большой бульвар, 49",территория инновационного центр сколково большой бульвар 49,МОНОЛИТПРОЕКТ,Строится,ЗАО,Можайский
"территория инновационного центра Сколково (ул. Луговая, дом 4,корп.2)",территория инновационного центра сколково (ул луговая дом 4 корп2),"ООО ""АВТОПАРК""",Строится,ЗАО,Можайский
"Москва территория инновационного центра ""Сколково"". Большая бульвар, д.46, стр.1",москва территория инновационного центра сколково. большая бульвар д46 стр1,ФОНД ММК,Строится,ЗАО,Можайский
"территория инновационного центра Сколково, ул. Эйнштейна, земельный участок 2/2",территория инновационного центра сколково ул эйнштейна земельный участок 2/2,"ООО ""БиоПласт""",Строится,ЗАО,Можайский
"территория инновационного центра ""Сколково"", ул. Зворыкина, 16, ул. Зворыкина, 25",территория инновационного центра сколково ул зворыкина 16 ул зворыкина 25,СБЕРБАНК,Строится,ЗАО,Можайский
"территория инновационного центра Сколково, Большой бульвар, 37",территория инновационного центра сколково большой бульвар 37,"АКЦИОНЕРНОЕ ОБЩЕСТВО ""СТАРТ""",Строится,ЗАО,Можайский
"район Кунцево, МКАД 59 км",район кунцево мкад 59 км,"ООО ФИРМА ""МИКСТРЕЙД""",Строится,ЗАО,Кунцево
"Рублевское шоссе, вл. 68-70",рублевское шоссе вл 68-70,"ООО ""СТРОЙ ВЕСТ""",Строится,ЗАО,Крылатское
"Москва, ЗАО, район Кунцево, ул. 3-я Черепковская, вл. 15-А",москва зао район кунцево ул 3-я черепковская вл 15-а,МИНЗДРАВ РОССИИ,Строится,ЗАО,Кунцево
"Рублевское шоссе, вл. 135",рублевское шоссе вл 135,МИНЗДРАВ РОССИИ,Строится,ЗАО,Кунцево
"Сколковское шоссе , з/у 52",сколковское шоссе зу 52,МИЛЛХАУС,Строится,ЗАО,Можайский
между Волоколамским шоссе и Новотушинской улицей,между волоколамским шоссе и новотушинской улицей,РЖД,Строится,СЗАО,Митино
район Митино,район митино,РЖД,Строится,СЗАО,Митино
"район Строгино, проезд № 607, вл. 21",район строгино проезд № 607 вл 21,"ООО ""СИТИ СТРОГИНО""",Строится,СЗАО,Строгино
"ул. Горбунова, вл. 27, стр. 1",ул горбунова вл 27 стр 1,ОСНОВА,Строится,ЗАО,Можайский
"ул. Маршала Тимошенко, вл.15",ул маршала тимошенко вл15,УПРАВЛЕНИЕ ДЕЛАМИ ПРЕЗИДЕНТА РОССИЙСКОЙ ФЕДЕРАЦИИ,Строится,ЗАО,Кунцево
"ул. Беловежская, земельный участок 4А",ул беловежская земельный участок 4а,СТРОЙКОМ,Строится,ЗАО,Можайский
"улица Твардовского, вл. 8",улица твардовского вл 8,"КП ""ТЕХНОПАРК ""СТРОГИНО""",Строится,СЗАО,Строгино
"улица Маршала Прошлякова, земельный участок 12А; проезд № 607, вл. 12, к. 4.",улица маршала прошлякова земельный участок 12а проезд № 607 вл 12 к 4.,ПИК,Строится,СЗАО,Строгино
"проезд № 607, вл. 12, к. 4, г. Москва, ул. Маршала Воробьева, вл. 12, корп. 3.",проезд № 607 вл 12 к 4 г. москва ул маршала воробьева вл 12 корп 3.,"ООО ""СЗ ""ЛУЧ""",Строится,СЗАО,Строгино
"Маршала Тимошенко, вл. 15",маршала тимошенко вл 15,УПРАВЛЕНИЕ ДЕЛАМИ ПРЕЗИДЕНТА РОССИЙСКОЙ ФЕДЕРАЦИИ,Строится,ЗАО,Кунцево
"ул. Маршала Тимошенко, вл. 15",ул маршала тимошенко вл 15,УПРАВЛЕНИЕ ДЕЛАМИ ПРЕЗИДЕНТА РОССИЙСКОЙ ФЕДЕРАЦИИ,Введено,ЗАО,Кунцево
"Твардовского ул., вл. 10",твардовского ул вл 10,"АНО ""РСИ""",Введено,СЗАО,Строгино
"ул Осенняя 25, К8",ул осенняя 25 к8,АЛИНАТА,Строится,ЗАО,Крылатское
Заречье р.п.,заречье р.п.,МИЛЛХАУС,Введено,ЗАО,Можайский
Оршанская ул.,оршанская ул,"ЖСК ""АВИАТОР""",Введено,ЗАО,Кунцево
ул. Молодогвардейская з/у 53,ул молодогвардейская зу 53,ФОНД РЕНОВАЦИИ,Строится,ЗАО,Кунцево
"Походный проезд, вл. 2, стр. 1-1",походный проезд вл 2 стр 1-1,КОНЦЕРН КРОСТ,Введено,СЗАО,Покровское-Стрешнево
"ш. Волоколамское, з/у 93",ш волоколамское зу 93,MR GROUP,Строится,СЗАО,Покровское-Стрешнево
"ул. Крылатская, земельный участок 33/1",ул крылатская земельный участок 33/1,ХОЛДИНГ ДЕВЕЛОПМЕНТ,Строится,ЗАО,Крылатское
ул. Академика Павлова,ул академика павлова,ПИК,Введено,ЗАО,Кунцево
"улица Кубинка, земельный участок 16/1 (ул. Кубинка, вл. 16-1)",улица кубинка земельный участок 16/1 (ул кубинка вл 16-1),ФОНД РЕНОВАЦИИ,Строится,ЗАО,Можайский
"улица Кубинка, земельный участок 16/2 (ул. Кубинка, вл. 16-1)",улица кубинка земельный участок 16/2 (ул кубинка вл 16-1),ФОНД РЕНОВАЦИИ,Строится,ЗАО,Можайский
"Крылатские Холмы ул., вл. 51",крылатские холмы ул вл 51,"ГБУ ""ДИРЕКЦИЯ РАЗВИТИЯ ОБЪЕКТОВ ЗДРАВООХРАНЕНИЯ ГОРОДА МОСКВЫ""",Введено,ЗАО,Крылатское
"улица Ярцевская, участок 21/1",улица ярцевская участок 21/1,АКВИЛОН,Строится,ЗАО,Кунцево
"Крылатская улица, вл. 23 А",крылатская улица вл 23 а,"ООО ""ЕВРО-БАЛ""",Строится,ЗАО,Крылатское
"ул. Крылатская, влд. 23, стр.1",ул крылатская влд. 23 стр1,TOUCH,Строится,ЗАО,Крылатское
"ул. Ярцевская, вл. 22А, корп. 2",ул ярцевская вл 22а корп 2,"ООО ""ГРАНИТ""",Строится,ЗАО,Кунцево
"промзона № 37 «Очаково», пр. пр. 1901",промзона № 37 очаково пр пр 1901,"ООО ""ВЕНТА""",Строится,ЗАО,Очаково-Матвеевское
51-й км МКАД,51-й км мкад,TASHIR,Строится,ЗАО,Очаково-Матвеевское
ул. Лётная,ул летная,ASTERUS (Vi Holding),Строится,СЗАО,Покровское-Стрешнево
"ул. Крылатская, вл. 19-21",ул крылатская вл 19-21,"НЕКОММЕРЧЕСКОЕ ПАРТНЕРСТВО ""НАРОДНЫЙ ГАРАЖ""",Строится,ЗАО,Крылатское
Шоссе Волоколамское Дом 77 Строение 2,шоссе волоколамское дом 77 строение 2,РОСИМУЩЕСТВО,Строится,СЗАО,Покровское-Стрешнево
"ул. Летная, вл. 95Б",ул летная вл 95б,ASTERUS (Vi Holding),Введено,СЗАО,Покровское-Стрешнево
Лётная ул.,летная ул,ASTERUS (Vi Holding),Введено,СЗАО,Покровское-Стрешнево
"Волоколамское шоссе, вл.71/12",волоколамское шоссе вл71/12,ТУШИНО 2018,Введено,СЗАО,Покровское-Стрешнево
"Волоколамское шоссе, вл. 67 (Волоколамское шоссе, д.71А, стр.1 и стр.2)",волоколамское шоссе вл 67 (волоколамское шоссе д71а стр1 и стр2),ТУШИНО 2018,Введено,СЗАО,Покровское-Стрешнево
"ул. Рябиновая, земельный участок 32Б",ул рябиновая земельный участок 32б,"ОБЩЕСТВО С ОГРАНИЧЕННОЙ ОТВЕТСТВЕННОСТЬЮ ""ДОППИО ПРАЙМ""",Строится,ЗАО,Очаково-Матвеевское
"Волоколамское шоссе, вл. 71/7",волоколамское шоссе вл 71/7,ТУШИНО 2018,Введено,СЗАО,Покровское-Стрешнево
"Шоссе Волоколамское, влд. 71/13",шоссе волоколамское влд. 71/13,ТУШИНО 2018,Введено,СЗАО,Покровское-Стрешнево
"Волоколамское шоссе, влд. 71/13",волоколамское шоссе влд. 71/13,ТУШИНО 2018,Введено,СЗАО,Покровское-Стрешнево
"Волоколамское шоссе вл. 71/8, стр.3",волоколамское шоссе вл 71/8 стр3,ТУШИНО 2018,Введено,СЗАО,Покровское-Стрешнево
"ул. Крылатская, вл. 13",ул крылатская вл 13,МИЛЛХАУС,Строится,ЗАО,Крылатское
"улица Петра Алексеева, земельный участок 3 (зоны 6.1 и 6.2)",улица петра алексеева земельный участок 3 (зоны 6.1 и 6.2),ФОНД РЕНОВАЦИИ,Строится,ЗАО,Можайский
"улица Петра Алексеева, вл. 12",улица петра алексеева вл 12,ФОНД РЕНОВАЦИИ,Введено,ЗАО,Можайский
"улица Рябиновая, земельный участок 42/1",улица рябиновая земельный участок 42/1,SEZAR GROUP,Строится,ЗАО,Очаково-Матвеевское
Волоколамское шоссе вл. 71/10,волоколамское шоссе вл 71/10,ТУШИНО 2018,Строится,СЗАО,Покровское-Стрешнево
"Волоколамское шоссе, вл. 71/15",волоколамское шоссе вл 71/15,ТУШИНО 2018,Строится,СЗАО,Покровское-Стрешнево
"ул. Гродненская, вл. 18",ул гродненская вл 18,"ООО ""СЗ ""ГРОДНЕНСКАЯ 18""",Строится,ЗАО,Можайский
"Москва, ул. Петра Алексеева, вл. 12",москва ул петра алексеева вл 12,SMINEX (ранее INGRAD),Введено,ЗАО,Можайский
"Верейская ул., д. 41",верейская ул д 41,КОНЦЕРН ВКО АЛМАЗ - АНТЕЙ,Введено,ЗАО,Можайский
"ул. Верейская, вл. 29/30",ул верейская вл 29/30,MR GROUP,Строится,ЗАО,Можайский
"ул.Рябиновая, вл. 55, стр. 29, 30",улрябиновая вл 55 стр 29 30,"ООО ""АГРАМ""",Введено,ЗАО,Очаково-Матвеевское
"ш. Волоколамское шоссе, вл. 71/1",ш волоколамское шоссе вл 71/1,ТУШИНО 2018,Введено,СЗАО,Покровское-Стрешнево
"Волоколамское шоссе, влд. 71/11",волоколамское шоссе влд. 71/11,ТУШИНО 2018,Строится,СЗАО,Покровское-Стрешнево
"Волоколамское шоссе, вл. 71/16",волоколамское шоссе вл 71/16,ТУШИНО 2018,Строится,СЗАО,Покровское-Стрешнево
"улица Ивана Франко, земельный участок 22/1",улица ивана франко земельный участок 22/1,ПИК,Строится,ЗАО,Кунцево
ул. Ивана Франко,ул ивана франко,ПИК,Строится,ЗАО,Кунцево
Багрицкого ул. уч. 28,багрицкого ул уч 28,ФОНД РЕНОВАЦИИ,Введено,ЗАО,Можайский
"улица Верейская, влд. 29/32Д",улица верейская влд. 29/32д,MR GROUP,Строится,ЗАО,Можайский
"ул. Верейская, земельный участок 29/32",ул верейская земельный участок 29/32,MR GROUP,Строится,ЗАО,Можайский
"Рябиновая, вл. 44/1",рябиновая вл 44/1,LEVEL GROUP,Введено,ЗАО,Очаково-Матвеевское
"ул. Тушинская, земельный участок 24/1",ул тушинская земельный участок 24/1,MR GROUP,Строится,СЗАО,Покровское-Стрешнево
"Таманская ул., вл. 1, стр. 3",таманская ул вл 1 стр 3,Д-ИНВЕСТ,Введено,СЗАО,Хорошёво-Мнёвники
Тушинская ул. вл. 13-15,тушинская ул вл 13-15,ПАЛАШЕВСКИЙ РЫНОК,Строится,СЗАО,Покровское-Стрешнево
"ул. Таманская, вл. 5А, стр.2",ул таманская вл 5а стр2,ИНДИВИДУАЛЬНЫЕ ПРЕДПРИНИМАТЕЛИ,Строится,СЗАО,Хорошёво-Мнёвники
"ул. Таманская, вл. 1",ул таманская вл 1,TASHIR,Строится,СЗАО,Хорошёво-Мнёвники
"ул. Верейская, вл. 12",ул верейская вл 12,ГРУППА РОДИНА,Строится,ЗАО,Можайский
"улица Верейская, земельный участок 29/42",улица верейская земельный участок 29/42,MR GROUP,Строится,ЗАО,Можайский
"ул. Никулинская, земельный участок 33 А/",ул никулинская земельный участок 33 а/,"ПУБЛИЧНОЕ АКЦИОНЕРНОЕ ОБЩЕСТВО ""ПИК-СПЕЦИАЛИЗИРОВАННЫЙ ЗАСТРОЙЩИК""",Строится,ЗАО,Очаково-Матвеевское
"ул. Никулинская, земельный участок 33А/Б",ул никулинская земельный участок 33а/б,"ПУБЛИЧНОЕ АКЦИОНЕРНОЕ ОБЩЕСТВО ""ПИК-СПЕЦИАЛИЗИРОВАННЫЙ ЗАСТРОЙЩИК""",Строится,ЗАО,Очаково-Матвеевское
"ул. Озерная, вл.42",ул озерная вл42,"ПУБЛИЧНОЕ АКЦИОНЕРНОЕ ОБЩЕСТВО ""ПИК-СПЕЦИАЛИЗИРОВАННЫЙ ЗАСТРОЙЩИК""",Введено,ЗАО,Очаково-Матвеевское
Офисное здание с подземной автостоянкой,офисное здание с подземной автостоянкой,"ООО ""СПЕЦИАЛИЗИРОВАННЫЙ ЗАСТРОЙЩИК ""ВОСХОД""",Строится,ЗАО,Очаково-Матвеевское
ул. Вишневая вл. 7,ул вишневая вл 7,MR GROUP,Строится,СЗАО,Покровское-Стрешнево
"ул. Вишнёвая, влд. 7",ул вишневая влд. 7,MR GROUP,Строится,СЗАО,Покровское-Стрешнево
Мневники Нижн. ул. уч. 15,мневники нижн. ул уч 15,"ООО ""МЕЖДУНАРОДНАЯ ХОККЕЙНАЯ АКАДЕМИЯ ИМ. А.М. ОВЕЧКИНА""",Строится,СЗАО,Хорошёво-Мнёвники
ул. Верейская,ул верейская,САМОЛЕТ,Строится,ЗАО,Можайский
"проезд Стройкомбината, земельный участок 1/4",проезд стройкомбината земельный участок 1/4,ПИК,Введено,ЗАО,Очаково-Матвеевское
"улица Циолковского, вл. 3",улица циолковского вл 3,ФОНД РЕНОВАЦИИ,Строится,СЗАО,Покровское-Стрешнево
"ул. Нижние Мнёвники, земельный участок 4",ул нижние мневники земельный участок 4,РФС,Строится,СЗАО,Хорошёво-Мнёвники
Верейская ул. вл. 1,верейская ул вл 1,ПРАВОСЛАВИЕ,Строится,ЗАО,Можайский
"ул. Верейская, земельный участок 29/35",ул верейская земельный участок 29/35,MR GROUP,Строится,ЗАО,Можайский
Пересечение улицы Верейской и улицы Генерала Дорохова,пересечение улицы верейской и улицы генерала дорохова,МОСКОВСКИЙ МЕТРОПОЛИТЕН,Введено,ЗАО,Можайский
"проезд Стройкомбината, вл. 1",проезд стройкомбината вл 1,ПИК,Строится,ЗАО,Очаково-Матвеевское
проезд Стройкомбината,проезд стройкомбината,ПИК,Строится,ЗАО,Очаково-Матвеевское
"Москва, ЗАО, район Очаково-Матвеевское",москва зао район очаково-матвеевское,МОСКОВСКИЙ МЕТРОПОЛИТЕН,Введено,ЗАО,Очаково-Матвеевское
Озерная ул. вл. 33,озерная ул вл 33,МОСИНЖПРОЕКТ,Введено,ЗАО,Очаково-Матвеевское
"наб. Новикова-Прибоя, влд. 6/3/1",наб. новикова-прибоя влд. 6/3/1,ФОНД РЕНОВАЦИИ,Введено,СЗАО,Хорошёво-Мнёвники
"улица Нижние Мнёвники, земельный участок 35",улица нижние мневники земельный участок 35,ДОНСТРОЙ,Введено,СЗАО,Хорошёво-Мнёвники
"ул. Нижние Мнёвники, земельный участок 12Б,",ул нижние мневники земельный участок 12б ,ДОНСТРОЙ,Строится,СЗАО,Хорошёво-Мнёвники
"ул. Малая Филевская, вл. 46",ул малая филевская вл 46,КИЕВСКАЯ ПЛОЩАДЬ,Строится,ЗАО,Фили-Давыдково
Свиридова Алексея ул.. уч. 9/3,свиридова алексея ул. уч 9/3,DOMINANTA,Строится,ЗАО,Фили-Давыдково
Очаково-Матвеевское,очаково-матвеевское,МОСКОВСКИЙ МЕТРОПОЛИТЕН,Строится,ЗАО,Очаково-Матвеевское
"Стройкомбината проезд, влд.1",стройкомбината проезд влд.1,ПИК,Строится,ЗАО,Очаково-Матвеевское
"Авиационная улица, земельный участок 61/1 (Авиационная ул., вл. 61, корп. 1)",авиационная улица земельный участок 61/1 (авиационная ул вл 61 корп 1),ФОНД РЕНОВАЦИИ,Строится,СЗАО,Щукино
"ул. Нижние Мневники, земельный участок 39/1",ул нижние мневники земельный участок 39/1,"АО ""ГРУППА СТА""",Строится,СЗАО,Хорошёво-Мнёвники
"улица Нижние Мнёвники, земельный участок 41",улица нижние мневники земельный участок 41,"АО ""ДОРОЖНОЕ СТРОИТЕЛЬСТВО""",Строится,СЗАО,Хорошёво-Мнёвники
Мневники Нижн. ул. з/у 70,мневники нижн. ул зу 70,МОСИНЖПРОЕКТ,Строится,СЗАО,Хорошёво-Мнёвники
"улица Нижние Мнёвники, земельный участок 13",улица нижние мневники земельный участок 13,ДОНСТРОЙ,Введено,СЗАО,Хорошёво-Мнёвники
"ул. Мневники Нижние, уч. 10",ул мневники нижние уч 10,ДОНСТРОЙ,Введено,СЗАО,Хорошёво-Мнёвники
"ул. Алексея Свиридова, з/у 7",ул алексея свиридова зу 7,"ООО СЗ ""СЕНС.СВИРИДОВА""",Строится,ЗАО,Фили-Давыдково
"Москва, ЗАО, районы Фили-Давыдково, Очаково-Матвеевское",москва зао районы фили-давыдково очаково-матвеевское,РОСИМУЩЕСТВО,Строится,ЗАО,Очаково-Матвеевское
ш. Очаковское,ш очаковское,ПИК,Строится,ЗАО,Очаково-Матвеевское
"Очаковское шоссе, влд.3А, 5А",очаковское шоссе влд.3а 5а,ПИК,Строится,ЗАО,Очаково-Матвеевское
Полесский пр. вл. 16/2,полесский пр вл 16/2,"ООО ""БОРАЛЕКС""",Строится,СЗАО,Покровское-Стрешнево
"ул. Маршала Новикова, вл. 23",ул маршала новикова вл 23,ФМБА РОССИИ,Строится,СЗАО,Щукино
"улица Нижние Мневники, земельный участок 6/1",улица нижние мневники земельный участок 6/1,ДОНСТРОЙ,Введено,СЗАО,Хорошёво-Мнёвники
"Очаковское ш. д. 5, К3",очаковское ш д 5 к3,ПИК,Введено,ЗАО,Очаково-Матвеевское
"Очаковское ш. д. 5, К2",очаковское ш д 5 к2,ПИК,Введено,ЗАО,Очаково-Матвеевское
"Мичуринский проспект, вл. 15 (напротив)",мичуринский проспект вл 15 (напротив),ПРАВОСЛАВИЕ,Введено,ЗАО,Очаково-Матвеевское
Волоколамское шоссе вл. 80,волоколамское шоссе вл 80,МИНОБРНАУКИ РОССИИ,Введено,СЗАО,Покровское-Стрешнево
"ул. Берзарина, вл. 37",ул берзарина вл 37,СВЯТОЙ МИХАИЛ ИНВЕСТ,Строится,СЗАО,Хорошёво-Мнёвники
"Генерала Глаголева ул., з/у 20",генерала глаголева ул зу 20,КОНЦЕРН КРОСТ,Строится,СЗАО,Хорошёво-Мнёвники
"Карамышевская набережная, д. 13А",карамышевская набережная д 13а,0762,Строится,СЗАО,Хорошёво-Мнёвники
Очаковское шоссе уч. 3А/8,очаковское шоссе уч 3а/8,ПИК,Введено,ЗАО,Очаково-Матвеевское
"Москва, ЗАО, район Очаково-Матвеевское, Очаковское шоссе",москва зао район очаково-матвеевское очаковское шоссе,ПИК,Введено,ЗАО,Очаково-Матвеевское
"Очаковское ш. д. 5, К5",очаковское ш д 5 к5,ПИК,Введено,ЗАО,Очаково-Матвеевское
"ш. Очаковское (Очаковское шоссе, влд. 3А, 5А)",ш очаковское (очаковское шоссе влд. 3а 5а),ФОНД РЕНОВАЦИИ,Введено,ЗАО,Очаково-Матвеевское
"Очаковское шоссе 1 этап: Корпуса 4.1 (и пристройки 1, 2), 4.2, 4.3 (и пристройка 3, 4), 4.7 (и пристройка 7), 4.8 и подземная автостоянка. Срок действия до 14.06.2028",очаковское шоссе 1 этап: корпуса 4.1 (и пристройки 1 2) 4.2 4.3 (и пристройка 3 4) 4.7 (и пристройка 7) 4.8 и подземная автостоянка. срок действия до 14.06.2028,ПИК,Строится,ЗАО,Очаково-Матвеевское
"Очаковская Б., ул. вл. 1",очаковская б. ул вл 1,ФПК ГАРАНТ-ИНВЕСТ,Строится,ЗАО,Очаково-Матвеевское
"квартал 82 района Хорошево-Мневники, корпус 11 (ул. Генерала Глаголева, вл. 16, к. 1)",квартал 82 района хорошево-мневники корпус 11 (ул генерала глаголева вл 16 к 1),КОНЦЕРН КРОСТ,Введено,СЗАО,Хорошёво-Мнёвники
"ул. Генерала Глаголева, вл. 16, к. 1",ул генерала глаголева вл 16 к 1,КОНЦЕРН КРОСТ,Введено,СЗАО,Хорошёво-Мнёвники
"Лобачевского ул., дом 47, стр. 1 (Очаковская Б. ул. вл. 2 корп. 2)",лобачевского ул дом 47 стр 1 (очаковская б. ул вл 2 корп 2),"ООО ""СМП-592""",Введено,ЗАО,Очаково-Матвеевское
Озерная з/у 1,озерная зу 1,LEVEL GROUP,Строится,ЗАО,Очаково-Матвеевское
Адиля Саляма ул. вл. 2/44/3,адиля саляма ул вл 2/44/3,КОНЦЕРН КРОСТ,Введено,СЗАО,Хорошёво-Мнёвники
"Давыдковская улица, влд. 16",давыдковская улица влд. 16,ФОНД РЕНОВАЦИИ,Строится,ЗАО,Фили-Давыдково
"ул. Нежинская, вл. 13, корп. 2, корп. 3",ул нежинская вл 13 корп 2 корп 3,"ООО ""МЕРИДИАН""",Строится,ЗАО,Очаково-Матвеевское
"ул. Озерная, з/у 1, вл.7",ул озерная зу 1 вл7,LEVEL GROUP,Строится,ЗАО,Очаково-Матвеевское
"Мичуринский проспект, Олимпийская деревня, вл.4",мичуринский проспект олимпийская деревня вл4,"ООО ""СЗ ""ЗАПАД ДЕВЕЛОПМЕНТ""",Введено,ЗАО,Тропарёво-Никулино
"улица Нижние Мневники, земельный участок 62Б",улица нижние мневники земельный участок 62б,ДОНСТРОЙ,Строится,СЗАО,Хорошёво-Мнёвники
"вн. тер. г. муниципальный округ Хорошёво-Мнёвники, улица Нижние Мнёвники, земельный участок 62В",вн. тер. г. муниципальный округ хорошево-мневники улица нижние мневники земельный участок 62в,"ООО ""СЗ ""ЭПОХА""",Строится,СЗАО,Хорошёво-Мнёвники
"Давыдковская улица, д. 12",давыдковская улица д 12,КП УГС,Введено,ЗАО,Фили-Давыдково
между ул. Лобачевского и платформой «Матвеевское»,между ул лобачевского и платформой матвеевское,"ООО ""СЗ ""ЭТАЛОНИ ЕВРОПА""",Введено,ЗАО,Раменки
"улица Лобачевского, земельный участок 120/1",улица лобачевского земельный участок 120/1,ЭТАЛОН,Строится,ЗАО,Раменки
"пр-кт Вернадского, 84",пр-кт вернадского 84,ПРАВИТЕЛЬСТВО РОССИЙСКОЙ ФЕДЕРАЦИИ,Строится,ЗАО,Тропарёво-Никулино
"улица Народного Ополчения, земельный участок 15",улица народного ополчения земельный участок 15,КОНЦЕРН КРОСТ,Строится,СЗАО,Хорошёво-Мнёвники
"район Фили-Давыдково, кв. 1-2, корп. 18, 18А",район фили-давыдково кв. 1-2 корп 18 18а,МОСКОВСКИЙ ФОНД ЗАЩИТЫ ПРАВ ДОЛЬЩИКОВ,Введено,ЗАО,Фили-Давыдково
"ул. Нежинская, вл. 4",ул нежинская вл 4,ПРАВОСЛАВИЕ,Введено,ЗАО,Очаково-Матвеевское
"между ул. Лобачевского и платформой ""Матвеевское"", квартал 2, корп. 1, 2",между ул лобачевского и платформой матвеевское квартал 2 корп 1 2,ДОНСТРОЙ,Введено,ЗАО,Раменки
"улица Лобачевского, земельный участок 114Б",улица лобачевского земельный участок 114б,ДОНСТРОЙ,Строится,ЗАО,Раменки
"Филёвский бульвар, напротив вл. 18",филевский бульвар напротив вл 18,ПРАВОСЛАВИЕ,Строится,ЗАО,Филёвский Парк
"улица Лобачевского, земельный участок 120А/2",улица лобачевского земельный участок 120а/2,ДОНСТРОЙ,Строится,ЗАО,Раменки
"между ул. Лобачевского и платформой ""Матвеевское"", квартал 9.1",между ул лобачевского и платформой матвеевское квартал 9.1,ДОНСТРОЙ,Введено,ЗАО,Раменки
"между ул. Лобачевского и платформой «Матвеевское», квартал 9.2",между ул лобачевского и платформой матвеевское квартал 9.2,ДОНСТРОЙ,Введено,ЗАО,Раменки
"между ул. Лобачевского и платформой «Матвеевское», 3-я очередь, квартал 10, корпус 3",между ул лобачевского и платформой матвеевское 3-я очередь квартал 10 корпус 3,ДОНСТРОЙ,Строится,ЗАО,Раменки
Красногорский 3-й пр,красногорский 3-й пр,ПИК,Введено,СЗАО,Щукино
"ул. Щукинская, земельный участок 7А",ул щукинская земельный участок 7а,МАНГАЗЕЯ,Введено,СЗАО,Щукино
"улица Народного Ополчения, влад. 33",улица народного ополчения влад. 33,ALVEK,Строится,СЗАО,Хорошёво-Мнёвники
"улица Народного Ополчения, земельный участок 34",улица народного ополчения земельный участок 34,ГРАНЕЛЬ,Строится,СЗАО,Хорошёво-Мнёвники
"ул. Новозаводская, д.18",ул новозаводская д18,ГОСКОРПОРАЦИЯ РОСКОСМОС,Строится,ЗАО,Филёвский Парк
район Дорогомилово,район дорогомилово,РЖД,Строится,ЗАО,Дорогомилово
"между ул. Лобачевского и платформой «Матвеевское», квартал 4.2 (ул. Лобачевского, з/у 118Б)",между ул лобачевского и платформой матвеевское квартал 4.2 (ул лобачевского зу 118б),ДОНСТРОЙ,Строится,ЗАО,Раменки
"ул. Лобачевского, земельный участок 120/2",ул лобачевского земельный участок 120/2,ДОНСТРОЙ,Строится,ЗАО,Раменки
"ул. Демьяна Бедного, д. 17",ул демьяна бедного д 17,ФОНД РЕНОВАЦИИ,Введено,СЗАО,Хорошёво-Мнёвники
"Мичуринский проспект, вл. 45",мичуринский проспект вл 45,МОСИНЖПРОЕКТ,Строится,ЗАО,Раменки
Олимпийская деревня ул. вл. 4,олимпийская деревня ул вл 4,"ООО ""СЗ ""ЗАПАД ДЕВЕЛОПМЕНТ""",Введено,ЗАО,Тропарёво-Никулино
"Радиаторская 3-я ул. вл. 17, 17/1",радиаторская 3-я ул вл 17 17/1,ПРАВИТЕЛЬСТВО РОССИЙСКОЙ ФЕДЕРАЦИИ,Строится,САО,Войковский
"ул. Демьяна Бедного, земельный участок 24 А корп.1",ул демьяна бедного земельный участок 24 а корп1,КОНЦЕРН КРОСТ,Введено,СЗАО,Хорошёво-Мнёвники
"ул. Демьяна Бедного, вл. 24",ул демьяна бедного вл 24,КОНЦЕРН КРОСТ,Строится,СЗАО,Хорошёво-Мнёвники
Мневники ул. вл. 10,мневники ул вл 10,ПРАВОСЛАВИЕ,Введено,СЗАО,Хорошёво-Мнёвники
"улица Демьяна Бедного, земельный участок 24 А, корп. 2",улица демьяна бедного земельный участок 24 а корп 2,КОНЦЕРН КРОСТ,Строится,СЗАО,Хорошёво-Мнёвники
"ул. Василисы Кожиной, вл. 25/1",ул василисы кожиной вл 25/1,УК МЕГАПОЛИС-ИНВЕСТ,Строится,ЗАО,Филёвский Парк
Панфилова ул. вл. 20,панфилова ул вл 20,МИНОБРНАУКИ РОССИИ,Строится,САО,Сокол
"ул. 3-я Хорошевская, вл. 19, стр. 3",ул 3-я хорошевская вл 19 стр 3,САМОЛЕТ,Введено,СЗАО,Хорошёво-Мнёвники
"Мосфильмовская ул., вл. 51А",мосфильмовская ул вл 51а,"ООО ""ИНТЕРМЕД""",Строится,ЗАО,Раменки
"ул. Винницкая, вл. 8",ул винницкая вл 8,НИИМОССТРОЙ,Введено,ЗАО,Раменки
"Винницкая улица, около дома № 7",винницкая улица около дома № 7,"АО ""УКС ИКС И Д""",Введено,ЗАО,Раменки
"ул. Раменки, з/у 4",ул раменки зу 4,БФ АБСОЛЮТ-ПОМОЩЬ,Строится,ЗАО,Раменки
"улица Удальцова, д. 75А",улица удальцова д 75а,"АО ""РУССКАЯ ТРОЙКА""",Строится,ЗАО,Проспект Вернадского
"ул. Маршала Бирюзова, вл. 1",ул маршала бирюзова вл 1,DAR,Строится,СЗАО,Щукино
"проезд 3-й Силикатный, земельный участок 10/12, земельный участок 10/2",проезд 3-й силикатный земельный участок 10/12 земельный участок 10/2,MR GROUP,Строится,СЗАО,Хорошёво-Мнёвники
3-й Силикатный проезд,3-й силикатный проезд,MR GROUP,Строится,СЗАО,Хорошёво-Мнёвники
"3-й Силикатный проезд, з/у 1",3-й силикатный проезд зу 1,SEZAR GROUP,Строится,СЗАО,Хорошёво-Мнёвники
"улица Шеногина, земельный участок 2/23",улица шеногина земельный участок 2/23,ФСК,Строится,СЗАО,Хорошёво-Мнёвники
Новозаводская ул. вл. 18,новозаводская ул вл 18,ГОСКОРПОРАЦИЯ РОСКОСМОС,Строится,ЗАО,Филёвский Парк
"Пересечение ул. Минской с Киевским направлением Московской железной дороги в пойме реки Раменки (ТД ""Волынская"")",пересечение ул минской с киевским направлением московской железной дороги в пойме реки раменки (тд волынская),УЭЗ,Введено,ЗАО,Раменки
"Мичуринский проспект, вл. 30-Б",мичуринский проспект вл 30-б,TASHIR,Строится,ЗАО,Раменки
"ул. Врубеля, вл. 4, стр. 1",ул врубеля вл 4 стр 1,SMINEX,Введено,САО,Сокол
"3-я Хорошевская улица, земельный участок 18/2",3-я хорошевская улица земельный участок 18/2,SEZAR GROUP,Строится,СЗАО,Хорошёво-Мнёвники
"3-й Силикатный проезд, земельный участок 6/1",3-й силикатный проезд земельный участок 6/1,LEVEL GROUP,Строится,СЗАО,Хорошёво-Мнёвники
"улица Шеногина, вл. 2",улица шеногина вл 2,ФСК,Введено,СЗАО,Хорошёво-Мнёвники
"ул. Шеногина вл.2, земельный участок 2/25",ул шеногина вл2 земельный участок 2/25,ФСК,Строится,СЗАО,Хорошёво-Мнёвники
"ул. Минская, земельный участок 2А",ул минская земельный участок 2а,"ООО ""Академия футбола ""Снегири""",Строится,ЗАО,Раменки
"Минская ул. , земельный участок 2М",минская ул земельный участок 2м,"ООО ""Академия футбола ""Снегири""",Строится,ЗАО,Раменки
"ул. Лобачевского, дом 42, строение 2",ул лобачевского дом 42 строение 2,К+31,Введено,СЗАО,Проспект Вернадского
"Нарвская улица, вл. 5, корп. 1",нарвская улица вл 5 корп 1,ФОНД РЕНОВАЦИИ,Введено,САО,Войковский
Старопетровский пр. уч. 11/3,старопетровский пр уч 11/3,LEVEL GROUP,Строится,САО,Войковский
ул. Клары Цеткин,ул клары цеткин,КОНЦЕРН ВКО АЛМАЗ - АНТЕЙ,Строится,САО,Войковский
"улица Шеногина, земельный участок 2/8",улица шеногина земельный участок 2/8,ФСК,Строится,СЗАО,Хорошёво-Мнёвники
"улица Шеногина, влд. 2",улица шеногина влд. 2,ФСК,Введено,СЗАО,Хорошёво-Мнёвники
"Шеногина ул., з/у 2/17",шеногина ул зу 2/17,ФСК,Строится,СЗАО,Хорошёво-Мнёвники
"Береговой пр., вл. 2Б",береговой пр вл 2б,ГЛАВСТРОЙ,Введено,ЗАО,Филёвский Парк
"проспект Вернадского, земельный участок 12Б/7",проспект вернадского земельный участок 12б/7,SEZAR GROUP,Строится,ЗАО,Раменки
"Куусинена ул., вл. 21/21а",куусинена ул вл 21/21а,АКВИЛОН,Строится,САО,Хорошёвский
"ул. Зорге, вл. 9",ул зорге вл 9,ЗОРГЕ 9,Введено,САО,Хорошёвский
"ул. Заречная, вл. 6, з/у 1",ул заречная вл 6 зу 1,СУММА ЭЛЕМЕНТОВ,Строится,ЗАО,Филёвский Парк
"ул. Клары Цеткин, вл. 26А",ул клары цеткин вл 26а,"АО ""1С""",Строится,САО,Коптево
Улица Клары Цеткин Дом 33,улица клары цеткин дом 33,КОНЦЕРН ВКО АЛМАЗ - АНТЕЙ,Введено,САО,Войковский
Зорге ул. д. 5 стр. 4,зорге ул д 5 стр 4,"ООО ""ПРЕДПРИЯТИЕ ""СЕГМЕНТ""",Строится,САО,Хорошёвский
"ул. Зорге, вл. 5",ул зорге вл 5,"ООО ""ПРЕДПРИЯТИЕ ""СЕГМЕНТ""",Строится,САО,Хорошёвский
"2-й Силикатный проезд, вл.13",2-й силикатный проезд вл13,SEZAR GROUP,Строится,СЗАО,Хорошёво-Мнёвники
"проезд 1-й Силикатный, земельный участок 13/2, СЗАО, Хорошево-Мневники",проезд 1-й силикатный земельный участок 13/2 сзао хорошево-мневники,ГРАНЕЛЬ,Строится,СЗАО,Хорошёво-Мнёвники
"проезд 1-й Силикатный, земельный участок 13/1",проезд 1-й силикатный земельный участок 13/1,ГРАНЕЛЬ,Строится,СЗАО,Хорошёво-Мнёвники
"Шелепихинская набережная, дом 34, корпус 7",шелепихинская набережная дом 34 корпус 7,ДОНСТРОЙ,Введено,СЗАО,Хорошёво-Мнёвники
"Багратионовский проезд, влд. 5",багратионовский проезд влд. 5,MR GROUP,Введено,ЗАО,Филёвский Парк
"Промышленный проезд, вл. 5, стр. 1, 2, 3, 4",промышленный проезд вл 5 стр 1 2 3 4,"АО ""ФОРП""",Строится,ЗАО,Филёвский Парк
Километр МЖД Киевское 5-й з/у 5/6,километр мжд киевское 5-й зу 5/6,САМОЛЕТ,Строится,ЗАО,Раменки
Километр МЖД Киевское 5-й з/у 5/3,километр мжд киевское 5-й зу 5/3,САМОЛЕТ,Строится,ЗАО,Раменки
"ул. Мосфильмовская, вл. 31А",ул мосфильмовская вл 31а,OCTOBER GROUP,Строится,ЗАО,Раменки
"Хорошёвское шоссе ул., Куусинена ул., пересечение (участок № 2)",хорошевское шоссе ул куусинена ул пересечение (участок № 2),УЭЗ,Строится,САО,Хорошёвский
"Хорошёвское ш., владение 39",хорошевское ш владение 39,"ООО ""СЗ ""АСПЕЙС ХОРОШЕВСКАЯ""",Строится,САО,Хорошёвский
"ул. Большая Филевская, земельный участок 2Б",ул большая филевская земельный участок 2б,GRANARD,Строится,ЗАО,Филёвский Парк
район Раменки,район раменки,TASHIR,Введено,ЗАО,Раменки
"Ходынский б-р, з/у 4/1",ходынский б-р зу 4/1,STONE,Строится,САО,Хорошёвский
Хорошёвское шоссе на пересечении с ул. Куусинена (Участок 1),хорошевское шоссе на пересечении с ул куусинена (участок 1),УЭЗ,Строится,САО,Хорошёвский
"Заречная улица, влд. 2/1",заречная улица влд. 2/1,ПИК,Введено,ЗАО,Филёвский Парк
"ул. Мосфильмовская, вл. 50",ул мосфильмовская вл 50,Посольство Малайзии в Российской Федерации,Строится,ЗАО,Раменки
"Ленинский проспект, влд. 90/2",ленинский проспект влд. 90/2,НОВАТЭК,Введено,ЗАО,Проспект Вернадского
"ул. Часовая, земельный участок 28/1, ул. Часовая, вл. 28, корпус 4",ул часовая земельный участок 28/1 ул часовая вл 28 корпус 4,АПЕКС,Строится,САО,Аэропорт
"улица Викторенко, земельный участок 18/3А",улица викторенко земельный участок 18/3а,"АО ""СЗ ""МАСТЕРС""",Строится,САО,Хорошёвский
"Ходынский бульвар, земельный участок 20А/1",ходынский бульвар земельный участок 20а/1,"АО ""РЕТОС ИНВЕСТ""",Строится,САО,Хорошёвский
Магистральная 3-я ул. вл. 10,магистральная 3-я ул вл 10,"ЗАО ""СЕВЕРНАЯ БАШНЯ""",Введено,САО,Хорошёвский
"Шмитовский проезд, вл.40",шмитовский проезд вл40,УЭЗ,Строится,ЦАО,Пресненский
"3-й Балтийский переулок, вл. 5",3-й балтийский переулок вл 5,ALCON,Строится,САО,Аэропорт
"Ходынский бульвар, з/у 20 А/2",ходынский бульвар зу 20 а/2,STONE,Строится,САО,Хорошёвский
"2-й Хорошёвский проезд, земельный участок 7/5",2-й хорошевский проезд земельный участок 7/5,SEZAR GROUP,Строится,САО,Хорошёвский
Магистральная 2-я ул. уч. 7А/1,магистральная 2-я ул уч 7а/1,"ООО ""ЭКТО""",Строится,ЦАО,Пресненский
"Шмитовский пр. вл. 39 стр. 4, 5, 6, 12, 13, 16, 17",шмитовский пр вл 39 стр 4 5 6 12 13 16 17,КОРТРОС,Строится,ЦАО,Пресненский
"ул. Поклонная, вл. 9",ул поклонная вл 9,ANT DEVELOPMENT,Введено,ЗАО,Дорогомилово
ул. Мосфильмовская,ул мосфильмовская,AB DEVELOPMENT,Введено,ЗАО,Раменки
"железнодорожная станция ""Подмосковная"" Московской железной дороги",железнодорожная станция подмосковная московской железной дороги,РЖД,Строится,САО,Войковский
"ул. 5-я Магистральная, з/у 4",ул 5-я магистральная зу 4,ФСК,Строится,САО,Хорошёвский
"ул. 2-я Магистральная, вл. 14-В",ул 2-я магистральная вл 14-в,"ООО ""ЛАСТОЧКА""",Строится,САО,Хорошёвский
"ул. Магистральная 2-я, вл. 3, стр. 1,3,4,6,7,9,10",ул магистральная 2-я вл 3 стр 1 3 4 6 7 9 10,DAR,Строится,ЦАО,Пресненский
"Шелепихинский тупик, земельный участок 17/1",шелепихинский тупик земельный участок 17/1,УЭЗ,Строится,ЦАО,Пресненский
ул. Поклонная. вл. 7,ул поклонная. вл 7,"ООО ""СПЕЦСТРОЙ-1""",Строится,ЗАО,Дорогомилово
"Ходынский бульвар, з/у 6/2",ходынский бульвар зу 6/2,STONE,Строится,САО,Хорошёвский
проезд 2-й Хорошёвский Земельный участок 7/7,проезд 2-й хорошевский земельный участок 7/7,SEZAR GROUP,Строится,САО,Хорошёвский
"2-й Хорошевский проезд, земельный участок 7/2",2-й хорошевский проезд земельный участок 7/2,SEZAR GROUP,Строится,САО,Хорошёвский
"2-й Хорошевский проезд, зем. участок 7/4",2-й хорошевский проезд зем. участок 7/4,SEZAR GROUP,Строится,САО,Хорошёвский
"ул. 2-я Магистральная, вл. 3, строение 1,3,4,6,7,9,10",ул 2-я магистральная вл 3 строение 1 3 4 6 7 9 10,DAR,Строится,ЦАО,Пресненский
"ул. Ермакова роща, вл. 3",ул ермакова роща вл 3,"АО ""ЭКСПОЦЕНТР""",Введено,ЦАО,Пресненский
подэстакадное пространство 3-го транспортного кольца в районе ММДЦ «Москва-Сити»,подэстакадное пространство 3-го транспортного кольца в районе ммдц москва-сити,"ГУП ГОРОДА МОСКВЫ ""ЦЕНТР-СИТИ""",Введено,ЦАО,Пресненский
пересечение Кутузовского проспекта и улицы Кульнева,пересечение кутузовского проспекта и улицы кульнева,СБЕРБАНК,Строится,ЗАО,Дорогомилово
район Кунцево,район кунцево,ИНВЕСТИЦИОННАЯ КОМПАНИЯ ЛИДЕР,Строится,ЗАО,Кунцево
"ул. Мосфильмовская, д. 4",ул мосфильмовская д 4,"АО ""НИЦ ""АТОМ""",Строится,ЗАО,Раменки
"проспект Вернадского, вл. 6В",проспект вернадского вл 6в,АБСОЛЮТ,Строится,ЗАО,Раменки
"Ленинский проспект, земельный участок 82/2/2",ленинский проспект земельный участок 82/2/2,"ООО ""ВУЛКАН-АВТО""",Строится,ЮЗАО,Ломоносовский
"улица Часовая, земельный участок 6/3",улица часовая земельный участок 6/3,DAR,Строится,САО,Аэропорт
"3-й Хорошевский проезд, вл. 5",3-й хорошевский проезд вл 5,"ООО ""СЗ ДАНИАН""",Строится,САО,Хорошёвский
"Россия, Москва, Западный административный округ",россия москва западный административный округ,РЖД,Строится,ЦАО,Пресненский
район Пресненский,район пресненский,РЖД,Строится,ЗАО,Солнцево
2-й Красногвардейский проезд,2-й красногвардейский проезд,"ООО СЗ ""СТРАНА СИТИ""",Строится,ЦАО,Пресненский
"проспект Кутузовский, д. 37 стр. 1",проспект кутузовский д 37 стр 1,РЖД,Строится,ЦАО,Пресненский
"3-й Сетуньский проезд, земельный участок 10",3-й сетуньский проезд земельный участок 10,DOMINANTA,Строится,ЗАО,Раменки
"Ленинградский проспект, вл. 39",ленинградский проспект вл 39,"ООО ""АРЕНАСТРОЙ""",Строится,САО,Хорошёвский
"3-й Хорошёвский проезд, влд. 3А",3-й хорошевский проезд влд. 3а,ФСК,Строится,САО,Хорошёвский
"3-й Хорошёвский проезд, вл. 3А",3-й хорошевский проезд вл 3а,ФСК,Строится,САО,Хорошёвский
"Внутригородское муниципальное образование Пресненское, улица Подвойского, земельный участок 12/15 (зона 1.1)",внутригородское муниципальное образование пресненское улица подвойского земельный участок 12/15 (зона 1.1),ФОНД РЕНОВАЦИИ,Строится,ЦАО,Пресненский
Шмитовский пр. вл. 26,шмитовский пр вл 26,АВТОДОМ,Введено,ЦАО,Пресненский
1-й Красногвардейский пр.,1-й красногвардейский пр,УЭЗ,Строится,ЦАО,Пресненский
"тер. ИНТЦ ""Воробьевы горы"" (Ломоносовский проспект пересечение с проспектом Вернадского)",тер. интц воробьевы горы (ломоносовский проспект пересечение с проспектом вернадского),ОЭС,Введено,ЗАО,Раменки
"Черняховского ул., вл. 19",черняховского ул вл 19,ПИК,Строится,САО,Аэропорт
"улица Константина Симонова, влд. 3, стр. 1",улица константина симонова влд. 3 стр 1,КП УГС,Введено,САО,Аэропорт
"Красноармейская ул., влд. 11, САО, Аэропорт",красноармейская ул влд. 11 сао аэропорт,МАНГАЗЕЯ,Строится,САО,Аэропорт
Хорошевское шоссе 38А,хорошевское шоссе 38а,CAPITAL GROUP,Введено,САО,Хорошёвский
"Краснопресненская наб., з/у 14/15",краснопресненская наб. зу 14/15,"ООО СЗ ""1-Й КРАСНОГВАРДЕЙСКИЙ""",Строится,ЦАО,Пресненский
"Москва, ЦАО, район Пресненский, Краснопресненская набережная, ММДЦ ""Москва-Сити"", участок № 15",москва цао район пресненский краснопресненская набережная ммдц москва-сити участок № 15,CAPITAL GROUP,Введено,ЦАО,Пресненский
Пресненский район,пресненский район,"АНО ""Агентство Творческих Программ""",Строится,ЦАО,Пресненский
"просп. Ленинградский, вл. 37",просп. ленинградский вл 37,OPTIMA DEVELOPMENT,Введено,САО,Хорошёвский
Ленинградский просп. вл. 37,ленинградский просп. вл 37,OPTIMA DEVELOPMENT,Введено,САО,Хорошёвский
"Ленинградский проспект, вл. 37",ленинградский проспект вл 37,"ООО ""СЗ СТАРТ-АВИАЦЕНТР""",Строится,САО,Хорошёвский
"Краснопресненская набережная, земельный участок 16/1",краснопресненская набережная земельный участок 16/1,ГАЛС,Строится,ЦАО,Пресненский
"ул. Лужники, вл. 24 (объект № 12)",ул лужники вл 24 (объект № 12),"АО ""АРЕНА КРИСТАЛЛ""",Введено,ЦАО,Хамовники
"Москва, САО, Аэропорт, Ильюшина академика ул. д. 21 стр. 1-4",москва сао аэропорт ильюшина академика ул д 21 стр 1-4,СТРОЙ МИР,Строится,САО,Аэропорт
"Ленинградский проспект, з/у 37А/1",ленинградский проспект зу 37а/1,"ООО ""ТЕРРАНОВА""",Строится,САО,Хорошёвский
"улица Сергея Макеева, земельный участок 7/1",улица сергея макеева земельный участок 7/1,ДОНСТРОЙ,Строится,ЦАО,Пресненский
"Краснопресненская набережная, вл. 14, стр. 1",краснопресненская набережная вл 14 стр 1,CAPITAL GROUP,Введено,ЦАО,Пресненский
"Краснопресненская наб., вл. 14, стр. 1",краснопресненская наб. вл 14 стр 1,CAPITAL GROUP,Введено,ЦАО,Пресненский
"Власова архитектора ул. , рядом с вл. 10",власова архитектора ул рядом с вл 10,ПРАВОСЛАВИЕ,Строится,ЮЗАО,Черёмушки
"Тимирязевская ул., вл. 52",тимирязевская ул вл 52,РОССЕЛЬХОЗ,Введено,САО,Тимирязевский
Зыковский Нов. пр. 4,зыковский нов. пр 4,МИНЗДРАВ РОССИИ,Строится,САО,Аэропорт
"1-й Боткинский проезд, участок 28",1-й боткинский проезд участок 28,"ООО СЗ ""ЭНИМЕРОЗИ""",Строится,САО,Беговой
Проектируемый пр. N 6368 вблизи ул. Поликарпова,проектируемый пр n 6368 вблизи ул поликарпова,"ГКУ ""УКРИС""",Введено,САО,Беговой
"ул. 2-я Звенигородская, вл. 13, стр. 1-3, 4А, 4Б, 11, 17, 18А-Ж, 19-20, 22, 37",ул 2-я звенигородская вл 13 стр 1-3 4а 4б 11 17 18а-ж 19-20 22 37,"АО ""ПМЗ""",Строится,ЦАО,Пресненский
Мантулинская ул. вл. 5,мантулинская ул вл 5,КИЕВСКАЯ ПЛОЩАДЬ,Строится,ЦАО,Пресненский
"Киевская ул., дом 16А (Резервный пр. вл. 11А)",киевская ул дом 16а (резервный пр вл 11а),"ООО ""ВОСТОК""",Введено,ЗАО,Дорогомилово
"вн.тер.г. муниципальный округ, Хамовники",вн.тер.г. муниципальный округ хамовники,"ООО ""СЗ ""ЛУЖНИКИ-2""",Строится,ЦАО,Хамовники
"Москва, САО, район Войковский, Старопетровский пр. (САО, Войковский)",москва сао район войковский старопетровский пр (сао войковский),LEVEL GROUP,Строится,САО,Войковский
"Боткинский проезд, д. 5, к. 2",боткинский проезд д 5 к 2,"ГБУ ""ДИРЕКЦИЯ РАЗВИТИЯ ОБЪЕКТОВ ЗДРАВООХРАНЕНИЯ ГОРОДА МОСКВЫ""",Введено,САО,Беговой
"ул. 2-я Звенигородская, вл. 12, стр. 9, 11, 12, 13, 14, 15, 17, 29, 32, 33",ул 2-я звенигородская вл 12 стр 9 11 12 13 14 15 17 29 32 33,VESPER,Введено,ЦАО,Пресненский
"Кутузовский просп., вл.12,14А",кутузовский просп. вл12 14а,КИЕВСКАЯ ПЛОЩАДЬ,Введено,ЗАО,Дорогомилово
Кутузовский просп. вл. 12,кутузовский просп. вл 12,VESPER,Строится,ЗАО,Дорогомилово
"ул. Большая Дорогомиловская, дом 9, корп. 2",ул большая дорогомиловская дом 9 корп 2,ГРУППА ВИС,Строится,ЗАО,Дорогомилово
"ул. Можайский вал, вл. 8, стр. 1-4",ул можайский вал вл 8 стр 1-4,РОТАРИ ИНВЕСТ,Строится,ЗАО,Дорогомилово
"Москва, ЦАО, район Пресненский, ул. 2-я Звенигородская, вл. 12 стр. 1, 3, 4, 5, 7, 8, 10, 18, 19, 21, 22, 23, 26, 64",москва цао район пресненский ул 2-я звенигородская вл 12 стр 1 3 4 5 7 8 10 18 19 21 22 23 26 64,VESPER,Введено,ЦАО,Пресненский
"Кутузовский проспект, вл. 12/2, 12/6",кутузовский проспект вл 12/2 12/6,CAPITAL GROUP,Строится,ЗАО,Дорогомилово
"Ул. Можайский вал, вл. 7",ул можайский вал вл 7,"ООО ""НЕПТУН-ТРЭЙДИНГ""",Строится,ЗАО,Дорогомилово
Можайский 1-й туп. вл. 8а стр. 1,можайский 1-й туп. вл 8а стр 1,"АО ""СЗ ""ЭЛИТА-ЭКО""",Строится,ЗАО,Дорогомилово
"Саввинская набережная, вл.27",саввинская набережная вл27,LEVEL GROUP,Введено,ЦАО,Хамовники
"улица Погодинская, дом 24, корпус 1, корпус 2",улица погодинская дом 24 корпус 1 корпус 2,"АО ""СЗ ""КОМПАНИЯ ""РУССКИЙ КАПИТАЛ""",Строится,ЦАО,Хамовники
Воробьевская набережная,воробьевская набережная,"АССОЦИАЦИЯ ""НОВАЯ ЛИГА""",Строится,ЗАО,Раменки
Вавилова ул. вл. 61,вавилова ул вл 61,КП УГС,Введено,ЮЗАО,Академический
"лица Профсоюзная, земельный участок 37",лица профсоюзная земельный участок 37,ФОНД РЕНОВАЦИИ,Введено,ЮЗАО,Черёмушки
"проезд Старый Петровско-Разумовский, земельный участок 1/23",проезд старый петровско-разумовский земельный участок 1/23,РГ-ДЕВЕЛОПМЕНТ,Введено,САО,Савёловский
"Бережковская набережная, д. 16",бережковская набережная д 16,ГАЗПРОМ,Введено,ЗАО,Дорогомилово
"ул. Фотиевой, вл. 5",ул фотиевой вл 5,ЭТАЛОН,Строится,ЮЗАО,Гагаринский
"ул. Профсоюзная, земельный участок 21/23/1",ул профсоюзная земельный участок 21/23/1,ПРАВОСЛАВИЕ,Строится,ЮЗАО,Черёмушки
ул Гарибальди 31,ул гарибальди 31,ФОНД РЕНОВАЦИИ,Введено,,
"Ленинградский проспект, д. 36, к. 13",ленинградский проспект д 36 к 13,ГАЛС,Строится,САО,Аэропорт
Ходынская ул. уч. 2/9,ходынская ул уч 2/9,"АО ""КАРАТ ИНВЕСТ""",Строится,ЦАО,Пресненский
"Саввинская набережная, д. 17",саввинская набережная д 17,LEVEL GROUP,Введено,ЦАО,Хамовники
"улица Лужники, д. 24, стр. 5Б",улица лужники д 24 стр 5б,ОЛИМПИЙСКИЙ КОМПЛЕКС ЛУЖНИКИ,Введено,ЦАО,Хамовники
"ул. Академика Зельдовича, земельный участок 1",ул академика зельдовича земельный участок 1,МФ ФОИ,Введено,ЮЗАО,Гагаринский
Хуторская 2-я ул. уч. 31А,хуторская 2-я ул уч 31а,ФОНД РЕНОВАЦИИ,Введено,САО,Савёловский
"Ленинградский проспект, влд. 34",ленинградский проспект влд. 34,ALCON,Введено,САО,Аэропорт
"улица Пресненский Вал, влд. 27",улица пресненский вал влд. 27,АО «СТРАНА ДЕВЕЛОПМЕНТ»,Строится,ЦАО,Пресненский
"Столярный пер., вл. 3",столярный пер вл 3,"ПАО ""ММЗ ""РАССВЕТ""",Строится,ЦАО,Пресненский
"Столярный пер., вл.3, корп.6",столярный пер вл3 корп6,KR PROPERTIES,Строится,ЦАО,Пресненский
"Погодинская ул., д. 10, с. 3",погодинская ул д 10 с. 3,МИНОБРНАУКИ РОССИИ,Строится,ЦАО,Хамовники
Лужнецкая набережная,лужнецкая набережная,АБСОЛЮТ,Строится,ЦАО,Хамовники
"Сергея Макеева ул., з/у 7/1, 7/15",сергея макеева ул зу 7/1 7/15,ДОНСТРОЙ,Строится,ЦАО,Пресненский
Хуторская 2-я ул. вл. 34,хуторская 2-я ул вл 34,MR GROUP,Введено,САО,Савёловский
"улица Пресненский Вал, земельный участок 27/5",улица пресненский вал земельный участок 27/5,АО «СТРАНА ДЕВЕЛОПМЕНТ»,Строится,ЦАО,Пресненский
"ул. Пресненский Вал, земельный участок 27/5",ул пресненский вал земельный участок 27/5,АО «СТРАНА ДЕВЕЛОПМЕНТ»,Строится,ЦАО,Пресненский
"улица Грузинский Вал, земельный участок 3",улица грузинский вал земельный участок 3,"ООО ""РОЛЛАГРО""",Строится,ЦАО,Пресненский
"Малая Грузинская улица, вл. 24, стр. 1, 3, вл. 26, стр. 1",малая грузинская улица вл 24 стр 1 3 вл 26 стр 1,МИНКУЛЬТУРЫ РОССИИ,Введено,ЦАО,Пресненский
"1-й Тружеников пер., вл.12",1-й тружеников пер вл12,COLDY,Введено,ЦАО,Хамовники
"улица Косыгина, влд. 28",улица косыгина влд. 28,АНО РСИО,Введено,ЗАО,Раменки
"ул Косыгина 28, Стр 7",ул косыгина 28 стр 7,,Введено,ЗАО,Раменки
"ул. Профсоюзная, д. 2/22",ул профсоюзная д 2/22,LEVEL GROUP,Введено,ЮЗАО,Академический
"Кедрова ул., вл. 16",кедрова ул вл 16,ФОНД РЕНОВАЦИИ,Введено,ЮЗАО,Академический
"Тимярязевский район, Бутырский район",тимярязевский район бутырский район,"ГКУ ""УДМС""",Строится,САО,Тимирязевский
"Дмитровский проезд, вл. 1Г",дмитровский проезд вл 1г,"АО ""ТОЧЕЧНЫЕ ИНВЕСТИЦИИ""",Строится,САО,Тимирязевский
Ямского поля 5-я ул. вл. 23-25 стр. 3,ямского поля 5-я ул вл 23-25 стр 3,ТЕНЗОР,Введено,САО,Беговой
"Электрический пер., вл.1",электрический пер вл1,SMINEX,Строится,ЦАО,Пресненский
"Электрический пер., вл. 1",электрический пер вл 1,SMINEX,Строится,ЦАО,Пресненский
"ул. Дружинниковская, вл. 15",ул дружинниковская вл 15,СЗ КИНОЦЕНТР,Введено,ЦАО,Пресненский
"ул. Дружинниковская, вл. 18",ул дружинниковская вл 18,ПТИЦЕФАБРИКА КРАСНОГОРСКАЯ,Строится,ЦАО,Пресненский
"1-й Тружеников пер., вл. 4, 4/1, 4/2",1-й тружеников пер вл 4 4/1 4/2,"ЗАО ""М-ЛАЗЕР""",Строится,ЦАО,Хамовники
"2-й Вражский переулок, вл. 8, стр. 2",2-й вражский переулок вл 8 стр 2,CAPITAL GROUP,Строится,ЦАО,Хамовники
"ул. Кржижановского, земельный участок 22В/1",ул кржижановского земельный участок 22в/1,ПРАВОСЛАВИЕ,Строится,ЮЗАО,Академический
"Новочеремушкинская улица, влд.35",новочеремушкинская улица влд.35,ФОНД РЕНОВАЦИИ,Введено,ЮЗАО,Академический
"улица Новочерёмушкинская, земельный участок 41А",улица новочеремушкинская земельный участок 41а,ФОНД РЕНОВАЦИИ,Строится,ЮЗАО,Академический
"вблизи ул. Яблочкова, владение 5/5 (здание 2)",вблизи ул яблочкова владение 5/5 (здание 2),"ГКУ ""УКРИС""",Введено,СВАО,Бутырский
Масловка Нижн. ул. д. 10 стр. Б,масловка нижн. ул д 10 стр б,"ООО ""НМ-10""",Введено,САО,Савёловский
"улица Россолимо, земельный участок 11/1",улица россолимо земельный участок 11/1,МИНЗДРАВ РОССИИ,Строится,ЦАО,Хамовники
"Новочерёмушкинская улица, влд. 27",новочеремушкинская улица влд. 27,ФОНД РЕНОВАЦИИ,Введено,ЮЗАО,Академический
Ленинградский просп. вл. 8,ленинградский просп. вл 8,MR GROUP,Введено,САО,Беговой
"пл. Тверская Застава, вл. 3",пл. тверская застава вл 3,AFI DEVELOPMENT,Введено,ЦАО,Тверской
пер. 2-й Неопалимовский,пер 2-й неопалимовский,PALLADIO GROUP,Введено,ЦАО,Хамовники
Вавилова ул. уч. 11,вавилова ул уч 11,"АО ""ВАВИЛОВА 13А""",Строится,ЮЗАО,Академический
"ул. Кржижановского, земельный участок 31/2",ул кржижановского земельный участок 31/2,ГЛАВСТРОЙ,Строится,ЮЗАО,Котловка
"ул. Милашенкова, вл. 7/3",ул милашенкова вл 7/3,ФОНД РЕНОВАЦИИ,Введено,СВАО,Бутырский
"Бумажный пр. вл. 19 стр. 4,5",бумажный пр вл 19 стр 4 5,STONE,Строится,САО,Беговой
"1-я улица Ямского Поля, вл. 30",1-я улица ямского поля вл 30,STONE,Строится,САО,Беговой
"1-я улица Ямского поля, вл. 17",1-я улица ямского поля вл 17,"АО ""ВПЕРЁД ДВЛ""",Строится,САО,Беговой
"ул.1-я Ямского Поля, вл.8, вл.10, стр.1",ул1-я ямского поля вл8 вл10 стр1,MR GROUP,Введено,САО,Беговой
ул. Бутырский Вал,ул бутырский вал,MR GROUP,Строится,ЦАО,Тверской
"Большой Лёвшинский пер., земельный участок 19",большой левшинский пер земельный участок 19,ТРАНССТРОЙИНВЕСТ,Строится,ЦАО,Хамовники
"Зубовский бульвар, вл. 35, стр. 3",зубовский бульвар вл 35 стр 3,СТРОЙТЭКС,Строится,ЦАО,Хамовники
"Комсомольский проспект, земельный участок 21/2",комсомольский проспект земельный участок 21/2,"ООО ""КОНОН""",Строится,ЦАО,Хамовники
"Монтажная ул., вл. 8/24, стр. 1-5, 7-13",монтажная ул вл 8/24 стр 1-5 7-13,ФСК,Строится,ВАО,Гольяново
Милашенкова ул. вл. 6,милашенкова ул вл 6,КП УГС,Введено,СВАО,Бутырский
"М. Левшинский пер., вл. 7",м. левшинский пер вл 7,ГРУППА ПСН,Строится,ЦАО,Хамовники
"проезд Огородный, вл. 25/20, строение 1",проезд огородный вл 25/20 строение 1,ПРАВОСЛАВИЕ,Строится,СВАО,Бутырский
"улица Складочная, земельный участок 1/1",улица складочная земельный участок 1/1,"АО ""ГКС""",Строится,СВАО,Бутырский
"Большой Козихинский пер. , вл. 31, с. 1",большой козихинский пер вл 31 с. 1,"ООО ""СЗ ""КОЗИХИНСКИЙ""",Строится,ЦАО,Пресненский
"Тимура Фрунзе ул., земельный участок 10/1",тимура фрунзе ул земельный участок 10/1,"АО ""АТМОСФЕРА""",Строится,ЦАО,Хамовники
"пр-д Донской 2-й, вл. 10 и вл. 10 , стр. 4, ул. Орджоникидзе, вл. 10",пр-д донской 2-й вл 10 и вл 10 стр 4 ул орджоникидзе вл 10,PIONEER,Строится,ЮАО,Донской
"Донской 5-й пр., вл. 21, корп. 6",донской 5-й пр вл 21 корп 6,GORN DEVELOPMENT,Строится,ЮАО,Донской
Огородный пр. д. 20,огородный пр д 20,БРУСНИКА,Строится,СВАО,Бутырский
"Огородный проезд, з/у 20А/2",огородный проезд зу 20а/2,"ООО ""СЗ ""БЦ АПСАЙД ОСТАНКИНО""",Строится,СВАО,Бутырский
"ул. Руставели, вл. 14, стр. 1",ул руставели вл 14 стр 1,ПИК,Строится,СВАО,Бутырский
"ул. Руставели, ул.Добролюбова, дом 8",ул руставели улдобролюбова дом 8,ПИК,Введено,СВАО,Бутырский
"ул. Руставели, Добролюбова ул. д. 8",ул руставели добролюбова ул д 8,ПИК,Введено,СВАО,Бутырский
"Москва, СВАО, Марьина роща, Двинцев ул. вл. 3",москва свао марьина роща двинцев ул вл 3,STONE,Введено,СВАО,Марьина Роща
"Тверская-Ямская 1-я ул., вл. 2",тверская-ямская 1-я ул вл 2,VESPER,Введено,ЦАО,Тверской
"ул Большая Садовая 16, Стр 5",ул большая садовая 16 стр 5,"ООО ""СВЕТ ЗВЕЗД""",Введено,ЦАО,Пресненский
"Калошин пер., вл. 6-8, стр. 17",калошин пер вл 6-8 стр 17,ТЕНЗОР,Строится,ЦАО,Арбат
"Винокурова улица, земельный участок 22/1 (зона 2.1)",винокурова улица земельный участок 22/1 (зона 2.1),ФОНД РЕНОВАЦИИ,Строится,ЮЗАО,Котловка
"Большая Черёмушкинская улица, влд. 25",большая черемушкинская улица влд. 25,TEKTA GROUP,Введено,ЮЗАО,Котловка
"ул. Руставели, 14/1",ул руставели 14/1,ПИК,Строится,СВАО,Бутырский
"ул. Руставели, вл. 14/2, вл.14/3",ул руставели вл 14/2 вл14/3,ПИК,Введено,СВАО,Бутырский
"ул. Руставели, вл.14/3",ул руставели вл14/3,ПИК,Введено,СВАО,Бутырский
Руставели ул. вл. 14/3,руставели ул вл 14/3,ПИК,Введено,СВАО,Бутырский
"ул. Руставели, ул. Добролюбова, дом 8",ул руставели ул добролюбова дом 8,ПИК,Введено,СВАО,Бутырский
"Полковая ул., вл. 1",полковая ул вл 1,PIONEER,Строится,СВАО,Марьина Роща
ул. Складочная,ул складочная,"ООО ""СЗ ""АЗИМУТ""",Строится,СВАО,Марьина Роща
"Новослободская ул., вл. 30-32",новослободская ул вл 30-32,"ОБЩЕСТВО С ОГРАНИЧЕННОЙ ОТВЕТСТВЕННОСТЬЮ ""КИЕВСКАЯ ПЛОЩАДЬ""",Строится,ЦАО,Тверской
ул. Новослободская,ул новослободская,"ООО ""СЗ ""АПСАЙД НОВОСЛОБОДСКАЯ""",Строится,ЦАО,Тверской
"Большой Палашевский пер., вл.11 стр.1,2, вл. 13, стр.1,2, вл.15, стр.1,2",большой палашевский пер вл11 стр1 2 вл 13 стр1 2 вл15 стр1 2,"ООО ""СПЕЦИАЛИЗИРОВАННЫЙ ЗАСТРОЙЩИК ""ЧЕТВЕРТЫЙ""",Строится,ЦАО,Тверской
"Мерзляковский пер., вл. 22, стр. 1, 3",мерзляковский пер вл 22 стр 1 3,PIONEER,Строится,ЦАО,Пресненский
"Турчанинов пер., вл.3, стр.1",турчанинов пер вл3 стр1,СОЮЗ МАРИНС ГРУПП,Введено,ЦАО,Хамовники
"Королёва Академика ул., д. 21",королева академика ул д 21,SMINEX,Введено,СВАО,Марфино
"Марьина Роща, ул. Полковая, вл.1. Этап 1",марьина роща ул полковая вл1. этап 1,PIONEER,Введено,СВАО,Марьина Роща
Минаевский пер. вл. 2,минаевский пер вл 2,МИНТРАНС РОССИИ,Строится,СВАО,Марьина Роща
"Новосущевская ул., вл. 37",новосущевская ул вл 37,"ЖСК ""ЖУРНАЛИСТ - 3""",Введено,СВАО,Марьина Роща
"Никитский бульвар, вл. 6/20",никитский бульвар вл 6/20,"ООО ""СЗ ТРЕТИЙ РИМ""",Строится,ЦАО,Арбат
пер. Нижний Кисловский,пер нижний кисловский,SENSE,Строится,ЦАО,Арбат
"Ремизова ул., вл.11, корп.2",ремизова ул вл11 корп2,ФОНД РЕНОВАЦИИ,Введено,ЮЗАО,Котловка
Проезд Огородный Земельный участок 6/1,проезд огородный земельный участок 6/1,UPSIDE DEVELOPMENT,Строится,СВАО,Бутырский
"Новосущевский пер., д. 6, строение 1; ул. Новосущевская, д. 24, строения 1, 2; 2-й Вышеславцев пер., д. 17",новосущевский пер д 6 строение 1 ул новосущевская д 24 строения 1 2 2-й вышеславцев пер д 17,МИНТРАНС РОССИИ,Строится,СВАО,Марьина Роща
"ул. Краснопролетарская, влд. 31/1",ул краснопролетарская влд. 31/1,КП УГС,Введено,ЦАО,Тверской
"Брюсов пер., вл.2/14, стр.10",брюсов пер вл2/14 стр10,МЕГАПОЛИС - ИНВЕСТ,Введено,ЦАО,Пресненский
"улица Большая Никитская, дом 11/4, строение 3",улица большая никитская дом 11/4 строение 3,"ООО ""НИКИТСКАЯ 11""",Строится,ЦАО,Пресненский
"Малый Кисловский переулок, вл. 4, стр. 5",малый кисловский переулок вл 4 стр 5,МИНКУЛЬТУРЫ РОССИИ,Строится,ЦАО,Пресненский
"Воздвиженка ул., вл.7/6, стр.6",воздвиженка ул вл7/6 стр6,"ООО ""ПРЕМИУМ ИНФОРМ""",Строится,ЦАО,Арбат
"Соймоновский проезд, вл. 3",соймоновский проезд вл 3,ЛСР,Строится,ЦАО,Хамовники
"2-й Обыденский переулок, земельный участок 5, земельный участок7",2-й обыденский переулок земельный участок 5 земельный участок7,VESTA Development,Строится,ЦАО,Хамовники
"Огородный проезд, з/у 4/7",огородный проезд зу 4/7,UPSIDE DEVELOPMENT,Строится,СВАО,Бутырский
17-й проезд Марьиной вл.9,17-й проезд марьиной вл9,"ООО ""НЬЮ СТАРС МЕДИА ТВ""",Строится,СВАО,Марьина Роща
район Марьина Роща,район марьина роща,"ООО ""СЗ ""МАРЬИНА РОЩА""",Строится,СВАО,Марьина Роща
Улица 2-я Ямская Дом 2,улица 2-я ямская дом 2,ИНДИВИДУАЛЬНЫЕ ПРЕДПРИНИМАТЕЛИ,Строится,СВАО,Марьина Роща
"ул. Волхонка, вл. 8-10/2, стр. 1-6, Колымажный пер., вл. 4, стр. 1, 2, 2А; вл. 6, стр. 1, 5, 6; Малый Знаменский пер., вл. 8, стр. 1; вл.8, стр. 9",ул волхонка вл 8-10/2 стр 1-6 колымажный пер вл 4 стр 1 2 2а вл 6 стр 1 5 6 малый знаменский пер вл 8 стр 1 вл8 стр 9,МИНКУЛЬТУРЫ РОССИИ,Строится,ЦАО,Хамовники
"Берсеневская наб., вл.6",берсеневская наб. вл6,"АО ""СЗ ""БОЛОТНАЯ, 9""",Строится,ЦАО,Якиманка
"ул. Нагорная, вл. 10/2, вл. 4а",ул нагорная вл 10/2 вл 4а,ИНДИВИДУАЛЬНЫЕ ПРЕДПРИНИМАТЕЛИ,Строится,ЮЗАО,Котловка
"ул. Нагорная, з/у 6/1",ул нагорная зу 6/1,ИНДИВИДУАЛЬНЫЕ ПРЕДПРИНИМАТЕЛИ,Строится,ЮЗАО,Котловка
"пр. Электролитный, вл. 7А",пр электролитный вл 7а,SMINEX (ранее INGRAD),Введено,ЮАО,Нагорный
"ул. Октябрьская, вл. 103",ул октябрьская вл 103,ЭТАЛОН,Строится,СВАО,Марьина Роща
"Электролитный проезд, влд. 7А",электролитный проезд влд. 7а,ФОНД РЕНОВАЦИИ,Введено,ЮАО,Нагорный
"г. Москва, Октябрьская улица, вл. 98",г. москва октябрьская улица вл 98,САМОЛЕТ,Введено,СВАО,Марьина Роща
"Шереметьевская ул., з/у 17",шереметьевская ул зу 17,ФОНД РЕНОВАЦИИ,Строится,СВАО,Марьина Роща
"пер. Столешников, д.12, стр. 2",пер столешников д12 стр 2,"ООО ""ОМЕГА""",Введено,ЦАО,Тверской
"2-й Хвостов переулок, вл. 8, стр. 2",2-й хвостов переулок вл 8 стр 2,"АО СЗ ""ЦЕНТР-ИНВЕСТ""",Введено,ЦАО,Якиманка
"ул. Серпуховский Вал, вл. 7",ул серпуховский вал вл 7,COLDY,Строится,ЮАО,Даниловский
Королева академика ул. вл. 13,королева академика ул вл 13,ПАТЕК ГРУПП,Введено,СВАО,Останкинский
"Новомосковская, вл. 18-22",новомосковская вл 18-22,ТЕЛЕКОМПАНИЯ НТВ,Введено,СВАО,Останкинский
Проезд 12-й Марьиной Рощи Дом 8 Строение 3,проезд 12-й марьиной рощи дом 8 строение 3,МЕТМЕДМЕБЕЛЬ,Строится,СВАО,Марьина Роща
"Москва, СВАО, Марьина роща, Марьиной рощи 12-й пр. вл. 11 стр. 1",москва свао марьина роща марьиной рощи 12-й пр вл 11 стр 1,ENKA,Строится,СВАО,Марьина Роща
"ул. Веткина, з/у 2/1",ул веткина зу 2/1,MR GROUP,Строится,СВАО,Марьина Роща
"3-й Колобовский переулок, д.16, стр.6",3-й колобовский переулок д16 стр6,МВД РОССИИ,Строится,ЦАО,Тверской
"Софийская набережная, вл. 18/8, стр.1, вл. 20, стр.1, вл. 24/2, стр. 1, 2, часть стр. 5; Болотная площадь, вл. 2/4, стр.1, вл. 4. стр.1, вл. 6-8, вл.10, стр.16, 17",софийская набережная вл 18/8 стр1 вл 20 стр1 вл 24/2 стр 1 2 часть стр 5 болотная площадь вл 2/4 стр1 вл 4. стр1 вл 6-8 вл10 стр16 17,CAPITAL GROUP,Введено,ЦАО,Якиманка
"Кадашевская набережная, вл. 10, 12/2; М. Толмачевский пер., вл. 1-3, 5-7",кадашевская набережная вл 10 12/2 м. толмачевский пер вл 1-3 5-7,МИНКУЛЬТУРЫ РОССИИ,Введено,ЦАО,Якиманка
"Старомонетный пер., д. 19/11, стр. 1, 2, 5, 7",старомонетный пер д 19/11 стр 1 2 5 7,"ООО ""СЗ ""СТАРОМОНЕТНЫЙ 19""",Введено,ЦАО,Якиманка
"переулок 3-й Добрынинский, земельный участок 4/2",переулок 3-й добрынинский земельный участок 4/2,ГАЗПРОМ,Строится,ЦАО,Якиманка
"Добрынинский 4-й пер., вл. 1/9",добрынинский 4-й пер вл 1/9,ПРАВОСЛАВИЕ,Строится,ЦАО,Замоскворечье
"Малая Тульская улица, дом 2",малая тульская улица дом 2,TASHIR,Строится,ЮАО,Даниловский
"Большая Тульская улица, влд. 10",большая тульская улица влд. 10,МАНГАЗЕЯ,Строится,ЮАО,Даниловский
"районы Москворечье-Сабурово, Нагатино-Садовники, Нагорный",районы москворечье-сабурово нагатино-садовники нагорный,"ГКУ ""УДМС""",Строится,ЮАО,Москворечье-Сабурово
Электролитный пр. вл. 3,электролитный пр вл 3,TASHIR,Введено,ЮАО,Нагорный
"Электролитный пр., вл.12Б",электролитный пр вл12б,TEKTA GROUP,Введено,ЮАО,Нагорный
"улица Бочкова, влд. 11А",улица бочкова влд. 11а,КОРТРОС,Введено,СВАО,Останкинский
"Олимпийский проспект, вл. 10",олимпийский проспект вл 10,"ООО ""ЕВРОФАРМАКОЛ""",Введено,ЦАО,Мещанский
"переулок Большой Толмачёвский, земельный участок 5/4",переулок большой толмачевский земельный участок 5/4,SMINEX,Введено,ЦАО,Якиманка
переулок Пыжевский,переулок пыжевский,"ООО ""Tekta Group""",Строится,ЦАО,Якиманка
"ул. Большая Полянка, вл. 33/41",ул большая полянка вл 33/41,КП УГС,Введено,ЦАО,Якиманка
"переулок 1-й Казачий, земельный участок 10/1",переулок 1-й казачий земельный участок 10/1,"ООО ""СЗ ""КАЗАЧИЙ""",Строится,ЦАО,Якиманка
"Варшавское шоссе, вл. 14, стр. 8; вл. 14, соор. 6, 7",варшавское шоссе вл 14 стр 8 вл 14 соор. 6 7,БАНК ТРАСТ,Строится,ЮАО,Донской
Нагорный,нагорный,КИЕВСКАЯ ПЛОЩАДЬ,Строится,ЮАО,Нагорный
"Варшавское шоссе, вл. 32; вл. 32, стр. 2, 3; вл. 34, стр. 2",варшавское шоссе вл 32 вл 32 стр 2 3 вл 34 стр 2,"АО ""КОНСТАНТ КАПИТАЛ""",Строится,ЮАО,Нагорный
"просп. Мира, вл. 119, стр. 19",просп. мира вл 119 стр 19,ГОСКОРПОРАЦИЯ РОСАТОМ,Введено,СВАО,Останкинский
"ул. 4-я Марьиной Рощи, земельный участок 12",ул 4-я марьиной рощи земельный участок 12,MR GROUP,Введено,СВАО,Марьина Роща
Олимпийский просп. вл. 16 стр. 2,олимпийский просп. вл 16 стр 2,КИЕВСКАЯ ПЛОЩАДЬ,Строится,ЦАО,Мещанский
"Олимпийский проспект, влд. 16",олимпийский проспект влд. 16,КИЕВСКАЯ ПЛОЩАДЬ,Строится,ЦАО,Мещанский
Олимпийский просп. вл. 16 стр. 4,олимпийский просп. вл 16 стр 4,КИЕВСКАЯ ПЛОЩАДЬ,Строится,ЦАО,Мещанский
"Сухаревский М. пер., вл. 4",сухаревский м. пер вл 4,"ОБЩЕСТВО С ОГРАНИЧЕННОЙ ОТВЕТСТВЕННОСТЬЮ ""ГРУППА КОМПАНИЙ СТИЛОБАТ""",Введено,ЦАО,Мещанский
"ш. Подольское, вл. 3",ш подольское вл 3,SENSE,Введено,ЮАО,Даниловский
"Холодильный переулок, дом 3, корп. 1",холодильный переулок дом 3 корп 1,"АО ""ИЗМЕРИТЕЛЬ""",Строится,ЮАО,Даниловский
"ш. Варшавское, вл. 9/1",ш варшавское вл 9/1,САМОЛЕТ,Введено,ЮАО,Донской
"территория, ограниченная Варшавским шоссе, проектируемым проездом № 5529, руслом Москва-реки, границей производственной зоны №2 ""Варшавское шоссе"", Нагатинской улицей",территория ограниченная варшавским шоссе проектируемым проездом № 5529 руслом москва-реки границей производственной зоны №2 варшавское шоссе нагатинской улицей,ХАНТ-ХОЛДИНГ,Строится,ЮАО,Нагатино-Садовники
"Нагатинская ул., вл. 1",нагатинская ул вл 1,ХАНТ-ХОЛДИНГ,Строится,ЮАО,Нагатино-Садовники
"ул. Нагатинская, вл.1/1",ул нагатинская вл1/1,ХАНТ-ХОЛДИНГ,Строится,ЮАО,Нагатино-Садовники
"ул. Садовая-Сухаревская, вл. 14, стр. 1",ул садовая-сухаревская вл 14 стр 1,MR GROUP,Введено,ЦАО,Мещанский
"пл. Малая Сухаревская, вл 6, стр. 2, 3, 4",пл. малая сухаревская вл 6 стр 2 3 4,SENSE,Строится,ЦАО,Мещанский
Садовническая наб. вл. 11,садовническая наб. вл 11,"ООО ""КЛИНИКА ДЕКО""",Строится,ЦАО,Замоскворечье
"Пятницкая ул., вл. 24, стр. 4",пятницкая ул вл 24 стр 4,ИНДИВИДУАЛЬНЫЕ ПРЕДПРИНИМАТЕЛИ,Строится,ЦАО,Замоскворечье
"ул. Пятницкая, вл. 40",ул пятницкая вл 40,"ООО ""СПЕЦИАЛИЗИРОВАННЫЙ ЗАСТРОЙЩИК ""ГАЛС-РАЗВИТИЕ""",Строится,ЦАО,Замоскворечье
"ул. 1-я Останкинская, вл. 43-55",ул 1-я останкинская вл 43-55,"ОБЩЕСТВО С ОГРАНИЧЕННОЙ ОТВЕТСТВЕННОСТЬЮ ""ГРУППА КОМПАНИЙ ""ЛИСТ""",Строится,СВАО,Останкинский
"Останкинский, мкр.15-16, корп.93",останкинский мкр.15-16 корп93,КП УГС,Строится,СВАО,Останкинский
"Мира просп., вл. 8",мира просп. вл 8,"""ФОНД СВЯТОСЛАВА ФЕДОРОВА""",Строится,ЦАО,Мещанский
"улица Сретенка, дом 13 (ул. Сретенка, влд. 13/26, стр. 1; Пушкарёв переулок, влд. 26, стр. 4)",улица сретенка дом 13 (ул сретенка влд. 13/26 стр 1 пушкарев переулок влд. 26 стр 4),"АО ""СРЕТЕНКА 13 - СПЕЦЗАСТРОЙЩИК""",Введено,ЦАО,Мещанский
"Руновский переулок, вл. 14",руновский переулок вл 14,ZIGGURAT,Строится,ЦАО,Замоскворечье
"Монетчиковский 5-й пер., вл. 7-7а-9/10, стр. 10",монетчиковский 5-й пер вл 7-7а-9/10 стр 10,ПЗП ЛЮБЛИНСКОЕ,Строится,ЦАО,Замоскворечье
"улица Даниловский Вал, д. 13",улица даниловский вал д 13,ПРАВОСЛАВИЕ,Строится,ЮАО,Даниловский
"Автозаводская улица, вл. 23",автозаводская улица вл 23,ЛСР,Введено,ЮАО,Даниловский
"улица Автозаводская, земельный участок 23/88В",улица автозаводская земельный участок 23/88в,ЛСР,Строится,ЮАО,Даниловский
"Нагатинский 1-й пр., вл. 8",нагатинский 1-й пр вл 8,"ООО ""НЬЮТОН ДЕВЕЛОПМЕНТ""",Строится,ЮАО,Нагатино-Садовники
"пр. 1-й Нагатинский, вл. 10",пр 1-й нагатинский вл 10,"ООО ""НЬЮТОН ПЛАЗА""",Введено,ЮАО,Нагатинский Затон
"Каширское шоссе, вл.11, корп.3",каширское шоссе вл11 корп3,ФОНД РЕНОВАЦИИ,Введено,ЮАО,Нагатино-Садовники
"Каширское ш., вл. 13а",каширское ш вл 13а,РОСИМУЩЕСТВО,Строится,ЮАО,Нагатино-Садовники
"проспект мира вл. 119, СВАО, Останкинский",проспект мира вл 119 свао останкинский,"АО ""ВДНХ""",Строится,СВАО,Останкинский
Костянский пер. вл. 13,костянский пер вл 13,НЕОСТРОЙ,Введено,ЦАО,Красносельский
"Большой Спасоглинищевский переулок, владение 9, строение 8",большой спасоглинищевский переулок владение 9 строение 8,"ЗАО ""В'ОРЕСТ""",Строится,ЦАО,Басманный
"ул. Большая Татарская, вл. 35",ул большая татарская вл 35,ДОНСТРОЙ,Строится,ЦАО,Замоскворечье
Татарская Б. ул. вл. 21,татарская б. ул вл 21,"АО ""СЗ ""ГЕОПРИБОР""",Строится,ЦАО,Замоскворечье
ул. Дубининская,ул дубининская,ГРАНЕЛЬ,Строится,ЦАО,Замоскворечье
"Щипок ул., д. 26, стр. 2",щипок ул д 26 стр 2,ZIGGURAT,Строится,ЦАО,Замоскворечье
"ул. Дубининская, вл. 59, строен. 3; вл. 65, строен. 3, 4, 5, 6; вл. 65, строен. 7; вл. 59, строен. 2",ул дубининская вл 59 строен. 3 вл 65 строен. 3 4 5 6 вл 65 строен. 7 вл 59 строен. 2,LEVEL GROUP,Введено,ЮАО,Даниловский
"ул. Дубининская, вл 59, корпус 2",ул дубининская вл 59 корпус 2,БРУСНИКА,Строится,ЮАО,Даниловский
Дубининская ул. вл. 59-69,дубининская ул вл 59-69,LEVEL GROUP,Введено,ЮАО,Даниловский
"Дубининская ул., уч. 69/1",дубининская ул уч 69/1,LEVEL GROUP,Строится,ЮАО,Даниловский
"Дубининская, вл. 69/1, вл. 69, стр. 2",дубининская вл 69/1 вл 69 стр 2,LEVEL GROUP,Строится,ЮАО,Даниловский
"Дубининская улица, дом 69А",дубининская улица дом 69а,ФОНД РЕНОВАЦИИ,Введено,ЮАО,Даниловский
"Москва, ул. Автозаводская, вл. 24, корп. 1",москва ул автозаводская вл 24 корп 1,РКС ДЕВЕЛОПМЕНТ,Строится,ЮАО,Даниловский
Автозаводская ул. вл. 22,автозаводская ул вл 22,"ООО ""СЗ ""АВТОЗАВОДСКАЯ 22""",Строится,ЮАО,Даниловский
"ул. Автозаводская, вл. 23/75",ул автозаводская вл 23/75,ЭТАЛОН,Строится,ЮАО,Даниловский
"ул. Автозаводская, вл. 23/74",ул автозаводская вл 23/74,ЭТАЛОН,Строится,ЮАО,Даниловский
"ул. Автозаводская, вл. 23, строен. 277",ул автозаводская вл 23 строен. 277,ПРАВОСЛАВИЕ,Строится,ЮАО,Даниловский
"ул. Автозаводская, вл. 23/70",ул автозаводская вл 23/70,ЭТАЛОН,Введено,ЮАО,Даниловский
"Автозаводская ул., вл.23/64",автозаводская ул вл23/64,ЭТАЛОН,Введено,ЮАО,Даниловский
"ул. Автозаводская, вл. 23/4",ул автозаводская вл 23/4,ЛСР,Введено,ЮАО,Даниловский
Автозаводская ул. уч. 23/436,автозаводская ул уч 23/436,ЛСР,Строится,ЮАО,Даниловский
2-й Нагатинский проезд,2-й нагатинский проезд,ПИК,Введено,ЮАО,Нагатино-Садовники
"улица Сергея Эйзенштейна, земельный участок 8/5",улица сергея эйзенштейна земельный участок 8/5,"АО ""КИНОСТУДИЯ ИМ. М. ГОРЬКОГО""",Введено,СВАО,Ростокино
"ул. Дубининская, земельный участок с кадастровым номером 77:01:0000000:3993",ул дубининская земельный участок с кадастровым номером 77:01:0000000:3993,ГРАНЕЛЬ,Строится,ЦАО,Замоскворечье
"Дубининская улица, вл. 37",дубининская улица вл 37,НК РОСНЕФТЬ,Строится,ЦАО,Замоскворечье
"Дубининская ул., вл. 39-41",дубининская ул вл 39-41,ГАЛС,Введено,ЦАО,Замоскворечье
"Автозаводская улица, влд.23",автозаводская улица влд.23,КП УГС,Введено,ЮАО,Даниловский
"ул Автозаводская, вл 23/5",ул автозаводская вл 23/5,ЛСР,Строится,ЮАО,Даниловский
"ул. Автозаводская, вл. 23/73",ул автозаводская вл 23/73,ЭТАЛОН,Введено,ЮАО,Даниловский
"Автозаводская ул., вл. 23/70",автозаводская ул вл 23/70,ЭТАЛОН,Введено,ЮАО,Даниловский
Автозаводская ул. вл. 23/66,автозаводская ул вл 23/66,ЭТАЛОН,Введено,ЮАО,Даниловский
Нагатинская наб. уч. 10А,нагатинская наб. уч 10а,LEVEL GROUP,Введено,ЮАО,Нагатино-Садовники
"пер. Огородная Слобода, д.7, стр.2 - ул. Мясницкая, д. 40, стр. 18.",пер огородная слобода д7 стр2 - ул мясницкая д 40 стр 18.,ИУДАИЗМ,Строится,ЦАО,Басманный
"Садовническая улица, вл. 82, стр. 3-6, 8, 9, 12",садовническая улица вл 82 стр 3-6 8 9 12,ГЕКАТА,Введено,ЦАО,Замоскворечье
"Шлюзовая набережная, вл. 2/1",шлюзовая набережная вл 2/1,ГАЛС,Строится,ЦАО,Замоскворечье
"Летниковская ул. вл. 4 стр. 1-4, 12-14 вл. 6а, стр.6,8,9",летниковская ул вл 4 стр 1-4 12-14 вл 6а стр6 8 9,ЭТАЛОН,Введено,ЦАО,Замоскворечье
"2-й Павелецкий проезд, вл. 4/6",2-й павелецкий проезд вл 4/6,ПИК,Строится,ЮАО,Даниловский
"ул. Автозаводская, вл. 23, участок № 34",ул автозаводская вл 23 участок № 34,ЛСР,Введено,ЮАО,Даниловский
"Москва, ЮАО, район Даниловский, ул Автозаводская, вл. 23/71 (ЮАО, Даниловский)",москва юао район даниловский ул автозаводская вл 23/71 (юао даниловский),ЭТАЛОН,Строится,ЮАО,Даниловский
"ул Автозаводская, вл 23/71",ул автозаводская вл 23/71,ЭТАЛОН,Строится,ЮАО,Даниловский
"ул. Автозаводская, вл. 23/65",ул автозаводская вл 23/65,ЭТАЛОН,Введено,ЮАО,Даниловский
Нагатинский 2-й пр. вл. 2/1,нагатинский 2-й пр вл 2/1,ПИК,Введено,ЮАО,Нагатино-Садовники
"проезд Нагатинский 2-й, вл.2/2",проезд нагатинский 2-й вл2/2,ПИК,Введено,ЮАО,Нагатино-Садовники
"3-я Мытищинская улица, д. 5",3-я мытищинская улица д 5,КП УГС,Введено,СВАО,Алексеевский
пересечение проспекта Академика Сахарова и Садовой-Спасской улицы,пересечение проспекта академика сахарова и садовой-спасской улицы,ОСНОВА,Введено,ЦАО,Красносельский
Покровский бульв. вл. 4/17 стр. 11,покровский бульв. вл 4/17 стр 11,"АО ""ИНТЕЛКОМ""",Строится,ЦАО,Басманный
"ул. Летниковская, вл. 6а, стр. 1, 2, 3, 7, 10",ул летниковская вл 6а стр 1 2 3 7 10,ЭТАЛОН,Введено,ЦАО,Замоскворечье
"ул. Летниковская, земельный участок 11/10/6",ул летниковская земельный участок 11/10/6,PIONEER,Введено,ЮАО,Даниловский
"улица Летниковская, земельный участок 11/10/6",улица летниковская земельный участок 11/10/6,PIONEER,Строится,ЮАО,Даниловский
"Летниковская ул. пересечение с Жуковым проездом (Жуков проезд, вл. 21)",летниковская ул пересечение с жуковым проездом (жуков проезд вл 21),"ПУБЛИЧНОЕ АКЦИОНЕРНОЕ ОБЩЕСТВО ""РОССИЙСКИЕ СЕТИ""",Введено,ЮАО,Даниловский
Дербеневская ул. уч. 20/29,дербеневская ул уч 20/29,TEKTA GROUP,Строится,ЮАО,Даниловский
"проезд Жуков, вл. 21",проезд жуков вл 21,"ООО СЗ ""СПЕЙС""",Строится,ЮАО,Даниловский
"улица Дербеневская, земельный участок 20/29",улица дербеневская земельный участок 20/29,TEKTA GROUP,Строится,ЮАО,Даниловский
"Автозаводская ул., вл. 23, строен. 240, стр.526",автозаводская ул вл 23 строен. 240 стр526,КП УГС,Введено,ЮАО,Даниловский
"ул. Автозаводская, вл. 23, стр. 91",ул автозаводская вл 23 стр 91,ФИН-ПАРТНЕР,Введено,ЮАО,Даниловский
"ул. Автозаводская, вл. 23/72",ул автозаводская вл 23/72,ЭТАЛОН,Строится,ЮАО,Даниловский
ул. Новоалексеевская,ул новоалексеевская,ЭТАЛОН,Введено,СВАО,Алексеевский
"ул. Большая Спасская, вл. 35-37",ул большая спасская вл 35-37,"АО СЗ ""ЦЕНТР-ИНВЕСТ""",Введено,ЦАО,Красносельский
"Серебрянический пер., вл. 11/12, стр. 2",серебрянический пер вл 11/12 стр 2,"АО СЗ ""ЦЕНТР-ИНВЕСТ""",Строится,ЦАО,Таганский
"Яузская ул. вл. 11/6 (Николоямская ул., д.16-2)",яузская ул вл 11/6 (николоямская ул д16-2),"ГБУ ""ДИРЕКЦИЯ РАЗВИТИЯ ОБЪЕКТОВ ЗДРАВООХРАНЕНИЯ ГОРОДА МОСКВЫ""",Введено,ЦАО,Таганский
"Гончарная улица, дом 20/1, стр. 1, стр. 2 (пер. 2-й Котельнический, вл. 20/1, стр. 1; пер. 2-й Котельнический, вл 2, стр. 1)",гончарная улица дом 20/1 стр 1 стр 2 (пер 2-й котельнический вл 20/1 стр 1 пер 2-й котельнический вл 2 стр 1),КРЭТ,Введено,ЦАО,Таганский
"Москва, ЦАО, район Замоскворечье, ул. Кожевническая, вл. 15, стр. 2,4,7,8",москва цао район замоскворечье ул кожевническая вл 15 стр 2 4 7 8,"ООО ""МАНОР""",Строится,ЦАО,Замоскворечье
"проспект Мира, вл. 127-129",проспект мира вл 127-129,"ООО ""ЮДЖИН-ЭСТЕЙТ""",Строится,СВАО,Ростокино
"Мира проспект, вл. 186А",мира проспект вл 186а,MR GROUP,Строится,СВАО,Алексеевский
"Машкова ул., влд. 18",машкова ул влд. 18,АБ КАПИТАЛ,Строится,ЦАО,Басманный
"Обуха пер., з/у 3",обуха пер зу 3,SUN Development,Строится,ЦАО,Таганский
"переулок Тессинский, земельный участок 5/1",переулок тессинский земельный участок 5/1,"ООО ""СЗ ""ЦЕНТР НА ТЕССИНСКОМ""",Строится,ЦАО,Таганский
"ул. Дербеневская, вл.1",ул дербеневская вл1,PIONEER,Строится,ЮАО,Даниловский
"Дербеневская ул., вл. 1",дербеневская ул вл 1,PIONEER,Строится,ЮАО,Даниловский
"Симоновская набережная, вл.1",симоновская набережная вл1,SMINEX (ранее INGRAD),Введено,ЮАО,Даниловский
"набережная Симоновская, земельный участок 1/25Б",набережная симоновская земельный участок 1/25б,Талан,Строится,ЮАО,Даниловский
"Москва, СВАО, Алексеевский, 1-й Рижский пер., домовладение 2Г",москва свао алексеевский 1-й рижский пер домовладение 2г,"АО ""СЕРВИНКОМ""",Строится,СВАО,Алексеевский
"ул. Сокольнический Вал, вл. 2А",ул сокольнический вал вл 2а,DAR,Строится,ВАО,Сокольники
Земляной вал ул. вл. 77-79,земляной вал ул вл 77-79,TASHIR,Строится,ЦАО,Таганский
"ул. Восточная, вл. 4 А/1",ул восточная вл 4 а/1,SMINEX (ранее INGRAD),Введено,ЮАО,Даниловский
"ул. Восточная, вл. 4А",ул восточная вл 4а,SMINEX (ранее INGRAD),Введено,ЮАО,Даниловский
Восточная ул. вл. 4А,восточная ул вл 4а,SMINEX (ранее INGRAD),Строится,ЮАО,Даниловский
"Проектируемый проезд 4062, вл.6",проектируемый проезд 4062 вл6,"ООО СЗ ""НАГАТИНСКИЙ ПАРК""",Введено,ЮАО,Даниловский
"ул. 2-я Рыбинская, вл. 12А",ул 2-я рыбинская вл 12а,"АО ""ЛЮДМИЛА""",Строится,ВАО,Сокольники
площадь Курского вокзала,площадь курского вокзала,IKON DEVELOPMENT,Введено,ЦАО,Басманный
Басманный р-н,басманный р-н,РЖД,Введено,ЦАО,Басманный
Басманный район,басманный район,РЖД,Строится,ЦАО,Басманный
"пер. Б. Полуярославский, д. 18 (Полуярославский Б. пер., вл. 18, стр. 1,3,4,5,9)",пер б. полуярославский д 18 (полуярославский б. пер вл 18 стр 1 3 4 5 9),"АО ""КОНРЭЙС""",Строится,ЦАО,Таганский
пр-кт Андропова,пр-кт андропова,ЭТАЛОН,Строится,ЮАО,Даниловский
пересечение проспекта Андропова с Нагатинской улицей,пересечение проспекта андропова с нагатинской улицей,МИНСТРОЙ РОССИИ,Строится,ЮАО,Нагатино-Садовники
"ул. Шумкина, вл. 14",ул шумкина вл 14,МОСТРАНССКЛАД,Введено,ВАО,Сокольники
"1-й Красносельский переулок, вл. 15/17",1-й красносельский переулок вл 15/17,ПАТЕКСТРОЙАРСЕНАЛ МГ,Строится,ЦАО,Красносельский
"улица Новая Басманная, земельный участок 26/4",улица новая басманная земельный участок 26/4,MR GROUP,Строится,ЦАО,Басманный
"Москва, ЦАО, район Таганский, Костомаровский пер., земельный участок 11/1",москва цао район таганский костомаровский пер земельный участок 11/1,STONE,Введено,ЦАО,Таганский
"Наставнический пер., вл. 12",наставнический пер вл 12,"ООО ""СТРОИТЕЛЬНАЯ КОМПАНИЯ ""КОРУНД ХХI""",Строится,ЦАО,Таганский
Велозаводская ул. вл. 1/1,велозаводская ул вл 1/1,КП УГС,Введено,ЮВАО,Южнопортовый
Велозаводская ул. д. 5 стр. 21,велозаводская ул д 5 стр 21,"АО ""КОРПОРАЦИЯ ""КОМЕТА""",Строится,ЮВАО,Южнопортовый
Внуковское,внуковское,МОСКОВСКИЙ МЕТРОПОЛИТЕН,Строится,НАО,Внуково
"д. Рассказовка, Боровская ул., вл. 49; д. Рассказовка, дом 47",д рассказовка боровская ул вл 49 д рассказовка дом 47,"ООО ""СТИЛЬ-М+""",Введено,НАО,Внуково
"квартал 173 участок 55/1, НАО, Филимонковское",квартал 173 участок 55/1 нао филимонковское,ИНДИВИДУАЛЬНЫЕ ПРЕДПРИНИМАТЕЛИ,Строится,НАО,Филимонковский
"поселение Филимонковское, кв-л 176, з/у 2",поселение филимонковское кв-л 176 зу 2,САМОЛЕТ,Строится,НАО,Филимонковский
"ул. Офицерская, з/у владение 1",ул офицерская зу владение 1,"ООО ""АРТКЕЙД""",Строится,НАО,Коммунарка
"вблизи д. Рассказовка, квартал 17",вблизи д рассказовка квартал 17,АБСОЛЮТ,Строится,НАО,Внуково
"Третий микрорайон, квартал 2, ул. Лаптева, з/у 2",третий микрорайон квартал 2 ул лаптева зу 2,АБСОЛЮТ,Строится,НАО,Филимонковский
вблизи деревни Голенищево,вблизи деревни голенищево,"ГКУ ""МОСКВОРЕЧЬЕ""",Введено,НАО,Филимонковский
"Боровское шоссе, мкр. 11, корпус 236",боровское шоссе мкр. 11 корпус 236,"ООО ""ФИТНЕС""",Строится,ЗАО,Ново-Переделкино
"г. Московский, Первый микрорайон, квартал 3, корпус 3",г. московский первый микрорайон квартал 3 корпус 3,АБСОЛЮТ,Введено,НАО,Филимонковский
"г. Московский, Первый микрорайон, квартал 3, корпус 4",г. московский первый микрорайон квартал 3 корпус 4,АБСОЛЮТ,Введено,НАО,Филимонковский
"г. Московский, Первый микрорайон, квартал 3, корпус 5",г. московский первый микрорайон квартал 3 корпус 5,АБСОЛЮТ,Строится,НАО,Филимонковский
"Десеновское, квартал 34, земельный участок 18",десеновское квартал 34 земельный участок 18,ИНДИВИДУАЛЬНЫЕ ПРЕДПРИНИМАТЕЛИ,Введено,НАО,Троицк
"Боровское шоссе, мкр. 11А, корп 225",боровское шоссе мкр. 11а корп 225,"ООО ""САБИНА""",Строится,ЗАО,Ново-Переделкино
"Боровское шоссе, вл. 51",боровское шоссе вл 51,ГРУППА РОДИНА,Строится,ЗАО,Ново-Переделкино
"Боровское шоссе., вл. 51",боровское шоссе. вл 51,ГРУППА РОДИНА,Строится,ЗАО,Ново-Переделкино
"г. Московский, мкр. 1-й, около д. 39А",г. московский мкр. 1-й около д 39а,"ООО ""ОЧАГ""",Строится,НАО,Филимонковский
п. Валуево,п. валуево,МОСВОДОКАНАЛ,Строится,НАО,Филимонковский
"Боровское шоссе, земельный участок 26 (пересечение Боровского шоссе и Чоботовской улицы)",боровское шоссе земельный участок 26 (пересечение боровского шоссе и чоботовской улицы),"ООО ""СЗ ""ШЕФ-ИНЖЕНЕР""",Введено,ЗАО,Ново-переделкино
"г. Московский, район Тепличного комбината №1, третий микрорайон, квартал 2",г. московский район тепличного комбината №1 третий микрорайон квартал 2,АБСОЛЮТ,Строится,НАО,Филимонковский
"поселение Московский, г. Московский",поселение московский г. московский,АБСОЛЮТ,Строится,НАО,Филимонковский
"п. Филимонковское, квартал 110, з/у 2/4",п. филимонковское квартал 110 зу 2/4,"АО ""КС ""ВАЛУЕВО""",Строится,НАО,Филимонковский
"ул. Лаптева, з/у 4",ул лаптева зу 4,АБСОЛЮТ,Строится,НАО,Филимонковский
"Новоорловская ул., промзона Орлово",новоорловская ул промзона орлово,ЭЛИТ КАПИТАЛ,Введено,ЗАО,Ново-Переделкино
"п. Десеновское, кв-л 18.",п. десеновское кв-л 18.,А101,Введено,НАО,Троицк
"г. Московский, уч. М35 (участок 1)",г. московский уч м35 (участок 1),ПРАВОСЛАВИЕ,Введено,НАО,Коммунарка
"ул. Никитина, вл. 9",ул никитина вл 9,ФОНД РЕНОВАЦИИ,Введено,НАО,Филимонковский
Лаптева з/у 4,лаптева зу 4,АБСОЛЮТ,Строится,НАО,Филимонковский
"Московский. Третий микрорайон. Квартал 3, Корпуса 1",московский. третий микрорайон. квартал 3 корпуса 1,АБСОЛЮТ,Строится,НАО,Филимонковский
"Московский. Третий микрорайон. Квартал 3, Корпуса 2",московский. третий микрорайон. квартал 3 корпуса 2,АБСОЛЮТ,Строится,НАО,Филимонковский
"улица Солнечная, земельный участок 4",улица солнечная земельный участок 4,АБСОЛЮТ,Строится,НАО,Филимонковский
"Новомещерский проезд, д. 9, стр. 1",новомещерский проезд д 9 стр 1,"АО ""МОСГОРБУМТОРГ""",Строится,ЗАО,Солнцево
"Москва, ЗАО, район Солнцево, ул. 2-я Карпатская, земельный участок 2Б",москва зао район солнцево ул 2-я карпатская земельный участок 2б,"ООО ""СИТИКОНСТРАКШЕН""",Строится,ЗАО,Солнцево
"промзона ""Солнечная"", корп. 3 (ул. 2-я Карпатская, з/у 2Б)",промзона солнечная корп 3 (ул 2-я карпатская зу 2б),"ООО ""СИТИКОНСТРАКШЕН""",Строится,ЗАО,Солнцево
г. Московский,г. московский,АБСОЛЮТ,Введено,НАО,Филимонковский
"п. Десеновское, квартал 23",п. десеновское квартал 23,А101,Строится,НАО,Коммунарка
"поселение Десеновское, квартал 23, зу 1А",поселение десеновское квартал 23 зу 1а,А101,Строится,ТАО,Троицк
"пос. Десеновское, квартал 23",пос десеновское квартал 23,А101,Строится,ТАО,Троицк
"Десеновское, квартал 23",десеновское квартал 23,А101,Введено,НАО,Коммунарка
"дер. Николо-Хованское, з/у 1016",дер николо-хованское зу 1016,ИНДИВИДУАЛЬНЫЕ ПРЕДПРИНИМАТЕЛИ,Строится,НАО,Коммунарка
"деревня Десна, улица Центральная, земельный участок 1Б,",деревня десна улица центральная земельный участок 1б ,ИНДИВИДУАЛЬНЫЕ ПРЕДПРИНИМАТЕЛИ,Введено,НАО,Троицк
"ул. Производственная, вл. 15, 21 , 25",ул производственная вл 15 21 25,ЛСР,Строится,ЗАО,Солнцево
"Производственная улица, земельный участок 17А/21Б",производственная улица земельный участок 17а/21б,ЛСР,Введено,ЗАО,Солнцево
"Производственная ул. , земельный участок 17А/21Б",производственная ул земельный участок 17а/21б,ЛСР,Введено,ЗАО,Солнцево
"улица Производственная, земельный участок 17А/21Б",улица производственная земельный участок 17а/21б,ЛСР,Введено,ЗАО,Солнцево
"улица Родниковая, земельный участок 6/1",улица родниковая земельный участок 6/1,ФОНД РЕНОВАЦИИ,Строится,ЗАО,Солнцево
"вблизи деревни Зименки, проект 18/2, квартал 2",вблизи деревни зименки проект 18/2 квартал 2,СТРОЙКОМ,Введено,НАО,Коммунарка
район Очаково-Матвеевское,район очаково-матвеевское,МОСКОВСКИЙ МЕТРОПОЛИТЕН,Введено,ЗАО,Очаково-Матвеевское
"Производственная улица, земельный участок 25/1",производственная улица земельный участок 25/1,ЛСР,Строится,ЗАО,Солнцево
"Производственная улица, земельный участок 15/2",производственная улица земельный участок 15/2,ЛСР,Введено,ЗАО,Солнцево
"квартал 61, з/у 18",квартал 61 зу 18,СТРОЙКОМ,Строится,НАО,Троицк
д. Картмазово,д картмазово,"ООО ТК ""РУСЛАН-1""",Строится,НАО,Коммунарка
"д. Картмазово, уч. 16/1",д картмазово уч 16/1,SMINEX (ранее INGRAD),Строится,НАО,Коммунарка
"п. Десёновское, Проект 46/А, участок № 39",п. десеновское проект 46/а участок № 39,СТРОЙКОМ,Введено,НАО,Троицк
"п. Десёновское, проект 46/А, квартал 15",п. десеновское проект 46/а квартал 15,СТРОЙКОМ,Введено,НАО,Троицк
"п. Десеновское, квартал 61",п. десеновское квартал 61,СТРОЙКОМ,Введено,НАО,Троицк
"Боровский проезд, земельный участок 1/5",боровский проезд земельный участок 1/5,ФОНД РЕНОВАЦИИ,Введено,ЗАО,Солнцево
в районе д. Картмазово,в районе д картмазово,"ООО ""ТРЕЙФИН""",Строится,НАО,Коммунарка
"п. Московский, д. Картмазово, уч. 16/1",п. московский д картмазово уч 16/1,SMINEX (ранее INGRAD),Строится,НАО,Коммунарка
"ул. Производственная, вл. 6",ул производственная вл 6,ЛСР,Введено,ЗАО,Солнцево
"Производственная улица, вл.6",производственная улица вл6,ЛСР,Введено,ЗАО,Солнцево
в районе д. Десна,в районе д десна,ДЕСНА-ЛЭНД,Введено,НАО,Троицк
"Авиаторов ул., дом 3Б (ул. Авиаторов, вл. 5, вл. 7А, корп. 2)",авиаторов ул дом 3б (ул авиаторов вл 5 вл 7а корп 2),"АО ""О2""",Введено,ЗАО,Солнцево
"ул. Родниковая, вл. 5А",ул родниковая вл 5а,ФОНД РЕНОВАЦИИ,Введено,ЗАО,Солнцево
"улица Авиаторов, вл. 9/1",улица авиаторов вл 9/1,ПРАВОСЛАВИЕ,Строится,ЗАО,Солнцево
"пос. Московский, кв-л 32, вл. 17Б/1",пос московский кв-л 32 вл 17б/1,Борисик Ольга Вячеславовна,Строится,НАО,Внуково
"дер. Картмазово, уч. 16/1",дер картмазово уч 16/1,SMINEX (ранее INGRAD),Строится,НАО,Коммунарка
"район Солнцево, квартал 32, земельный участок 17Б/3",район солнцево квартал 32 земельный участок 17б/3,"ООО ""АТИК КОНСТРАКШН""",Строится,ЗАО,Солнцево
"Квартал 159, земельный участок 101А/2",квартал 159 земельный участок 101а/2,МОСКОВСКИЙ МЕТРОПОЛИТЕН,Введено,НАО,Коммунарка
Боровское ш. влд. 2-1 и вл. 2,боровское ш влд. 2-1 и вл 2,ПИК,Строится,ЗАО,Солнцево
"ул. Главмосстроя, вл. 24А",ул главмосстроя вл 24а,ИНДИВИДУАЛЬНЫЕ ПРЕДПРИНИМАТЕЛИ,Строится,ЗАО,Солнцево
"ул. Главмосстроя, напротив д. 1",ул главмосстроя напротив д 1,"ООО ""ДОМСТРОЙ""",Строится,ЗАО,Солнцево
"вблизи д. Румянцево, уч.3/2",вблизи д румянцево уч 3/2,CAPITAL GROUP,Строится,ЗАО,Ново-Переделкино
"п. Московский, д. Саларьево",п. московский д саларьево,ПИК,Введено,НАО,Коммунарка
"пос. Московский, кв. 53, вл. 12",пос московский кв. 53 вл 12,"ООО ""МИР""",Строится,ЗАО,Ново-Переделкино
"поселение Московский, квартал 75, з/у 6",поселение московский квартал 75 зу 6,ПИК,Строится,НАО,Коммунарка
"улица Трёхполье, земельный участок 7",улица трехполье земельный участок 7,ПИК,Строится,НАО,Коммунарка
ул. Саларьевская,ул саларьевская,ПИК,Строится,НАО,Коммунарка
"квартал 28, з/у 1",квартал 28 зу 1,ПИК,Введено,НАО,Коммунарка
"п. Сосенское, в районе д. Николо-Хованское",п. сосенское в районе д николо-хованское,ПИК,Введено,НАО,Коммунарка
"р-н Московский, Говорово дер.",р-н московский говорово дер,"ООО ""ВОЗРОЖДЕНИЕ""",Строится,НАО,Солнцево
"Саларьевская ул., земельный участок 17",саларьевская ул земельный участок 17,ПИК,Строится,НАО,Коммунарка
"улица Саларьевская, земельный участок 17",улица саларьевская земельный участок 17,ПИК,Строится,НАО,Коммунарка
д. Румянцево,д румянцево,"ООО ""РАССВЕТ""",Строится,ЗАО,Ново-Переделкино
Сосенское пос.,сосенское пос,А101,Введено,НАО,Коммунарка
"шоссе Боровское, вл.2",шоссе боровское вл2,ПИК,Строится,ЗАО,Солнцево
"п. Московский, северо-западнее деревни Говорово",п. московский северо-западнее деревни говорово,САМОЛЕТ,Строится,НАО,Внуково
"квартал 70, земельный участок 78/1",квартал 70 земельный участок 78/1,ФСК,Строится,НАО,Внуково
"поселение Московский, кв-л 70, з/у 78/3",поселение московский кв-л 70 зу 78/3,ФСК,Строится,НАО,Коммунарка
"квартал 76, з/у 3, д. Саларьево",квартал 76 зу 3 д саларьево,ПИК,Строится,НАО,Коммунарка
"город Москва, вн. тер. г. муниципальный округ Солнцево, квартал 1, земельный участок 6",город москва вн. тер. г. муниципальный округ солнцево квартал 1 земельный участок 6,"ООО ""ОРБИТА""",Строится,ЗАО,Солнцево
"квартал 70, зу 78, НАО, Московский",квартал 70 зу 78 нао московский,ФСК,Строится,НАО,Филимонковский
"квартал 70, земельный участок 78",квартал 70 земельный участок 78,ФСК,Строится,НАО,Филимонковский
"Сосенское пос., кв. 26, з/у 3/3",сосенское пос кв. 26 зу 3/3,А101,Введено,НАО,Коммунарка
вблизи дер.Николо-Хованское,вблизи дерниколо-хованское,А101,Введено,НАО,Коммунарка
"НАО, поселение Воскресенское, Воскресенское, ""Дом отдыха ""Архангельское"", уч.№ 5ю/1",нао поселение воскресенское воскресенское дом отдыха архангельское уч№ 5ю/1,УПРАВЛЕНИЕ ДЕЛАМИ ПРЕЗИДЕНТА РОССИЙСКОЙ ФЕДЕРАЦИИ,Строится,НАО,Коммунарка
"вн.тер.г. муниципальный округ Солнцево, квартал 1, земельный участок 3",вн.тер.г. муниципальный округ солнцево квартал 1 земельный участок 3,ГАЗПРОМ,Строится,ЗАО,Солнцево
"Эдварда Грига, з/у 14б",эдварда грига зу 14б,А101,Введено,НАО,Коммунарка
"пос. Сосенское, вблизи д. Николо-Хованское",пос сосенское вблизи д николо-хованское,А101,Строится,НАО,Коммунарка
"муниципальный округ Коммунарка, квартал 226, земельный участок 3/3",муниципальный округ коммунарка квартал 226 земельный участок 3/3,А101,Строится,НАО,Коммунарка
"вблизи деревни Николо-Хованское, кв.35, земельный участок 12/8",вблизи деревни николо-хованское кв.35 земельный участок 12/8,А101,Введено,НАО,Коммунарка
"""Дом отдыха ""Архангельское"", уч. № 5ю/1",дом отдыха архангельское уч № 5ю/1,УПРАВЛЕНИЕ ДЕЛАМИ ПРЕЗИДЕНТА РОССИЙСКОЙ ФЕДЕРАЦИИ,Строится,НАО,Коммунарка
д. Дудкино,д дудкино,САМОЛЕТ,Введено,НАО,Коммунарка
Николо-Хованское дер. д. 1031 стр. 1,николо-хованское дер д 1031 стр 1,ИНДИВИДУАЛЬНЫЕ ПРЕДПРИНИМАТЕЛИ,Введено,НАО,Коммунарка
"поселение Сосенское, муниципальный округ Коммунарка, квартал 226, земельный участок 3/3",поселение сосенское муниципальный округ коммунарка квартал 226 земельный участок 3/3,А101,Строится,НАО,Коммунарка
"п. Сосенское, уч. 12, вблизи дер. Николо-Хованское",п. сосенское уч 12 вблизи дер николо-хованское,А101,Строится,НАО,Коммунарка
"д. Столбово, НАО, Сосенское",д столбово нао сосенское,ИНДИВИДУАЛЬНЫЕ ПРЕДПРИНИМАТЕЛИ,Строится,НАО,Коммунарка
д.Николо-Хованское,дниколо-хованское,ИНДИВИДУАЛЬНЫЕ ПРЕДПРИНИМАТЕЛИ,Введено,НАО,Коммунарка
Николо-Хованское дер. уч. 2А,николо-хованское дер уч 2а,ИНДИВИДУАЛЬНЫЕ ПРЕДПРИНИМАТЕЛИ,Строится,НАО,Коммунарка
"проспект Магеллана, земельный участок 4",проспект магеллана земельный участок 4,А101,Введено,НАО,Коммунарка
вблизи д. Сосенки,вблизи д сосенки,"ООО ""САБИДОМ""",Строится,НАО,Коммунарка
"квартал №4, земельный участок 2а",квартал №4 земельный участок 2а,"АО ""ДСК ""ГОВОРОВО""",Введено,ЗАО,Ново-Переделкино
"д.Дудкино, снт.Дудкино",ддудкино снт.дудкино,САМОЛЕТ,Введено,НАО,Коммунарка
"дер. Дудкино, зона 24.1",дер дудкино зона 24.1,САМОЛЕТ,Строится,НАО,Коммунарка
"д. Николо-Хованское, уч. 9/1-1",д николо-хованское уч 9/1-1,ИНДИВИДУАЛЬНЫЕ ПРЕДПРИНИМАТЕЛИ,Введено,НАО,Коммунарка
поселок Воскресенское,поселок воскресенское,"ООО ""ЖИЛСТРОЙ""",Строится,НАО,Коммунарка
д. Николо-Хованское. уч.5-4.2 (ППТ1-4),д николо-хованское. уч 5-4.2 (ппт1-4),А101,Введено,НАО,Коммунарка
"город Москва, вн. тер. г. муниципальный округ Коммунарка, квартал 19, земельный участок 2",город москва вн. тер. г. муниципальный округ коммунарка квартал 19 земельный участок 2,А101,Строится,НАО,Коммунарка
Воскресенское пос.,воскресенское пос,МОСКОВСКИЙ ФОНД ЗАЩИТЫ ПРАВ ДОЛЬЩИКОВ,Введено,НАО,Коммунарка
"пос. Воскресенское, корп.2",пос воскресенское корп2,МОСКОВСКИЙ ФОНД ЗАЩИТЫ ПРАВ ДОЛЬЩИКОВ,Введено,НАО,Коммунарка
"пос. Воскресенское, корп. 4",пос воскресенское корп 4,МОСКОВСКИЙ ФОНД ЗАЩИТЫ ПРАВ ДОЛЬЩИКОВ,Введено,НАО,Коммунарка
"п. Воскресенское, уч. № 17ю",п. воскресенское уч № 17ю,ИНДИВИДУАЛЬНЫЕ ПРЕДПРИНИМАТЕЛИ,Строится,НАО,Коммунарка
"д. Николо-Хованское, уч. 9/1-1в",д николо-хованское уч 9/1-1в,"ООО ""ТЕХНОРЕММАШ""",Строится,НАО,Коммунарка
"поселение Сосенское, квартал 15, земельный участок 1Б",поселение сосенское квартал 15 земельный участок 1б,А101,Строится,НАО,Коммунарка
"Москва, п. Сосенское, Столбово дер. уч. 40/1 ( НАО: поселение Сосенское )",москва п. сосенское столбово дер уч 40/1 ( нао: поселение сосенское ),САМОЛЕТ,Введено,НАО,Коммунарка
"посёлок Воскресенское, корп. 3",поселок воскресенское корп 3,МОСКОВСКИЙ ФОНД ЗАЩИТЫ ПРАВ ДОЛЬЩИКОВ,Введено,НАО,Коммунарка
"Востряковское шоссе, з/у 1",востряковское шоссе зу 1,"ООО ""АКАДЕМИЯ ФИГУРНОГО КАТАНИЯ ""АНГЕЛЫ ПЛЮЩЕНКО""",Введено,ЗАО,Тропарёво-Никулино
"ул. Никулинская, вл. 11Г",ул никулинская вл 11г,АПСИС АКТИВ,Строится,ЗАО,Тропарёво-Никулино
"Столбово дер., уч.40/1",столбово дер уч 40/1,САМОЛЕТ,Введено,НАО,Коммунарка
"деревня Столбово, в составе ЖК ""Южное Бунино""",деревня столбово в составе жк южное бунино,САМОЛЕТ,Введено,НАО,Коммунарка
"Москва, НАО, район Сосенское, Столбово дер. уч. 40/1",москва нао район сосенское столбово дер уч 40/1,САМОЛЕТ,Введено,НАО,Коммунарка
"дер. Столбово, уч. 40/1",дер столбово уч 40/1,САМОЛЕТ,Строится,НАО,Коммунарка
"поселок Газопровод, улица Лесные Поляны 5-я, земельный участок 20А",поселок газопровод улица лесные поляны 5-я земельный участок 20а,"ООО ""СЗ ""ГОРАКС""",Строится,НАО,Коммунарка
"поселение Сосенское, п. Коммунарка, ул. Сосенский Стан, з/у 8",поселение сосенское п. коммунарка ул сосенский стан зу 8,КП УГС,Введено,НАО,Коммунарка
"Столбово дер., з/у 41/1Г",столбово дер зу 41/1г,А101,Введено,НАО,Коммунарка
"ул. Академика Анохина, вл. 34, корп. 3",ул академика анохина вл 34 корп 3,ИПСМЕД,Введено,ЗАО,Тропарёво-Никулино
"142704 г. Москва, поселок Мосрентген, Институтский проезд вл 9с2",142704 г. москва поселок мосрентген институтский проезд вл 9с2,ИНДИВИДУАЛЬНЫЕ ПРЕДПРИНИМАТЕЛИ,Строится,НАО,Коммунарка
в районе п.Мосрентген,в районе п.мосрентген,"ООО ""ОРИОН""",Введено,НАО,Коммунарка
"Газопровод, улица Лесные Поляны 5- я, земельный участок 16",газопровод улица лесные поляны 5- я земельный участок 16,САМОЛЕТ,Строится,НАО,Коммунарка
"вблизи деревни Столбово, участок 2",вблизи деревни столбово участок 2,ГРАНЕЛЬ,Введено,НАО,Коммунарка
"вблизи дер Столбово, участок 2 ( НАО: поселение Сосенское )",вблизи дер столбово участок 2 ( нао: поселение сосенское ),ГРАНЕЛЬ,Введено,НАО,Коммунарка
"поселение Мосрентген, 44 км МКАД",поселение мосрентген 44 км мкад,КОРПОРАЦИЯ АВТОКАПИТАЛ,Строится,НАО,Коммунарка
"в районе д. Мамыри, уч. 74/1",в районе д мамыри уч 74/1,КИЕВСКАЯ ПЛОЩАДЬ,Строится,НАО,Коммунарка
"поселение Сосенское, квартал № 150, земельный участок 1Д",поселение сосенское квартал № 150 земельный участок 1д,"ООО ""СПЕЦИАЛИЗИРОВАННЫЙ ЗАСТРОЙЩИК ""КОММУНАРКА 12""",Строится,НАО,Коммунарка
"п. Коммунарка, уч-22ю",п. коммунарка уч-22ю,"ООО ""ВИТА-СЕРВИС""",Строится,НАО,Коммунарка
"улица Александры Монаховой, земельный участок 37",улица александры монаховой земельный участок 37,А101,Строится,НАО,Коммунарка
"ул. Александры Монаховой, вблизи дер. Столбово",ул александры монаховой вблизи дер столбово,А101,Введено,НАО,Коммунарка
"ул. Александры Монаховой, вблизи дер. Столбово, кв-л 160, з/у 1В",ул александры монаховой вблизи дер столбово кв-л 160 зу 1в,А101,Строится,НАО,Коммунарка
"квартал 24, земельный участок 1А",квартал 24 земельный участок 1а,ФСК,Строится,НАО,Коммунарка
"Поселение Мосрентген, Квартал 24 Земельный участок 1А",поселение мосрентген квартал 24 земельный участок 1а,ФСК,Строится,НАО,Коммунарка
"поселение Сосенское, кв-л 159",поселение сосенское кв-л 159,А101,Введено,НАО,Коммунарка
"поселение Сосенское, кв-л 190",поселение сосенское кв-л 190,А101,Строится,,
"вн.тер.г поселение Сосенское, квартал 190",вн.тер.г поселение сосенское квартал 190,А101,Строится,НАО,Коммунарка
"Тропарёвская ул., дом 25 (проспект Вернадского)",тропаревская ул дом 25 (проспект вернадского),"ЖСК ""НИКУЛИНО""",Строится,ЗАО,Тропарёво-Никулино
"район д. Мамыри, уч. 77/2",район д мамыри уч 77/2,"ООО ""АВТОРУСЬ ТТК""",Строится,НАО,Коммунарка
"Калужское шоссе, влд. 15",калужское шоссе влд. 15,ИНДИВИДУАЛЬНЫЕ ПРЕДПРИНИМАТЕЛИ,Введено,ТАО,Троицк
Газопровод пос. уч. 309Ю,газопровод пос уч 309ю,"ООО ""СЗ ""СПС МОСКОВИЯ""",Строится,НАО,Коммунарка
"Коммунарка пос., уч. 318ю",коммунарка пос уч 318ю,"ООО ""АРТЕС""",Строится,НАО,Коммунарка
"п. Коммунарка, ул. Фитарёвская, вл. 9А",п. коммунарка ул фитаревская вл 9а,"ООО ""СТРОИТЕЛЬНАЯ КОМПАНИЯ ВЕЛЕСЪ""",Введено,НАО,Коммунарка
"поселок Коммунарка, уч.281ю (Лазурная ул., дом 2 строение 2)",поселок коммунарка уч 281ю (лазурная ул дом 2 строение 2),ПРАВОСЛАВИЕ,Строится,НАО,Коммунарка
"поселение Сосенское, квартал 183, з/у 1",поселение сосенское квартал 183 зу 1,ПИК,Строится,НАО,Коммунарка
"кв-л 160, з/у 1В",кв-л 160 зу 1в,А101,Строится,НАО,Коммунарка
"дер. Столбово, уч. 41/1",дер столбово уч 41/1,А101,Введено,НАО,Коммунарка
ул Газопровод 7,ул газопровод 7,ФОНД РЕНОВАЦИИ,Строится,ЮАО,Чертаново Южное
"в районе пос. Коммунарка, уч.№317ю",в районе пос коммунарка уч№317ю,"ООО ""АРТЕС""",Строится,НАО,Коммунарка
"вблизи дер. Столбово, ул. Александры Монаховой (ППТ2-5)",вблизи дер столбово ул александры монаховой (ппт2-5),А101,Введено,НАО,Коммунарка
"вн.тер.г. муниципальный округ Коммунарка, квартал 160, з/у 1В",вн.тер.г. муниципальный округ коммунарка квартал 160 зу 1в,А101,Строится,НАО,Коммунарка
"проспект Вернадского, у станции метро ""Юго-Западная""",проспект вернадского у станции метро юго-западная,SEZAR GROUP,Введено,ЗАО,Тропарёво-Никулино
д.Мамыри,дмамыри,"ООО ""КОМПАНИЯ ССА""",Введено,НАО,Коммунарка
"в районе дер. Мамыри, уч. 46",в районе дер мамыри уч 46,"ООО ""КОРБИС - М""",Строится,НАО,Коммунарка
Газопровод пос.,газопровод пос,3S GROUP,Строится,НАО,Коммунарка
"п. Сосенское, дер. Столбово, з/у 3/3",п. сосенское дер столбово зу 3/3,"ПУБЛИЧНОЕ АКЦИОНЕРНОЕ ОБЩЕСТВО ""ПИК-СПЕЦИАЛИЗИРОВАННЫЙ ЗАСТРОЙЩИК""",Строится,НАО,Коммунарка
Улица Александры Монаховой Земельный участок 46Ж,улица александры монаховой земельный участок 46ж,UNIKEY,Строится,НАО,Коммунарка
Теплый стан ул. вл. 4/6,теплый стан ул вл 4/6,ПРАВОСЛАВИЕ,Строится,ЮЗАО,Тёплый Стан
"21 км Калужского шоссе, вл. 3А, пос. Газопровод, уч. 701",21 км калужского шоссе вл 3а пос газопровод уч 701,ИНГКА СЕНТЕРС РУС ПРОПЕРТИ (ИКЕА),Строится,НАО,Коммунарка
"п. Коммунарка, ул. Александры Монаховой, з/у 88А/1",п. коммунарка ул александры монаховой зу 88а/1,UNIKEY,Строится,НАО,Коммунарка
"п. Коммунарка, ул. Александры Монаховой, з/у 88А/2",п. коммунарка ул александры монаховой зу 88а/2,UNIKEY,Строится,НАО,Коммунарка
"п. Коммунарка, ул. Александры Монаховой, з/у 88А/3",п. коммунарка ул александры монаховой зу 88а/3,UNIKEY,Строится,НАО,Коммунарка
"улица Александры Монаховой, земельный участок 46Е",улица александры монаховой земельный участок 46е,А101,Строится,НАО,Коммунарка
"пос. Коммунарка, квартал 133",пос коммунарка квартал 133,"ООО ""КОМПАНИЯ ""ЭНЕРГОСТРОЙКОМПЛЕКТ""",Строится,НАО,Коммунарка
"ул. Профсоюзная, земельный участок 133Б",ул профсоюзная земельный участок 133б,"ООО ""НПК-РУСАР""",Строится,ЮЗАО,Ясенево
"поселение Сосенское, подзона №2",поселение сосенское подзона №2,А101,Строится,НАО,Коммунарка
п. Сосенское,п. сосенское,А101,Введено,НАО,Коммунарка
"п. Сосенское, территория ППТ2-5",п. сосенское территория ппт2-5,А101,Введено,НАО,Коммунарка
"пос. Потапово, пересечение улицы Остафьевской с улицей Академика Понтрягина",пос потапово пересечение улицы остафьевской с улицей академика понтрягина,ПРАВОСЛАВИЕ,Строится,ЮЗАО,Южное Бутово
"улица Шоссейная, земельный участок 4А",улица шоссейная земельный участок 4а,ГАЛС,Строится,ЮВАО,Печатники
"ул. Академика Опарина, 4",ул академика опарина 4,МИНЗДРАВ РОССИИ,Строится,ЮЗАО,Обручевский
"п. Коммунарка, участок №34.1",п. коммунарка участок №34.1,А101,Введено,НАО,Коммунарка
"территория ППТ2-5, пос. Сосенское, з/у 1-152 (ул. Эдварда Грига, з/у 9А)",территория ппт2-5 пос сосенское зу 1-152 (ул эдварда грига зу 9а),А101,Введено,НАО,Коммунарка
"пос. Сосенское, з/у 1-152",пос сосенское зу 1-152,А101,Строится,НАО,Коммунарка
"улица Лобачевского, вл. 3-5",улица лобачевского вл 3-5,"ООО ""СЗ ""ГРАД ПЛАЗА""",Строится,ЗАО,Проспект Вернадского
Миклухо-Маклая ул. вл. 8-10,миклухо-маклая ул вл 8-10,МИНОБРНАУКИ РОССИИ,Строится,ЮЗАО,Обручевский
"п. Сосенское, пос. Коммунарка, ППТ 2-5, уч. 1-151",п. сосенское пос коммунарка ппт 2-5 уч 1-151,А101,Введено,НАО,Коммунарка
"п. Сосенское, ППТ 2-5",п. сосенское ппт 2-5,А101,Введено,НАО,Коммунарка
"улица Эдварда Грига, земельный участок 18А/1, по проекту строительства комплексной застройки ППТ 2-5",улица эдварда грига земельный участок 18а/1 по проекту строительства комплексной застройки ппт 2-5,А101,Строится,НАО,Коммунарка
Миклухо-Маклая ул. вл. 16/10,миклухо-маклая ул вл 16/10,ТЕХНОКОМ,Строится,ЮЗАО,Коньково
"ул. Профсоюзная, между домом 130, корп. 5 и домом 132, корп. 6",ул профсоюзная между домом 130 корп 5 и домом 132 корп 6,ПРАВОСЛАВИЕ,Строится,ЮЗАО,Тёплый Стан
"ул. Эдварда Грига, з/у 11Г",ул эдварда грига зу 11г,"ООО ""ГРИН ФЛОУ ПАРК СКАНДИНАВИЯ""",Строится,НАО,Коммунарка
вблизи д. Бачурино,вблизи д бачурино,А101,Строится,НАО,Коммунарка
"улица Эдварда Грига, земельный участок 16А/2",улица эдварда грига земельный участок 16а/2,А101,Строится,НАО,Коммунарка
"п. Воскресенское, квартал 50, дом 1",п. воскресенское квартал 50 дом 1,"АО ""КАПСТРОЙСИТИ""",Введено,НАО,Щербинка
Язово дер.,язово дер,КВАТРА НЕДВИЖИМОСТЬ,Строится,НАО,Коммунарка
"район Обручевский, квартал 38А, корпус 9А",район обручевский квартал 38а корпус 9а,РЕМСТРОЙТРЕСТ,Введено,ЮЗАО,Обручевский
"ул. Миклухо-Маклая, вл. 23 (улица Академика Волгина, земельный участок 8/1)",ул миклухо-маклая вл 23 (улица академика волгина земельный участок 8/1),МИНОБРНАУКИ РОССИИ,Введено,ЮЗАО,Обручевский
"улица Поляны, земельный участок 50Д",улица поляны земельный участок 50д,А101,Строится,НАО,Коммунарка
"улица Миклухо-Маклая, вл. 18/2",улица миклухо-маклая вл 18/2,"ЗАО ""ВЛГ""",Строится,ЮЗАО,Коньково
"пос. Сосенское, квартал 35, земельный участок 12/8",пос сосенское квартал 35 земельный участок 12/8,А101,Строится,НАО,Коммунарка
"коммунальная зона «Гавриково», уч. 4",коммунальная зона гавриково уч 4,А101,Строится,ЮЗАО,Южное Бутово
"коммунальная зона ""Чечера"", Чечерский пр., вл. 43 (участок № 1)",коммунальная зона чечера чечерский пр вл 43 (участок № 1),ИНДИВИДУАЛЬНЫЕ ПРЕДПРИНИМАТЕЛИ,Строится,ЮЗАО,Южное Бутово
поселение Воскресенское,поселение воскресенское,КВАТРА НЕДВИЖИМОСТЬ,Строится,НАО,Коммунарка
ул. Профсоюзная вл.125 корп.1,ул профсоюзная вл125 корп1,"ООО ""АГИДЕЛЬ""",Строится,ЮЗАО,Ясенево
"Новоясеневский проспект, вл. 3",новоясеневский проспект вл 3,"ООО ""СЗ ""СПАРТАК""",Введено,ЮЗАО,Ясенево
"коммунальная зона «Гавриково», участок №1",коммунальная зона гавриково участок №1,А101,Введено,ЮЗАО,Южное Бутово
"коммунальная зона ""Чечера"", Чечёрский проезд, вл. 45, стр. 2",коммунальная зона чечера чечерский проезд вл 45 стр 2,ИНДИВИДУАЛЬНЫЕ ПРЕДПРИНИМАТЕЛИ,Строится,ЮЗАО,Южное Бутово
"ул. Бутлерова, вл.1,3,5,5Б",ул бутлерова вл1 3 5 5б,МИНОБРНАУКИ РОССИИ,Строится,ЮЗАО,Коньково
"ул. Новаторов, вл. 3, строен. 1, 2, 3",ул новаторов вл 3 строен. 1 2 3,"ГБУ ""ДИРЕКЦИЯ РАЗВИТИЯ ОБЪЕКТОВ ЗДРАВООХРАНЕНИЯ ГОРОДА МОСКВЫ""",Введено,ЮЗАО,Обручевский
"Челомея академика ул., ЮЗАО, Обручевский",челомея академика ул юзао обручевский,AFI DEVELOPMENT,Строится,ЮЗАО,Обручевский
"Челомея Академика ул., вл. 3Б",челомея академика ул вл 3б,ПРАВОСЛАВИЕ,Строится,ЮЗАО,Обручевский
"Бартеневская ул., вл. 35",бартеневская ул вл 35,"ООО ""Арьяман""",Строится,ЮЗАО,Южное Бутово
"район Южное Бутово, мкр. Б-1, корп. 28, Г-5",район южное бутово мкр. б-1 корп 28 г-5,"ООО ""СВИТЛАЙН""",Строится,ЮЗАО,Южное Бутово
"поселение Воскресенское, квартал 100, з/у 2",поселение воскресенское квартал 100 зу 2,САМОЛЕТ,Строится,НАО,Щербинка
Обручева ул. вл. 30,обручева ул вл 30,ЛСР,Строится,ЮЗАО,Коньково
"район Коньково, промзона 35 ""Воронцово"", участок 2",район коньково промзона 35 воронцово участок 2,ПРАВИТЕЛЬСТВО РОССИЙСКОЙ ФЕДЕРАЦИИ,Строится,ЮЗАО,Коньково
"ул. Тарусская, вл. 22 и ул. Ясногорская, вл. 21",ул тарусская вл 22 и ул ясногорская вл 21,ПРАВОСЛАВИЕ,Строится,ЮЗАО,Ясенево
"Адмирала Лазарева ул., корп. 30, комплекс Б",адмирала лазарева ул корп 30 комплекс б,"ООО ""ИНЛАЙН""",Строится,ЮЗАО,Южное Бутово
"улица Руденко, земельный участок 1",улица руденко земельный участок 1,САМОЛЕТ,Строится,НАО,Щербинка
"Обручева ул., вл. 23, корп. 2, стр. 3",обручева ул вл 23 корп 2 стр 3,"ООО ""СТРЕЛА""",Введено,ЮЗАО,Обручевский
"Чечерский пр-д, напротив влд. 54, 56",чечерский пр-д напротив влд. 54 56,КП УГС,Введено,ЮЗАО,Южное Бутово
посёлок Остафьево,поселок остафьево,"ООО ""МАГСТРОЙИНВЕСТ""",Строится,НАО,Щербинка
"ул. Академика Семенихина, земельный участок 2",ул академика семенихина земельный участок 2,LEVEL GROUP,Строится,ЮЗАО,Обручевский
"Старокалужское ш., вл.64",старокалужское ш вл64,ПИК,Строится,ЮЗАО,Обручевский
"Старокалужское ш., з/у 64/1",старокалужское ш зу 64/1,"АО ""ИНВЕСТ РЕСУРСЫ""",Строится,ЮЗАО,Обручевский
"Обручева ул. вл. 27 корп. 2, 3, 4, 5",обручева ул вл 27 корп 2 3 4 5,"АО ""СПЕЦИАЛИЗИРОВАННЫЙ ЗАСТРОЙЩИК ""ОБРУЧЕВА""",Строится,ЮЗАО,Обручевский
"ул. Профсоюзная, вл. 67 (пересечение с ул. Бутлерова)",ул профсоюзная вл 67 (пересечение с ул бутлерова),ПРАВОСЛАВИЕ,Строится,ЮЗАО,Коньково
Южнобутовская ул.,южнобутовская ул,"ООО ""С1""",Введено,ЮЗАО,Южное Бутово
"улица Миклухо-Маклая, земельный участок 61 (мкр. 6, зона 2.3)",улица миклухо-маклая земельный участок 61 (мкр. 6 зона 2.3),ФОНД РЕНОВАЦИИ,Строится,ЮЗАО,Коньково
ул. Островитянова вл. 45,ул островитянова вл 45,ПРАВОСЛАВИЕ,Строится,ЮЗАО,Коньково
"Чечёрский проезд, земельный участок 28/2 (Чечерский пр-д, вл. 28)",чечерский проезд земельный участок 28/2 (чечерский пр-д вл 28),ФОНД РЕНОВАЦИИ,Введено,ЮЗАО,Южное Бутово
"ул. Космонавтов, при доме 18",ул космонавтов при доме 18,ИНДИВИДУАЛЬНЫЕ ПРЕДПРИНИМАТЕЛИ,Строится,НАО,Щербинка
улица Профсоюзная земельный участок 76А,улица профсоюзная земельный участок 76а,КОРТРОС,Строится,ЮЗАО,Обручевский
"Чечерский проезд, вл. 22",чечерский проезд вл 22,"ООО ""ГРИС-СТРОЙ""",Строится,ЮЗАО,Южное Бутово
"Южнобутовская улица, напротив владения 9",южнобутовская улица напротив владения 9,ИНДИВИДУАЛЬНЫЕ ПРЕДПРИНИМАТЕЛИ,Строится,ЮЗАО,Южное Бутово
Введенского ул. уч. 6,введенского ул уч 6,"ООО ""АВТОСТЕЛ""",Строится,ЮЗАО,Коньково
"Москва, ЮЗАО, Черёмушки, Наметкина ул. вл. 10",москва юзао черемушки наметкина ул вл 10,ОСНОВА,Строится,ЮЗАО,Черёмушки
"Научный пр., рядом с владением 6",научный пр рядом с владением 6,"ООО ""БМВС""",Строится,ЮЗАО,Черёмушки
"коммунальная зона ""Садки"", ул. Поляны, вл. 12, уч. 2",коммунальная зона садки ул поляны вл 12 уч 2,"ООО ""КОНСАЛТ ГРУПП""",Строится,ЮЗАО,Северное Бутово
"ул. Поляны, дом 5А, стр. 7",ул поляны дом 5а стр 7,ПИК,Введено,ЮЗАО,Южное Бутово
"улица Поляны, земельный участок 6Б",улица поляны земельный участок 6б,"ООО ""СПГ""",Введено,ЮЗАО,Северное Бутово
"ул. Новостроевская, д. 4",ул новостроевская д 4,"ООО ""АРЕНА""",Введено,НАО,Щербинка
"ул. Индустриальная, д. 1",ул индустриальная д 1,ИНДИВИДУАЛЬНЫЕ ПРЕДПРИНИМАТЕЛИ,Строится,НАО,Щербинка
"Москва, НАО, Щербинка, Индустриальная ул. (г. Щербинка) д. 15",москва нао щербинка индустриальная ул (г. щербинка) д 15,ОСНОВА,Введено,НАО,Щербинка
"Черемушки, кв.32А",черемушки кв.32а,ПРАВОСЛАВИЕ,Строится,ЮЗАО,Черёмушки
"Северо-западная часть микрорайона ""Люблинский""",северо-западная часть микрорайона люблинский,ОАЗИС,Строится,НАО,Щербинка
"улица Херсонская, земельный участок 16 (участок 1.3)",улица херсонская земельный участок 16 (участок 1.3),ФОНД РЕНОВАЦИИ,Строится,ЮЗАО,Зюзино
"Бутово промзона, 1й планировочный комплекс, Варшавское ш.",бутово промзона 1й планировочный комплекс варшавское ш,ПИК,Строится,ЮЗАО,Южное Бутово
"г. Щербинка, ул. Первомайская, при д. 6.",г. щербинка ул первомайская при д 6.,РК АКТИВ,Строится,НАО,Щербинка
"Севастопольский проспект, влд. 28, к. 9",севастопольский проспект влд. 28 к 9,ФОНД РЕНОВАЦИИ,Введено,ЮЗАО,Черёмушки
"Москва, ЮЗАО, Северное Бутово, Глушко академика ул. пересечение с бульваром Дмитрия Донского",москва юзао северное бутово глушко академика ул пересечение с бульваром дмитрия донского,ПРАВОСЛАВИЕ,Строится,ЮЗАО,Северное Бутово
"Варшавское шоссе, владение 248",варшавское шоссе владение 248,"АО ""СОВТРАНСАВТОЭКСПЕДИЦИЯ""",Строится,ЮЗАО,Южное Бутово
"Варшавское шоссе, 1-й планировочный комплекс промзоны ""Бутово"".",варшавское шоссе 1-й планировочный комплекс промзоны бутово.,ПИК,Строится,ЮЗАО,Южное Бутово
"мкр. Щербинка, общественная зона вдоль Варшавского шоссе (участок 2) (ЮЗАО, район Южное Бутово)",мкр. щербинка общественная зона вдоль варшавского шоссе (участок 2) (юзао район южное бутово),КП УГС,Введено,ЮЗАО,Южное Бутово
Херсонская д. 8,херсонская д 8,ФОНД РЕНОВАЦИИ,Введено,ЮЗАО,Зюзино
"Варшавское шоссе, Бутово промзона 1-й планировочный комплекс",варшавское шоссе бутово промзона 1-й планировочный комплекс,ПИК,Введено,ЮЗАО,Южное Бутово
"Москва, ЮЗАО, Южное Бутово, Варшавское шоссе, 1-й планировочный комплекс промзоны ""Бутово""",москва юзао южное бутово варшавское шоссе 1-й планировочный комплекс промзоны бутово,ПИК,Введено,ЮЗАО,Южное Бутово
"город Щербинка, микрорайон Люблинский",город щербинка микрорайон люблинский,ПИК,Введено,НАО,Щербинка
мкр. Люблинский. Корпус 1.2 (этап 2),мкр. люблинский. корпус 1.2 (этап 2),ПИК,Введено,НАО,Щербинка
"Варшавское шоссе, вл. 170Е/1",варшавское шоссе вл 170е/1,Э.К. ДЕВЕЛОПМЕНТ,Введено,ЮАО,Чертаново Южное
"ул. Старобитцевская, напротив вл. 19А",ул старобитцевская напротив вл 19а,ТРЕЛАС ГРУПП,Строится,ЮЗАО,Северное Бутово
"Северное Бутово, мкр. 6А, корп. 32",северное бутово мкр. 6а корп 32,"ГСК ""АВТОСЕВЕР,25""",Строится,ЮЗАО,Северное Бутово
"Феодосийская ул., з/у.7",феодосийская ул зу 7,ФОНД РЕНОВАЦИИ,Введено,ЮЗАО,Северное Бутово
"Феодосийская ул., д. 7, к. 2",феодосийская ул д 7 к 2,НАРОМИЛА ДЕВЕЛОПМЕНТ ЛТД,Строится,ЮЗАО,Северное Бутово
"ул. Академика Янгеля, д. 12А, стр. 1",ул академика янгеля д 12а стр 1,"ООО ""ПОКРОВСКИЕ ВЫСЕЛКИ""",Введено,ЮАО,Чертаново Южное
Старобитцевская ул. вл. 19 корп. 1 (напротив),старобитцевская ул вл 19 корп 1 (напротив),"ООО ""ТРЕЛАС ГРУПП""",Строится,ЮЗАО,Северное Бутово
"ул. Коктебельская, з/у 6А",ул коктебельская зу 6а,"ООО ""НОВСТРОЙ""",Строится,ЮЗАО,Северное Бутово
"ул.Маршала Савицкого, вл.6. корп.1 (корп.26)",улмаршала савицкого вл6. корп1 (корп26),"ООО ""МОНТАНА""",Строится,ЮЗАО,Южное Бутово
"ул. Маршала Савицкого, д. 8А (Щербинка, мкр. 1, корп. 25)",ул маршала савицкого д 8а (щербинка мкр. 1 корп 25),ГКУК ВОСХОД,Строится,ЮЗАО,Южное Бутово
"Болотниковская улица, влд. 43",болотниковская улица влд. 43,ФОНД РЕНОВАЦИИ,Введено,ЮЗАО,Зюзино
Керченская ул. вл. 2,керченская ул вл 2,ФОНД РЕНОВАЦИИ,Введено,ЮЗАО,Зюзино
"ул. Брусилова, вл. 19",ул брусилова вл 19,ИНДИВИДУАЛЬНЫЕ ПРЕДПРИНИМАТЕЛИ,Строится,ЮЗАО,Южное Бутово
"ул. Каховка, вл. 13, корпус 9",ул каховка вл 13 корпус 9,ПРАВОСЛАВИЕ,Строится,ЮЗАО,Зюзино
"Балаклавский просп., з/у 26",балаклавский просп. зу 26,"ООО ""СЗ ""ГЕЛПИК""",Строится,ЮЗАО,Зюзино
"мкр. Чертаново Северное, земельный участок 4Б/1 (мкр. ОПЖР)",мкр. чертаново северное земельный участок 4б/1 (мкр. опжр),КП УГС,Введено,ЮАО,Чертаново Северное
"Старобитцевская ул., вл. 16",старобитцевская ул вл 16,"ООО ""БИТЦА""",Строится,ЮЗАО,Северное Бутово
"ул. Старобитцевская, земельный участок 11",ул старобитцевская земельный участок 11,"ООО ""МК ПРОДЖЕКТ ДЕВЕЛОПМЕНТ""",Строится,ЮЗАО,Северное Бутово
"г. Москва, Зюзино, Балаклавский проспект, владение 28А, строение 5, ЮЗАО, Зюзино",г. москва зюзино балаклавский проспект владение 28а строение 5 юзао зюзино,ФОНД РЕНОВАЦИИ,Введено,ЮЗАО,Зюзино
"ш. Варшавское, вл. 170Г",ш варшавское вл 170г,"ООО ""ТРЕЛАС ГРУПП""",Строится,ЮАО,Донской
"Нахимовский пр-т, з/у 17/2 (зона 1.2)",нахимовский пр-т зу 17/2 (зона 1.2),ФОНД РЕНОВАЦИИ,Строится,ЮЗАО,Зюзино
"Одесская улица, земельный участок 5 (зона 1.3)",одесская улица земельный участок 5 (зона 1.3),ФОНД РЕНОВАЦИИ,Строится,ЮЗАО,Зюзино
"улица Одесская, земельный участок 6/1",улица одесская земельный участок 6/1,ПИК,Строится,ЮЗАО,Зюзино
"Москва, ЮАО, район Чертаново Северное, мкр. ОПЖР",москва юао район чертаново северное мкр. опжр,КП УГС,Введено,ЮАО,Чертаново Северное
"Варшавское шоссе, рядом с метро Аннино, микрорайон (мкр.) 18",варшавское шоссе рядом с метро аннино микрорайон (мкр.) 18,ПРАВОСЛАВИЕ,Строится,ЮАО,Чертаново Южное
"Щербинка, Северная коммунальная зона (пересечение ул. Маршала Савицкого и проектируемого проезда № 728)",щербинка северная коммунальная зона (пересечение ул маршала савицкого и проектируемого проезда № 728),"АНО ""РСИ""",Введено,ЮЗАО,Южное Бутово
"Днепропетровская ул., вл. 4а",днепропетровская ул вл 4а,ПРАВОСЛАВИЕ,Строится,ЮАО,Чертаново Северное
"Москва, ул. Кировоградская, вл. 25",москва ул кировоградская вл 25,КП УГС,Введено,ЮАО,Чертаново Южное
"Варшавское шоссе, вл. 141",варшавское шоссе вл 141,РГ-ДЕВЕЛОПМЕНТ,Строится,ЮАО,Чертаново Южное
"Чертановская ул., вл. 2, угол Сумского пр.",чертановская ул вл 2 угол сумского пр,ПРАВОСЛАВИЕ,Строится,ЮАО,Чертаново Северное
"улица Кировоградская, вл. 21А",улица кировоградская вл 21а,ПРАВОСЛАВИЕ,Строится,ЮАО,Чертаново Южное
"Варшавское шоссе, вл. 150Б/1",варшавское шоссе вл 150б/1,"ООО ""РАССВЕТ""",Введено,ЮАО,Чертаново Южное
"Симферопольский бульвар, вл. 28",симферопольский бульвар вл 28,ПРАВОСЛАВИЕ,Введено,ЮЗАО,Зюзино
Газопровод ул.,газопровод ул,ПИК,Введено,ЮАО,Чертаново Южное
ул. Дорожная,ул дорожная,"АО ""БМТО МИНАТОМА""",Строится,ЮАО,Чертаново Южное
"проезд Дорожный 1-й, вл. 1А/2",проезд дорожный 1-й вл 1а/2,"ООО ""ВУКЛЭР""",Строится,ЮАО,Чертаново Центральное
"Востряковский проезд, вл. 10, копр. 1",востряковский проезд вл 10 копр. 1,"АО ""ПРОМИНВЕСТ""",Строится,ЮАО,Бирюлёво Западное
"Востряковский пр., влад.10, корп. 1",востряковский пр влад.10 корп 1,"АО ""ПРОМИНВЕСТ""",Строится,ЮАО,Бирюлёво Западное
"ул. Дорожная, вл. 7",ул дорожная вл 7,"ООО ""ОСТРОВ""",Введено,ЮАО,Чертаново Южное
"пр. Каширский, вл. 25/2",пр каширский вл 25/2,PIONEER,Строится,ЮАО,Москворечье-Сабурово
"Дорожная ул., вл. 1",дорожная ул вл 1,МОСКАПСТРОЙ-ТН,Строится,ЮАО,Чертаново Северное
"ул. Мелитопольская, земельный участок 8/1",ул мелитопольская земельный участок 8/1,"АО ""МЕЛИТОПОЛЬСКАЯ, 8""",Строится,ВАО,Бирюлёво Западное
"2-й Котляковский пер., земельный участок 1/1В; Каширский пр., дом 25А",2-й котляковский пер земельный участок 1/1в каширский пр дом 25а,PIONEER,Введено,ЮАО,Москворечье-Сабурово
"1-й Котляковский переулок, дом 4Б",1-й котляковский переулок дом 4б,PIONEER,Введено,ЮАО,Москворечье-Сабурово
"пер. Котляковский 2-й, земельный участок 1/1А ( ЮАО: район Москворечье-Сабурово )",пер котляковский 2-й земельный участок 1/1а ( юао: район москворечье-сабурово ),PIONEER,Введено,ЮАО,Москворечье-Сабурово
2-й Котляковский переулок,2-й котляковский переулок,PIONEER,Строится,ЮАО,Москворечье-Сабурово
Каширское шоссе,каширское шоссе,ГРАНЕЛЬ,Строится,ЮАО,Нагатино-Садовники
"2-й Котляковский переулок, земельный участок 1/10, вл. 1 стр. 37, вл. 1 стр. 3",2-й котляковский переулок земельный участок 1/10 вл 1 стр 37 вл 1 стр 3,PIONEER,Строится,ЮАО,Москворечье-Сабурово
"Промышленная улица, вл. 6",промышленная улица вл 6,ГЛАВСТРОЙ,Строится,ЮАО,Царицыно
ул. Деловая,ул деловая,"ООО ""ДИНАМИКА""",Строится,ЮАО,Царицыно
"Бирюлево Западное, ул. Подольских Курсантов, земельный участок 28А/1",бирюлево западное ул подольских курсантов земельный участок 28а/1,"ООО ""КОРНЕТТО""",Строится,ЮАО,Бирюлёво Западное
"Москва, Каширское шоссе, вл. 13А",москва каширское шоссе вл 13а,РОСИМУЩЕСТВО,Строится,ЮАО,Нагатино-Садовники
"Москворечье ул. вл. 1, стр. 3 (ул. Москворечье, земельный участок 1/2)",москворечье ул вл 1 стр 3 (ул москворечье земельный участок 1/2),МИНЗДРАВ РОССИИ,Строится,ЮАО,Москворечье-Сабурово
"улица Котляковская, земельный участок 7/4, земельный участок 6Б",улица котляковская земельный участок 7/4 земельный участок 6б,ПИК,Строится,ЮАО,Москворечье-Сабурово
"ул. Котляковская, вл. 7, вл. 7 стр. 2- стр. 9, вл. 7 стр. 13; переулок 2-й Котляковский, земельный участок 5/1/1; пер. Котляковский 1-й, вл 6, ,",ул котляковская вл 7 вл 7 стр 2- стр 9 вл 7 стр 13 переулок 2-й котляковский земельный участок 5/1/1 пер котляковский 1-й вл 6 ,ПИК,Строится,ЮАО,Москворечье-Сабурово
"Кавказский бульвар, земельный участок 51/4",кавказский бульвар земельный участок 51/4,ПИК,Строится,ЮАО,Царицыно
"Кавказский бульвар, земельный участок 51/3",кавказский бульвар земельный участок 51/3,ПИК,Строится,ЮАО,Царицыно
пересечение ул. Севанской и ул. Бехтерева,пересечение ул севанской и ул бехтерева,ПРАВОСЛАВИЕ,Строится,ЮАО,Царицыно
"ул. Медынская, вл. 6, корп. 1",ул медынская вл 6 корп 1,"ООО ""КУПАВА""",Строится,ЮАО,Бирюлёво Западное
"ул. Булатниковская, вл. 2",ул булатниковская вл 2,"ООО ""МОДО ФИТНЕС""",Строится,ЮАО,Бирюлёво Западное
"6-я Радиальная улица, вл. 7, корп. 30, 31",6-я радиальная улица вл 7 корп 30 31,"АО ""МОСОТДЕЛСТРОЙ № 1""",Введено,ЮАО,Бирюлёво Восточное
"Радиальная 6-я ул. вл. 7 корп. 30, 31",радиальная 6-я ул вл 7 корп 30 31,"АО ""МОСОТДЕЛСТРОЙ № 1""",Введено,ЮАО,Бирюлёво Восточное
"6-я Радиальная улица, вл. 7, корп. 27, 28/29",6-я радиальная улица вл 7 корп 27 28/29,"АО ""МОСОТДЕЛСТРОЙ № 1""",Введено,ЮАО,Бирюлёво Восточное
пересечение Пролетарского проспекта и пр. пр. № 6216,пересечение пролетарского проспекта и пр пр № 6216,ПРАВОСЛАВИЕ,Введено,ЮАО,Москворечье-Сабурово
"Бакинская ул., д. 26",бакинская ул д 26,"АНО ""РСИ""",Введено,ЮАО,Царицыно
"6-я Радиальная улица, дом 5А",6-я радиальная улица дом 5а,"АНО ""РСИ""",Введено,ЮАО,Бирюлёво Восточное
Радиальная 6-я ул. вл. 7,радиальная 6-я ул вл 7,"АНО ""РСИ""",Введено,ЮАО,Бирюлёво Восточное
ул. Евгения Родионова,ул евгения родионова,"ООО ""ЭДФИШ""",Строится,ТАО,Краснопахорский
вблизи деревни Киселевка,вблизи деревни киселевка,ГРАД,Строится,НАО,Троицк
"поселок станции Крекшино, ул. Производственная, уч. 4",поселок станции крекшино ул производственная уч 4,"ООО ""КЕМИКАЛ""",Строится,НАО,Внуково
"Поселение Щаповское, Квартал 399 Земельный участок 1А",поселение щаповское квартал 399 земельный участок 1а,БРУСНИКА,Строится,ТАО,Коммунарка
"Десеновское, в районе дер. Яковлево",десеновское в районе дер яковлево,МОНАРХ,Введено,НАО,Троицк
д. Сатино-Татарское,д сатино-татарское,"ООО ""ШСК""",Строится,ТАО,Краснопахорский
"поселение Десеновское, квартал 121, з/у 1",поселение десеновское квартал 121 зу 1,ПИК,Строится,НАО,Троицк
"п. Щаповское, вблизи д. Троицкое",п. щаповское вблизи д троицкое,"ООО ""МПТО""",Строится,ТАО,Краснопахорский
"дер. Батыбино, з/у 38А",дер батыбино зу 38а,ИНДИВИДУАЛЬНЫЕ ПРЕДПРИНИМАТЕЛИ,Строится,ТАО,Краснопахорский
"поселение Щаповское, квартал 401, земельный участок 8/1",поселение щаповское квартал 401 земельный участок 8/1,"ООО ""ВНУКОВО ЛОГИСТИК""",Строится,ТАО,Краснопахорский
вблизи д.Кувекино,вблизи дкувекино,ПИК,Введено,НАО,Троицк
"поселение Щаповское, д. Троицкое",поселение щаповское д троицкое,ИНДИВИДУАЛЬНЫЕ ПРЕДПРИНИМАТЕЛИ,Строится,ТАО,Краснопахорский
"вблизи с. Ознобишино, участок с кадастровым номером 77:22:0020331:16",вблизи с. ознобишино участок с кадастровым номером 77:22:0020331:16,"ООО ""ЛИГА-РЕГИОН""",Строится,ТАО,Краснопахорский
"д. Никульское, вл. 47-1",д никульское вл 47-1,ТОРГОВО-ПРОМЫШЛЕННАЯ ПАЛАТА РОССИЙСКОЙ ФЕДЕРАЦИИ,Введено,НАО,Щербинка
"д. Никульское, вл. 47-2",д никульское вл 47-2,ТОРГОВО-ПРОМЫШЛЕННАЯ ПАЛАТА РОССИЙСКОЙ ФЕДЕРАЦИИ,Введено,НАО,Щербинка
"д. Никульское, вл. 47-3",д никульское вл 47-3,ТОРГОВО-ПРОМЫШЛЕННАЯ ПАЛАТА РОССИЙСКОЙ ФЕДЕРАЦИИ,Введено,НАО,Щербинка
село Остафьево,село остафьево,САМОЛЕТ,Введено,НАО,Щербинка
"с. Остафьево, Зелёновка ул., уч. 92А",с. остафьево зеленовка ул уч 92а,ТОРГОВО-ПРОМЫШЛЕННАЯ ПАЛАТА РОССИЙСКОЙ ФЕДЕРАЦИИ,Введено,НАО,Щербинка
"Зелёновка ул., уч. 92А",зеленовка ул уч 92а,ТОРГОВО-ПРОМЫШЛЕННАЯ ПАЛАТА РОССИЙСКОЙ ФЕДЕРАЦИИ,Строится,НАО,Щербинка
"поселение Рязановское (д. Алхимово, ул. Сосновая, дом 5)",поселение рязановское (д алхимово ул сосновая дом 5),САМОЛЕТ,Строится,НАО,Коммунарка
вблизи д.Алхимово,вблизи далхимово,САМОЛЕТ,Введено,НАО,Щербинка
п Рязановское,п рязановское,САМОЛЕТ,Введено,НАО,Щербинка
деревня Алхимово,деревня алхимово,САМОЛЕТ,Строится,НАО,Щербинка
с. Остафьево ( НАО: поселение Рязановское ),с. остафьево ( нао: поселение рязановское ),САМОЛЕТ,Введено,НАО,Щербинка
Алхимово дер.,алхимово дер,САМОЛЕТ,Строится,НАО,Щербинка
"с. Остафьево, ул. Любучанская, з/у 9",с. остафьево ул любучанская зу 9,САМОЛЕТ,Строится,НАО,Щербинка
"вблизи с. Остафьево, улица Любучанская, земельный участок 13",вблизи с. остафьево улица любучанская земельный участок 13,САМОЛЕТ,Строится,НАО,Щербинка
Комплексная жилая застройка с объектами социальной и инженерной инфраструктуры. Шестая очередь строительства:1-ый этап - Жилой дом 25.,комплексная жилая застройка с объектами социальной и инженерной инфраструктуры. шестая очередь строительства:1-ый этап - жилой дом 25.,САМОЛЕТ,Строится,НАО,Щербинка
"Щербинка, Местечко Барыши (г. Щербинка)",щербинка местечко барыши (г. щербинка),"ООО ""СТРОИТЕЛЬНАЯ КОМПАНИЯ ВЕЛЕСЪ""",Введено,НАО,Щербинка
п. Знамя Октября,п. знамя октября,"ООО ""ИС""",Строится,НАО,Щербинка
"п. Знамя Октября, влд. 3",п. знамя октября влд. 3,ФОНД РЕНОВАЦИИ,Введено,НАО,Коммунарка
"г. Щербинка, кв-л Южный з/у 13",г. щербинка кв-л южный зу 13,"АНО ""РСИ""",Введено,НАО,Щербинка
"поселение Щербинка, Овражная улица, д. 3",поселение щербинка овражная улица д 3,БРОД-ЭСТЕЙТ,Строится,НАО,Щербинка
Южная ул. (г. Щербинка) д. 14. д.16,южная ул (г. щербинка) д 14. д16,ГЕЛЕНА ХИМАВТО,Строится,НАО,Щербинка
Симферопольское шоссе д. 13,симферопольское шоссе д 13,"ООО ""НКН-СТРОЙ""",Строится,НАО,Щербинка
"ул. Брусилова, вл. 23",ул брусилова вл 23,"ГКУ ""УДМС""",Строится,НАО,Щербинка
"Москва, ТАО, Клёновское, Клёново с. вл. 65А",москва тао кленовское кленово с. вл 65а,"АО ""ТУКС-2""",Введено,ТАО,Вороново
"с. Кленово, ул. Садовая, влд. 5Б",с. кленово ул садовая влд. 5б,"АО ""КАПСТРОЙСИТИ""",Введено,ТАО,Вороново
"Москва, ТАО, Клёновское, Кленово с.",москва тао кленовское кленово с.,ИНДИВИДУАЛЬНЫЕ ПРЕДПРИНИМАТЕЛИ,Введено,ТАО,Вороново
"с. Кленово, Кленовское 43В",с. кленово кленовское 43в,"ООО ""БИЗНЕС ИНВЕСТ""",Строится,ТАО,Вороново
"с. Кленово, ул. Центральная, вл. 24Г",с. кленово ул центральная вл 24г,МОСВОДОКАНАЛ,Введено,ТАО,Вороново
Акулово пос. вл. 4,акулово пос вл 4,ФОНД РЕНОВАЦИИ,Введено,ВАО,Восточный
"Менжинского улица, вл. 30, стр. 1",менжинского улица вл 30 стр 1,ALVEK,Строится,СВАО,Бабушкинский
"ул. Печорская, вл. 7",ул печорская вл 7,ФОНД РЕНОВАЦИИ,Введено,СВАО,Бабушкинский
"Тайнинская ул., вл. 7/1, 7/2, 7/3",тайнинская ул вл 7/1 7/2 7/3,ФОНД РЕНОВАЦИИ,Введено,СВАО,Лосиноостровский
"Тайнинская ул., з/у 7/1",тайнинская ул зу 7/1,ФОНД РЕНОВАЦИИ,Строится,СВАО,Лосиноостровский
"Тайнинская ул., вл.16",тайнинская ул вл16,ФОНД РЕНОВАЦИИ,Введено,СВАО,Лосиноостровский
"район Лосиноостровский, ул. Изумрудная, земельный участок 28А",район лосиноостровский ул изумрудная земельный участок 28а,ФОНД РЕНОВАЦИИ,Строится,СВАО,Лосиноостровский
"Анадырский пр, вл. 8 (участок 2)",анадырский пр вл 8 (участок 2),ПРАВОСЛАВИЕ,Введено,СВАО,Лосиноостровский
"г. Москва, Анадырский пр, вл. 8 (участок 2)",г. москва анадырский пр вл 8 (участок 2),ПРАВОСЛАВИЕ,Строится,СВАО,Лосиноостровский
"ул. Шушенская, вл.5",ул шушенская вл5,ФОНД РЕНОВАЦИИ,Введено,СВАО,Лосиноостровский
"улица Малыгина, вл. 12",улица малыгина вл 12,МОСКОВСКИЙ ФОНД ЗАЩИТЫ ПРАВ ДОЛЬЩИКОВ,Введено,СВАО,Лосиноостровский
"Напрудная 1-я ул., вл.15",напрудная 1-я ул вл15,"ГБУ ""ДИРЕКЦИЯ РАЗВИТИЯ ОБЪЕКТОВ ЗДРАВООХРАНЕНИЯ ГОРОДА МОСКВЫ""",Введено,СВАО,Лосиноостровский
"Минусинская улица, земельный участок 14А",минусинская улица земельный участок 14а,ФОНД РЕНОВАЦИИ,Строится,СВАО,Лосиноостровский
Шоссе Ярославское Земельный участок 26/12,шоссе ярославское земельный участок 26/12,МИНОБРНАУКИ РОССИИ,Строится,СВАО,Ярославский
"ул. Норильская, вл. 36",ул норильская вл 36,МЕЖДУНАРОДНЫЙ ФОНД ДУХОВНОГО ЕДИНСТВА НАРОДОВ,Строится,СВАО,Лосиноостровский
Таежная ул. вл. 1,таежная ул вл 1,САНАТОРИЙ СВЕТЛАНА,Строится,СВАО,Лосиноостровский
"Анадырский пр., вл. 59",анадырский пр вл 59,"ООО ""КОМОКС""",Строится,СВАО,Лосиноостровский
"улица Лосиноостровская, владение 45",улица лосиноостровская владение 45,SEVEN SUNS DEVELOPMENT,Введено,СВАО,Лосиноостровский
"ул. Лосиноостровская, вл. 45",ул лосиноостровская вл 45,SEVEN SUNS DEVELOPMENT,Строится,СВАО,Лосиноостровский
"Ярославское шоссе, вл. 147",ярославское шоссе вл 147,ПРАВОСЛАВИЕ,Строится,СВАО,Ярославский
"16-я Парковая улица, д. 12, стр. 1",16-я парковая улица д 12 стр 1,ФОНД РЕНОВАЦИИ,Введено,ВАО,Восточное Измайлово
улица Шумкина,улица шумкина,"ООО ""СЗ ""СОКОЛЬНИКИ""",Строится,ВАО,Сокольники
"Москва, ул.Ольховская, вл. 27, стр.3-3а, 4, 5, 6, 16",москва улольховская вл 27 стр3-3а 4 5 6 16,ИНСТИТУТ ПЛАСТИЧЕСКОЙ ХИРУРГИИ И КОСМЕТОЛОГИИ,Введено,ЦАО,Красносельский
"Костомаровский пер., вл.15",костомаровский пер вл15,"АО СЗ ""ЦЕНТР-ИНВЕСТ""",Строится,ЦАО,Таганский
"ул. Новоостаповская, вл. 6А",ул новоостаповская вл 6а,ФСК,Строится,ЮВАО,Южнопортовый
"ул. 2-я Машиностроения, д. 3, стр. 3",ул 2-я машиностроения д 3 стр 3,"ООО ""ЖИЛСПЕЦПРОЕКТ""",Введено,ЮВАО,Южнопортовый
"проспект Андропова, дом 9/2",проспект андропова дом 9/2,РЕГИОНЫ-ДЕВЕЛОПМЕНТ,Введено,ЮАО,Нагатинский Затон
"пр-кт Андропова, вл. 9/1",пр-кт андропова вл 9/1,РЕГИОНЫ-ДЕВЕЛОПМЕНТ,Введено,ЮАО,Нагатинский Затон
г.ф.з. Москва,г.ф.з. москва,РЖД,Строится,ЦАО,Красносельский
"ул. Шарикоподшипниковская, вл. 11, стр.1, 2, 4, 10, стр.5, стр.7",ул шарикоподшипниковская вл 11 стр1 2 4 10 стр5 стр7,ГРАНЕЛЬ,Введено,ЮВАО,Южнопортовый
Андропова просп. уч. 11/1,андропова просп. уч 11/1,РЕГИОНЫ-ДЕВЕЛОПМЕНТ,Введено,ЮАО,Нагатинский Затон
"ул. Судостроительная, влд. 15",ул судостроительная влд. 15,ФОНД РЕНОВАЦИИ,Введено,ЮАО,Нагатинский Затон
ул. Русаковская д. 19,ул русаковская д 19,РЖД,Строится,ВАО,Сокольники
2-й Южнопортовый проезд,2-й южнопортовый проезд,"ГКУ ""УДМС""",Строится,ЮВАО,Печатники
"ул. Бауманская, вл.11",ул бауманская вл11,"ООО ""СЗ ""ОКТЯБРЬ В САО""",Строится,ЦАО,Басманный
"улица Шарикоподшипниковская, земельный участок 11/2",улица шарикоподшипниковская земельный участок 11/2,ГРАНЕЛЬ,Строится,ЮВАО,Южнопортовый
"7-я Кожуховская улица, земельный участок 8",7-я кожуховская улица земельный участок 8,ФОНД РЕНОВАЦИИ,Строится,ЮВАО,Южнопортовый
"пересечение 2-й Бауманской ул. и Бригадирского пер., Госпитальная наб., 4с1А (Участок 1.3)",пересечение 2-й бауманской ул и бригадирского пер госпитальная наб. 4с1а (участок 1.3),АНО РСИО,Введено,ЦАО,Басманный
"Нагатинская пойма, участок № 2",нагатинская пойма участок № 2,РЕГИОНЫ-ДЕВЕЛОПМЕНТ,Строится,ЮАО,Нагатинский Затон
"ул. Золоторожский Вал, вл. 22",ул золоторожский вал вл 22,ПРАВОСЛАВИЕ,Строится,ЮВАО,Лефортово
"Золоторожский Вал, 11А/1",золоторожский вал 11а/1,STONE,Строится,ЮВАО,Лефортово
"ул. Золоторожский Вал, вл. 11, стр. 32-34",ул золоторожский вал вл 11 стр 32-34,STONE,Строится,ЮВАО,Лефортово
"Москва, пр-кт Волгоградский",москва пр-кт волгоградский,ГРАНЕЛЬ,Введено,ЮВАО,Южнопортовый
"Переведеновский пер. вл. 13 стр. 11,12",переведеновский пер вл 13 стр 11 12,ОРТИГА ДЕВЕЛОПМЕНТ,Строится,ЦАО,Басманный
"ул. Малая Почтовая, д.12, стр.1, стр.10",ул малая почтовая д12 стр1 стр10,"АО ""ЗАВОД АВТОТРАКТОРНОЙ ЭЛЕКТРОНИКИ""",Строится,ЦАО,Басманный
"ул. Малая Почтовая, вл. 12, стр. 2, 3, 4, 5, 7, 9, 11, вл. 12, соор. 6",ул малая почтовая вл 12 стр 2 3 4 5 7 9 11 вл 12 соор. 6,ГРАНЕЛЬ,Введено,ЦАО,Басманный
"ул. Золоторожский Вал, вл. 11, стр. 50,56",ул золоторожский вал вл 11 стр 50 56,ДОНСТРОЙ,Введено,ЮВАО,Лефортово
"Золоторожский вал ул., вл.11, стр.73,75",золоторожский вал ул вл11 стр73 75,ДОНСТРОЙ,Строится,ЮВАО,Лефортово
"Золоторожский Вал ул., вл. 11 стр. 30, 37, 47, 57, 58",золоторожский вал ул вл 11 стр 30 37 47 57 58,ДОНСТРОЙ,Введено,ЮВАО,Лефортово
Волгоградский просп. вл. 32 корп. 3,волгоградский просп. вл 32 корп 3,MR GROUP,Введено,ЮВАО,Южнопортовый
Южнопортовый 2-й пр. вл. 12а,южнопортовый 2-й пр вл 12а,СБЕРБАНК,Строится,ЮВАО,Печатники
Короленко ул. вл. 5,короленко ул вл 5,"ГСК ""ПРИЧАЛ""",Введено,ВАО,Сокольники
Улица Гастелло Земельный участок 32,улица гастелло земельный участок 32,STONE,Строится,ВАО,Сокольники
"улица Бакунинская, земельный участок 77/3",улица бакунинская земельный участок 77/3,ФОНД РЕНОВАЦИИ,Строится,ЦАО,Басманный
"Фридриха Энгельса 56/1 вл. 58 стр. 1,2,3 вл. 60 стр. 1, вл. 62 стр. 1",фридриха энгельса 56/1 вл 58 стр 1 2 3 вл 60 стр 1 вл 62 стр 1,ГАЛС,Строится,ЦАО,Басманный
"улица Фридриха Энгельса, д. участок 58, стр.1, 2, 3, Басманный район Центрального административного округа города Москвы",улица фридриха энгельса д участок 58 стр1 2 3 басманный район центрального административного округа города москвы,ГАЛС,Введено,ЦАО,Басманный
"Рубцовская наб., вл. 2/18",рубцовская наб. вл 2/18,МИНОБРНАУКИ РОССИИ,Строится,ЦАО,Басманный
"ул. Золоторожский Вал, вл. 11, стр. 46",ул золоторожский вал вл 11 стр 46,ДОНСТРОЙ,Строится,ЮВАО,Лефортово
"Москва, Рабочая ул. вл. 91",москва рабочая ул вл 91,МОСКОВСКИЙ МЕТРОПОЛИТЕН,Введено,ЦАО,Таганский
"Волгоградский проспект, влд. 32/5",волгоградский проспект влд. 32/5,MR GROUP,Введено,ЮВАО,Южнопортовый
"ул. Южнопортовая, земельный участок 28А/10",ул южнопортовая земельный участок 28а/10,LEVEL GROUP,Строится,ЮВАО,Печатники
Южнопортовая ул. уч. 28А,южнопортовая ул уч 28а,LEVEL GROUP,Введено,ЮВАО,Печатники
"Рубцовско-Дворцовая улица, д. 1/3",рубцовско-дворцовая улица д 1/3,"АНО ""РСИ""",Введено,ВАО,Сокольники
"Почтовая Большая ул., вл.18, стр.1,2,3,4,5,8,9, вл.18/20, вл.18/20, стр.6, вл.20, стр.1,2,3,4",почтовая большая ул вл18 стр1 2 3 4 5 8 9 вл18/20 вл18/20 стр6 вл20 стр1 2 3 4,LEVEL GROUP,Введено,ЦАО,Басманный
"Крузенштерна ул., дом 7, корп. 1 (ул. Золоторожский Вал, вл. 11, стр. 61, 62)",крузенштерна ул дом 7 корп 1 (ул золоторожский вал вл 11 стр 61 62),ДОНСТРОЙ,Введено,ЮВАО,Лефортово
"ул. Золоторожский Вал, вл. 11, стр. 63",ул золоторожский вал вл 11 стр 63,ДОНСТРОЙ,Введено,ЮВАО,Лефортово
шоссе Энтузиастов,шоссе энтузиастов,МОСКОВСКИЙ МЕТРОПОЛИТЕН,Строится,ЮВАО,Лефортово
"шоссе Энтузиастов, дом 4, строение 19",шоссе энтузиастов дом 4 строение 19,МОСКОВСКИЙ МЕТРОПОЛИТЕН,Строится,ЮВАО,Лефортово
"ул. Скотопрогонная, д. 31А",ул скотопрогонная д 31а,COLDY,Строится,ЮВАО,Нижегородский
"ул. Угрешская, вл. 2, стр. 104, вл. 2Б, стр. 1, 2",ул угрешская вл 2 стр 104 вл 2б стр 1 2,ИНДИВИДУАЛЬНЫЕ ПРЕДПРИНИМАТЕЛИ,Введено,ЮВАО,Печатники
"2-й Южнопортовый проезд, вл. 26А",2-й южнопортовый проезд вл 26а,"ООО ""ЗДИ""",Строится,ЮВАО,Печатники
"ул. Речников, земельный участок 7/2",ул речников земельный участок 7/2,РЕЧНИКОВ ИНВЕСТ,Введено,ЮАО,Нагатинский Затон
"улица Речников, земельный участок 7/8",улица речников земельный участок 7/8,РЕЧНИКОВ ИНВЕСТ,Введено,ЮАО,Нагатинский затон
ул. Новая Дорога Земельный участок 11Б/1,ул новая дорога земельный участок 11б/1,ЭЛЕМЕНТ,Строится,ЦАО,Басманный
"проезд Боенский, вл. 11",проезд боенский вл 11,Индивидуальный предприниматель ЖУКОВ ЕВГЕНИЙ ФЕДОРОВИЧ,Строится,ЮВАО,Нижегородский
"ул. Южнопортовая, уч. 28А/17/1",ул южнопортовая уч 28а/17/1,LEVEL GROUP,Строится,ЮВАО,Печатники
"Южнопортовая ул., з.у. 28А/16",южнопортовая ул з.уч 28а/16,LEVEL GROUP,Введено,ЮВАО,Печатники
"Нагатинский Затон, земельный участок 7/3",нагатинский затон земельный участок 7/3,РЕЧНИКОВ ИНВЕСТ,Введено,ЮАО,Нагатинский затон
"Нагатинский затон, земельный участок 7/7",нагатинский затон земельный участок 7/7,РЕЧНИКОВ ИНВЕСТ,Введено,ЮАО,Нагатинский затон
"ул. Речников, вл. 7 стр. 1, 1А, 4, 5, 7, 11, 12, 14, 15, 17, 19, 21, 22, 27, 28",ул речников вл 7 стр 1 1а 4 5 7 11 12 14 15 17 19 21 22 27 28,РЕЧНИКОВ ИНВЕСТ,Введено,ЮАО,Нагатинский Затон
"3-я Гражданская улица, владение 1",3-я гражданская улица владение 1,ЭТАЛОН,Строится,ВАО,Богородское
"ул. Краснобогатырская, вл. 38",ул краснобогатырская вл 38,BESTCON,Введено,ВАО,Богородское
"ул. Потешная, вл. 5, стр. 1, 2",ул потешная вл 5 стр 1 2,ОСНОВА,Строится,ВАО,Преображенское
"Большая Почтовая ул., вл. 24, стр. 2, 3",большая почтовая ул вл 24 стр 2 3,AFI DEVELOPMENT,Введено,ЦАО,Басманный
ул. Энергетическая - Энергетический проезд - ул. Лефортовский Вал,ул энергетическая - энергетический проезд - ул лефортовский вал,МИНОБРНАУКИ РОССИИ,Строится,ЮВАО,Лефортово
"ул. Золоторожский Вал, вл. 11, з/у 6",ул золоторожский вал вл 11 зу 6,ДОНСТРОЙ,Введено,ЮВАО,Лефортово
"Шепелюгинская ул., вл.16",шепелюгинская ул вл16,ФОНД РЕНОВАЦИИ,Введено,ЮВАО,Лефортово
"Москва, внутригородское муниципальное образование Лефортово, Шепелюгинский переулок, земельный участок 7",москва внутригородское муниципальное образование лефортово шепелюгинский переулок земельный участок 7,ФОНД РЕНОВАЦИИ,Строится,ЮВАО,Лефортово
"Семеновская набережная, вл. 3, стр. 13А",семеновская набережная вл 3 стр 13а,УЭЗ,Строится,ЦАО,Басманный
"ул. Авиамоторная, вл.5",ул авиамоторная вл5,ФОНД РЕНОВАЦИИ,Строится,ЮВАО,Лефортово
"шоссе Энтузиастов, земельный участок 12",шоссе энтузиастов земельный участок 12,"ООО ""СЗ ""ОБЪЕКТ ГАРАНТ""",Строится,ЮВАО,Лефортово
"проезд Автомобильный , вл. 8",проезд автомобильный вл 8,"ООО ""ХОЛДЕКС ГРУПП""",Строится,ЮВАО,Нижегородский
Угрешская ул. д. 22,угрешская ул д 22,"ГКУ ""УДМС""",Строится,ЮВАО,Печатники
"Электрозаводская ул. д. 60, ВАО, Преображенское",электрозаводская ул д 60 вао преображенское,КАРСТАН,Строится,ВАО,Преображенское
"г. Москва, проезд Перовский, вл. 54",г. москва проезд перовский вл 54,"ООО ""СЗ ""ГЛОРАКС-МСК РИМСКАЯ""",Строится,ЮВАО,Нижегородский
пр-д Перовский,пр-д перовский,"ООО ""СЗ ""ГЛОРАКС-МСК РИМСКАЯ""",Строится,ЮВАО,Нижегородский
"Погонный проезд, влд. 13",погонный проезд влд. 13,ФОНД РЕНОВАЦИИ,Введено,ВАО,Богородское
Игральная ул. д. 8,игральная ул д 8,"АНО ""РСИ""",Введено,ВАО,Богородское
"ул. 1-ая Бухвостова, вл. 12/11 ( ВАО: район Преображенское )",ул 1-ая бухвостова вл 12/11 ( вао: район преображенское ),РЕГИОНЫ-ДЕВЕЛОПМЕНТ,Строится,ВАО,Преображенское
"Бухвостова 1-я ул., вл. 12/11",бухвостова 1-я ул вл 12/11,РЕГИОНЫ-ДЕВЕЛОПМЕНТ,Введено,ВАО,Преображенское
"1-я улица Бухвостова, вл. 12/11",1-я улица бухвостова вл 12/11,РЕГИОНЫ-ДЕВЕЛОПМЕНТ,Строится,ВАО,Преображенское
25-26 км МКАД,25-26 км мкад,БРУСНИКА,Строится,ЮАО,Бирюлёво Восточное
Новохохловская ул. вл. 15,новохохловская ул вл 15,ПИК,Введено,ЮВАО,Нижегородский
"Шоссейный проезд, земельный участок 12А",шоссейный проезд земельный участок 12а,ОЭЗ ТЕХНОПОЛИС МОСКВА,Введено,ЮВАО,Печатники
"улица Южнопортовая, земельный участок 21/53/54/4",улица южнопортовая земельный участок 21/53/54/4,КОРТРОС,Строится,ЮВАО,Печатники
ул. Южнопортовая,ул южнопортовая,ПИК,Строится,ЮВАО,Печатники
"улица Ивантеевская, земельный участок 1/3",улица ивантеевская земельный участок 1/3,ФОНД РЕНОВАЦИИ,Строится,ВАО,Богородское
4-я Гражданская ул.,4-я гражданская ул,ВСЕРОССИЙСКОЕ ОБЩЕСТВО СЛЕПЫХ,Введено,ВАО,Богородское
"Авиамоторная ул. вл. 39/1 вл. 39, стр. 2",авиамоторная ул вл 39/1 вл 39 стр 2,САМОЛЕТ,Строится,ЮВАО,Лефортово
Новохохловская ул. вл. 23 стр. 3,новохохловская ул вл 23 стр 3,"ООО ""АЛЬЯНС""",Строится,ЮВАО,Нижегородский
"Южнопортовая ул., з/у 42/1",южнопортовая ул зу 42/1,ПИК,Введено,ЮВАО,Печатники
"округ Печатники, улица Шоссейная, земельный участок 90/9",округ печатники улица шоссейная земельный участок 90/9,САМОЛЕТ,Строится,ЮВАО,Печатники
"Большая Черкизовская улица, вл. 4",большая черкизовская улица вл 4,ЭТАЛОН,Строится,ВАО,Преображенское
Энтузиастов пр. вл. 11,энтузиастов пр вл 11,"ООО ""С.М.-АУДИТ Ф""",Введено,ВАО,Соколиная Гора
Вельяминовская ул. вл. 34,вельяминовская ул вл 34,ММЗ ВЫМПЕЛ,Строится,ВАО,Соколиная Гора
"Москва, ЦАО, Таганский",москва цао таганский,МОСКОВСКИЙ МЕТРОПОЛИТЕН,Строится,ЦАО,Таганский
"Нижегородская улица, земельный участок 92А (зона 2.4)",нижегородская улица земельный участок 92а (зона 2.4),ФОНД РЕНОВАЦИИ,Строится,ЮВАО,Нижегородский
"проезд 1-й Грайвороновский, з/у 2/2",проезд 1-й грайвороновский зу 2/2,3S GROUP,Строится,ЮВАО,Текстильщики
"Волгоградский проспект, вл. 42, к. 13",волгоградский проспект вл 42 к 13,ОЭЗ ТЕХНОПОЛИС МОСКВА,Введено,ЮВАО,Печатники
"пр. Шоссейный, вл. 30, строен. 1",пр шоссейный вл 30 строен. 1,"ООО ""КАСКАД-2""",Строится,ЮВАО,Печатники
ул. Шоссейная,ул шоссейная,ВТБ,Строится,ЮВАО,Печатники
6-й проезд Подбельского вл. 8-9,6-й проезд подбельского вл 8-9,АНО РСИО,Строится,ВАО,Богородское
Щербаковская ул. д. 38,щербаковская ул д 38,ПРАВИТЕЛЬСТВО РОССИЙСКОЙ ФЕДЕРАЦИИ,Строится,ВАО,Соколиная Гора
"1-й Кирпичный пер., земельный участок 17А/17 ( ВАО: район Гольяново )",1-й кирпичный пер земельный участок 17а/17 ( вао: район гольяново ),РГ-ДЕВЕЛОПМЕНТ,Строится,ВАО,Соколиная Гора
"переулок 1-й Кирпичный, земельный участок 17А/17",переулок 1-й кирпичный земельный участок 17а/17,РГ-ДЕВЕЛОПМЕНТ,Введено,ВАО,Соколиная Гора
"проспект Буденного, земельный участок 49",проспект буденного земельный участок 49,ФОНД РЕНОВАЦИИ,Строится,ВАО,Соколиная Гора
"ул. Газгольдерная, вл. 8.",ул газгольдерная вл 8.,ГРАНЕЛЬ,Введено,ЮВАО,Нижегородский
ул. Газгольдерная вл. 10А,ул газгольдерная вл 10а,ГРАНЕЛЬ,Строится,ЮВАО,Нижегородский
"Грайвороново квартал, 90а",грайвороново квартал 90а,ФОНД РЕНОВАЦИИ,Введено,ЮВАО,Текстильщики
Саратовский 1-й пр. уч. 5,саратовский 1-й пр уч 5,ФОНД РЕНОВАЦИИ,Строится,ЮВАО,Текстильщики
"Открытое шоссе, земельные участки 9/14А, 9/14, 9/1, 9/1/1",открытое шоссе земельные участки 9/14а 9/14 9/1 9/1/1,МАНГАЗЕЯ,Строится,ВАО,Богородское
"Открытое шоссе, д. 14Д (Открытое шоссе, вл. 14Д)",открытое шоссе д 14д (открытое шоссе вл 14д),ФОНД РЕНОВАЦИИ,Введено,ВАО,Богородское
Вольная ул. уч. 28/5,вольная ул уч 28/5,ФОНД РЕНОВАЦИИ,Введено,ВАО,Соколиная Гора
"шоссе Энтузиастов, улица Лабораторная, земельный участок 23/1, земельный участок 12",шоссе энтузиастов улица лабораторная земельный участок 23/1 земельный участок 12,РОСИМУЩЕСТВО,Строится,ВАО,Соколиная Гора
Рязанский просп. уч. 2/25,рязанский просп. уч 2/25,АКВИЛОН,Строится,ЮВАО,Нижегородский
"просп. Рязанский, вл. 2",просп. рязанский вл 2,1,Строится,ЮВАО,Нижегородский
"ул. 8-я Текстильщиков, вл. 2",ул 8-я текстильщиков вл 2,"ГБУ ""ДИРЕКЦИЯ РАЗВИТИЯ ОБЪЕКТОВ ЗДРАВООХРАНЕНИЯ ГОРОДА МОСКВЫ""",Строится,ЮВАО,Текстильщики
"Открытое шоссе, вл. 14Д",открытое шоссе вл 14д,3S GROUP,Введено,ВАО,Богородское
Окружной пр. вл. 10Б,окружной пр вл 10б,НОВАЯ ЖИЗНЬ,Введено,ВАО,Соколиная Гора
Соколиной горы 8-я ул. вл. 15,соколиной горы 8-я ул вл 15,ПРАВОСЛАВИЕ,Строится,ВАО,Соколиная гора
"Гаражная улица, влд. 3",гаражная улица влд. 3,ФОНД РЕНОВАЦИИ,Введено,ВАО,Соколиная Гора
"шоссе Перовское, земельный участок 2",шоссе перовское земельный участок 2,ПИК,Введено,ЮВАО,Нижегородский
"проспект Рязанский, вл. 2",проспект рязанский вл 2,АКВИЛОН,Строится,ЮВАО,Нижегородский
"Рязанский пр-т, вл. 17",рязанский пр-т вл 17,ФОНД РЕНОВАЦИИ,Строится,ЮВАО,Нижегородский
"Москва, ЮВАО, Текстильщики, Волжский бульв. вл. 8",москва ювао текстильщики волжский бульв. вл 8,АНО РСИО,Введено,ЮВАО,Текстильщики
"ул. Гаражная, вл. 3",ул гаражная вл 3,ПРАВОСЛАВИЕ,Строится,ВАО,Соколиная Гора
"Перовское шоссе, влд. 21",перовское шоссе влд. 21,LEVEL GROUP,Строится,ЮВАО,Нижегородский
ш. Перовское,ш перовское,BAZA Development,Строится,ЮВАО,Нижегородский
"ул. Грайвороновская, вл. 10",ул грайвороновская вл 10,ПРАВОСЛАВИЕ,Строится,ЮВАО,Текстильщики
"проспект 40 лет Октября, земельный участок 18/13",проспект 40 лет октября земельный участок 18/13,ФОНД РЕНОВАЦИИ,Строится,ЮВАО,Люблино
"Открытое шоссе, земельный участок 18, земельный участок 20/1",открытое шоссе земельный участок 18 земельный участок 20/1,ПИК,Строится,ВАО,Метрогородок
"ул. Тагильская, вл.4",ул тагильская вл4,AFI DEVELOPMENT,Введено,ВАО,Метрогородок
ул. Амурская,ул амурская,ПИК,Введено,ВАО,Гольяново
Преображенское,преображенское,РЖД,Строится,ВАО,Преображенское
Рязанский пр-кт,рязанский пр-кт,"ЗАО ""ВЕКТОРСТРОЙФИНАНС""",Введено,ЮВАО,Рязанский
"Краснодонская ул., земельный участок 16/19",краснодонская ул земельный участок 16/19,ГОРИЗОНТ ДЕВЕЛОПМЕНТ,Строится,ЮВАО,Люблино
"ул. Тагильская, вл. 6",ул тагильская вл 6,БРУСНИКА,Строится,ВАО,Метрогородок
"ул. Тагильская, Земельный участок 4",ул тагильская земельный участок 4,AFI DEVELOPMENT,Строится,ВАО,Метрогородок
"Открытое ш., з/у вл. 18/1",открытое ш зу вл 18/1,ПИК,Строится,ВАО,Метрогородок
"район Гольяново, земельный участок 1, Корпуса 6, 7, 8",район гольяново земельный участок 1 корпуса 6 7 8,ФОНД РЕНОВАЦИИ,Введено,ВАО,Гольяново
"ул. Электродная, земельный участок 2А",ул электродная земельный участок 2а,ОСНОВА,Строится,ВАО,Перово
пр-кт Рязанский,пр-кт рязанский,РТГ,Введено,ЮВАО,Рязанский
"Тагильская, стр.6/1",тагильская стр6/1,БРУСНИКА,Строится,ВАО,Метрогородок
Амурская зу 1/18,амурская зу 1/18,ФОНД РЕНОВАЦИИ,Введено,ВАО,Гольяново
"ул. Амурская, вл. 2А, строение 1",ул амурская вл 2а строение 1,ПИК,Введено,ВАО,Гольяново
"ул.Амурская, вл.2А, строение 1",уламурская вл2а строение 1,ПИК,Введено,ВАО,Гольяново
"ул. Амурская, вл.2А, строение 1",ул амурская вл2а строение 1,ПИК,Введено,ВАО,Гольяново
"ул. Перовская, вл. 2В",ул перовская вл 2в,Михеев Даниил Михайлович,Строится,ВАО,Перово
"улица Таганрогская, земельный участок 8",улица таганрогская земельный участок 8,ФОНД РЕНОВАЦИИ,Строится,ЮВАО,Люблино
"Тагильская ул. вл. 4, з/у4",тагильская ул вл 4 зу 4,AFI DEVELOPMENT,Строится,ВАО,Метрогородок
"Сиреневый бульвар, земельные участки 4/7, 4/7А",сиреневый бульвар земельные участки 4/7 4/7а,ФОНД РЕНОВАЦИИ,Введено,ВАО,Измайлово
"бульвар Сиреневый, земельный участок 4/4 (Сиреневый б-р, вл. 4, з/у 4)",бульвар сиреневый земельный участок 4/4 (сиреневый б-р вл 4 зу 4),ФОНД РЕНОВАЦИИ,Строится,ВАО,Измайлово
"улица Перовская, земельный участок 6А (Перовская ул., вл. 6А)",улица перовская земельный участок 6а (перовская ул вл 6а),ФОНД РЕНОВАЦИИ,Введено,ВАО,Перово
шоссе Перовское,шоссе перовское,БРУСНИКА,Строится,ЮВАО,Нижегородский
"Рязанский просп., вл.39",рязанский просп. вл39,ТРАНССТРОЙИНВЕСТ,Введено,ЮВАО,Рязанский
"Метрогородок, Открытое шоссе земельный участок 26/3, номер зоны - 4.5 (ЖУ-5)",метрогородок открытое шоссе земельный участок 26/3 номер зоны - 4.5 (жу-5),ФОНД РЕНОВАЦИИ,Введено,ВАО,Метрогородок
"улица Николая Химушина, земельный участок 2/7Б",улица николая химушина земельный участок 2/7б,ПИК,Введено,ВАО,Метрогородок
"1-й Иртышский проезд, вл. 3 (улица Тагильская, земельный участок 6/5)",1-й иртышский проезд вл 3 (улица тагильская земельный участок 6/5),БРУСНИКА,Строится,ВАО,Метрогородок
"Шоссе Энтузиастов, земельный участок 56/39",шоссе энтузиастов земельный участок 56/39,"ООО ""ПИКСЕЛ СТ""",Строится,ВАО,Перово
"улица Плеханова, земельный участок 11Б, 13Б",улица плеханова земельный участок 11б 13б,ПИК,Строится,ВАО,Перово
"ул. Плющева, земельный участок 17/3 (зона 10.1, ЖУ20)",ул плющева земельный участок 17/3 (зона 10.1 жу20),ФОНД РЕНОВАЦИИ,Строится,ВАО,Перово
"улица Жигулёвская, земельный участок 3/3/1 (мкр. 120, зона 3.1)",улица жигулевская земельный участок 3/3/1 (мкр. 120 зона 3.1),ФОНД РЕНОВАЦИИ,Строится,ЮВАО,Кузьминки
Совхозная ул. уч. 55/1,совхозная ул уч 55/1,ФОНД РЕНОВАЦИИ,Введено,ЮВАО,Люблино
проезд 2-й Иртышский,проезд 2-й иртышский,ПИК,Строится,ВАО,Гольяново
пр-д 2-й Иртышский,пр-д 2-й иртышский,ПИК,Строится,ВАО,Гольяново
"ул. Плеханова, вл. 11",ул плеханова вл 11,ПИК,Строится,ВАО,Перово
"улица Зеленодольская, д.42",улица зеленодольская д42,ПИК,Введено,ЮВАО,Кузьминки
"Москва, ул. Ставропольская, вл. 25",москва ул ставропольская вл 25,ПРАВОСЛАВИЕ,Строится,ЮВАО,Люблино
"внутригородское муниципальное образование Измайлово, 3-я Прядильная улица, земельный участок 1А",внутригородское муниципальное образование измайлово 3-я прядильная улица земельный участок 1а,"ООО ""СЗ ""ИЗМАЙЛОВО""",Строится,ВАО,Измайлово
"Краснодарская ул., вл. 52-56",краснодарская ул вл 52-56,"ООО ""КРД 52""",Строится,ЮВАО,Люблино
"Открытое шоссе, влд.30, з/у 1",открытое шоссе влд.30 зу 1,ФОНД РЕНОВАЦИИ,Введено,ВАО,Метрогородок
ул. Монтажная вл. 8/24,ул монтажная вл 8/24,ФСК,Строится,ВАО,Гольяново
"улица Михайлова, земельный участок 27 (Михайлова ул., вл. 27)",улица михайлова земельный участок 27 (михайлова ул вл 27),ФОНД РЕНОВАЦИИ,Строится,ЮВАО,Рязанский
"вн.тер.г. муниципальный округ Кузьминки, улица Зеленодольская, земельный участок 28/5",вн.тер.г. муниципальный округ кузьминки улица зеленодольская земельный участок 28/5,ИНДИВИДУАЛЬНЫЕ ПРЕДПРИНИМАТЕЛИ,Строится,ЮВАО,Кузьминки
"Амурская улица, земельный участок 26 (мкр. 1-2, зона 2.1 ЖУ-2)",амурская улица земельный участок 26 (мкр. 1-2 зона 2.1 жу-2),"ООО ""СЗ ""ГОЛЬЯНОВО""",Строится,ВАО,Гольяново
"3-я Прядильная ул., земельный участок 13 (3-я Прядильная ул., вл.13)",3-я прядильная ул земельный участок 13 (3-я прядильная ул вл13),ФОНД РЕНОВАЦИИ,Строится,ВАО,Измайлово
"Никитинская ул., з/у 5",никитинская ул зу 5,ФОНД РЕНОВАЦИИ,Введено,ВАО,Измайлово
"ш. Энтузиастов, влд. 33 ( з/у 33/1)",ш энтузиастов влд. 33 ( зу 33/1),МОСГАЗ,Строится,ВАО,Перово
"ул. Окская, вл. 9",ул окская вл 9,"АО ""СЗ ""ОКСКАЯ, 9""",Строится,ЮВАО,Рязанский
Иртышский 2-й пр.,иртышский 2-й пр,МЭЛ,Введено,ВАО,Гольяново
"Амурская улица, земельный участок 30 (мкр. 1-2, зона 2.2, ЖУ-3)",амурская улица земельный участок 30 (мкр. 1-2 зона 2.2 жу-3),"ООО ""СЗ ""ГОЛЬЯНОВО""",Строится,ВАО,Гольяново
"ул. 2-я Владимирская, вл. 10А, стр. 1",ул 2-я владимирская вл 10а стр 1,РОСИМУЩЕСТВО,Строится,ВАО,Перово
"Перовская ул., з/у 36, к. 1 (зона 4.1)",перовская ул зу 36 к 1 (зона 4.1),ФОНД РЕНОВАЦИИ,Строится,ВАО,Перово
"ул. Ставропольская, вл. 37-41, ЮВАО, Люблино",ул ставропольская вл 37-41 ювао люблино,"АО ""АМ ЛИНДЕН""",Строится,ЮВАО,Люблино
"бульв. Тихорецкий, вл. 1",бульв. тихорецкий вл 1,ПРАВОСЛАВИЕ,Введено,ЮВАО,Люблино
"Амурская улица, земельный участок 46",амурская улица земельный участок 46,"ООО ""СЗ ""ГОЛЬЯНОВО""",Строится,ВАО,Гольяново
площадь В. Кодовильи,площадь в. кодовильи,ПРАВОСЛАВИЕ,Введено,ВАО,Северное Измайлово
"улица 2-я Прядильная, земельный участок 9",улица 2-я прядильная земельный участок 9,"ООО ""СЗ ""ИЗМАЙЛОВО""",Строится,ВАО,Измайлово
"Владимирская 2-я ул. зу 26Б (участок 55), зу 28/30",владимирская 2-я ул зу 26б (участок 55) зу 28/30,ФОНД РЕНОВАЦИИ,Строится,ВАО,Перово
"улица Юных Ленинцев, земельный участок 103 (участок 12.4)",улица юных ленинцев земельный участок 103 (участок 12.4),ФОНД РЕНОВАЦИИ,Введено,ЮВАО,Кузьминки
"ул. Краснодарская, з/у 2",ул краснодарская зу 2,КИЕВСКАЯ ПЛОЩАДЬ,Строится,ЮВАО,Люблино
"улица Михайлова, земельный участок 38",улица михайлова земельный участок 38,ФОНД РЕНОВАЦИИ,Строится,ЮВАО,Рязанский
"Волгоградский проспект, земельный участок 138/14/4",волгоградский проспект земельный участок 138/14/4,ФОНД РЕНОВАЦИИ,Строится,ЮВАО,Кузьминки
"улица Юных Ленинцев, земельный участок 113 (участки 12.9 и 12.12)",улица юных ленинцев земельный участок 113 (участки 12.9 и 12.12),ФОНД РЕНОВАЦИИ,Введено,ЮВАО,Кузьминки
"ул. Федора Полетаева, д. 36 корп. 2",ул федора полетаева д 36 корп 2,ИНДИВИДУАЛЬНЫЕ ПРЕДПРИНИМАТЕЛИ,Введено,ЮВАО,Кузьминки
"Волгоградский проспект, земельный участок 140/2",волгоградский проспект земельный участок 140/2,ФОНД РЕНОВАЦИИ,Строится,ЮВАО,Кузьминки
"улица Байкальская, земельный участок 16/11",улица байкальская земельный участок 16/11,ФОНД РЕНОВАЦИИ,Строится,ВАО,Гольяново
"Металлургов ул., вл. 30",металлургов ул вл 30,ФОНД РЕНОВАЦИИ,Введено,ВАО,Перово
"Утренняя улица, влд. 3",утренняя улица влд. 3,ФОНД РЕНОВАЦИИ,Введено,ВАО,Новогиреево
"улица Паперника, влд. 12",улица паперника влд. 12,ФОНД РЕНОВАЦИИ,Введено,ЮВАО,Рязанский
Рязанский проспект,рязанский проспект,"ООО ""СЗ ""ЭС АЙ ЭС ДЕВЕЛОПМЕНТ""",Строится,ЮВАО,Рязанский
"Сиреневый бульвар, земельный участок 29 (зоны 32.1, 32.2, 32.3)",сиреневый бульвар земельный участок 29 (зоны 32.1 32.2 32.3),ФОНД РЕНОВАЦИИ,Строится,ВАО,Северное Измайлово
Зеленый просп. вл. 26-28,зеленый просп. вл 26-28,ПРАВОСЛАВИЕ,Строится,ВАО,Новогиреево
Рязанский просп.,рязанский просп.,"ООО ""СЗ ""ЭС АЙ ЭС ДЕВЕЛОПМЕНТ""",Строится,ЮВАО,Рязанский
ул. Академика Скрябина,ул академика скрябина,"ООО ""СЗ ""ЭС АЙ ЭС ДЕВЕЛОПМЕНТ""",Строится,ЮВАО,Рязанский
"мкр.14 корп.102, Марьинский парк",мкр.14 корп102 марьинский парк,"ООО ""СМТ-3""",Строится,ЮВАО,Люблино
"площадь Белы Куна, влд. 1",площадь белы куна влд. 1,ФОНД РЕНОВАЦИИ,Введено,ВАО,Гольяново
"Парковая 11-я ул., уч. 57",парковая 11-я ул уч 57,ФОНД РЕНОВАЦИИ,Строится,ВАО,Северное Измайлово
"Парковая 11-я ул., вл. 45",парковая 11-я ул вл 45,ФОНД РЕНОВАЦИИ,Введено,ВАО,Северное Измайлово
Перовская ул. вл. 66Г,перовская ул вл 66г,"ООО ""ЮЛСЕРВИС""",Строится,ВАО,Новогиреево
"ул. Ферганская, вл. 4Б",ул ферганская вл 4б,"ООО ""ТЕРМОДЕКИНГ МСК""",Строится,ЮВАО,Выхино-Жулебино
"Северное Измайлово, кв. 49-50, корп. 3",северное измайлово кв. 49-50 корп 3,"ГСК ""ЛУЧ""",Строится,ВАО,Северное Измайлово
"ул. Металлургов, д. 56/2",ул металлургов д 56/2,ФОНД РЕНОВАЦИИ,Введено,ВАО,Перово
Сормовский пр. уч. 13,сормовский пр уч 13,"ООО ""ГОРИЗОНТ-А""",Строится,ЮВАО,Выхино-Жулебино
"Ташкентская ул., з/у 29/1 (уч.2.1)",ташкентская ул зу 29/1 (уч 2.1),ФОНД РЕНОВАЦИИ,Введено,ЮВАО,Выхино-Жулебино
"ул. Мартеновская, вл. 33",ул мартеновская вл 33,"ГСК ""ГИРЕЙ""",Строится,ВАО,Новогиреево
"Мартеновская ул., вл.39",мартеновская ул вл39,ФОНД РЕНОВАЦИИ,Введено,ВАО,Новогиреево
"Рязанский проспект, вл. 99.",рязанский проспект вл 99.,МИНОБРНАУКИ РОССИИ,Строится,ЮВАО,Выхино-Жулебино
"Гостиничный проезд, вл. 8А",гостиничный проезд вл 8а,ФОНД РЕНОВАЦИИ,Введено,СВАО,Марфино
"улица Ташкентская, земельный участок 14/5 (зоны 3.3 и 3.4), ,",улица ташкентская земельный участок 14/5 (зоны 3.3 и 3.4) ,ФОНД РЕНОВАЦИИ,Введено,ЮВАО,Выхино-Жулебино
"улица Ташкентская, дом 14, корп.1",улица ташкентская дом 14 корп1,ФОНД РЕНОВАЦИИ,Введено,ЮВАО,Выхино-Жулебино
"улица Ташкентская, дом 14, корп.3",улица ташкентская дом 14 корп3,ФОНД РЕНОВАЦИИ,Введено,ЮВАО,Выхино-Жулебино
"Ферганский проезд, вл. 14",ферганский проезд вл 14,ФОНД РЕНОВАЦИИ,Введено,ЮВАО,Выхино-Жулебино
"Свободный просп. вл. 33, ВАО, Новогиреево",свободный просп. вл 33 вао новогиреево,А101,Введено,ВАО,Новогиреево
"ул. Ферганская, земельный участок 17/1",ул ферганская земельный участок 17/1,УЭЗ,Строится,ЮВАО,Выхино-Жулебино
"Самаркандский бульвар, земельный участок 15/5/1",самаркандский бульвар земельный участок 15/5/1,ФОНД РЕНОВАЦИИ,Строится,ЮВАО,Выхино-Жулебино
"Самаркандский бульвар, земельный участок 15/4 (участок 5.2)",самаркандский бульвар земельный участок 15/4 (участок 5.2),ФОНД РЕНОВАЦИИ,Строится,ЮВАО,Выхино-Жулебино
"Самаркандский бульвар, земельный участок 15/5",самаркандский бульвар земельный участок 15/5,ФОНД РЕНОВАЦИИ,Строится,ЮВАО,Выхино-Жулебино
"проезд Саперный, земельный участок 14",проезд саперный земельный участок 14,ФОНД РЕНОВАЦИИ,Строится,ВАО,Ивановское
"Зелёный проспект, земельный участок 101 (участки 6.1, 6.2)",зеленый проспект земельный участок 101 (участки 6.1 6.2),ФОНД РЕНОВАЦИИ,Введено,ВАО,Ивановское
"улица Молостовых, земельный участок 18 (участок 7.1)",улица молостовых земельный участок 18 (участок 7.1),ФОНД РЕНОВАЦИИ,Введено,ВАО,Ивановское
"Вешняковская улица, д. 23",вешняковская улица д 23,"АНО ""РСИ""",Введено,ВАО,Вешняки
"Сиреневый бульвар, земельный участок 70 (Сиреневый б-р, вл. 70)",сиреневый бульвар земельный участок 70 (сиреневый б-р вл 70),ФОНД РЕНОВАЦИИ,Строится,ВАО,Восточное Измайлово
"ул. Вешняковская, д. 23",ул вешняковская д 23,"АНО ""РСИ""",Введено,ВАО,Вешняки
Вешняковская ул. д. 23,вешняковская ул д 23,"АНО ""РСИ""",Введено,ВАО,Вешняки
Косинская Б. ул. вл. 10,косинская б. ул вл 10,"ООО ""ТРЕЛАС ГРУПП""",Строится,ВАО,Косино-Ухтомский
"Москва, ВАО, район Косино-Ухтомский, ЮВАО, район Выхино-Жулебино",москва вао район косино-ухтомский ювао район выхино-жулебино,МОСКОВСКИЙ МЕТРОПОЛИТЕН,Строится,ВАО,Косино-Ухтомский
"ул. Николая Старостина, вл. 14",ул николая старостина вл 14,АПСИС АКТИВ,Введено,ВАО,Косино-Ухтомский
ул. Авиаконструктора Миля на пересечении с Жулебинским бульваром,ул авиаконструктора миля на пересечении с жулебинским бульваром,"ООО ""НЕЗАВИСИМЫЙ ИНСТИТУТ ИНВЕСТИЦИЙ ДЛЯ РАЗВИТИЯ СПОРТА ""МУЛЬТИСПОРТБИЗНЕС""",Строится,ЮВАО,Выхино-Жулебино
"улица Черное Озеро, з/у 8",улица черное озеро зу 8,ФОНД РЕНОВАЦИИ,Введено,ВАО,Косино-Ухтомский
"Жулебино мкр. 6, корп. 18",жулебино мкр. 6 корп 18,"ООО ""ПРОДЖЕКТ ИНВ""",Введено,ЮВАО,Выхино-Жулебино
"ул. Маршала Полубоярова, д. 4 корп. 1",ул маршала полубоярова д 4 корп 1,"ООО ""ПОЛУБОЯРОВА 4""",Строится,ЮВАО,Выхино-Жулебино
"Жулебино, мкр. 5, корп. 15. Ул. Маршала Полубоярова, д.18",жулебино мкр. 5 корп 15. ул маршала полубоярова д18,АВСС,Строится,ЮВАО,Выхино-Жулебино
"Салтыковская улица, земельный участок 1Б/1",салтыковская улица земельный участок 1б/1,ИНДИВИДУАЛЬНЫЕ ПРЕДПРИНИМАТЕЛИ,Строится,ВАО,Косино-Ухтомский
"улица Салтыковская, дом 6/1",улица салтыковская дом 6/1,КП УГС,Введено,ВАО,Косино-Ухтомский
"ул. Оранжерейная, вл. 21/23",ул оранжерейная вл 21/23,ФЕДЕРАЛЬНЫЙ ЦЕНТР ОХРАНЫ ЗДОРОВЬЯ ЖИВОТНЫХ,Строится,ВАО,Косино-Ухтомский
"улица Оренбургская, земельный участок 26",улица оренбургская земельный участок 26,ФОНД РЕНОВАЦИИ,Строится,ВАО,Косино-Ухтомский
"ул. 9 Мая, земельный участок 24 (9 Мая ул., вл. 24)",ул 9 мая земельный участок 24 (9 мая ул вл 24),ФОНД РЕНОВАЦИИ,Строится,ВАО,Восточный
"ул. Салтыковская, вл. 8",ул салтыковская вл 8,МОНАРХ,Строится,ВАО,Косино-Ухтомский
"улица Салтыковская, земельный участок 4А",улица салтыковская земельный участок 4а,"ООО ""ЭКОСПОРТПРО""",Строится,ВАО,Косино-Ухтомский
"ул Салтыковская, вл 24",ул салтыковская вл 24,ТРОЛЬ АСП,Строится,ВАО,Новокосино
"проезд Красковский 1-й, вл.38А",проезд красковский 1-й вл38а,ИЛКОН,Строится,ВАО,Косино-Ухтомский
"улица Пехорская, земельный участок 3А",улица пехорская земельный участок 3а,ОЭЗ ТЕХНОПОЛИС МОСКВА,Введено,ВАО,Косино-Ухтомский
"ТПУ Некрасовка, з/у 1",тпу некрасовка зу 1,3S GROUP,Введено,ЮВАО,Некрасовка
"улица Маресьева, земельный участок 11",улица маресьева земельный участок 11,ОЭЗ ТЕХНОПОЛИС МОСКВА,Введено,ЮВАО,Некрасовка
"ул. Рождественская, д.33 (напротив)",ул рождественская д33 (напротив),АНО РСИО,Введено,ЮВАО,Некрасовка
"улица Вертолетчиков, земельный участок 26",улица вертолетчиков земельный участок 26,КП УГС,Введено,ЮВАО,Некрасовка
"пос. Некрасовка (ул Маресьева 7, К1)",пос некрасовка (ул маресьева 7 к1),САМОЛЕТ,Введено,ЮВАО,Некрасовка
"Некрасовка, кв. 17",некрасовка кв. 17,КП УГС,Введено,ЮВАО,Некрасовка
"ул. 2-я Вольская, вл. 30",ул 2-я вольская вл 30,МОСВОДОКАНАЛ,Строится,ЮВАО,Некрасовка
в районе проектируемого проезда № 6656А,в районе проектируемого проезда № 6656а,ОЭЗ ТЕХНОПОЛИС МОСКВА,Введено,ЮВАО,Некрасовка
"2-я Вольская ул., д. 30, с25А",2-я вольская ул д 30 с25а,МОСВОДОКАНАЛ,Введено,ЮВАО,Некрасовка
"улица 2-я Вольская, дом 30, строение 25А",улица 2-я вольская дом 30 строение 25а,МОСВОДОКАНАЛ,Строится,ЮВАО,Некрасовка
район проектируемого проезда № 6656А,район проектируемого проезда № 6656а,ОЭЗ ТЕХНОПОЛИС МОСКВА,Введено,ВАО,Косино-Ухтомский
"ул. Маршала Еременко, д.1, к.1",ул маршала еременко д1 к1,КП УГС,Введено,ЮВАО,Некрасовка
"Москва, район Косино-Ухтомский, Восточный административный округ города Москвы, район Некрасовка, Юго-Восточный административный округ города Москвы, Московская область, г. Реутов, г.о. Балашиха, включая г. Железнодорожный, микрорайоны Павлино и Салтыковка",москва район косино-ухтомский восточный административный округ города москвы район некрасовка юго-восточный административный округ города москвы московская область г. реутов г.о. балашиха включая г. железнодорожный микрорайоны павлино и салтыковка,"ПУБЛИЧНОЕ АКЦИОНЕРНОЕ ОБЩЕСТВО ""РОССИЙСКИЕ СЕТИ""",Строится,ВАО,Косино-Ухтомский
"2-я Вольская, д. 30",2-я вольская д 30,"ООО ""ГРИНТЕХ""",Строится,ЮВАО,Некрасовка
"2-я Вольская, д. 31",2-я вольская д 31,"ООО ""ГРИНТЕХ""",Строится,ЮВАО,Некрасовка
"улица Каспийская, земельный участок 24/4/1 (Каспийская ул., вл. 24, корп. 4)",улица каспийская земельный участок 24/4/1 (каспийская ул вл 24 корп 4),ФОНД РЕНОВАЦИИ,Строится,ЮАО,Царицыно
"ул. Луганская, вл. 9-11",ул луганская вл 9-11,ПРАВОСЛАВИЕ,Строится,ЮАО,Царицыно
"Каспийская ул. вл.28, корп. 1",каспийская ул вл28 корп 1,АГАСТОН ИНВЕСТ,Введено,ЮАО,Москворечье-Сабурово
Каспийская ул. уч. 28,каспийская ул уч 28,ФОНД РЕНОВАЦИИ,Введено,ЮАО,Царицыно
"улица Загорьевская, земельный участок 2/5",улица загорьевская земельный участок 2/5,ФОНД РЕНОВАЦИИ,Строится,ЮАО,Бирюлёво Восточное
"1-й Курьяновский проезд, д.15",1-й курьяновский проезд д15,"ООО ""ГРИНТЕХ""",Строится,ЮВАО,Печатники
"Каширское шоссе, вл. 51, корп. 1",каширское шоссе вл 51 корп 1,"ООО ""ЛОГИСТИКА 21 ВЕК""",Строится,ЮАО,Москворечье-Сабурово
"1-й Курьяновский проезд, дом 15, Курьяновские очистные сооружения",1-й курьяновский проезд дом 15 курьяновские очистные сооружения,МОСВОДОКАНАЛ,Строится,ЮВАО,Печатники
"районы Марьино, Люблино, Печатники",районы марьино люблино печатники,"ГКУ ""УДМС""",Строится,ЮВАО,Печатники
"Набережная Академика Туполева, земельный участок 15",набережная академика туполева земельный участок 15,"ООО ""ВОСХОД""",Строится,ЦАО,Басманный
"ул. Донецкая, вл. 30",ул донецкая вл 30,САМОЛЕТ,Строится,ЮВАО,Марьино
ул. Борисовские пруды,ул борисовские пруды,ЛСР,Введено,ЮАО,Москворечье-Сабурово
"ул. Борисовские Пруды, земельный участок 1/44",ул борисовские пруды земельный участок 1/44,ЛСР,Строится,ЮАО,Москворечье-Сабурово
"ул. Шоссейная, вл. 90. Корпус 5",ул шоссейная вл 90. корпус 5,САМОЛЕТ,Строится,ЮВАО,Печатники
"улица Шоссейная, земельный участок 90",улица шоссейная земельный участок 90,САМОЛЕТ,Введено,ЮВАО,Печатники
"Шоссейная ул., вл.90, корп. K2",шоссейная ул вл90 корп k2,САМОЛЕТ,Введено,ЮВАО,Печатники
"улица Шоссейная, земельный участок 90/11",улица шоссейная земельный участок 90/11,САМОЛЕТ,Введено,ЮВАО,Печатники
"Новочеркасский бульвар, вл. 6-8",новочеркасский бульвар вл 6-8,ПРАВОСЛАВИЕ,Строится,ЮВАО,Марьино
"улица Иловайская, земельный участок 3/4",улица иловайская земельный участок 3/4,СТРАНА ДЕВЕЛОПМЕНТ,Строится,ЮВАО,Марьино
"Каширское шоссе, Ореховый бульвар",каширское шоссе ореховый бульвар,"ЗАО ХК ""АВТОБАН И КО""",Строится,ЮАО,Орехово-Борисово Южное
"Каширское шоссе, земельный участок 63/2",каширское шоссе земельный участок 63/2,ПРАВОСЛАВИЕ,Строится,ЮАО,Орехово-Борисово Южное
Иловайская улица,иловайская улица,ПИК,Строится,ЮВАО,Люблино
Иловайская ул.,иловайская ул,ПИК,Введено,ЮВАО,Люблино
"ул. Иловайская, земельный участок 2Б/3, ул. Нижние Поля, влд.20, к.1, к.1, стр.2,3,5, ул. Нижние Поля",ул иловайская земельный участок 2б/3 ул нижние поля влд.20 к1 к1 стр2 3 5 ул нижние поля,ПИК,Введено,ЮВАО,Люблино
Иловайская ул. з/у 3/7а,иловайская ул зу 3/7а,СТРАНА ДЕВЕЛОПМЕНТ,Строится,ЮВАО,Марьино
"ул. Перерва, вл. 11, стр. 1, 2, 11, 14, 27, 28",ул перерва вл 11 стр 1 2 11 14 27 28,"АО ""СТАЛЬМОНТАЖ-ОПТИМ""",Строится,ЮВАО,Марьино
"пр. Ореховый пр., вл. 41 (напротив)",пр ореховый пр вл 41 (напротив),ПРАВОСЛАВИЕ,Введено,ЮАО,Зябликово
"Борисовские Пруды ул., Наташинская ул. (пересечение)",борисовские пруды ул наташинская ул (пересечение),"ООО ""ЮЖНОЕ СОЗВЕЗДИЕ""",Строится,ЮАО,Братеево
"Люблинская улица, вл. 72",люблинская улица вл 72,ПИК,Введено,ЮВАО,Люблино
"Братеево, 1-й мкр., ул. Борисовские пруды",братеево 1-й мкр. ул борисовские пруды,"ГСК ""БРАТЕЕВО -1""",Строится,ЮАО,Братеево
"ул. Мусы Джалиля, вл. 6, корпус 2",ул мусы джалиля вл 6 корпус 2,А101,Строится,ЮАО,Зябликово
"улица Мусы Джалиля, вл. 23/56",улица мусы джалиля вл 23/56,"ГСК ""НАРОДНЫЙ ГАРАЖ В ЗЯБЛИКОВО""",Строится,ЮАО,Зябликово
"Тамбовская улица, пересечение с ул. Ясеневая",тамбовская улица пересечение с ул ясеневая,ПРАВОСЛАВИЕ,Строится,ЮАО,Орехово-Борисово Южное
ул. Братиславская (парк Артема Боровика),ул братиславская (парк артема боровика),ПРАВОСЛАВИЕ,Строится,ЮВАО,Марьино
район Братеево,район братеево,МОСКОВСКИЙ МЕТРОПОЛИТЕН,Введено,ЮАО,Братеево
"улица Верхние Поля, дом 51А",улица верхние поля дом 51а,"ООО ""ИНВЕСТСТРОЙГРУПП""",Строится,ЮВАО,Люблино
"2-й квартал, вл.1",2-й квартал вл1,ГАЗПРОМ,Строится,ЮВАО,Капотня
"Капотня, 2-й квартал, вл. 1",капотня 2-й квартал вл 1,ГАЗПРОМ,Введено,ЮВАО,Капотня
"улица Верхние Поля, земельный участок 54/4",улица верхние поля земельный участок 54/4,КИЕВСКАЯ ПЛОЩАДЬ,Строится,ЮВАО,Капотня
"ул. Капотня, 2-й квартал, вл. 1",ул капотня 2-й квартал вл 1,ГАЗПРОМ,Строится,ЮВАО,Капотня
"2-ой Капотнинский, з/у 1",2-ой капотнинский зу 1,"ООО ""АЛЬФА""",Введено,ЮВАО,Капотня
"Капотня, МКАД 15-й км",капотня мкад 15-й км,ЛУКОЙЛ,Введено,ЮВАО,Капотня
д. Орлово уч. 1,д орлово уч 1,КП УГС,Введено,ЗАО,Ново-Переделкино
"п.Вороновское, Варшавское ш., 64-й км, д.1А",п.вороновское варшавское ш 64-й км д1а,РАЗВИТИЕ АКТИВОВ,Введено,ТАО,Вороново
"Москва, ЦАО, район Пресненский, Краснопресненская набережная, участок № 4 ММДЦ ""Москва-Сити""",москва цао район пресненский краснопресненская набережная участок № 4 ммдц москва-сити,SEZAR GROUP,Строится,ЦАО,Пресненский
"Жуков пр., вл. 8",жуков пр вл 8,COLDY,Строится,ЮАО,Даниловский
"Новосходненское шоссе, земельный участок 5А",новосходненское шоссе земельный участок 5а,"ООО ""СТРАНА МАИП""",Строится,САО,Молжаниновский
"Краснопресненская набережная, участок № 4 ММДЦ ""Москва-Сити""",краснопресненская набережная участок № 4 ммдц москва-сити,SEZAR GROUP,Строится,ЦАО,Пресненский
"Южное Бутово, коммунальная зона «Гавриково""",южное бутово коммунальная зона гавриково,А101,Строится,ЮЗАО,Южное Бутово
"Лавров переулок, вл. 6",лавров переулок вл 6,МИНПРОМТОРГ РОССИИ,Строится,ЦАО,Таганский
"Малая Ордынка, д. 27/5-3, стр. 5",малая ордынка д 27/5-3 стр 5,"ООО ""ОРДЫНКА-ПЛАЗА""",Строится,ЦАО,Якиманка
"г. Троицк, ул. Квантовая, д. 8 (г. Москва, г. Троицк, ул. Промышленная)",г. троицк ул квантовая д 8 (г. москва г. троицк ул промышленная),"АО ""СТРОЙ СИТИ""",Введено,ТАО,Троицк
"ул. Свиридова Алексея, вл. 17",ул свиридова алексея вл 17,DOMINANTA,Строится,ЗАО,Фили-Давыдково
"деревня Большое Покровское, земельный участок 23",деревня большое покровское земельный участок 23,"ООО ""СИСТЕМЫ ФОРА""",Строится,НАО,Внуково
Поморская ул. земельный участок 50/5,поморская ул земельный участок 50/5,МВД РОССИИ,Строится,СВАО,Алтуфьевский
"ул. Яблочкова, вл. 5",ул яблочкова вл 5,"ГКУ ""УКРИС""",Введено,СВАО,Бутырский
"п. Шишкин Лес, з/у 30",п. шишкин лес зу 30,"ООО ""ШИШКИН ЛЕС ХОЛДИНГ""",Строится,ТАО,Краснопахорский
"территория инновационного центра ""Сколково"", Большой бульвар, 27",территория инновационного центра сколково большой бульвар 27,МФ ФОИ,Строится,ЗАО,Можайский
"Молдавская ул. , земельный участок 1",молдавская ул земельный участок 1,UPSIDE DEVELOPMENT,Введено,ЗАО,Кунцево
Ямского поля 1-я ул. вл. 12,ямского поля 1-я ул вл 12,"ООО ""Я-ДЕВЕЛОПМЕНТ""",Строится,САО,Беговой
"ул. Серёгина, вл. 5-7",ул серегина вл 5-7,MR GROUP,Строится,САО,Аэропорт
"проспект Вернадского, вл. 82",проспект вернадского вл 82,ПРАВИТЕЛЬСТВО РОССИЙСКОЙ ФЕДЕРАЦИИ,Строится,ЗАО,Тропарёво-Никулино
"Бауманская 2-я ул., уч. 5/10",бауманская 2-я ул уч 5/10,АНО РСИО,Введено,ЦАО,Басманный
"Улица Островитянова, 1",улица островитянова 1,МИНЗДРАВ РОССИИ,Строится,ЮЗАО,Обручевский
"Бауманская ул., д.57Б, с.2; Бригадирский пер., д.16; Бригадирский пер., д.12, в/г 45Д; Бригадирский пер., д.13, с.2",бауманская ул д57б с.2 бригадирский пер д16 бригадирский пер д12 в/г 45д бригадирский пер д13 с.2,АНО РСИО,Введено,ЦАО,Басманный
"Москва, ЮЗАО, Южное Бутово, Привокзальная площадь у ж/д ст. ""Бутово""",москва юзао южное бутово привокзальная площадь у ж/д ст. бутово,ПРАВОСЛАВИЕ,Введено,ЮЗАО,Южное Бутово
"улица Старонародная, земельный участок 1",улица старонародная земельный участок 1,МОСВОДОКАНАЛ,Введено,ЮЗАО,Южное Бутово
"Сиреневый бульвар, пересечение с ул. 15-я Парковая",сиреневый бульвар пересечение с ул 15-я парковая,ПРАВОСЛАВИЕ,Строится,ВАО,Восточное Измайлово
"Зеленоград мкр. 10 (Филаретовская ул.,д.3)",зеленоград мкр. 10 (филаретовская ул д3),ПРАВОСЛАВИЕ,Строится,ЗелАО,Силино
пересечение ул. Поречная с Перервинским бульваром,пересечение ул поречная с перервинским бульваром,ПРАВОСЛАВИЕ,Введено,ЮВАО,Марьино
"ул. Мосфильмовская, вл. 80",ул мосфильмовская вл 80,ПРАВОСЛАВИЕ,Введено,ЗАО,Раменки
"дер Марушкино, ул. Привольная, вл.8",дер марушкино ул привольная вл8,ПРАВОСЛАВИЕ,Строится,НАО,Внуково
"ул. Полоцкая, в районе вл.16",ул полоцкая в районе вл16,ПРАВОСЛАВИЕ,Строится,ЗАО,Кунцево
"Москва, СВАО, Останкинский, Березовая аллея вл. 5 /1",москва свао останкинский березовая аллея вл 5 /1,ПРАВОСЛАВИЕ,Введено,СВАО,Останкинский
"Москва, СВАО, Северный, Дмитровское шоссе вл. 120 стр. 1",москва свао северный дмитровское шоссе вл 120 стр 1,ПРАВОСЛАВИЕ,Строится,СВАО,Северный
Лужнецкий пр. вл. 15,лужнецкий пр вл 15,МИНСТРОЙ РОССИИ,Строится,ЦАО,Хамовники
"Самаркандский бульвар, пересечение с ул. Ферганской",самаркандский бульвар пересечение с ул ферганской,ПРАВОСЛАВИЕ,Строится,ЮВАО,Выхино-Жулебино
"ул. Барболина, вл. 22",ул барболина вл 22,ИНДИВИДУАЛЬНЫЕ ПРЕДПРИНИМАТЕЛИ,Введено,ВАО,Сокольники
"г.Троицк, ФКУ ФМС России ""ЦМПРВ ""Ватутинки-1""",г.троицк фку фмс россии цмпрв ватутинки-1,МВД РОССИИ,Строится,ТАО,Троицк
д. Лапшинка,д лапшинка,"ООО ""КСК ""ФМ""",Введено,НАО,Внуково
"г. Москва, ул. Правды, вл. 24",г. москва ул правды вл 24,ГРУППА ПСН,Строится,САО,Беговой
"Москва, САО, Хорошевский, ул. 4-я Магистральная, вл. 4, стр. 11, влд. 4/1",москва сао хорошевский ул 4-я магистральная вл 4 стр 11 влд. 4/1,"ООО ""СОЛАРД""",Введено,САО,Хорошёвский
Грина ул. вл. 1 корп. 3,грина ул вл 1 корп 3,"АО ""КАПСТРОЙСИТИ""",Введено,ЮЗАО,Северное Бутово
"ул. Лухмановская, вл.4",ул лухмановская вл4,"ООО ""ЭТАЛОН КОНСАЛТИНГ""",Введено,ВАО,Косино-Ухтомский
Дудкино дер.,дудкино дер,САМОЛЕТ,Введено,НАО,Коммунарка
вблизи дер. Троицкое,вблизи дер троицкое,ИНДИВИДУАЛЬНЫЕ ПРЕДПРИНИМАТЕЛИ,Введено,ТАО,Краснопахорский
ул. 2-я Новая,ул 2-я новая,ИНДИВИДУАЛЬНЫЕ ПРЕДПРИНИМАТЕЛИ,Введено,НАО,Коммунарка
"тер. ТПУ ""Рязанская"", з/у 7; тер. ТПУ ""Рязанская"", з/у 3",тер. тпу рязанская зу 7 тер. тпу рязанская зу 3,"ООО ""ТПУ ""РЯЗАНСКАЯ ТЕРМИНАЛ 1""",Строится,ЮВАО,Нижегородский
д.Староселье,дстароселье,ИНДИВИДУАЛЬНЫЕ ПРЕДПРИНИМАТЕЛИ,Введено,НАО,Филимонковский
"д. Изварино, уч. № 64а",д изварино уч № 64а,ИНДИВИДУАЛЬНЫЕ ПРЕДПРИНИМАТЕЛИ,Введено,НАО,Внуково
пос. Марьино,пос марьино,ИНДИВИДУАЛЬНЫЕ ПРЕДПРИНИМАТЕЛИ,Строится,НАО,Филимонковский
"ул. Элеваторная, вл.1А; вл.1А, стр.1, 2, 3",ул элеваторная вл1а вл1а стр1 2 3,ЭЛИТ СТРОЙ,Введено,ЮАО,Бирюлёво Восточное
"проезд Западный 3-й, вл 17, стр 1, 2, 4, 5, 6",проезд западный 3-й вл 17 стр 1 2 4 5 6,"ООО ""СЗ ""АЙГРИН""",Строится,ЗелАО,Силино
"ул. Бутырская, з/у 1",ул бутырская зу 1,SMINEX,Строится,САО,Савёловский
"Мосрентген, земельный участок 5Б",мосрентген земельный участок 5б,"ООО ""КОМПАНИЯ ССА""",Строится,НАО,Коммунарка
"г.Москва,ул.Войсковаяуч.No 1. Этап 3: корпус 2",г.москва улвойсковаяуч.no 1. этап 3: корпус 2,"ООО ""СТРОЙ-АВТО""",Строится,ЗАО,Внуково
"г.Москва,ул.Войсковаяуч.No 1. Этап 4: Корпус 3",г.москва улвойсковаяуч.no 1. этап 4: корпус 3,"ООО ""СТРОЙ-АВТО""",Строится,ЗАО,Внуково
Силикатный 2-й пр. вл. 8,силикатный 2-й пр вл 8,ОСНОВА,Строится,СЗАО,Хорошёво-Мнёвники
"Олонецкая вл 14 стр. 1,2,3",олонецкая вл 14 стр 1 2 3,"АО ""РОСТ""",Введено,СВАО,Останкинский
"ул. Уточкина, з/у 10, з/у 11",ул уточкина зу 10 зу 11,САМОЛЕТ,Строится,НАО,Щербинка
"8-я улица Соколиной Горы, земельный участок 26А",8-я улица соколиной горы земельный участок 26а,ОСНОВА,Строится,ВАО,Соколиная Гора
"г. Москва, ул. Пехотная, д.3, СЗАО, Щукино",г. москва ул пехотная д3 сзао щукино,"ГБУ ""ДИРЕКЦИЯ РАЗВИТИЯ ОБЪЕКТОВ ЗДРАВООХРАНЕНИЯ ГОРОДА МОСКВЫ""",Строится,СЗАО,Щукино
"Москва, ЗАО, район Проспект Вернадского, ул. Лобачевского, вл. 42",москва зао район проспект вернадского ул лобачевского вл 42,"ГБУ ""ДИРЕКЦИЯ РАЗВИТИЯ ОБЪЕКТОВ ЗДРАВООХРАНЕНИЯ ГОРОДА МОСКВЫ""",Введено,ЗАО,Проспект Вернадского
"Новогиреевская ул., з/у 30/1",новогиреевская ул зу 30/1,"АНО ""РСИ""",Строится,ВАО,Перово
Панфиловский просп. уч. 18,панфиловский просп. уч 18,"АНО ""РСИ""",Введено,ЗелАО,Крюково
"Пролетарский проспект, земельный участок 24/2/1",пролетарский проспект земельный участок 24/2/1,"АНО ""РСИ""",Строится,ЮАО,Царицыно
"р-н Останкинский, Березовая аллея",р-н останкинский березовая аллея,"ООО ""Д-ИНВЕСТ""",Строится,СВАО,Останкинский
"ул. Раменки, влд. 19",ул раменки влд. 19,АНО РСИО,Введено,ЗАО,Раменки
"Волоколамское шоссе, вл.71/17",волоколамское шоссе вл71/17,ТУШИНО 2018,Введено,СЗАО,Покровское-Стрешнево
"бульвар Дмитрия Донского, влд. 12-14",бульвар дмитрия донского влд. 12-14,АНО РСИО,Введено,ЮЗАО,Северное Бутово
вблизи д. Ерино,вблизи д ерино,"АО ""САНАТОРИЙ ""ЕРИНО""",Введено,НАО,Щербинка
"Калужское шоссе, вл. 52Б, 35 км ( НАО: поселение Десеновское )",калужское шоссе вл 52б 35 км ( нао: поселение десеновское ),САМОЛЕТ,Введено,НАО,Троицк
"Мироновская ул., дом 46А",мироновская ул дом 46а,КП УГС,Введено,ВАО,Соколиная Гора
"Фестивальная ул., вл. 16А, стр.1",фестивальная ул вл 16а стр1,"АНО ""РСИ""",Введено,САО,Ховрино
"Петрозаводская улица, д. 28А",петрозаводская улица д 28а,"АНО ""РСИ""",Введено,САО,Ховрино
"вблизи д. Николо-Хованское, кв-л 7, з/у 2",вблизи д николо-хованское кв-л 7 зу 2,ПИК,Введено,НАО,Коммунарка
земельный участок 13,земельный участок 13,ДОНСТРОЙ,Введено,СЗАО,Хорошёво-Мнёвники
"1-я Сестрорецкаяулица, земельный участок 6А",1-я сестрорецкаяулица земельный участок 6а,"АНО ""РСИ""",Введено,САО,Молжаниновский
"улица Сормовская, земельный участок 17",улица сормовская земельный участок 17,"АНО ""РСИ""",Введено,ЮВАО,Выхино-Жулебино
Южнопортовая ул. ( ЮВАО: район Печатники ),южнопортовая ул ( ювао: район печатники ),КОРТРОС,Строится,ЮВАО,Печатники
"2-й Хорошевский проезд, вл. 7",2-й хорошевский проезд вл 7,ФСК,Строится,САО,Хорошёвский
"улица Введенского, влд. 5",улица введенского влд. 5,ФОНД РЕНОВАЦИИ,Введено,ЮЗАО,Коньково
"ул. Новохохловская, з/у 1 (район Нижегородский, кв.80, между Новохохловской ул. и Третьим транспортным кольцом)",ул новохохловская зу 1 (район нижегородский кв.80 между новохохловской ул и третьим транспортным кольцом),ФОНД РЕНОВАЦИИ,Введено,ЮВАО,Нижегородский
"Лавочкина ул., уч. 4",лавочкина ул уч 4,ФОНД РЕНОВАЦИИ,Введено,САО,Головинский
"улица Камова, влд. 24",улица камова влд. 24,ФОНД РЕНОВАЦИИ,Введено,ВАО,Косино-Ухтомский
"Есенинский бульвар, з/у 1 (Есенинский бульвар, напротив вл. 9, корп. 5)",есенинский бульвар зу 1 (есенинский бульвар напротив вл 9 корп 5),ФОНД РЕНОВАЦИИ,Введено,ЮВАО,Кузьминки
"ул. Нижние Мневники, вл. 62А (ТПУ ""Мнёвники"", ЗУ 6.1 и 6.2)",ул нижние мневники вл 62а (тпу мневники зу 6.1 и 6.2),ФОНД РЕНОВАЦИИ,Строится,СЗАО,Хорошёво-Мнёвники
"Щёлковское шоссе, влд. 92, к. 3",щелковское шоссе влд. 92 к 3,ФОНД РЕНОВАЦИИ,Введено,ВАО,Северное Измайлово
Амурская ул. земельный участок 2,амурская ул земельный участок 2,ПИК,Введено,ВАО,Гольяново
"Пересветов пер., влд. 5",пересветов пер влд. 5,ФОНД РЕНОВАЦИИ,Введено,ЮАО,Даниловский
"1-й квартал Капотня, вл. 8",1-й квартал капотня вл 8,ФОНД РЕНОВАЦИИ,Введено,ЮВАО,Капотня
"Свободный проспект, влд. 25/27",свободный проспект влд. 25/27,ФОНД РЕНОВАЦИИ,Введено,ВАО,Новогиреево
"улица Толбухина, дом 2",улица толбухина дом 2,ФОНД РЕНОВАЦИИ,Введено,ЗАО,Можайский
"Солнечная аллея, влд.935 (мкр.9, корп.935)",солнечная аллея влд.935 (мкр.9 корп935),ФОНД РЕНОВАЦИИ,Введено,ЗелАО,Старое Крюково
"ул. Золоторожский Вал, вл. 11/14, 11/15",ул золоторожский вал вл 11/14 11/15,ФОНД РЕНОВАЦИИ,Введено,ЮВАО,Лефортово
"Краснодарская улица, влд. 6",краснодарская улица влд. 6,ФОНД РЕНОВАЦИИ,Введено,ЮВАО,Люблино
"Базовская ул., з/у 24/26",базовская ул зу 24/26,ФОНД РЕНОВАЦИИ,Введено,САО,Западное Дегунино
"Кутузовский просп. вл. 12/1, 12/2, 12/4",кутузовский просп. вл 12/1 12/2 12/4,CAPITAL GROUP,Строится,ЗАО,Дорогомилово
Берзарина ул. вл. 32/3,берзарина ул вл 32/3,РГ-ДЕВЕЛОПМЕНТ,Введено,СЗАО,Щукино
"ул. Автозаводская, з/у 26/1",ул автозаводская зу 26/1,ПИК,Введено,ЮАО,Даниловский
"ул. Новочеремушкинская, 56/3",ул новочеремушкинская 56/3,ФОНД РЕНОВАЦИИ,Введено,ЮЗАО,Черёмушки
Новомихалковский 3-й пр. вл. 8 корп. 1,новомихалковский 3-й пр вл 8 корп 1,ФОНД РЕНОВАЦИИ,Введено,САО,Коптево
"Пивченков ул., вл.14",пивченков ул вл14,ФОНД РЕНОВАЦИИ,Строится,ЗАО,Фили-Давыдково
"ул. Речников, вл. 22",ул речников вл 22,ФОНД РЕНОВАЦИИ,Введено,ЮАО,Нагатинский Затон
"улица Лавочкина, уч. 9",улица лавочкина уч 9,ФОНД РЕНОВАЦИИ,Введено,САО,Головинский
"улица Лавочкина, з/у 8",улица лавочкина зу 8,ФОНД РЕНОВАЦИИ,Введено,САО,Головинский
"ул. Лобачевского, з/у 1",ул лобачевского зу 1,ДОНСТРОЙ,Введено,ЗАО,Раменки
"Русаковская улица, д. 2/1, стр.1, стр.2",русаковская улица д 2/1 стр1 стр2,КП УГС,Введено,ЦАО,Красносельский
"Солнечная аллея вл. 936 (мкр. 9, корп. 936)",солнечная аллея вл 936 (мкр. 9 корп 936),ФОНД РЕНОВАЦИИ,Введено,ЗелАО,Старое Крюково
"ул. Пятницкая, вл. 16, стр. 3, 6-8, 9-10, 11, 12; Климентовский пер., вл. 12, стр. 4, 6-18; ул. Пятницкая, вл. 16, стр.13; ул. Пятницкая, вл. 20, стр.3; ул. Большая Ордынка, 17/8; ул. Большая Ордынка, вл.19, стр.9",ул пятницкая вл 16 стр 3 6-8 9-10 11 12 климентовский пер вл 12 стр 4 6-18 ул пятницкая вл 16 стр13 ул пятницкая вл 20 стр3 ул большая ордынка 17/8 ул большая ордынка вл19 стр9,"АО ""СЗ ""ЭКРАН""",Строится,ЦАО,Замоскворечье
"Волоколамское шоссе, вл. 95",волоколамское шоссе вл 95,MR GROUP,Строится,СЗАО,Покровское-Стрешнево
"ОАО ""Марьинская птицефабрика"", вблизи д.Середнево, уч. № 8-1/1",оао марьинская птицефабрика вблизи дсереднево уч № 8-1/1,ПИК,Введено,НАО,Филимонковский
Открытое шоссе вл. 18/1,открытое шоссе вл 18/1,ПИК,Введено,ВАО,Метрогородок
"улица Лавочкина, з/у 10",улица лавочкина зу 10,ФОНД РЕНОВАЦИИ,Введено,САО,Головинский
"ул. Плющева, влд.15/3",ул плющева влд.15/3,ФОНД РЕНОВАЦИИ,Введено,ВАО,Перово
"Фестивальная ул. вл. 13, вл. 13А",фестивальная ул вл 13 вл 13а,"АО СЗ ""ЦЕНТР-ИНВЕСТ""",Строится,САО,Левобережный
"улица Нижняя Хохловка, дом 6",улица нижняя хохловка дом 6,ФОНД РЕНОВАЦИИ,Введено,ЮВАО,Нижегородский
"Варшавское шоссе, участок 37 А/1",варшавское шоссе участок 37 а/1,ФСК,Введено,ЮАО,Нагатино-Садовники
"п. Десеновское, квартал 9",п. десеновское квартал 9,СТРОЙКОМ,Введено,НАО,Троицк
вблизи д .Николо-Хованское,вблизи д .николо-хованское,А101,Введено,НАО,Коммунарка
"Кронштадтский бульвар, вл. 27",кронштадтский бульвар вл 27,ФОНД РЕНОВАЦИИ,Введено,САО,Головинский
"у д. Захарково, квартал 120, земельный участок 88",у д захарково квартал 120 земельный участок 88,"АО ""РУБЛЕВО-АРХАНГЕЛЬСКОЕ""",Введено,ЗАО,Кунцево
"пр-д Нансена, земельный участок 8",пр-д нансена земельный участок 8,ФОНД РЕНОВАЦИИ,Введено,СВАО,Свиблово
"г. Зеленоград, аллея Солнечная",г. зеленоград аллея солнечная,МИНОБРНАУКИ РОССИИ,Строится,ЗелАО,Старое Крюково
Кунцево у д. Захарково,кунцево у д захарково,"АО ""РУБЛЕВО-АРХАНГЕЛЬСКОЕ""",Строится,ЗАО,Кунцево
Бабушкина летчика ул. вл. 29 корп. 5,бабушкина летчика ул вл 29 корп 5,ФОНД РЕНОВАЦИИ,Введено,СВАО,Бабушкинский
"Внуковское, д. Рассказовка, уч.13/4",внуковское д рассказовка уч 13/4,АБСОЛЮТ,Строится,НАО,Внуково
Рязанский просп. вл. 26/1,рязанский просп. вл 26/1,ГЛАВСТРОЙ,Строится,ЮВАО,Рязанский
"Кавказский бульвар, земельный участок 51",кавказский бульвар земельный участок 51,ПИК,Введено,ЮАО,Царицыно
"поселение Внуковское, д. Рассказовка, уч.№ 13/1.",поселение внуковское д рассказовка уч№ 13/1.,АБСОЛЮТ,Строится,НАО,Внуково
"поселение Кокошкино, вблизи деревни Санино",поселение кокошкино вблизи деревни санино,САМОЛЕТ,Введено,НАО,Внуково
"коммунальная зона Гавриково, участок № 2",коммунальная зона гавриково участок № 2,А101,Введено,ЮЗАО,Южное Бутово
"внутригородское муниципальное образование Дорогомилово, проезд Кутузовский, земельный участок 16А/1",внутригородское муниципальное образование дорогомилово проезд кутузовский земельный участок 16а/1,АЕОН ДЕВЕЛОПМЕНТ,Строится,ЗАО,Дорогомилово
"улица Сергея Макеева, владение 11/9, строение 1-10, 13",улица сергея макеева владение 11/9 строение 1-10 13,SMINEX,Строится,ЦАО,Пресненский
"ул. Сергея Макеева, вл. 11/9, стр. 1-10, 13",ул сергея макеева вл 11/9 стр 1-10 13,SMINEX,Строится,ЦАО,Пресненский
Спортивная ул. уч. 6А/6,спортивная ул уч 6а/6,ФОНД РЕНОВАЦИИ,Введено,ЮВАО,Люблино
"ул. Люблинская, д. 52, стр. 1)",ул люблинская д 52 стр 1),ФОНД РЕНОВАЦИИ,Введено,ЮВАО,Люблино
"Строительный проезд, земельный участок 9/13 (Строительный проезд, вл. 9)",строительный проезд земельный участок 9/13 (строительный проезд вл 9),ПИК,Введено,СЗАО,Покровское-Стрешнево
"улица Госпитальный Вал, земельный участок 5/10",улица госпитальный вал земельный участок 5/10,ФОНД РЕНОВАЦИИ,Строится,ЦАО,Басманный
"ул. Госпитальный Вал, вл. 3",ул госпитальный вал вл 3,ФОНД РЕНОВАЦИИ,Строится,ЦАО,Басманный
"улица Корнейчука, земельный участок 47А/1 (ул. Корнейчука, вл. 47А)",улица корнейчука земельный участок 47а/1 (ул корнейчука вл 47а),ФОНД РЕНОВАЦИИ,Строится,СВАО,Бибирево
внутригородское муниципальное образование Молжаниновский КСХП «Химки»,внутригородское муниципальное образование молжаниновский ксхп химки,САМОЛЕТ,Введено,САО,Молжаниновский
"Сосенское, дер. Столбово, уч. 40/1",сосенское дер столбово уч 40/1,САМОЛЕТ,Введено,НАО,Коммунарка
"ул. Нижние Мневники, земельный участок 14",ул нижние мневники земельный участок 14,ДОНСТРОЙ,Строится,СЗАО,Хорошёво-Мнёвники
"Саларьево, к.68",саларьево к68,ПИК,Введено,НАО,Коммунарка
"территория, ограниченная проектируемым проездом №1889, Богородским шоссе, улицей Краснобогатырская, проектируемым проездом 422",территория ограниченная проектируемым проездом №1889 богородским шоссе улицей краснобогатырская проектируемым проездом 422,"АО ""ИК ""СЕВЕРНАЯ ЗВЕЗДА""",Строится,ВАО,Богородское
"п Сосенское, вблизи д. Николо-Хованское",п сосенское вблизи д николо-хованское,ПИК,Введено,НАО,Коммунарка
"Изумрудная улица, земельный участок 44/1",изумрудная улица земельный участок 44/1,ФОНД РЕНОВАЦИИ,Введено,СВАО,Лосиноостровский
"Снежная ул., вл.22, корп.3",снежная ул вл22 корп3,ФСК,Введено,СВАО,Свиблово
"Кавказский бульв., з/у 51/2",кавказский бульв. зу 51/2,КОНЦЕРН РУСИЧ,Строится,ЮАО,Царицыно
"Кавказский бульвар, земельный участок 51/2",кавказский бульвар земельный участок 51/2,КОНЦЕРН РУСИЧ,Строится,ЮАО,Царицыно
"Любучанская ул., з/у 19",любучанская ул зу 19,САМОЛЕТ,Введено,НАО,Щербинка
"Римского- Корсакова ул., з/у 11/12",римского- корсакова ул зу 11/12,"ПУБЛИЧНОЕ АКЦИОНЕРНОЕ ОБЩЕСТВО ""ПИК-СПЕЦИАЛИЗИРОВАННЫЙ ЗАСТРОЙЩИК""",Введено,СВАО,Отрадное
"Огородный пр., з/у 4/2",огородный пр зу 4/2,UPSIDE DEVELOPMENT,Введено,СВАО,Бутырский
"поселение Марушкинское, п. совхоза ""Крекшино"", позиция 26",поселение марушкинское п. совхоза крекшино позиция 26,"ООО ""СЗ ""НАРАСТРОЙ-М""",Строится,НАО,Внуково
"Озерная ул., вл.42",озерная ул вл42,СТРАНА ДЕВЕЛОПМЕНТ,Строится,ЗАО,Очаково-Матвеевское
Часовая ул.,часовая ул,ПИК,Введено,САО,Аэропорт
"Вернадского просп., вл.12Б",вернадского просп. вл12б,КП УГС,Введено,ЗАО,Раменки
"Жигулевская ул., з/у 12/6",жигулевская ул зу 12/6,ФОНД РЕНОВАЦИИ,Введено,ЮВАО,Кузьминки
Большое Свинорье дер. (вблизи),большое свинорье дер (вблизи),САМОЛЕТ,Введено,НАО,Внуково
"Любучанская ул, з/у 4",любучанская ул зу 4,САМОЛЕТ,Строится,НАО,Щербинка
"Любучанская ул., з/у 7",любучанская ул зу 7,САМОЛЕТ,Строится,НАО,Щербинка
"Дербеневская ул., вл.20",дербеневская ул вл20,TEKTA GROUP,Введено,ЮАО,Даниловский
"поселение Филимонковское, д. Староселье",поселение филимонковское д староселье,САМОЛЕТ,Строится,НАО,Филимонковский
"Дубининская ул., вл.59-69",дубининская ул вл59-69,LEVEL GROUP,Строится,ЮАО,Даниловский
"вблизи дер. Столбово кв-л 160, з/у 1В",вблизи дер столбово кв-л 160 зу 1в,А101,Введено,НАО,Коммунарка
Чуйкова маршала ул. уч. 9/5/2,чуйкова маршала ул уч 9/5/2,ФОНД РЕНОВАЦИИ,Введено,ЮВАО,Кузьминки
Зорге ул. вл. 25,зорге ул вл 25,А101,Введено,САО,Сокол
"улица Бакинская, вл. 31",улица бакинская вл 31,ФОНД РЕНОВАЦИИ,Строится,ЮАО,Царицыно
"Рязанский проспект, земельный участок 6А",рязанский проспект земельный участок 6а,ФОНД РЕНОВАЦИИ,Введено,ЮВАО,Рязанский
Ильменский пр. уч. 8А,ильменский пр уч 8а,LEVEL GROUP,Строится,САО,Западное Дегунино
"улица Пржевальского, земельный участок 12 (зона 6.2)",улица пржевальского земельный участок 12 (зона 6.2),ФОНД РЕНОВАЦИИ,Строится,ЗАО,Очаково-Матвеевское
"улица Годовикова, земельный участок 7 (Годовикова ул., вл. 7)",улица годовикова земельный участок 7 (годовикова ул вл 7),ФОНД РЕНОВАЦИИ,Строится,СВАО,Останкинский
"улица Годовикова, земельный участок 12 (Годовикова ул., вл. 12, корп. 1, 2)",улица годовикова земельный участок 12 (годовикова ул вл 12 корп 1 2),ФОНД РЕНОВАЦИИ,Строится,СВАО,Останкинский
"Анненская ул., вл. 5, 7, 9",анненская ул вл 5 7 9,ФОНД РЕНОВАЦИИ,Строится,СВАО,Марьина Роща
"Стартовая улица, земельный участок 5/2 (Стартовая ул., вл. 5, корп. 2)",стартовая улица земельный участок 5/2 (стартовая ул вл 5 корп 2),ФОНД РЕНОВАЦИИ,Строится,СВАО,Лосиноостровский
"Москва, ЗАО, район Филевский Парк, проезд Береговой, земельный участок 9/1",москва зао район филевский парк проезд береговой земельный участок 9/1,ФОНД РЕНОВАЦИИ,Строится,ЗАО,Филёвский Парк
"улица Чапаева, земельный участок 4 (Чапаева ул., вл. 4, 6)",улица чапаева земельный участок 4 (чапаева ул вл 4 6),ФОНД РЕНОВАЦИИ,Введено,НАО,Щербинка
"улица Металлургов, земельный участок 30",улица металлургов земельный участок 30,ФОНД РЕНОВАЦИИ,Строится,ВАО,Перово
"улица Ставропольская, земельный участок 9А",улица ставропольская земельный участок 9а,ФОНД РЕНОВАЦИИ,Строится,ЮВАО,Люблино
"Изумрудная улица, земельный участок 12А (зона 6.2)",изумрудная улица земельный участок 12а (зона 6.2),ФОНД РЕНОВАЦИИ,Строится,СВАО,Лосиноостровский
"шоссе Волоколамское, земельный участок 106 (зона 1.2)",шоссе волоколамское земельный участок 106 (зона 1.2),ФОНД РЕНОВАЦИИ,Строится,СЗАО,Покровское-Стрешнево
"ул. Эдварда Грига, з/у 14Б",ул эдварда грига зу 14б,А101,Строится,НАО,Коммунарка
Макарова адмирала ул. уч. 2/16,макарова адмирала ул уч 2/16,SMINEX (ранее INGRAD),Строится,САО,Войковский
"Большой Кисельный пер., д.11, стр.1-5",большой кисельный пер д11 стр1-5,ТРАНССТРОЙИНВЕСТ,Строится,ЦАО,Мещанский
"Мичуринский проспект, вл.70",мичуринский проспект вл70,ТРАНССТРОЙИНВЕСТ,Введено,ЗАО,Очаково-Матвеевское
"улица 1-я Ямского Поля, земельный участок 1",улица 1-я ямского поля земельный участок 1,MR GROUP,Строится,САО,Беговой
"Новодевичий проезд, вл. 6, стр. 2",новодевичий проезд вл 6 стр 2,ДОНСТРОЙ,Строится,ЦАО,Хамовники
проезд 1-й Красногорский,проезд 1-й красногорский,ПИК,Строится,СЗАО,Щукино
"ул. Нижние Мнёвники, земельный участок 12 (Объект 2)",ул нижние мневники земельный участок 12 (объект 2),ДОНСТРОЙ,Строится,СЗАО,Хорошёво-Мнёвники
"улица Каховка, земельный участок 14/2 (кв.38, зона 33.3)",улица каховка земельный участок 14/2 (кв.38 зона 33.3),ФОНД РЕНОВАЦИИ,Строится,ЮЗАО,Зюзино
"улица Перекопская, земельный участок 4 ( кв.37, зона 22.3)",улица перекопская земельный участок 4 ( кв.37 зона 22.3),ФОНД РЕНОВАЦИИ,Строится,ЮЗАО,Зюзино
"ул. Лобачевского, земельный участок 120А/1",ул лобачевского земельный участок 120а/1,ДОНСТРОЙ,Строится,ЗАО,Раменки
"Фрунзенская наб., вл. 30, вл. 30 стр. 2, вл. 30, стр. 19",фрунзенская наб. вл 30 вл 30 стр 2 вл 30 стр 19,SMINEX,Строится,ЦАО,Хамовники
Ленинградское ш.,ленинградское ш,LEGENDA,Строится,САО,Левобережный
"район Кунцево, квартал 120",район кунцево квартал 120,"АО ""РУБЛЕВО-АРХАНГЕЛЬСКОЕ""",Строится,ЗАО,Кунцево
"ул. Амурская, вл. 2А/1",ул амурская вл 2а/1,ПИК,Строится,ВАО,Гольяново
"город Москва, вн.тер.г. муниципальный округ Филимонковский, квартал 23, земельный участок 5",город москва вн.тер.г. муниципальный округ филимонковский квартал 23 земельный участок 5,ПИК,Строится,НАО,Филимонковский
"в районе д.Румянцево, уч.№ 17/2л",в районе друмянцево уч№ 17/2л,"ООО ""АБЗ ЛЕНИНСКИЙ""",Строится,ЗАО,Ново-Переделкино
"Солнцево, квартал 32, земельный участок 17Ж",солнцево квартал 32 земельный участок 17ж,"ООО ""АБЗ ЛЕНИНСКИЙ""",Строится,ЗАО,Солнцево
"ул. Академика Франка, д.23",ул академика франка д23,"ООО ""ЕЛАЗОВА РЕНТ""",Строится,ТАО,Троицк
"д.Николо-Хованское,на земельном участке с кадастровым номером 50:21:0120114:3108",дниколо-хованское на земельном участке с кадастровым номером 50:21:0120114:3108,"ООО ""СФЕРА ВИН""",Введено,НАО,Коммунарка
Капотня 2-й квартал д. 1 корп. 3,капотня 2-й квартал д 1 корп 3,ГАЗПРОМ,Строится,ЮВАО,Капотня
"Новохохловская ул., вл. 25; ул. Новохохловская, вл. 25, з/у 1",новохохловская ул вл 25 ул новохохловская вл 25 зу 1,РОСИМУЩЕСТВО,Строится,ЮВАО,Нижегородский
"вн. тер. г. поселение Краснопахорское, кв-л 61, з/у 1",вн. тер. г. поселение краснопахорское кв-л 61 зу 1,ПИК,Введено,ТАО,Краснопахорский
"Нагатинская наб., влд. 74",нагатинская наб. влд. 74,МОСГОРТРАНС,Введено,ЮАО,Нагатинский Затон
район Силино,район силино,"ООО ""ВЕЛФАРМ-М""",Строится,ЗелАО,Силино
"поселение Десеновское, квартал 61, з/у 13",поселение десеновское квартал 61 зу 13,"ООО ""СК АЛГОРИТМ""",Строится,НАО,Троицк
"Москва, п. Московский, д. Саларьево",москва п. московский д саларьево,"АО ""КАПСТРОЙСИТИ""",Введено,НАО,Коммунарка
"поселения Десеновское, Филимонковское",поселения десеновское филимонковское,"ГКУ ""МОСКВОРЕЧЬЕ""",Строится,НАО,Троицк
"ул. Саларьевская, земельный участок 18 (дер. Картмазово)",ул саларьевская земельный участок 18 (дер картмазово),"АО ""КАПСТРОЙСИТИ""",Введено,НАО,Коммунарка
"квартал № 84, земельный участок 4",квартал № 84 земельный участок 4,ОЭК,Строится,НАО,Внуково
"город Зеленоград, проезд 5557, дом 2",город зеленоград проезд 5557 дом 2,БИОКАД,Строится,ЗелАО,Силино
"квартал 2, з/у 5",квартал 2 зу 5,САМОЛЕТ,Введено,НАО,Коммунарка
"Вернадского просп. вл. 42-1 А, 42-1 Б",вернадского просп. вл 42-1 а 42-1 б,"ГСК ""ВЕРНАДСКИЙ""",Строится,ЗАО,Проспект Вернадского
"Москва, ул. Люблинская, вл. 72",москва ул люблинская вл 72,ПИК,Введено,ЮВАО,Люблино
ш. Варшавское,ш варшавское,Э.К. ДЕВЕЛОПМЕНТ,Введено,ЮАО,Чертаново Южное
"Мичуринский проспект, вл. 13/1",мичуринский проспект вл 13/1,"ООО ""НАХИЧЕВАНЬ ИНВЕСТ""",Введено,ЗАО,Раменки
"улица Никитина, земельный участок 3",улица никитина земельный участок 3,АБСОЛЮТ,Строится,НАО,Филимонковский
Богородское,богородское,"ГКУ ""УДМС""",Строится,СВАО,Лосиноостровский
район Марьино,район марьино,"ГКУ ""УДМС""",Строится,ЮВАО,Марьино
территория Мневниковской поймы,территория мневниковской поймы,"ГКУ ""УДМС""",Строится,СЗАО,Хорошёво-Мнёвники
"2-й Южнопортовый проезд, 35с1",2-й южнопортовый проезд 35с1,"ГКУ ""УДМС""",Строится,ЮВАО,Печатники
"Москва, ул. Авиамоторная, д.39; 1-ая ул. Энтузиастов, д. 4",москва ул авиамоторная д39 1-ая ул энтузиастов д 4,МОСКОВСКИЙ МЕТРОПОЛИТЕН,Строится,ЮВАО,Лефортово
"Рублевское шоссе, земельный участок 66",рублевское шоссе земельный участок 66,MR GROUP,Строится,ЗАО,Крылатское
"Проспект Вернадского, пересечение Рижского направления и Малого кольца Московской железной дороги",проспект вернадского пересечение рижского направления и малого кольца московской железной дороги,РЖД,Строится,ЗАО,Проспект Вернадского
"улица Конструктора Лукина, дом 14, строение 17",улица конструктора лукина дом 14 строение 17,ОЭЗ ТЕХНОПОЛИС МОСКВА,Введено,ЗелАО,Силино
"проспект Будённого, влд. 47Б/1",проспект буденного влд. 47б/1,ФОНД РЕНОВАЦИИ,Введено,ВАО,Соколиная Гора
"проспект Мира, д. 119",проспект мира д 119,"КП ""ВДНХ""",Введено,СВАО,Останкинский
"ул. Артюхиной, влд. 26А, з/у 1 (Артюхиной ул., вл. 26А)",ул артюхиной влд. 26а зу 1 (артюхиной ул вл 26а),ФОНД РЕНОВАЦИИ,Введено,ЮВАО,Текстильщики
"ул. Демьяна Бедного, земельный участок 22/3",ул демьяна бедного земельный участок 22/3,ФОНД РЕНОВАЦИИ,Введено,СЗАО,Хорошёво-Мнёвники
"Магистральный 1-й туп., вл. 6а",магистральный 1-й туп. вл 6а,"ООО ""СК АЛГОРИТМ""",Введено,САО,Хорошёвский
"Промышленная ул. (г.Троицк) з/у 3, д. 3",промышленная ул (г.троицк) зу 3 д 3,ТОРГОВО-ПРОМЫШЛЕННАЯ ПАЛАТА РОССИЙСКОЙ ФЕДЕРАЦИИ,Введено,НАО,Троицк
"2-я Владимирская улица, вл. 13",2-я владимирская улица вл 13,ФОНД РЕНОВАЦИИ,Введено,ВАО,Перово
"ул. Оренбургская, влд.4",ул оренбургская влд.4,ФОНД РЕНОВАЦИИ,Введено,ВАО,Косино-Ухтомский
Лобачевского ул. вл. 62,лобачевского ул вл 62,ФОНД РЕНОВАЦИИ,Строится,ЗАО,Проспект Вернадского
Говорова ул. вл. 14/16,говорова ул вл 14/16,ФОНД РЕНОВАЦИИ,Введено,ЗАО,Можайский
"улица Москворечье, д. 4, к. 1",улица москворечье д 4 к 1,АНО РСИО,Строится,ЮАО,Москворечье-Сабурово
"Новохорошевский пр-д, вл. 6/1",новохорошевский пр-д вл 6/1,ФОНД РЕНОВАЦИИ,Строится,СЗАО,Хорошёво-Мнёвники
"Владимирская 1-я ул., земельный участок 47/1 (1-я Владимирская ул., вл. 47)",владимирская 1-я ул земельный участок 47/1 (1-я владимирская ул вл 47),ФОНД РЕНОВАЦИИ,Введено,ВАО,Перово
"Гродненская улица, влд. 7/9",гродненская улица влд. 7/9,ФОНД РЕНОВАЦИИ,Введено,ЗАО,Можайский
"улица Летчика Бабушкина, земельный участок 42/1",улица летчика бабушкина земельный участок 42/1,"АО ""КАПСТРОЙСИТИ""",Введено,СВАО,Лосиноостровский
"ул. Николая Старостина, з/у 8А",ул николая старостина зу 8а,КП УГС,Введено,ВАО,Косино-Ухтомский
"Машиностроения 1-я ул., вл. 5А",машиностроения 1-я ул вл 5а,ФОНД РЕНОВАЦИИ,Введено,ЮВАО,Южнопортовый
"ул. Остафьевская, к. ""Г""",ул остафьевская к г,АНО РСИО,Введено,ЮЗАО,Южное Бутово
"Грайвороново, кв. 90А корп. 12",грайвороново кв. 90а корп 12,ФОНД РЕНОВАЦИИ,Введено,ЮВАО,Текстильщики
"Загорьевская улица, влд. 2/2",загорьевская улица влд. 2/2,ФОНД РЕНОВАЦИИ,Введено,ЮАО,Бирюлёво Восточное
"Большая Филёвская улица, влд. 6А",большая филевская улица влд. 6а,ФОНД РЕНОВАЦИИ,Введено,ЗАО,Филёвский Парк
"Верхние Поля ул., з/у19",верхние поля ул зу 19,ФОНД РЕНОВАЦИИ,Введено,ЮВАО,Люблино
"ул. Лужники, дом 24, строение 56",ул лужники дом 24 строение 56,АНО РСИО,Строится,ЦАО,Хамовники
"Артюхиной ул., вл. 24",артюхиной ул вл 24,ФОНД РЕНОВАЦИИ,Строится,ЮВАО,Текстильщики
Алтуфьевское шоссе д. 100,алтуфьевское шоссе д 100,АНО РСИО,Введено,СВАО,Алтуфьевский
Вавилова 76,вавилова 76,ФОНД РЕНОВАЦИИ,Строится,ЮЗАО,Ломоносовский
"Чечёрский проезд, влд. 28, участок 1",чечерский проезд влд. 28 участок 1,КП УГС,Введено,ЮЗАО,Южное Бутово
"Клинская улица, влд. 24",клинская улица влд. 24,"АНО ""РСИ""",Введено,САО,Ховрино
"Касимовская ул., вл. 39/2",касимовская ул вл 39/2,ФОНД РЕНОВАЦИИ,Введено,ЮАО,Бирюлёво Восточное
"Москва, ЗелАО, Силино, Российская Федерация, город Москва, внутригородская территория муниципальный округ Силино, город Зеленоград, улица Конструктора Лукина, дом 14, строение 16",москва зелао силино российская федерация город москва внутригородская территория муниципальный округ силино город зеленоград улица конструктора лукина дом 14 строение 16,ОЭЗ ТЕХНОПОЛИС МОСКВА,Введено,ЗелАО,Силино
"Ставропольская ул., вл.4, корп.2",ставропольская ул вл4 корп2,ФОНД РЕНОВАЦИИ,Введено,ЮВАО,Люблино
"ул. Константина Федина, вл. 5",ул константина федина вл 5,ФОНД РЕНОВАЦИИ,Введено,ВАО,Северное Измайлово
"улица Генерала Рычагова, земельный участок 14/2",улица генерала рычагова земельный участок 14/2,ФОНД РЕНОВАЦИИ,Строится,САО,Коптево
Парковая 9-я ул. вл. 68/2/3,парковая 9-я ул вл 68/2/3,ФОНД РЕНОВАЦИИ,Введено,ВАО,Северное Измайлово
"Утренняя улица, влд. 20, стр. 2",утренняя улица влд. 20 стр 2,ФОНД РЕНОВАЦИИ,Введено,ВАО,Новогиреево
"ул. Дубравная, вл. 50/1",ул дубравная вл 50/1,КП УГС,Введено,СЗАО,Митино
"9-я улица Соколиной Горы, д. 9",9-я улица соколиной горы д 9,КП УГС,Введено,ВАО,Соколиная Гора
"Лобачевского ул., земельный участок 28/36",лобачевского ул земельный участок 28/36,ФОНД РЕНОВАЦИИ,Введено,ЗАО,Проспект Вернадского
"п. Воскресенское, влд. 67А",п. воскресенское влд. 67а,"АО ""КАПСТРОЙСИТИ""",Введено,НАО,Коммунарка
"ул. Одесская, земельный участок 4 (ул. Одесская, вл. 4, стр. 1-7) (Зона1.1)",ул одесская земельный участок 4 (ул одесская вл 4 стр 1-7) (зона1.1),ПИК,Строится,ЮЗАО,Зюзино
"проезд Черепановых, влд. 56А",проезд черепановых влд. 56а,ФОНД РЕНОВАЦИИ,Введено,САО,Коптево
Часовая ул. д. 27/12,часовая ул д 27/12,КП УГС,Введено,САО,Аэропорт
Анохина академика ул. вл. 40 корп. 2,анохина академика ул вл 40 корп 2,"АНО ""РСИ""",Введено,ЗАО,Тропарёво-Никулино
"Вишневского Всеволода ул., уч. 11",вишневского всеволода ул уч 11,ФОНД РЕНОВАЦИИ,Строится,САО,Тимирязевский
"Амурская улица, земельный участок 1.1, Корпус 9",амурская улица земельный участок 1.1 корпус 9,ФОНД РЕНОВАЦИИ,Введено,ВАО,Гольяново
"Радиальная 6-я ул., вл.7, участок 20",радиальная 6-я ул вл7 участок 20,"АНО ""РСИ""",Строится,ЮАО,Бирюлёво Восточное
"Волгоградский проспект, земельный участок 101/ 2 (Волгоградский пр-т, влд. 101, к. 2)",волгоградский проспект земельный участок 101/ 2 (волгоградский пр-т влд. 101 к 2),ФОНД РЕНОВАЦИИ,Введено,ЮВАО,Кузьминки
"Зеленодольская ул., вл. 30",зеленодольская ул вл 30,ФОНД РЕНОВАЦИИ,Введено,ЮВАО,Кузьминки
9-я Северная Линия вл.3,9-я северная линия вл3,КП УГС,Введено,СВАО,Северный
"ул. Новогиреевская. вл. 24А/1, вл. 24А/2",ул новогиреевская. вл 24а/1 вл 24а/2,ФОНД РЕНОВАЦИИ,Введено,ВАО,Перово
"ул. Федина Константина, вл. 3",ул федина константина вл 3,ФОНД РЕНОВАЦИИ,Введено,ВАО,Северное Измайлово
"Соколиной горы 5-я ул., земельный участок 21А",соколиной горы 5-я ул земельный участок 21а,ФОНД РЕНОВАЦИИ,Введено,ВАО,Соколиная Гора
"Новохорошевский пр-д, влд. 24/3/1",новохорошевский пр-д влд. 24/3/1,ФОНД РЕНОВАЦИИ,Строится,СЗАО,Хорошёво-Мнёвники
пересечение Новоясеневского проспекта с ул. Ясногорской и ул. Тарусской,пересечение новоясеневского проспекта с ул ясногорской и ул тарусской,АНО РСИО,Введено,ЮЗАО,Ясенево
"Кастанаевская улица, вл. 32",кастанаевская улица вл 32,ФОНД РЕНОВАЦИИ,Введено,ЗАО,Фили-Давыдково
"Волгоградский проспект, вл. 155",волгоградский проспект вл 155,ФОНД РЕНОВАЦИИ,Введено,ЮВАО,Кузьминки
"деревня Лапшинка, земельный участок 57Б/1",деревня лапшинка земельный участок 57б/1,"ООО ""ПСК СТРОЙМОНОЛИТ""",Строится,НАО,Внуково
"Капотня, кв. 2, з/у 21",капотня кв. 2 зу 21,ФОНД РЕНОВАЦИИ,Введено,ЮВАО,Капотня
"2-й Лихачевский пер., земельный участок 4",2-й лихачевский пер земельный участок 4,ФОНД РЕНОВАЦИИ,Введено,САО,Головинский
"3-я Владимирская улица, земельный участок 23 (3-я Владимирская улица, вл.23)",3-я владимирская улица земельный участок 23 (3-я владимирская улица вл23),ФОНД РЕНОВАЦИИ,Введено,ВАО,Перово
"ул. Академика Скрябина, вл. 3/1",ул академика скрябина вл 3/1,ФОНД РЕНОВАЦИИ,Введено,ЮВАО,Выхино-Жулебино
"Гражданская 3-я ул., вл. 35",гражданская 3-я ул вл 35,"ООО ""СЗ ""ЭСИ""",Введено,ВАО,Богородское
"Вернадского просп., вл. 12Б",вернадского просп. вл 12б,КП УГС,Введено,ЗАО,Раменки
"вн. тер. г. муниципальный округ Печатники, проезд Шоссейный, земельный участок 26",вн. тер. г. муниципальный округ печатники проезд шоссейный земельный участок 26,ОЭЗ ТЕХНОПОЛИС МОСКВА,Строится,ЮВАО,Печатники
Годовикова ул. вл. 10,годовикова ул вл 10,ФОНД РЕНОВАЦИИ,Введено,СВАО,Останкинский
"поселение Краснопахорское, городской округ Троицк",поселение краснопахорское городской округ троицк,"ГКУ ""МОСКВОРЕЧЬЕ""",Строится,ТАО,Краснопахорский
"Клязьминская улица, влд. 28А",клязьминская улица влд. 28а,ФОНД РЕНОВАЦИИ,Введено,САО,Дмитровский
"Судостроительная ул., вл. 5",судостроительная ул вл 5,ФОНД РЕНОВАЦИИ,Введено,ЮАО,Нагатинский Затон
"Люблинская ул., з/у 113/3",люблинская ул зу 113/3,ФОНД РЕНОВАЦИИ,Введено,ЮВАО,Люблино
"ул. Радужная, влд.15, к. 3, стр. 1/1 и 1/2 (напротив вл. 15, корп. 2)",ул радужная влд.15 к 3 стр 1/1 и 1/2 (напротив вл 15 корп 2),ФОНД РЕНОВАЦИИ,Введено,СВАО,Бабушкинский
"Ереванская ул. земельный участок 6/2 (вл. 6, корп. 2)",ереванская ул земельный участок 6/2 (вл 6 корп 2),ФОНД РЕНОВАЦИИ,Введено,ЮАО,Царицыно
"Москва, ЦАО, район Басманный, Госпитальная набережная, вл. 4, стр. 1А",москва цао район басманный госпитальная набережная вл 4 стр 1а,АНО РСИО,Введено,ЦАО,Басманный
"Госпитальная набережная, вл. 4, стр.1А",госпитальная набережная вл 4 стр1а,АНО РСИО,Введено,ЦАО,Басманный
"Анненская улица, д. 6",анненская улица д 6,ФОНД РЕНОВАЦИИ,Введено,СВАО,Марьина Роща
район Рязанский (Окская ул.),район рязанский (окская ул),МОСКАПСТРОЙ,Введено,ЮВАО,Рязанский
"ТПУ ""Мамыри""",тпу мамыри,"ГКУ ""МОСКВОРЕЧЬЕ""",Введено,НАО,Коммунарка
"улица Олеко Дундича, дом 31, корпус 1",улица олеко дундича дом 31 корпус 1,ФОНД РЕНОВАЦИИ,Введено,ЗАО,Фили-Давыдково
"ул. Ульянова Дмитрия, уч. 47",ул ульянова дмитрия уч 47,ФОНД РЕНОВАЦИИ,Введено,ЮЗАО,Котловка
ул. Красных зорь д. 23,ул красных зорь д 23,ФОНД РЕНОВАЦИИ,Введено,ЗАО,Можайский
"Пивченкова ул., з/у 1",пивченкова ул зу 1,ФОНД РЕНОВАЦИИ,Введено,ЗАО,Очаково-Матвеевское
"ул. 6-я Радиальная, вл. 7",ул 6-я радиальная вл 7,"АНО ""РСИ""",Строится,ЮАО,Бирюлёво Восточное
"Дмитровское ш., д.55, корп.1",дмитровское ш д55 корп1,ФОНД РЕНОВАЦИИ,Введено,САО,Тимирязевский
"ул. Пресненский Вал, вл. 27",ул пресненский вал вл 27,АО «СТРАНА ДЕВЕЛОПМЕНТ»,Введено,ЦАО,Пресненский
"Ярославская улица, влд. 12",ярославская улица влд. 12,"ООО ""ДЕВЕЛОПЕР БИЛДИНГ""",Строится,СВАО,Алексеевский
Горбунова ул. вл. 11/3,горбунова ул вл 11/3,ФОНД РЕНОВАЦИИ,Введено,ЗАО,Можайский
"Давыдковская улица, влд. 10",давыдковская улица влд. 10,КП УГС,Введено,ЗАО,Фили-Давыдково
"Люблинская ул., з/у 111/3",люблинская ул зу 111/3,ФОНД РЕНОВАЦИИ,Введено,ЮВАО,Люблино
"Балаклавский проспект, вл. 33, корпус 3",балаклавский проспект вл 33 корпус 3,КП УГС,Введено,ЮАО,Чертаново Северное
"ул. 6-я Радиальная, влд. 7, участок 18",ул 6-я радиальная влд. 7 участок 18,"АНО ""РСИ""",Строится,ЮАО,Бирюлёво Восточное
Синявинская ул. вл. 13,синявинская ул вл 13,"АНО ""РСИ""",Введено,САО,Молжаниновский
"п. Сосенское, п. Коммунарка",п. сосенское п. коммунарка,"ГКУ ""УДМС""",Введено,НАО,Коммунарка
Королева академика ул. вл. 21 (земельный участок 21/1),королева академика ул вл 21 (земельный участок 21/1),ФОНД РЕНОВАЦИИ,Введено,СВАО,Марфино
"Никитинская улица, земельный участок 21/1/3 (Никитинская ул., вл. 21, корп. 1, 3)",никитинская улица земельный участок 21/1/3 (никитинская ул вл 21 корп 1 3),ФОНД РЕНОВАЦИИ,Введено,ВАО,Измайлово
"Tерритория инновационного центра ""Сколково"", Большой бульвар 43",tерритория инновационного центра сколково большой бульвар 43,ДОМСТРОЙ,Введено,ЗАО,Можайский
"Tерритория инновационного центра ""Сколково"", Большой бульвар 41",tерритория инновационного центра сколково большой бульвар 41,ДОМСТРОЙ,Введено,ЗАО,Можайский
"Tерритория инновационного центра ""Сколково"", Малевича 6",tерритория инновационного центра сколково малевича 6,ДОМСТРОЙ,Введено,ЗАО,Можайский
"Tерритория инновационного центра ""Сколково"", Малевича 4",tерритория инновационного центра сколково малевича 4,ДОМСТРОЙ,Введено,ЗАО,Можайский
"г. Москва, территория инновационного центра ""Сколково"", Большой бульвар 41, 43, 45, ул. Малевича 2, 3, 4, 5, 6, 7",г. москва территория инновационного центра сколково большой бульвар 41 43 45 ул малевича 2 3 4 5 6 7,ДОМСТРОЙ,Введено,ЗАО,Можайский
"Tерритория инновационного центра ""Сколково"", Малевича 7",tерритория инновационного центра сколково малевича 7,ДОМСТРОЙ,Введено,ЗАО,Можайский
"Tерритория инновационного центра ""Сколково"", Малевича 5",tерритория инновационного центра сколково малевича 5,ДОМСТРОЙ,Введено,ЗАО,Можайский
"Tерритория инновационного центра ""Сколково"", Малевича 3",tерритория инновационного центра сколково малевича 3,ДОМСТРОЙ,Введено,ЗАО,Можайский
"улица Яблочкова, земельный участок 26А",улица яблочкова земельный участок 26а,ФОНД РЕНОВАЦИИ,Введено,СВАО,Бутырский
"Волгоградский проспект, земельный участок 107/4 (Волгоградский пр-т, вл. 107, к.4)",волгоградский проспект земельный участок 107/4 (волгоградский пр-т вл 107 к4),ФОНД РЕНОВАЦИИ,Введено,ЮВАО,Кузьминки
"Лобненская ул., вл. 10",лобненская ул вл 10,"ГБУ ""ДИРЕКЦИЯ РАЗВИТИЯ ОБЪЕКТОВ ЗДРАВООХРАНЕНИЯ ГОРОДА МОСКВЫ""",Введено,САО,Дмитровский
"улица Новохохловская, земельный участок 15/2 (Новохохловская ул., вл. 15/2)",улица новохохловская земельный участок 15/2 (новохохловская ул вл 15/2),ФОНД РЕНОВАЦИИ,Введено,ЮВАО,Нижегородский
Мира просп. вл. 222/2,мира просп. вл 222/2,ОСНОВА,Строится,СВАО,Ярославский
"Коровинское шоссе, земельный участок 4/6",коровинское шоссе земельный участок 4/6,ФОНД РЕНОВАЦИИ,Строится,САО,Бескудниковский
"2-я Дубровская улица, земельный участок 1",2-я дубровская улица земельный участок 1,ФОНД РЕНОВАЦИИ,Строится,ЦАО,Таганский
Илимская ул. уч. 5,илимская ул уч 5,ФОНД РЕНОВАЦИИ,Введено,СВАО,Лианозово
"1-й Волоколамский пр-д, влд. 7, корп. 1",1-й волоколамский пр-д влд. 7 корп 1,ФОНД РЕНОВАЦИИ,Строится,СЗАО,Щукино
"Большая Черемушкинская улица, земельный участок 26/2",большая черемушкинская улица земельный участок 26/2,ФОНД РЕНОВАЦИИ,Строится,ЮЗАО,Академический
"Дмитровское шоссе, земельный участок 36/2 (Зоны 2.1, 2.2, 2.3)",дмитровское шоссе земельный участок 36/2 (зоны 2.1 2.2 2.3),ФОНД РЕНОВАЦИИ,Строится,САО,Тимирязевский
Дмитровское шоссе уч. 32/1,дмитровское шоссе уч 32/1,ФОНД РЕНОВАЦИИ,Строится,САО,Тимирязевский
"Восточная улица, вл. 4А",восточная улица вл 4а,"АНО ""РСИ""",Строится,ЮАО,Даниловский
"Культурно-спортивный центр ""Печатники""",культурно-спортивный центр печатники,"АНО ""РСИ""",Введено,ЮВАО,Печатники
"ул. Малая Юшуньская, д. 12, корп. 1",ул малая юшуньская д 12 корп 1,ФОНД РЕНОВАЦИИ,Введено,ЮЗАО,Зюзино
"Открытое шоссе, земельный участок 27/6/7 (участок 11.2)",открытое шоссе земельный участок 27/6/7 (участок 11.2),ФОНД РЕНОВАЦИИ,Строится,ВАО,Метрогородок
"улица Кременчугская, вл. 11-17",улица кременчугская вл 11-17,ФОНД РЕНОВАЦИИ,Строится,ЗАО,Фили-Давыдково
"шоссе Энтузиастов, вл. 4",шоссе энтузиастов вл 4,МОСКОВСКИЙ МЕТРОПОЛИТЕН,Строится,ЮВАО,Лефортово
"Окружная улица, земельный участок 2А",окружная улица земельный участок 2а,ФОНД РЕНОВАЦИИ,Введено,СЗАО,Южное Тушино
"Даниловская наб., вл. 8",даниловская наб. вл 8,ФОНД РЕНОВАЦИИ,Строится,ЮАО,Даниловский
"ул. Щербаковская, земельный участок 5А",ул щербаковская земельный участок 5а,АБ КАПИТАЛ,Строится,ВАО,Соколиная Гора
Улица Мироновская Земельный участок 32,улица мироновская земельный участок 32,ФОНД РЕНОВАЦИИ,Введено,ВАО,Соколиная Гора
"Лосевская улица, земельный участок 3А (Лосевская улица, вблизи д. 3)",лосевская улица земельный участок 3а (лосевская улица вблизи д 3),ФОНД РЕНОВАЦИИ,Введено,СВАО,Ярославский
"3-й Нижнелихоборский проезд, вл. 5, стр. 1",3-й нижнелихоборский проезд вл 5 стр 1,ФОНД РЕНОВАЦИИ,Строится,САО,Тимирязевский
"улица Перекопская, земельный участок 27",улица перекопская земельный участок 27,ФОНД РЕНОВАЦИИ,Строится,ЮЗАО,Черёмушки
Чуйкова маршала ул. уч. 9/5/1,чуйкова маршала ул уч 9/5/1,ФОНД РЕНОВАЦИИ,Введено,ЮВАО,Кузьминки
"Варшавское шоссе, земельный участок 90/1 (участок 5.1)",варшавское шоссе земельный участок 90/1 (участок 5.1),ФОНД РЕНОВАЦИИ,Строится,ЮАО,Нагорный
"Байкальская ул., з/у 28/3",байкальская ул зу 28/3,ФОНД РЕНОВАЦИИ,Строится,ВАО,Гольяново
"Нагатинская ул, вл.1/4 (Нагатинская ул, вл.1)",нагатинская ул вл1/4 (нагатинская ул вл1),ФОНД РЕНОВАЦИИ,Введено,ЮАО,Нагатино-Садовники
"ул. Артековская, з/у 7/6",ул артековская зу 7/6,ФОНД РЕНОВАЦИИ,Строится,ЮАО,Нагорный
"ул. Юных Ленинцев, земельный участок 44/3 (зоны 2.5 и 2.7)",ул юных ленинцев земельный участок 44/3 (зоны 2.5 и 2.7),ФОНД РЕНОВАЦИИ,Введено,ЮВАО,Текстильщики
"улица Академика Скрябина, земельный участок 40 (участка 13.1 и 13.2)",улица академика скрябина земельный участок 40 (участка 13.1 и 13.2),ФОНД РЕНОВАЦИИ,Введено,ЮВАО,Кузьминки
Посланников пер. уч. 18,посланников пер уч 18,ФОНД РЕНОВАЦИИ,Введено,ЦАО,Басманный
"ул. Краснобогатырская, земельный участок 38А (Краснобогатырская ул., вблизи вл. 38)",ул краснобогатырская земельный участок 38а (краснобогатырская ул вблизи вл 38),ФОНД РЕНОВАЦИИ,Введено,ВАО,Богородское
"ул. Гаврикова, земельный участок 3",ул гаврикова земельный участок 3,ФОНД РЕНОВАЦИИ,Строится,ЦАО,Красносельский
"ул. Смольная, земельный участок 23",ул смольная земельный участок 23,ФОНД РЕНОВАЦИИ,Строится,САО,Головинский
"Карельский бульвар, земельный участок 14/16",карельский бульвар земельный участок 14/16,ФОНД РЕНОВАЦИИ,Введено,САО,Дмитровский
Кавказский з/у 27,кавказский зу 27,ФОНД РЕНОВАЦИИ,Введено,ЮАО,Царицыно
"улица Маршала Ерёменко, земельный участок 2 (зона 36)",улица маршала еременко земельный участок 2 (зона 36),"АНО ""РСИ""",Строится,ЮВАО,Некрасовка
"Коровинское шоссе, з/у 29",коровинское шоссе зу 29,ФОНД РЕНОВАЦИИ,Введено,САО,Западное Дегунино
3-й Михалковский переулок,3-й михалковский переулок,ФОНД РЕНОВАЦИИ,Введено,САО,Коптево
Тайнинская ул. уч. 11,тайнинская ул уч 11,ФОНД РЕНОВАЦИИ,Введено,СВАО,Лосиноостровский
"Измайловский бульв., з/у 71",измайловский бульв. зу 71,ФОНД РЕНОВАЦИИ,Введено,ВАО,Восточное Измайлово
"7-я Парковая улица, земельный участок 19А (7-я Парковая улица, земельный участок 19)",7-я парковая улица земельный участок 19а (7-я парковая улица земельный участок 19),ФОНД РЕНОВАЦИИ,Строится,ВАО,Измайлово
"3-я Прядильная улица, земельный участок 14",3-я прядильная улица земельный участок 14,ФОНД РЕНОВАЦИИ,Строится,ВАО,Измайлово
"3-я Прядильная улица, земельный участок 10",3-я прядильная улица земельный участок 10,ФОНД РЕНОВАЦИИ,Строится,ВАО,Измайлово
"Никитинская улица, земельный участок 19/1/2",никитинская улица земельный участок 19/1/2,ФОНД РЕНОВАЦИИ,Строится,ВАО,Измайлово
"Бочковаул., з/у 11А/1",бочковаул. зу 11а/1,ФОНД РЕНОВАЦИИ,Введено,СВАО,Останкинский
"2-я Владимирская улица, земельный участок 28/30",2-я владимирская улица земельный участок 28/30,ФОНД РЕНОВАЦИИ,Строится,ВАО,Перово
"Северное Измайлово, 11-я Парковая улица, земельный участок 53 (11-я Парковая ул., вл. 53) (зона 72.3) (к.39)",северное измайлово 11-я парковая улица земельный участок 53 (11-я парковая ул вл 53) (зона 72.3) (к39),ФОНД РЕНОВАЦИИ,Введено,ВАО,Северное Измайлово
"Восточная ул., 1",восточная ул 1,ФОНД РЕНОВАЦИИ,Строится,ЮАО,Даниловский
"улица Бехтерева, земельный участок 3/5/2",улица бехтерева земельный участок 3/5/2,ФОНД РЕНОВАЦИИ,Строится,ЮАО,Царицыно
"Ереванская ул., з/у 4",ереванская ул зу 4,ФОНД РЕНОВАЦИИ,Введено,ЮАО,Царицыно
"Кантемировская ул., 43",кантемировская ул 43,ФОНД РЕНОВАЦИИ,Введено,ЮАО,Царицыно
"ул. Кантемировская, д. 35",ул кантемировская д 35,ФОНД РЕНОВАЦИИ,Введено,ЮАО,Царицыно
"микрорайон 6 района Коньково, зона 1.3 (Введенского ул., вл. 9)",микрорайон 6 района коньково зона 1.3 (введенского ул вл 9),ФОНД РЕНОВАЦИИ,Строится,ЮЗАО,Коньково
Большая Очаковская д 45 к 1,большая очаковская д 45 к 1,ФОНД РЕНОВАЦИИ,Строится,ЗАО,Очаково-Матвеевское
"ул. Веерная, земельный участок 28А",ул веерная земельный участок 28а,ФОНД РЕНОВАЦИИ,Строится,ЗАО,Очаково-Матвеевское
Парковая уч. 7,парковая уч 7,ФОНД РЕНОВАЦИИ,Введено,СЗАО,Митино
"набережная Новикова-Прибоя, земельный участок 6/2 (Новикова Прибоя наб., вл. 6, корп.2, корп.3)",набережная новикова-прибоя земельный участок 6/2 (новикова прибоя наб. вл 6 корп2 корп3),ФОНД РЕНОВАЦИИ,Строится,СЗАО,Хорошёво-Мнёвники
Глаголева генерала ул. уч. 9,глаголева генерала ул уч 9,ФОНД РЕНОВАЦИИ,Введено,СЗАО,Хорошёво-Мнёвники
"ул. Авиационная, д. 61, корп. 2",ул авиационная д 61 корп 2,ФОНД РЕНОВАЦИИ,Введено,СЗАО,Щукино
"ул. Заводская, д. 12Б; ул. Заводская, д. 14; ул. Заводская, д. 14А; ул. Заводская, д. 16)",ул заводская д 12б ул заводская д 14 ул заводская д 14а ул заводская д 16),ФОНД РЕНОВАЦИИ,Введено,ЗелАО,Крюково
"г Зеленоград, ул Заводская 8",г зеленоград ул заводская 8,ФОНД РЕНОВАЦИИ,Введено,ЗелАО,Крюково
"Панфиловский проспект, з/у 927 (Зеленоград, вл. 927)",панфиловский проспект зу 927 (зеленоград вл 927),ФОНД РЕНОВАЦИИ,Строится,ЗелАО,Старое Крюково
"Черноморский бульвар, земельный участок 20 (участок 6.1)",черноморский бульвар земельный участок 20 (участок 6.1),ФОНД РЕНОВАЦИИ,Введено,ЮЗАО,Зюзино
"Бескудниковский бульвар, земельный участок 50",бескудниковский бульвар земельный участок 50,ФОНД РЕНОВАЦИИ,Введено,САО,Бескудниковский
"Лобненская ул., з/у9А",лобненская ул зу 9а,ФОНД РЕНОВАЦИИ,Введено,САО,Дмитровский
Михалковская ул. вл. 10,михалковская ул вл 10,ФОНД РЕНОВАЦИИ,Введено,САО,Коптево
"город Щербинка, улица 40 лет Октября, земельный участок 12",город щербинка улица 40 лет октября земельный участок 12,ФОНД РЕНОВАЦИИ,Строится,НАО,Щербинка
"переулок Старокоптевский, земельный участок 7 (Старокоптевский пер., вл. 7)",переулок старокоптевский земельный участок 7 (старокоптевский пер вл 7),ФОНД РЕНОВАЦИИ,Введено,САО,Коптево
"ул. 3-я Институтская улица, земельный участок 4/1",ул 3-я институтская улица земельный участок 4/1,ФОНД РЕНОВАЦИИ,Введено,ЮВАО,Рязанский
"ул. Тюменская, з/у 5/10",ул тюменская зу 5/10,ФОНД РЕНОВАЦИИ,Строится,ВАО,Богородское
"улица Зарайская, земельный участок 46/1 (Зарайская ул., вл. 46, корп.1 и 2,Шатурская ул. Вл. 39",улица зарайская земельный участок 46/1 (зарайская ул вл 46 корп1 и 2 шатурская ул вл 39,ФОНД РЕНОВАЦИИ,Строится,ЮВАО,Рязанский
"Михайлова ул., з/у 15",михайлова ул зу 15,ФОНД РЕНОВАЦИИ,Введено,ЮВАО,Рязанский
"шоссе Фрезер, земельный участок 17",шоссе фрезер земельный участок 17,ФОНД РЕНОВАЦИИ,Введено,ЮВАО,Нижегородский
"Плеханова ул., з/у 24А",плеханова ул зу 24а,ФОНД РЕНОВАЦИИ,Строится,ВАО,Перово
"улица 2-я Фрезерная, земельный участок 6 (2-я Фрезерная ул., вл. 6)",улица 2-я фрезерная земельный участок 6 (2-я фрезерная ул вл 6),ФОНД РЕНОВАЦИИ,Строится,ЮВАО,Нижегородский
"ул. Петра Романова, земельный участок,10",ул петра романова земельный участок 10,ФОНД РЕНОВАЦИИ,Строится,ЮВАО,Южнопортовый
"Варшавское шоссе, земельный участок 8/10 (Варшавское ш., вл. 8А-10А)",варшавское шоссе земельный участок 8/10 (варшавское ш вл 8а-10а),ФОНД РЕНОВАЦИИ,Строится,ЮАО,Донской
"Севанская ул., вл.60",севанская ул вл60,ФОНД РЕНОВАЦИИ,Введено,ЮАО,Царицыно
"г. Троицк, ул. Спортивная, з/у 1",г. троицк ул спортивная зу 1,ФОНД РЕНОВАЦИИ,Введено,ТАО,Троицк
"улица Свободы, з/у 69",улица свободы зу 69,ФОНД РЕНОВАЦИИ,Введено,СЗАО,Северное Тушино
"бульвар Яна Райниса, влд. 2, к. 2, 3",бульвар яна райниса влд. 2 к 2 3,ФОНД РЕНОВАЦИИ,Введено,СЗАО,Северное Тушино
"Амурская ул. уч. 1/19 (зоны 1.1, 1.2, 1.5)",амурская ул уч 1/19 (зоны 1.1 1.2 1.5),ФОНД РЕНОВАЦИИ,Введено,ВАО,Гольяново
Амурская зу 1/11,амурская зу 1/11,ФОНД РЕНОВАЦИИ,Введено,ВАО,Гольяново
"Заречная ул., вл.5",заречная ул вл5,ФОНД РЕНОВАЦИИ,Введено,ЗАО,Филёвский Парк
"улица Амурская, земельный участок 1/12 (участок 3.5)",улица амурская земельный участок 1/12 (участок 3.5),ФОНД РЕНОВАЦИИ,Строится,ВАО,Гольяново
Юных ленинцев ул. уч. 97/4,юных ленинцев ул уч 97/4,ФОНД РЕНОВАЦИИ,Введено,ЮВАО,Кузьминки
"Октябрьский пр-кт, д. 5",октябрьский пр-кт д 5,"АО ""ТУКС-2""",Строится,ТАО,Троицк
"ул. Бутлерова, з/у 34/2",ул бутлерова зу 34/2,ФОНД РЕНОВАЦИИ,Строится,ЮЗАО,Коньково
"Судакова ул., влд. 5",судакова ул влд. 5,ФОНД РЕНОВАЦИИ,Строится,ЮВАО,Люблино
"Барклая ул., вл.6",барклая ул вл6,ФОНД РЕНОВАЦИИ,Введено,ЗАО,Филёвский Парк
"Перовская улица, земельный участок 40А",перовская улица земельный участок 40а,ФОНД РЕНОВАЦИИ,Введено,ВАО,Перово
"ул. Юных Ленинцев, земельный участок 40/3 (зоны 2.4 и 2.7)",ул юных ленинцев земельный участок 40/3 (зоны 2.4 и 2.7),ФОНД РЕНОВАЦИИ,Введено,ЮВАО,Кузьминки
3-я Прядильная улица вл. 4,3-я прядильная улица вл 4,ФОНД РЕНОВАЦИИ,Строится,ВАО,Измайлово
Кусковская влд. 12,кусковская влд. 12,ФОНД РЕНОВАЦИИ,Введено,ВАО,Новогиреево
"улица Люблинская, земельный участок 121/1 (Люблинская улица, вл. 121/1)",улица люблинская земельный участок 121/1 (люблинская улица вл 121/1),ФОНД РЕНОВАЦИИ,Введено,ЮВАО,Люблино
"Булатниковский пр-д, земельный участок 2В/3 (Булатниковский пр-д, вл. 2В, корп. 3)",булатниковский пр-д земельный участок 2в/3 (булатниковский пр-д вл 2в корп 3),ФОНД РЕНОВАЦИИ,Введено,ЮАО,Бирюлёво Западное
"ул. Велозаводская, з.у. 2",ул велозаводская з.уч 2,ФОНД РЕНОВАЦИИ,Строится,ЮАО,Даниловский
"1-й Очаковский переулок, земельный участок 4А",1-й очаковский переулок земельный участок 4а,ФОНД РЕНОВАЦИИ,Строится,ЗАО,Очаково-Матвеевское
"Севастопольский проспект, земельный участок 46/7",севастопольский проспект земельный участок 46/7,ФОНД РЕНОВАЦИИ,Введено,ЮЗАО,Черёмушки
"Бехтерева ул., з/у 25/49/1",бехтерева ул зу 25/49/1,ФОНД РЕНОВАЦИИ,Введено,ЮАО,Царицыно
Кутузовский пр-т д. 78,кутузовский пр-т д 78,ФОНД РЕНОВАЦИИ,Строится,ЗАО,Фили-Давыдково
"Изумрудная ул., з/у 44/2",изумрудная ул зу 44/2,ФОНД РЕНОВАЦИИ,Введено,СВАО,Лосиноостровский
"Рязанский проспект, земельный участок 49",рязанский проспект земельный участок 49,ФОНД РЕНОВАЦИИ,Введено,ЮВАО,Рязанский
"улица Краснодарская, земельный участок 8 (Краснодарская ул., вл. 8)",улица краснодарская земельный участок 8 (краснодарская ул вл 8),ФОНД РЕНОВАЦИИ,Строится,ЮВАО,Люблино
"ул. Краснодарская, вл. 16, ул. Краснодонская, вл.18/18, ул. Краснодонская, вл. 20, ул. Краснодарская, земельный участок 18 (Краснодарская ул., вл. 18)",ул краснодарская вл 16 ул краснодонская вл18/18 ул краснодонская вл 20 ул краснодарская земельный участок 18 (краснодарская ул вл 18),ФОНД РЕНОВАЦИИ,Введено,ЮВАО,Люблино
"улица Лобачевского, земельный участок 50 (кв. 32-33, 34-35, Проспект Вернадского, вл. 74/50, зона 13.1)",улица лобачевского земельный участок 50 (кв. 32-33 34-35 проспект вернадского вл 74/50 зона 13.1),АНО РСИО,Строится,ЗАО,Проспект Вернадского
"улица Гарибальди, земельный участок 17 (участок 1.2)",улица гарибальди земельный участок 17 (участок 1.2),ФОНД РЕНОВАЦИИ,Введено,ЮЗАО,Черёмушки
"улица Константинова, земельный участок 2",улица константинова земельный участок 2,ФОНД РЕНОВАЦИИ,Строится,СВАО,Алексеевский
"Профсоюзная ул., з/у 32/1 (уч.7.1)",профсоюзная ул зу 32/1 (уч 7.1),ФОНД РЕНОВАЦИИ,Введено,ЮЗАО,Черёмушки
"улица Плющева, земельный участок 9А",улица плющева земельный участок 9а,ФОНД РЕНОВАЦИИ,Строится,ВАО,Перово
Парковая 15-я ул. уч. 46/1,парковая 15-я ул уч 46/1,ФОНД РЕНОВАЦИИ,Введено,ВАО,Северное Измайлово
"15-я Парковая улица, земельный участок 42",15-я парковая улица земельный участок 42,ФОНД РЕНОВАЦИИ,Строится,ВАО,Северное Измайлово
"Криворожская ул., з/у 1/3/5",криворожская ул зу 1/3/5,ФОНД РЕНОВАЦИИ,Строится,ЮАО,Нагорный
"проспект Будённого, вл. 51",проспект буденного вл 51,"АНО ""РСИ""",Строится,ВАО,Соколиная Гора
"улица Профсоюзная, земельный участок 60 (участок 3.2)",улица профсоюзная земельный участок 60 (участок 3.2),ФОНД РЕНОВАЦИИ,Строится,ЮЗАО,Обручевский
"Симферопольский пр., влд.7, стр. 1",симферопольский пр влд.7 стр 1,ФОНД РЕНОВАЦИИ,Введено,ЮАО,Нагорный
"улица Матросова, земельный участок 29/1 (Матросова ул., вл. 21-29)",улица матросова земельный участок 29/1 (матросова ул вл 21-29),ФОНД РЕНОВАЦИИ,Строится,ЗАО,Солнцево
"улица Гарибальди, дом 26, корпус 2",улица гарибальди дом 26 корпус 2,ФОНД РЕНОВАЦИИ,Введено,ЮЗАО,Обручевский
Гарибальди ул. уч. 22,гарибальди ул уч 22,ФОНД РЕНОВАЦИИ,Строится,ЮЗАО,Обручевский
"улица Кржижановского, земельный участок 31/1 (Кржижановского ул., вл. 31)",улица кржижановского земельный участок 31/1 (кржижановского ул вл 31),ФОНД РЕНОВАЦИИ,Строится,ЮЗАО,Котловка
"Долгопрудная, з/у 3/5",долгопрудная зу 3/5,ФОНД РЕНОВАЦИИ,Введено,САО,Дмитровский
"Булатниковский пр., з/у 2Б, вл.2Б",булатниковский пр зу 2б вл2б,ФОНД РЕНОВАЦИИ,Введено,ЮАО,Бирюлёво Западное
"внутригородская территория муниципальный округ Нагатинский затон, улица Речников, земельный участок 18/1, 18/2",внутригородская территория муниципальный округ нагатинский затон улица речников земельный участок 18/1 18/2,ФОНД РЕНОВАЦИИ,Строится,ЮАО,Нагатинский Затон
"ул. Хлобыстова, земельный участок 16/2/1",ул хлобыстова земельный участок 16/2/1,ФОНД РЕНОВАЦИИ,Строится,ЮВАО,Выхино-Жулебино
"ул. Героев Панфиловцев, вл. 39, корпус 2",ул героев панфиловцев вл 39 корпус 2,ФОНД РЕНОВАЦИИ,Введено,СЗАО,Северное Тушино
Дмитровское шоссе уч. 89,дмитровское шоссе уч 89,ФОНД РЕНОВАЦИИ,Строится,САО,Бескудниковский
"поселок Шишкин Лес, земельный участок 5 (пос. Шишкин Лес, зона 6.2)",поселок шишкин лес земельный участок 5 (пос шишкин лес зона 6.2),ФОНД РЕНОВАЦИИ,Строится,ТАО,Краснопахорский
"Ташкентская ул., з/у 15А (уч. 1.1,1.7)",ташкентская ул зу 15а (уч 1.1 1.7),ФОНД РЕНОВАЦИИ,Введено,ЮВАО,Выхино-Жулебино
"улица Херсонская, земельный участок 14 (участок 1.4)",улица херсонская земельный участок 14 (участок 1.4),ФОНД РЕНОВАЦИИ,Строится,ЮЗАО,Зюзино
ул. Онежская з/у 33,ул онежская зу 33,ФОНД РЕНОВАЦИИ,Введено,САО,Головинский
"ул. Люблинская, земельный участок 111/2/1",ул люблинская земельный участок 111/2/1,ФОНД РЕНОВАЦИИ,Введено,ЮВАО,Люблино
"улица Ставропольская, земельный участок 7",улица ставропольская земельный участок 7,ФОНД РЕНОВАЦИИ,Строится,ЮВАО,Люблино
"Сиреневый бульвар, земельный участок 4/12А (з/у 4/9,участок 6.1)",сиреневый бульвар земельный участок 4/12а (зу 4/9 участок 6.1),ФОНД РЕНОВАЦИИ,Введено,ВАО,Измайлово
"Волгоградский просп., з/у 161/2",волгоградский просп. зу 161/2,ФОНД РЕНОВАЦИИ,Введено,ЮВАО,Кузьминки
"Вернадского просп., з/у 75",вернадского просп. зу 75,ФОНД РЕНОВАЦИИ,Введено,ЗАО,Проспект Вернадского
"Варшавское ш., вл. 219, стр. 3",варшавское ш вл 219 стр 3,"ООО ""ЭНЕРГОТЕПЛОКАПИТАЛ""",Введено,ЮЗАО,Южное Бутово
район Филевский Парк,район филевский парк,"ГКУ ""УДМС""",Строится,ЗАО,Филёвский Парк
"улица Нижние Мнёвники, 3 ст.1",улица нижние мневники 3 ст.1,"ГКУ ""УДМС""",Строится,СЗАО,Хорошёво-Мнёвники
территории застройки Мневниковской поймы,территории застройки мневниковской поймы,"ГКУ ""УДМС""",Строится,СЗАО,Хорошёво-Мнёвники
"Главмосстроя ул., вл.1",главмосстроя ул вл1,КП УГС,Введено,ЗАО,Солнцево
"Мневниковская пойма, район Хорошёво-Мнёвники",мневниковская пойма район хорошево-мневники,"ГКУ ""УДМС""",Строится,СЗАО,Хорошёво-Мнёвники
"Климашкина ул., вл. 7/11, стр. 1",климашкина ул вл 7/11 стр 1,"ОБЩЕСТВО С ОГРАНИЧЕННОЙ ОТВЕТСТВЕННОСТЬЮ ""МР ГРУПП""",Строится,ЦАО,Пресненский
пос. Шишкин Лес,пос шишкин лес,МОСВОДОКАНАЛ,Введено,ТАО,Краснопахорский
"Б. Черемушкинская ул., вл. 25",б. черемушкинская ул вл 25,ФОНД РЕНОВАЦИИ,Строится,ЮЗАО,Котловка
"ул. Офицерская, земельный участок 5",ул офицерская земельный участок 5,ХК ГВСУ ЦЕНТР,Строится,НАО,Троицк
Шумилова ул. уч. 26,шумилова ул уч 26,ФОНД РЕНОВАЦИИ,Введено,ЮВАО,Кузьминки
"Суворовская улица, земельный участок 2А/1 (ул. Суворовская, вл. 2/1, корп. 3)",суворовская улица земельный участок 2а/1 (ул суворовская вл 2/1 корп 3),ФОНД РЕНОВАЦИИ,Строится,ВАО,Преображенское
"Суворовская улица, земельный участок 2А/1 (ул. Суворовская, вл. 2/1, корп. 4)",суворовская улица земельный участок 2а/1 (ул суворовская вл 2/1 корп 4),ФОНД РЕНОВАЦИИ,Строится,ВАО,Преображенское
"ул. Оренбургская, земельный участок 30 (ул. Оренбургская, вл. 30)",ул оренбургская земельный участок 30 (ул оренбургская вл 30),ФОНД РЕНОВАЦИИ,Введено,ВАО,Косино-Ухтомский
"5-я Кожуховская улица, земельный участок 33 (ул. 5-я Кожуховская, вл. 33)",5-я кожуховская улица земельный участок 33 (ул 5-я кожуховская вл 33),ФОНД РЕНОВАЦИИ,Строится,ЮВАО,Южнопортовый
"4-й Вешняковский проезд, земельный участок 5/1",4-й вешняковский проезд земельный участок 5/1,ФОНД РЕНОВАЦИИ,Строится,ЮВАО,Рязанский
"1-й квартал Капотни, земельный участок 4 (1-й квартал Капотни, вл. 4)",1-й квартал капотни земельный участок 4 (1-й квартал капотни вл 4),ФОНД РЕНОВАЦИИ,Строится,ЮВАО,Капотня
"улица 2-я Синичкина, земельный участок 9",улица 2-я синичкина земельный участок 9,ФОНД РЕНОВАЦИИ,Строится,ЮВАО,Лефортово
"поселение Кокошкино, дачный поселок Кокошкино, улица Труда, земельный участок 1 (ул. Труда, вл.1, 2, 3, 4)",поселение кокошкино дачный поселок кокошкино улица труда земельный участок 1 (ул труда вл1 2 3 4),ФОНД РЕНОВАЦИИ,Строится,НАО,Внуково
"ул. Матвеевская, земельный участок 20/1 (Матвеевская ул., вл. 20-1, 24)",ул матвеевская земельный участок 20/1 (матвеевская ул вл 20-1 24),ФОНД РЕНОВАЦИИ,Строится,ЗАО,Очаково-Матвеевское
"ул. Авиамоторная, вл. 21, 23",ул авиамоторная вл 21 23,ФОНД РЕНОВАЦИИ,Строится,ЮВАО,Лефортово
"ул. Синичкина 2-я, д. 15; ул. Синичкина 2-я, д. 17",ул синичкина 2-я д 15 ул синичкина 2-я д 17,ФОНД РЕНОВАЦИИ,Строится,ЮВАО,Лефортово
"ул. Давыдковская, вл. 10А",ул давыдковская вл 10а,КП УГС,Строится,ЗАО,Фили-Давыдково
"улица Пехорская, земельный участок 1Б",улица пехорская земельный участок 1б,ОЭЗ ТЕХНОПОЛИС МОСКВА,Введено,ВАО,Косино-Ухтомский
"Некрасовка, улица Маресьева, земельный участок 9",некрасовка улица маресьева земельный участок 9,ОЭЗ ТЕХНОПОЛИС МОСКВА,Введено,ЮВАО,Некрасовка
