address_key,address,object_count,registries,statuses,developers,okrug,district,lat,lon,coord_source,precision,has_coords
1-ая мясниковская улица земельный участок 16а (участок 2.1),"1-ая Мясниковская улица, земельный участок 16А (участок 2.1)",1,rv,Введено,ФОНД РЕНОВАЦИИ,ВАО,Богородское,55.81164245,37.7153353,manual_exact,exact,True
1-й боткинский проезд участок 28,"1-й Боткинский проезд, участок 28",2,oks,Строится,"ООО СЗ ""ЭНИМЕРОЗИ""",САО,Беговой,55.7828983,37.563588,district_centroid,approximate,True
1-й волоколамский пр-д влд. 7 корп 1,"1-й Волоколамский пр-д, влд. 7, корп. 1",1,oks,Строится,ФОНД РЕНОВАЦИИ,СЗАО,Щукино,55.8051302,37.4803087,district_centroid,approximate,True
1-й грайвороновский проезд,1-й Грайвороновский проезд,1,rv,Введено,ПИК,ЮВАО,Текстильщики,55.71955,37.7269049,nominatim,secondary,True
1-й грайвороновский проезд вл 3,"1-й Грайвороновский проезд, вл. 3",6,oks; rv,Строится; Введено,ПИК,ЮВАО,Текстильщики,55.719618,37.723011,geometry,,True
1-й грайвороновский проезд вл 3а,"1-й Грайвороновский проезд, вл. 3А",2,rv,Введено,ПИК,ЮВАО,Текстильщики,55.7213387,37.725135,nominatim,secondary,True
1-й иртышский проезд вл 3 (улица тагильская земельный участок 6/5),"1-й Иртышский проезд, вл. 3 (улица Тагильская, земельный участок 6/5)",1,oks,Строится,БРУСНИКА,ВАО,Метрогородок,55.8171965,37.7595835,district_centroid,approximate,True
1-й квартал капотни земельный участок 4 (1-й квартал капотни вл 4),"1-й квартал Капотни, земельный участок 4 (1-й квартал Капотни, вл. 4)",2,oks,Строится,ФОНД РЕНОВАЦИИ,ЮВАО,Капотня,56.0127537,37.1666193,district_centroid,approximate,True
1-й кирпичный земельный участок 17а/17,"1-й Кирпичный, земельный участок 17А/17",1,rv,Введено,РГ-ДЕВЕЛОПМЕНТ,ВАО,Соколиная Гора,55.7654052,37.7370939,manual_exact,exact,True
1-й кирпичный пер земельный участок 17а/17 ( вао: район гольяново ),"1-й Кирпичный пер., земельный участок 17А/17 ( ВАО: район Гольяново )",1,oks,Строится,РГ-ДЕВЕЛОПМЕНТ,ВАО,Соколиная Гора,55.7654052,37.7370939,district_centroid,approximate,True
1-й котляковский переулок дом 2а корпус 2,"1-й Котляковский переулок, дом 2А, корпус 2",4,rv,Введено,"АО ""МОСКВОРЕЦКОЕ""",ЮАО,Москровечье-Сабурово,55.64891065,37.65195075,manual_exact,exact,True
1-й котляковский переулок дом 4 корпус 1 корпус 2,"1-й Котляковский переулок, дом 4, корпус 1, корпус 2",2,rv,Введено,PIONEER,ЮАО,Москворечье-Сабурово,55.6457793,37.6342936,manual_exact,exact,True
1-й красногвардейский пр,1-й Красногвардейский пр.,1,oks,Строится,УЭЗ,ЦАО,Пресненский,55.7524629,37.5417642,nominatim,tertiary,True
1-й красногвардейский проезд д 22 стр 2,"1-й Красногвардейский проезд, д. 22, стр. 2",1,rv,Введено,"АО ""РЕНКОНС""",ЦАО,Пресненский,55.7580051,37.5654894,manual_exact,exact,True
1-й красносельский переулок вл 15/17,"1-й Красносельский переулок, вл. 15/17",1,oks,Строится,ПАТЕКСТРОЙАРСЕНАЛ МГ,ЦАО,Красносельский,55.7778643,37.6749192,district_centroid,approximate,True
1-й курьяновский проезд д15,"1-й Курьяновский проезд, д.15",4,oks,Строится,"ООО ""ГРИНТЕХ""",ЮВАО,Печатники,55.6563027,37.6999999,nominatim,residential,True
1-й курьяновский проезд дом 15 курьяновские очистные сооружения,"1-й Курьяновский проезд, дом 15, Курьяновские очистные сооружения",1,oks,Строится,МОСВОДОКАНАЛ,ЮВАО,Печатники,55.6990676,37.6984857,district_centroid,approximate,True
1-й магистральный пр-д д 9 стр 6,"1-й Магистральный пр-д, д. 9, стр. 6",1,rv,Введено,ПАНАВТО,САО,Хорошевский,55.7953866,37.504053,manual_exact,exact,True
1-й магистральный пр-д д9,"1-й Магистральный пр-д, д.9",1,rv,Введено,СЕВЕРУС,САО,Хорошевский,55.7953866,37.504053,manual_exact,exact,True
1-й магистральный тупик вл 6а,"1-й Магистральный тупик, вл. 6а",1,rv,Введено,"ООО ""СК АЛГОРИТМ""",САО,Хорошёвский,55.7665796,37.531483,nominatim,tertiary,True
1-й нагатинский пр вл 10,"1-й Нагатинский пр., вл. 10",1,rv,Введено,"ООО ""НЬЮТОН ПЛАЗА""",ЮАО,Нагатинский Затон,55.6821432,37.6338874,nominatim,tertiary,True
1-й очаковский переулок земельный участок 4а,"1-й Очаковский переулок, земельный участок 4А",1,oks,Строится,ФОНД РЕНОВАЦИИ,ЗАО,Очаково-Матвеевское,55.6907105,37.443805,district_centroid,approximate,True
1-й сетуньский проезд вл 6-10,"1-й Сетуньский проезд, вл. 6-10",1,rv,Введено,DOMINANTA,ЗАО,Раменки,55.7010074,37.5041069,manual_exact,exact,True
1-й тружеников пер вл 12,"1-й Тружеников пер., вл. 12",1,rv,Введено,COLDY,ЦАО,Хамовники,55.72162725,37.5633727,manual_exact,exact,True
1-й тружеников пер вл 4 4/1 4/2,"1-й Тружеников пер., вл. 4, 4/1, 4/2",1,oks,Строится,"ЗАО ""М-ЛАЗЕР""",ЦАО,Хамовники,55.72162725,37.5633727,district_centroid,approximate,True
1-я владимирская ул вл 47,"1-я Владимирская ул., вл. 47",1,rv,Введено,ФОНД РЕНОВАЦИИ,ВАО,Перово,55.7460611,37.7814027,nominatim,secondary,True
1-я дубровская ул влд.13а,"1-я Дубровская ул., влд.13А",1,oks,Строится,КИЕВСКАЯ ПЛОЩАДЬ,ЮАО,Южнопортовый,55.7236223,37.6824575,district_centroid,approximate,True
1-я напрудная дом 15а,1-я Напрудная Дом 15А,1,rv,Введено,"ГБУ ""ДИРЕКЦИЯ РАЗВИТИЯ ОБЪЕКТОВ ЗДРАВООХРАНЕНИЯ ГОРОДА МОСКВЫ""",СВАО,Лосиноостровский,55.8641682,37.6872725,manual_exact,exact,True
1-я сестрорецкая улица 6б,"1-я Сестрорецкая улица, 6Б",1,rv,Введено,"АНО ""РСИ""",САО,Молжаниновский,55.9407815,37.3549008,nominatim,kindergarten,True
1-я ул ямского поля влд. 28 стр 3,"1-я ул. Ямского Поля, влд. 28, стр. 3",1,rv,Введено,GLORAX,САО,Беговой,55.7828983,37.563588,manual_exact,exact,True
1-я улица бухвостова вл 12/11,"1-я улица Бухвостова, вл. 12/11",1,oks,Строится,РЕГИОНЫ-ДЕВЕЛОПМЕНТ,ВАО,Преображенское,55.79672395,37.7208723,district_centroid,approximate,True
1-я улица ямского поля вл 17,"1-я улица Ямского поля, вл. 17",1,oks,Строится,"АО ""ВПЕРЁД ДВЛ""",САО,Беговой,55.7816602,37.5840668,nominatim,unclassified,True
1-я улица ямского поля вл 30,"1-я улица Ямского Поля, вл. 30",1,oks,Строится,STONE,САО,Беговой,55.7816602,37.5840668,nominatim,unclassified,True
1-я фрезерная ул вл 2/1,"1-я Фрезерная ул., вл. 2/1",2,oks,Строится,ГРАНЕЛЬ,ЮВАО,Нижегородский,55.7297194,37.7095577,district_centroid,approximate,True
11-я парковая ул вл 53,"11-я Парковая ул., вл. 53",1,rv,Введено,ФОНД РЕНОВАЦИИ,ВАО,Северное Измайлово,55.809044,37.8047968,nominatim,residential,True
11-я парковая ул земельный участок 55/1,"11-я Парковая ул., земельный участок 55/1",1,rv,Введено,ФОНД РЕНОВАЦИИ,ВАО,Северное Измайлово,55.8065524,37.7977201,manual_exact,exact,True
111 кв-л д 1а строен 1,"111 кв-л, д 1А, строен 1",1,rv,Введено,А101,НАО,Коммунарка,55.581794,37.448441,manual_exact,exact,True
13-я парковая улица дом 35 а,"13-я Парковая улица, дом 35 А",1,rv,Введено,ЛИСТПРОМСТРОЙ,ВАО,Северное Измайлово,55.8065524,37.7977201,manual_exact,exact,True
14-ый километр мкад,14-ый километр МКАД,1,rv,Введено,КИЕВСКАЯ ПЛОЩАДЬ,ЮВАО,Капотня,56.0127537,37.1666193,manual_exact,exact,True
142704 г. москва поселок мосрентген институтский проезд вл 9с2,"142704 г. Москва, поселок Мосрентген, Институтский проезд вл 9с2",1,oks,Строится,ИНДИВИДУАЛЬНЫЕ ПРЕДПРИНИМАТЕЛИ,НАО,Коммунарка,55.581794,37.448441,district_centroid,approximate,True
15-я парковая улица дом 46 корпус 5,"15-я Парковая улица, дом 46, корпус 5",1,rv,Введено,ФОНД РЕНОВАЦИИ,ВАО,Северное Измайлово,55.8065524,37.7977201,manual_exact,exact,True
15-я парковая улица земельный участок 42,"15-я Парковая улица, земельный участок 42",1,oks,Строится,ФОНД РЕНОВАЦИИ,ВАО,Северное Измайлово,55.8065524,37.7977201,district_centroid,approximate,True
17-й проезд марьиной вл9,17-й проезд Марьиной вл.9,1,oks,Строится,"ООО ""НЬЮ СТАРС МЕДИА ТВ""",СВАО,Марьина Роща,55.798009,37.6064327,district_centroid,approximate,True
2-й боткинский проезд д 5,"2-й Боткинский проезд, д. 5",3,rv,Введено,"АНО ""РСИ""",САО,Беговой,55.7828983,37.5530579,nominatim,tertiary,True
2-й вражский переулок вл 8 стр 2,"2-й Вражский переулок, вл. 8, стр. 2",1,oks,Строится,CAPITAL GROUP,ЦАО,Хамовники,55.72162725,37.5633727,district_centroid,approximate,True
2-й грайвороновский проезд д 38 корп 1 корп 2,"2-Й ГРАЙВОРОНОВСКИЙ ПРОЕЗД, Д. 38, КОРП. 1, КОРП. 2",1,rv,Введено,"ЗАО ""ПРЕДПРИЯТИЕ МС""",ЮВАО,Рязанский,55.722711,37.77755000000001,manual_exact,exact,True
2-й грайвороновский проезд д 42 корп 1,"2-Й ГРАЙВОРОНОВСКИЙ ПРОЕЗД, Д. 42, КОРП. 1",1,rv,Введено,"ЗАО ""ВЕКТОРСТРОЙФИНАНС""",ЮВАО,Рязанский,55.722711,37.77755000000001,manual_exact,exact,True
2-й грайвороновский проезд д 44 корпус 2,"2-й Грайвороновский проезд, д. 44, корпус 2",1,rv,Введено,"ЗАО ""ВЕКТОРСТРОЙФИНАНС""",ЮВАО,Рязанский,55.722711,37.77755000000001,manual_exact,exact,True
2-й донской проезд. вл 10 (ул орджоникидзе вл 10),"2-й Донской проезд. вл. 10 (ул. Орджоникидзе, вл. 10)",1,oks,Строится,PIONEER,ЮАО,Донской,55.710923,37.591774,geometry,,True
2-й иртышский проезд влд. 8,"2-й Иртышский проезд, влд. 8",1,oks,Строится,ПИК,ВАО,Гольяново,55.8073766,37.7566198,district_centroid,approximate,True
2-й казачий пер д 5,"2-Й КАЗАЧИЙ ПЕР., Д. 5",1,rv,Введено,"ООО ""АКВИЛОН-ЭСТЕЙТ""",ЦАО,Якиманка,55.7425825,37.6157213,manual_exact,exact,True
2-й капотнинский пр-д зу 1,"2-й Капотнинский пр-д, з/у1",1,rv,Введено,"ООО ""АЛЬФА""",ЮВАО,Капотня,56.0127537,37.1666193,manual_exact,exact,True
2-й кв. капотня вл 21,"2-й кв. Капотня, вл. 21",1,rv,Введено,ФОНД РЕНОВАЦИИ,ЮВАО,Капотня,56.0127537,37.1666193,manual_exact,exact,True
2-й квартал вл 1,"2-й Квартал, вл. 1",1,rv,Введено,ГАЗПРОМ,ЮВАО,Капотня,56.0127537,37.1666193,nominatim,locality,True
2-й квартал вл1,"2-й квартал, вл.1",1,oks,Строится,ГАЗПРОМ,ЮВАО,Капотня,56.0127537,37.1666193,nominatim,locality,True
2-й кожуховский вл 29,"2-й Кожуховский, вл. 29",1,oks,Строится,ТехноСтройМонолит,ЮАО,Даниловский,55.711814,37.6597584,district_centroid,approximate,True
2-й котляковский пер 25/5,"2-й Котляковский пер., 25/5",1,rv,Введено,PIONEER,ЮАО,Москворечье-Сабурово,55.6457793,37.6342936,nominatim,unclassified,True
2-й котляковский пер влд.1 влд.1 стр10 каширский проезд вл 25,"2-й Котляковский пер., влд.1, влд.1, стр.10, Каширский проезд вл. 25",4,oks,Строится,PIONEER,ЮАО,Москворечье-Сабурово,55.6457793,37.6342936,district_centroid,approximate,True
2-й котляковский пер уч 1/1б,"2-й Котляковский пер., уч. 1/1Б",1,rv,Введено,PIONEER,ЮАО,Москворечье-Сабурово,55.6457793,37.6342936,manual_exact,exact,True
2-й котляковский переулок,2-й Котляковский переулок,1,oks,Строится,PIONEER,ЮАО,Москворечье-Сабурово,55.6457793,37.6342936,nominatim,unclassified,True
2-й котляковский переулок земельный участок 1/10 вл 1 стр 37 вл 1 стр 3,"2-й Котляковский переулок, земельный участок 1/10, вл. 1 стр. 37, вл. 1 стр. 3",2,oks,Строится,PIONEER,ЮАО,Москворечье-Сабурово,55.6457793,37.6342936,district_centroid,approximate,True
2-й красногвардейский проезд,2-й Красногвардейский проезд,1,oks,Строится,"ООО СЗ ""СТРАНА СИТИ""",ЦАО,Пресненский,55.7523543,37.5343033,nominatim,tertiary_link,True
2-й лихачевский переулок зу 4,"2-й Лихачевский переулок, з/у 4",1,rv,Введено,ФОНД РЕНОВАЦИИ,САО,Головинский,55.84324995,37.49734265,manual_exact,exact,True
2-й мосфильмовский пер,2-й Мосфильмовский пер.,1,rv,Введено,ОЙКУМЕНА,ЗАО,Раменки,55.7233253,37.5241626,nominatim,residential,True
2-й нагатинский проезд вл 2/3,"2-й Нагатинский проезд, вл. 2/3",1,oks,Строится,ПИК,ЮАО,Нагатино-Садовники,55.6778915,37.641678,geometry,,True
2-й обыденский переулок земельный участок 5 земельный участок7,"2-й Обыденский переулок, земельный участок 5, земельный участок7",1,oks,Строится,VESTA Development,ЦАО,Хамовники,55.72162725,37.5633727,district_centroid,approximate,True
2-й павелецкий проезд вл 4/6,"2-й Павелецкий проезд, вл. 4/6",2,oks,Строится,ПИК; Forma,ЮАО,Даниловский,55.711814,37.6597584,district_centroid,approximate,True
2-й переулок петра алексеева д 5,"2-й переулок Петра Алексеева, д. 5",1,rv,Введено,SMINEX (ранее INGRAD),ЗАО,Можайский,55.7015105,37.3937955,manual_exact,exact,True
2-й силикатный проезд вл13,"2-й Силикатный проезд, вл.13",1,oks,Строится,SEZAR GROUP,СЗАО,Хорошёво-Мнёвники,55.7685777,37.5068738,nominatim,tertiary,True
2-й хорошевский проезд вл 7,"2-й Хорошевский проезд, вл. 7",1,oks,Строится,ФСК,САО,Хорошёвский,55.7744098,37.532132,nominatim,tertiary,True
2-й хорошевский проезд зем. участок 7/4,"2-й Хорошевский проезд, зем. участок 7/4",1,oks,Строится,SEZAR GROUP,САО,Хорошёвский,55.7801228,37.5325428,district_centroid,approximate,True
2-й хорошевский проезд земельный участок 7/2,"2-й Хорошевский проезд, земельный участок 7/2",1,oks,Строится,SEZAR GROUP,САО,Хорошёвский,55.7801228,37.5325428,district_centroid,approximate,True
2-й хорошевский проезд земельный участок 7/5,"2-й Хорошёвский проезд, земельный участок 7/5",1,oks,Строится,SEZAR GROUP,САО,Хорошёвский,55.7801228,37.5325428,district_centroid,approximate,True
2-й южнопортовый пр д 26а,"2-й Южнопортовый пр., д. 26А",1,rv,Введено,"ООО ""ЗДИ""",ЮВАО,Печатники,55.703159,37.6974831,nominatim,residential,True
2-й южнопортовый проезд,2-й Южнопортовый проезд,3,oks,Строится,"ГКУ ""УДМС""",ЮВАО,Печатники,55.703159,37.6974831,nominatim,residential,True
2-й южнопортовый проезд 35с1,"2-й Южнопортовый проезд, 35с1",1,oks,Строится,"ГКУ ""УДМС""",ЮВАО,Печатники,55.7031233,37.6984857,nominatim,yes,True
2-й южнопортовый проезд вл 10,"2-й Южнопортовый проезд, вл. 10",1,oks,Строится,,ЮВАО,Печатники,55.6990676,37.6984857,district_centroid,approximate,True
2-й южнопортовый проезд вл 26а,"2-й Южнопортовый проезд, вл. 26А",1,oks,Строится,"ООО ""ЗДИ""",ЮВАО,Печатники,55.6990676,37.6849685,nominatim,residential,True
2-ой котляковский пер вл1 стр37,"2-ой Котляковский пер. вл.1, стр.37",1,oks,Строится,ПИК,ЮАО,Москворечье-Сабурово,55.6457793,37.6342936,district_centroid,approximate,True
2-я владимирская дом 13 корпус 1,2-я Владимирская Дом 13 Корпус 1,1,rv,Введено,ФОНД РЕНОВАЦИИ,ВАО,Перово,55.7468432,37.7887908,manual_exact,exact,True
2-я владимирская улица земельный участок 28/30,"2-я Владимирская улица, земельный участок 28/30",1,oks,Строится,ФОНД РЕНОВАЦИИ,ВАО,Перово,55.7468432,37.7887908,district_centroid,approximate,True
2-я вольская д 30,"2-я Вольская, д. 30",11,oks,Строится,"ООО ""ГРИНТЕХ""",ЮВАО,Некрасовка,55.6883621,37.9289173,nominatim,service:fallback,True
2-я вольская д 31,"2-я Вольская, д. 31",1,oks,Строится,"ООО ""ГРИНТЕХ""",ЮВАО,Некрасовка,55.6883621,37.9289173,district_centroid,approximate,True
2-я гражданская ул д8,"2-я Гражданская ул., д.8",1,rv,Введено,КП УГС,ВАО,Богородское,55.8113377,37.7045703,nominatim,residential,True
2-я дубровская улица земельный участок 1,"2-я Дубровская улица, земельный участок 1",1,oks,Строится,ФОНД РЕНОВАЦИИ,ЦАО,Таганский,55.75004445,37.6571372,district_centroid,approximate,True
2-я институтская вл 6,"2-я Институтская, вл. 6",1,rv,Введено,ПИК,ЮВАО,Рязанский,55.722711,37.77755000000001,manual_exact,exact,True
2-я пугачевская улица д 12а,"2-я Пугачёвская улица, д. 12А",1,rv,Введено,КП УГС,ВАО,Преображенское,55.791689000000005,37.725764999999996,geometry_permit,,True
2-я ул машиностроения д 3,"2-я ул. Машиностроения, д. 3",2,rv,Введено,"ООО ""ЖИЛСПЕЦПРОЕКТ""",ЮВАО,Южнопортовый,55.7193959,37.6950746,nominatim,primary,True
2-я хуторская ул влд.34,"2-я Хуторская ул., влд.34",1,rv,Введено,MR GROUP,САО,Савёловский,55.75312215,37.5957454,manual_exact,exact,True
20 кв. района некрасовка между ул сочинская и ул маресьева,20 кв. района Некрасовка между ул. Сочинская и ул. Маресьева,1,rv,Введено,"АНО ""МОСПРОМ""",ЮВАО,Некрасовка,55.6883621,37.9289173,manual_exact,exact,True
21 км калужского шоссе вл 3а пос газопровод уч 701,"21 км Калужского шоссе, вл. 3А, пос. Газопровод, уч. 701",1,oks,Строится,ИНГКА СЕНТЕРС РУС ПРОПЕРТИ (ИКЕА),НАО,Коммунарка,55.581794,37.448441,district_centroid,approximate,True
25-26 км мкад,25-26 км МКАД,5,oks,Строится,БРУСНИКА,ЮАО,Бирюлёво Восточное,55.6234134,37.7935045,nominatim,trunk,True
3-й балтийский переулок вл 5,"3-й Балтийский переулок, вл. 5",1,oks,Строится,ALCON,САО,Аэропорт,55.8123124,37.526358,nominatim,residential,True
3-й колобовский переулок д16 стр6,"3-й Колобовский переулок, д.16, стр.6",1,oks,Строится,МВД РОССИИ,ЦАО,Тверской,55.7787255,37.5996357,district_centroid,approximate,True
3-й нижнелихоборский пр вл 1 ( тимирязевский),"3-й Нижнелихоборский пр., вл. 1 (, Тимирязевский)",1,rv,Введено,ПИК,САО,Тимирязевский,55.8452897,37.5620884,manual_exact,exact,True
3-й нижнелихоборский проезд,3-й Нижнелихоборский проезд,1,rv,Введено,ПИК,САО,Тимирязевский,55.8452897,37.5620884,nominatim,secondary,True
3-й нижнелихоборский проезд 1,"3-й Нижнелихоборский проезд, 1",2,oks,Строится,ПРАВОСЛАВИЕ,ЗАО,Можайский,55.8463392,37.5717902,nominatim,apartments,True
3-й нижнелихоборский проезд вл 5 стр 1,"3-й Нижнелихоборский проезд, вл. 5, стр. 1",1,oks,Строится,ФОНД РЕНОВАЦИИ,САО,Тимирязевский,55.8452897,37.5620884,district_centroid,approximate,True
3-й новомихалковский пр вл8 корп1,"3-й Новомихалковский пр., вл.8, корп.1",1,rv,Введено,ФОНД РЕНОВАЦИИ,САО,Коптево,55.8305705,37.5234607,manual_exact,exact,True
3-й сетуньский проезд земельный участок 10,"3-й Сетуньский проезд, земельный участок 10",1,oks,Строится,DOMINANTA,ЗАО,Раменки,55.7010074,37.5041069,district_centroid,approximate,True
3-й силикатный проезд,3-й Силикатный проезд,1,oks,Строится,MR GROUP,СЗАО,Хорошёво-Мнёвники,55.7703551,37.5043505,nominatim,tertiary,True
3-й силикатный проезд вл 10,"3-й Силикатный проезд, вл. 10",1,oks,Строится,MR GROUP,СЗАО,Хорошёво-Мнёвники,55.765528,37.4972546,district_centroid,approximate,True
3-й силикатный проезд земельный участок 6/1,"3-й Силикатный проезд, земельный участок 6/1",1,oks,Строится,LEVEL GROUP,СЗАО,Хорошёво-Мнёвники,55.765528,37.4972546,district_centroid,approximate,True
3-й силикатный проезд зу 1,"3-й Силикатный проезд, з/у 1",1,oks,Строится,SEZAR GROUP,СЗАО,Хорошёво-Мнёвники,55.7703551,37.5043505,nominatim,tertiary,True
3-й хорошевский проезд вл 3а,"3-й Хорошёвский проезд, вл. 3А",3,oks,Строится,ФСК,САО,Хорошёвский,55.773304,37.5387545,nominatim,residential,True
3-й хорошевский проезд вл 5,"3-й Хорошевский проезд, вл. 5",1,oks,Строится,"ООО ""СЗ ДАНИАН""",САО,Хорошёвский,55.773304,37.5387545,nominatim,residential,True
3-й хорошевский проезд влд. 3а,"3-й Хорошёвский проезд, влд. 3А",3,oks,Строится,ФСК,САО,Хорошёвский,55.7801228,37.5325428,district_centroid,approximate,True
3-я владимирская ул вл 23,"3-я Владимирская ул., вл. 23",1,rv,Введено,ФОНД РЕНОВАЦИИ,ВАО,Перово,55.7613426,37.7863853,nominatim,tertiary,True
3-я гражданская вл 35,"3-я Гражданская, вл. 35",1,rv,Введено,"ООО ""СЗ ""ЭСИ""",ВАО,Богородское,55.81164245,37.7153353,manual_exact,exact,True
3-я гражданская улица владение 1,"3-я Гражданская улица, владение 1",1,oks,Строится,ЭТАЛОН,ВАО,Богородское,55.81164245,37.7153353,district_centroid,approximate,True
3-я институтская улица земельный участок 4/1,"3-я Институтская улица, земельный участок 4/1",1,rv,Введено,ФОНД РЕНОВАЦИИ,ЮВАО,Рязанский,55.722711,37.77755000000001,manual_exact,exact,True
3-я мытищинская улица дом 5 строение 6,"3-я Мытищинская улица, дом 5, строение 6",1,rv,Введено,КП УГС,СВАО,Алексеевский,55.8099469,37.6429319,manual_exact,exact,True
3-я прядильная ул земельный участок 13 (3-я прядильная ул вл13),"3-я Прядильная ул., земельный участок 13 (3-я Прядильная ул., вл.13)",3,oks,Строится,ФОНД РЕНОВАЦИИ,ВАО,Измайлово,55.797943,37.7736403,district_centroid,approximate,True
3-я прядильная улица вл 4,3-я Прядильная улица вл. 4,1,oks,Строится,ФОНД РЕНОВАЦИИ,ВАО,Измайлово,55.7982716,37.7721517,nominatim,tertiary,True
3-я прядильная улица земельный участок 10,"3-я Прядильная улица, земельный участок 10",1,oks,Строится,ФОНД РЕНОВАЦИИ,ВАО,Измайлово,55.797943,37.7736403,district_centroid,approximate,True
3-я прядильная улица земельный участок 14,"3-я Прядильная улица, земельный участок 14",1,oks,Строится,ФОНД РЕНОВАЦИИ,ВАО,Измайлово,55.797943,37.7736403,district_centroid,approximate,True
3-я хорошевская влд.7 корпус 3,"3-я Хорошевская, влд.7, корпус 3",1,rv,Введено,МОНАРХ,СЗАО,Хорошево-Мневники,55.7601052,37.5183196,manual_exact,exact,True
3-я хорошевская влд.7 корпус 7,"3-я Хорошевская, влд.7, корпус 7",1,rv,Введено,МОНАРХ,СЗАО,Хорошево-Мневники,55.7601052,37.5183196,manual_exact,exact,True
3-я хорошевская ул д 27 корпус 1 корпус 2 : рф г. москва 3-я хорошевская улица д 27 корпус 1 подземная автостоянка (пожарные отсеки 7 8): рф г. москва 3-я хорошевская улица д 21 строение 8,"3-я Хорошевская ул, д. 27, корпус 1 Корпус 2 : РФ, г. Москва, 3-я Хорошевская улица, д. 27, корпус 1 Подземная автостоянка (пожарные отсеки 7,8): РФ, г. Москва, 3-я Хорошевская улица, д. 21, строение 8",1,rv,Введено,МОНАРХ,СЗАО,Хорошево-Мневники,55.7601052,37.5183196,manual_exact,exact,True
3-я хорошевская улица земельный участок 18/2,"3-я Хорошевская улица, земельный участок 18/2",1,oks,Строится,SEZAR GROUP,СЗАО,Хорошёво-Мнёвники,55.765528,37.4972546,district_centroid,approximate,True
39 км калужского ш д 3а,"39 км Калужского ш., д. 3а",1,oks,Строится,"ООО ""ЛЕН - КО""",ТАО,Троицк,55.5274153,37.2817736,district_centroid,approximate,True
4-ая ул марьиной рощи д 3,"4-АЯ УЛ. МАРЬИНОЙ РОЩИ, Д. 3",1,rv,Введено,МАНГАЗЕЯ,СВАО,Марьина Роща,55.798009,37.6064327,manual_exact,exact,True
4-й верхний михайловский проезд вл 1 вл1 стр2 3 4 5 6 7 8 11 ( донской),"4-й Верхний Михайловский проезд, вл. 1; вл.1, стр.2, 3, 4, 5, 6, 7, 8, 11 (, Донской)",1,rv,Введено,"АО СЗ ""ЕВРАЗИЯ""",ЮАО,Донской,55.6976942,37.58841435,manual_exact,exact,True
4-й вешняковский проезд земельный участок 5/1,"4-й Вешняковский проезд, земельный участок 5/1",1,oks,Строится,ФОНД РЕНОВАЦИИ,ЮВАО,Рязанский,55.722711,37.77755000000001,district_centroid,approximate,True
4-й добрынинский пер д1/9 строен. 1а,"4-Й ДОБРЫНИНСКИЙ ПЕР., Д.1/9, СТРОЕН. 1А",1,rv,Введено,"ГБУ ""ДИРЕКЦИЯ РАЗВИТИЯ ОБЪЕКТОВ ЗДРАВООХРАНЕНИЯ ГОРОДА МОСКВЫ""",ЦАО,Замоскворечье,55.7402846,37.6328629,manual_exact,exact,True
4-й красногорский проезд вл 2/4 стр 1,"4-й Красногорский проезд, вл. 2/4, стр. 1",1,oks,Строится,ПИК,СЗАО,Щукино,55.8051302,37.4803087,district_centroid,approximate,True
4-й проезд подбельского вл 3 стр 1-26,"4-й проезд Подбельского, вл. 3, стр. 1-26",1,oks,Строится,ГРАД,ВАО,Богородское,55.81164245,37.7153353,district_centroid,approximate,True
5-й новоподмосковный переулок вл 3,"5-й Новоподмосковный переулок, вл. 3",2,oks,Строится,"ФГКУ ""4 ЦЗЗ ВОЙСК НАЦИОНАЛЬНОЙ ГВАРДИИ""",САО,Войковский,55.8223248,37.50493375,district_centroid,approximate,True
5-я кожуховская улица земельный участок 33 (ул 5-я кожуховская вл 33),"5-я Кожуховская улица, земельный участок 33 (ул. 5-я Кожуховская, вл. 33)",1,oks,Строится,ФОНД РЕНОВАЦИИ,ЮВАО,Южнопортовый,55.7236223,37.6824575,district_centroid,approximate,True
5-я улица соколиной горы,5-я улица Соколиной Горы,1,rv,Введено,ФОНД РЕНОВАЦИИ,ВАО,Соколиная Гора,55.7654052,37.742661,nominatim,residential,True
5-я улица ямского поля дом 23а,"5-я улица Ямского поля, дом 23А",1,rv,Введено,ТЕНЗОР,САО,Беговой,55.7828983,37.563588,manual_exact,exact,True
51-й км мкад,51-й км МКАД,1,oks,Строится,TASHIR,ЗАО,Очаково-Матвеевское,55.725314,37.3771766,nominatim,yes,True
6-й проезд подбельского вл 8-9,6-й проезд Подбельского вл. 8-9,1,oks,Строится,АНО РСИО,ВАО,Богородское,55.81164245,37.7153353,district_centroid,approximate,True
6-я радиальная вл7 корп 36,6-я Радиальная вл.7 корп 36,1,rv,Введено,"АНО ""РСИ""",ЮАО,Бирюлёво Восточное,55.6234134,37.7935045,manual_exact,exact,True
6-я радиальная ул вл 7 корп 30,"6-я Радиальная ул., вл. 7, корп. 30",1,rv,Введено,"АО ""МОСОТДЕЛСТРОЙ № 1""",ЮАО,Бирюлёво Восточное,55.6234134,37.7935045,manual_exact,exact,True
6-я радиальная ул вл 7 корп 30 31,"6-я Радиальная ул., вл. 7, корп. 30, 31",1,rv,Введено,"АО ""МОСОТДЕЛСТРОЙ № 1""",ЮАО,Бирюлёво Восточное,55.6234134,37.7935045,manual_exact,exact,True
6-я радиальная ул вл 7 корп 5.4,"6-я Радиальная ул., вл. 7, корп. 5.4",1,rv,Введено,"АО ""МОСОТДЕЛСТРОЙ № 1""",ЮАО,Бирюлёво Восточное,55.6234134,37.7935045,manual_exact,exact,True
6-я радиальная ул вл7 корп 31,"6-я Радиальная ул., вл.7, корп. 31",1,rv,Введено,"АО ""МОСОТДЕЛСТРОЙ № 1""",ЮАО,Бирюлёво Восточное,55.6234134,37.7935045,manual_exact,exact,True
6-я радиальная улица вл 7 корп 27,"6-я Радиальная улица, вл. 7, корп. 27",1,rv,Введено,"АО ""МОСОТДЕЛСТРОЙ № 1""",ЮАО,Бирюлёво Восточное,55.6234134,37.7935045,manual_exact,exact,True
6-я радиальная улица влд. 7 (19 участок),"6-я Радиальная улица, влд. 7 (19 участок)",1,rv,Введено,"АНО ""РСИ""",ЮАО,Бирюлёво Восточное,55.6234134,37.7935045,manual_exact,exact,True
7-я кожуховская улица земельный участок 8,"7-я Кожуховская улица, земельный участок 8",1,oks,Строится,ФОНД РЕНОВАЦИИ,ЮВАО,Южнопортовый,55.7236223,37.6824575,district_centroid,approximate,True
7-я парковая улица земельный участок 19а (7-я парковая улица земельный участок 19),"7-я Парковая улица, земельный участок 19А (7-я Парковая улица, земельный участок 19)",1,oks,Строится,ФОНД РЕНОВАЦИИ,ВАО,Измайлово,55.797943,37.7736403,district_centroid,approximate,True
707-й проезд вл4,"707-й проезд, вл.4",1,oks,Строится,"ООО ""КОМПАНИЯ ПАРКЕТ ВЮРДЕК""",ЗелАО,Крюково,55.9629508,37.1971416,nominatim,tertiary,True
8-я улица соколиной горы земельный участок 26а,"8-я улица Соколиной Горы, земельный участок 26А",1,oks,Строится,ОСНОВА,ВАО,Соколиная Гора,55.7654052,37.7370939,district_centroid,approximate,True
9-я северная линия земельный участок 3,"9-я Северная Линия, земельный участок 3",1,rv,Введено,КП УГС,СВАО,Северный,55.936695,37.5505229,nominatim,residential,True
9-я северная линия ул д 25 корп 2,"9-я Северная линия ул., д. 25, корп. 2",2,rv,Введено,"ООО ""ЖИЛСПЕЦПРОЕКТ""",СВАО,Северный,55.92835525,37.5459852,manual_exact,exact,True
9-я ул соколиной горы д9,9-я ул. Соколиной Горы д.9,1,rv,Введено,КП УГС,ВАО,Соколиная гора,55.7726786,37.7361436,nominatim,tertiary,True
dнутригородская территория муниципальный округ кунцево квартал № 100 дом 1,"Dнутригородская территория муниципальный округ Кунцево, квартал № 100, дом 1",1,rv,Введено,ПИК,ЗАО,Кунцево,55.74346005,37.39999495,manual_exact,exact,True
oao марьинская птицефабрика,"OAO ""Марьинская птицефабрика»",2,rv,Введено,"АО ""КАПСТРОЙСИТИ""",НАО,Филимонковский,55.5500805,37.314627,manual_exact,exact,True
авиамоторная ул вл 39/1 вл 39 стр 2,"Авиамоторная ул. вл. 39/1 вл. 39, стр. 2",1,oks,Строится,САМОЛЕТ,ЮВАО,Лефортово,55.754854,37.70693,district_centroid,approximate,True
авиаторов 3б,"Авиаторов, 3Б",1,rv,Введено,"АО ""О2""",ЗАО,Солнцево,55.6432524,37.4004077,nominatim,public,True
авиаторов ул д 7 корп 3,"АВИАТОРОВ УЛ., Д. 7, КОРП. 3",1,rv,Введено,КП УГС,ЗАО,Солнцево,55.6521865,37.40060335,manual_exact,exact,True
авиаторов ул д7 корп 2,"АВИАТОРОВ УЛ., Д.7, КОРП. 2",1,rv,Введено,"ГУП Г. МОСКВЫ ""ДИРЕКЦИЯ ГАРАЖНОГО СТРОИТЕЛЬСТВА""",ЗАО,Солнцево,55.6521865,37.40060335,manual_exact,exact,True
авиационная ул вл 30,"Авиационная ул., вл. 30",2,rv,Введено,ПРАВОСЛАВИЕ,СЗАО,Щукино,55.8095465,37.4510577,nominatim,residential,True
авиационная улица земельный участок 61/1 (авиационная ул вл 61 корп 1),"Авиационная улица, земельный участок 61/1 (Авиационная ул., вл. 61, корп. 1)",1,oks,Строится,ФОНД РЕНОВАЦИИ,СЗАО,Щукино,55.8051302,37.4803087,district_centroid,approximate,True
автозаводская вл 23,"Автозаводская, вл. 23",2,rv,Введено,КП УГС,ЮАО,Даниловский,55.7049423,37.6533088,nominatim,secondary,True
автозаводская ул 23,"АВТОЗАВОДСКАЯ УЛ., 23",1,rv,Введено,"ООО УК ""ТЭН-ДЕВЕЛОПМЕНТ""",ЮАО,Даниловский,55.711814,37.6597584,manual_exact,exact,True
автозаводская ул вл 22,Автозаводская ул. вл. 22,1,oks,Строится,"ООО ""СЗ ""АВТОЗАВОДСКАЯ 22""",ЮАО,Даниловский,55.710026,37.6632408,nominatim,secondary,True
автозаводская ул вл 23,Автозаводская ул. вл. 23,3,rv,Введено,ЛСР,ЮАО,Даниловский,55.7098733,37.6639694,nominatim,secondary,True
автозаводская ул вл 23 стр 184,Автозаводская ул. вл. 23 стр. 184,1,rv,Введено,ЭТАЛОН,ЮАО,Даниловский,55.711814,37.6597584,manual_exact,exact,True
автозаводская ул вл 23 стр 438 (западная часть нагатинской поймы),Автозаводская ул. вл. 23 стр. 438 (западная часть Нагатинской поймы),1,rv,Введено,ЭТАЛОН,ЮАО,Даниловский,55.711814,37.6597584,manual_exact,exact,True
автозаводская ул вл 23/65,Автозаводская ул. вл. 23/65,1,rv,Введено,ЭТАЛОН,ЮАО,Даниловский,55.711814,37.6597584,manual_exact,exact,True
автозаводская ул вл23,"Автозаводская ул., вл.23",1,oks,Строится,ФИН-ПАРТНЕР,ЮАО,Даниловский,55.7098733,37.6639694,nominatim,secondary,True
автозаводская ул влд. 25,"Автозаводская ул., влд. 25",1,oks,Строится,SMINEX (ранее INGRAD),ЮАО,Даниловский,55.711814,37.6597584,district_centroid,approximate,True
автозаводская ул д23 стр931,"АВТОЗАВОДСКАЯ УЛ., Д.23, СТР.931",1,rv,Введено,"ООО ""ИНВЕСТИЦИОННЫЕ ПЕРСПЕКТИВЫ""",ЮАО,Даниловский,55.711814,37.6597584,manual_exact,exact,True
автозаводская ул д23а к3,"АВТОЗАВОДСКАЯ УЛ., Д.23А, К3",1,rv,Введено,ФИН-ПАРТНЕР,ЮАО,Даниловский,55.711814,37.6597584,manual_exact,exact,True
автозаводская ул уч 23/436,Автозаводская ул. уч. 23/436,1,oks,Строится,ЛСР,ЮАО,Даниловский,55.711814,37.6597584,district_centroid,approximate,True
автозаводская улица вл 23,"Автозаводская улица, вл. 23",1,rv,Введено,ЛСР,ЮАО,Даниловский,55.7098733,37.6639694,nominatim,secondary,True
автозаводская улица вл 23 (лот 15),"Автозаводская улица, вл. 23, (Лот 15)",1,rv,Введено,ЛСР,ЮАО,Даниловский,55.711814,37.6597584,manual_exact,exact,True
автозаводская улица вл23 (лот 14),"Автозаводская улица, вл.23 (Лот 14)",1,rv,Введено,ЛСР,ЮАО,Даниловский,55.711814,37.6597584,manual_exact,exact,True
автомобильный проезд вл 4,"Автомобильный проезд, вл. 4",2,rv,Введено,COLDY,ЮВАО,Нижегородский,55.7282991,37.7079134,nominatim,tertiary,True
агрохимическая ул д 3,"АГРОХИМИЧЕСКАЯ УЛ., Д. 3",1,rv,Введено,"ООО ""БИЗНЕССТРОЙГРУПП""",НАО,Марушкинское,55.5778111,37.1097363,manual_exact,exact,True
административное здание на территории пос филимонковское,Административное здание на территории пос. Филимонковское,1,rv,Введено,"ГКУ ""МОСКВОРЕЧЬЕ""",НАО,Филимонковский,55.5500805,37.314627,manual_exact,exact,True
адмирала лазарева ул корп 30 комплекс б,"Адмирала Лазарева ул., корп. 30, комплекс Б",1,oks,Строится,"ООО ""ИНЛАЙН""",ЮЗАО,Южное Бутово,55.54729475,37.5747165,district_centroid,approximate,True
академика ильюшина ул д12,"АКАДЕМИКА ИЛЬЮШИНА УЛ., Д.12",1,rv,Введено,КП УГС,САО,Аэропорт,55.80185185000001,37.5368174,manual_exact,exact,True
академика королева вл 13,"Академика Королёва, вл. 13",1,rv,Введено,ПАТЕК ГРУПП,СВАО,Останкинский,55.8210433,37.6183411,nominatim,fuel,True
академический кв. 12 корп 10,"АКАДЕМИЧЕСКИЙ, КВ. 12, КОРП. 10",1,rv,Введено,КП УГС,ЮЗАО,Академический,55.6895237,37.57025695,manual_exact,exact,True
академический ул вавилова вл 57а стр11,"Академический, ул. Вавилова, вл. 57А, стр.11",1,rv,Введено,"ООО ""АТОМИНЖИНИРИНГ""",ЮЗАО,Академический,55.6895237,37.57025695,manual_exact,exact,True
акулово поселок д 4,Акулово поселок д. 4,1,rv,Введено,ФОНД РЕНОВАЦИИ,ВАО,Восточный,55.3474741,37.3000622,nominatim,hamlet,True
александры монаховой земельный участок 87,"Александры Монаховой, земельный участок 87",1,rv,Введено,"ПУБЛИЧНОЕ АКЦИОНЕРНОЕ ОБЩЕСТВО ""ПИК-СПЕЦИАЛИЗИРОВАННЫЙ ЗАСТРОЙЩИК""",НАО,Коммунарка,55.581794,37.448441,manual_exact,exact,True
александры монаховой ул д 88 к 1,"АЛЕКСАНДРЫ МОНАХОВОЙ УЛ., Д. 88, К. 1",1,rv,Введено,"ПУБЛИЧНОЕ АКЦИОНЕРНОЕ ОБЩЕСТВО ""ПИК-СПЕЦИАЛИЗИРОВАННЫЙ ЗАСТРОЙЩИК""",НАО,Сосенское,55.581794,37.417744,manual_exact,exact,True
александры монаховой ул д 88 к 2,"АЛЕКСАНДРЫ МОНАХОВОЙ УЛ., Д. 88, К. 2",1,rv,Введено,"ПУБЛИЧНОЕ АКЦИОНЕРНОЕ ОБЩЕСТВО ""ПИК-СПЕЦИАЛИЗИРОВАННЫЙ ЗАСТРОЙЩИК""",НАО,Сосенское,55.581794,37.417744,manual_exact,exact,True
александры монаховой ул д 92 к 1,"АЛЕКСАНДРЫ МОНАХОВОЙ УЛ., Д. 92, К. 1",1,rv,Введено,"ПУБЛИЧНОЕ АКЦИОНЕРНОЕ ОБЩЕСТВО ""ПИК-СПЕЦИАЛИЗИРОВАННЫЙ ЗАСТРОЙЩИК""",НАО,Сосенское,55.581794,37.417744,manual_exact,exact,True
александры монаховой ул д 92 к 2,"АЛЕКСАНДРЫ МОНАХОВОЙ УЛ., Д. 92, К. 2",1,rv,Введено,"ПУБЛИЧНОЕ АКЦИОНЕРНОЕ ОБЩЕСТВО ""ПИК-СПЕЦИАЛИЗИРОВАННЫЙ ЗАСТРОЙЩИК""",НАО,Сосенское,55.581794,37.417744,manual_exact,exact,True
александры монаховой ул д 96 к 1,"АЛЕКСАНДРЫ МОНАХОВОЙ УЛ., Д. 96, К. 1",1,rv,Введено,"ПУБЛИЧНОЕ АКЦИОНЕРНОЕ ОБЩЕСТВО ""ПИК-СПЕЦИАЛИЗИРОВАННЫЙ ЗАСТРОЙЩИК""",НАО,Сосенское,55.581794,37.417744,manual_exact,exact,True
алексеева петра ул вл 12,Алексеева Петра ул. вл. 12,1,rv,Введено,SMINEX (ранее INGRAD),ЗАО,Можайский,55.7015105,37.3937955,manual_exact,exact,True
алексеевский,Алексеевский,1,rv,Введено,"ГКУ ""УДМС""",СВАО,Ростокино,55.8148783,37.6506684,nominatim,administrative,True
аллея витте 1,аллея Витте 1,1,rv,Введено,"ООО ""МАГИСТРАЛЬ +""",ЮЗАО,Южное Бутово,55.54729475,37.5747165,manual_exact,exact,True
алтуфьевское ш вл 33ж,"Алтуфьевское ш., вл. 33Ж",1,rv,Введено,ИНКСЕЛЕРЕЙТ,СВАО,Отрадное,55.85055975,37.5782006,manual_exact,exact,True
алтуфьевское ш вл 51-54,"Алтуфьевское ш., вл. 51-54",1,oks,Строится,ПИК,СВАО,Алтуфьевский,55.87853345,37.5826882,district_centroid,approximate,True
алтуфьевское ш вл 53,"Алтуфьевское ш., вл. 53",1,oks,Строится,"АНО ""РСИ""",СВАО,Алтуфьевский,55.87853345,37.5826882,district_centroid,approximate,True
алтуфьевское ш влд. 100,"Алтуфьевское ш., влд. 100",1,rv,Введено,АНО РСИО,СВАО,Алтуфьевский,55.87853345,37.5826882,manual_exact,exact,True
алтуфьевское шоссе,Алтуфьевское шоссе,1,rv,Введено,ПИК,СВАО,Алтуфьевский,55.8884331,37.5868104,nominatim,primary,True
алтуфьевское шоссе вл 35-37,"Алтуфьевское шоссе, вл. 35-37",1,oks,Строится,"ООО ""ЗОЛОТОЕ РУНО""",СВАО,Отрадное,55.85055975,37.5782006,district_centroid,approximate,True
алтуфьевское шоссе вл77,"Алтуфьевское шоссе, вл.77",1,rv,Введено,ПРАВОСЛАВИЕ,СВАО,Алтуфьевский,55.877029,37.5859174,nominatim,recycling,True
алтуфьевское шоссе земельный участок 51/53,"Алтуфьевское шоссе, земельный участок 51/53",1,rv,Введено,ФОНД РЕНОВАЦИИ,СВАО,Алтуфьевский,55.87853345,37.5826882,manual_exact,exact,True
алтуфьевское шоссе земельный участок 53/1,"Алтуфьевское шоссе, земельный участок 53/1",1,rv,Введено,ПИК,СВАО,Алтуфьевский,55.87853345,37.5826882,manual_exact,exact,True
алтуфьевское шоссе земельный участок 53/7,"Алтуфьевское шоссе, земельный участок 53/7",1,oks,Строится,ПИК,СВАО,Алтуфьевский,55.872806,37.579459,geometry,,True
алтуфьевское шоссе зу 53/1,"Алтуфьевское шоссе, з/у 53/1",2,oks; rv,Строится; Введено,ПИК,СВАО,Алтуфьевский,55.87853345,37.5826882,manual_exact,exact,True
алхимово дер,Алхимово дер.,4,oks,Строится,САМОЛЕТ,НАО,Щербинка,55.49523050000001,37.518144,district_centroid,approximate,True
амурская ул вл 2а стр 1,Амурская ул. вл. 2А стр. 1,3,rv,Введено,ПИК,ВАО,Гольяново,55.8073766,37.7566198,manual_exact,exact,True
амурская ул монтажная ул (пересечение),"АМУРСКАЯ УЛ., МОНТАЖНАЯ УЛ. (ПЕРЕСЕЧЕНИЕ)",1,rv,Введено,"ООО ""ВОСТОК СЕРВИС""",ВАО,Гольяново,55.8073766,37.7566198,manual_exact,exact,True
амурская улица земельный участок 1 корпуса 6 7 8,"Амурская улица, земельный участок 1, Корпуса 6, 7, 8",3,rv,Введено,ФОНД РЕНОВАЦИИ,ВАО,Гольяново,55.8073766,37.7566198,manual_exact,exact,True
амурская улица земельный участок 26 (мкр. 1-2 зона 2.1 жу-2),"Амурская улица, земельный участок 26 (мкр. 1-2, зона 2.1 ЖУ-2)",1,oks,Строится,"ООО ""СЗ ""ГОЛЬЯНОВО""",ВАО,Гольяново,55.8073766,37.7566198,district_centroid,approximate,True
амурская улица земельный участок 30 (мкр. 1-2 зона 2.2 жу-3),"Амурская улица, земельный участок 30 (мкр. 1-2, зона 2.2, ЖУ-3)",2,oks,Строится,"ООО ""СЗ ""ГОЛЬЯНОВО""",ВАО,Гольяново,55.8073766,37.7566198,district_centroid,approximate,True
амурская улица земельный участок 46,"Амурская улица, земельный участок 46",1,oks,Строится,"ООО ""СЗ ""ГОЛЬЯНОВО""",ВАО,Гольяново,55.8073766,37.7566198,district_centroid,approximate,True
анадырский пр вл 59,"Анадырский пр., вл. 59",1,oks,Строится,"ООО ""КОМОКС""",СВАО,Лосиноостровский,55.8778335,37.7063284,nominatim,tertiary,True
анадырский пр вл 8,Анадырский пр. вл. 8,1,rv,Введено,ПРАВОСЛАВИЕ,СВАО,Лосиноостровский,55.8641682,37.683768,nominatim,place_of_worship,True
андропова просп.,Андропова просп.,1,rv,Введено,СТРАНА ДЕВЕЛОПМЕНТ,ЮАО,Даниловский,55.6941257,37.6740164,nominatim,theatre,True
андропова просп. вл 39,Андропова просп. вл. 39,1,rv,Введено,МГОМЗ,ЮАО,Нагатинский Затон,55.6749376,37.6626816,nominatim,primary,True
андропова просп. уч 11/2,Андропова просп. уч. 11/2,1,rv,Введено,РЕГИОНЫ-ДЕВЕЛОПМЕНТ,ЮАО,Нагатинский Затон,55.6820448,37.6907376,manual_exact,exact,True
анненская ул вл 5 7 9,"Анненская ул., вл. 5, 7, 9",1,oks,Строится,ФОНД РЕНОВАЦИИ,СВАО,Марьина Роща,55.798009,37.6064327,district_centroid,approximate,True
анохина академика ул вл 8,Анохина академика ул. вл. 8,1,rv,Введено,КП УГС,ЗАО,Тропарёво-Никулино,55.67133680000001,37.4655932,manual_exact,exact,True
анохина академика ул земельный участок 40/2/2,Анохина академика ул. земельный участок 40/2/2,1,rv,Введено,"АНО ""РСИ""",ЗАО,Тропарёво-Никулино,55.67133680000001,37.4655932,manual_exact,exact,True
арсюкова ул д 9,"АРСЮКОВА УЛ., Д. 9",1,rv,Введено,ГОРКА,СВАО,Северный,55.92835525,37.5459852,manual_exact,exact,True
артюхиной ул вл 24,"Артюхиной ул., вл. 24",1,oks,Строится,ФОНД РЕНОВАЦИИ,ЮВАО,Текстильщики,55.7024011,37.7370952,nominatim,residential,True
архитектора власова д 71 корп 1,"Архитектора Власова, д. 71, корп. 1",1,rv,Введено,TEKTA GROUP,ЮЗАО,Обручевский,55.6575505,37.5383225,manual_exact,exact,True
афанасовское шоссе земельный участок 1а,"Афанасовское шоссе, земельный участок 1А",6,oks,Строится,"АО ""ФАРМСТАНДАРТ""",СВАО,Северный,55.92835525,37.5459852,district_centroid,approximate,True
аэропорт внуково привокзальная площадь участок № 8,"Аэропорт ""Внуково"", привокзальная площадь, участок № 8",2,oks,Строится,МЕЖДУНАРОДНЫЙ АЭРОПОРТ ВНУКОВО,ЗАО,Внуково,55.58975,37.26383705,district_centroid,approximate,True
б-р веласкеса 2 стр 1,"б-р Веласкеса 2, Стр 1",1,rv,Введено,А101,НАО,Сосенское,55.581794,37.417744,manual_exact,exact,True
б-р кронштадтский вл1,"б-р Кронштадтский, вл.1",1,oks,Строится,ПИК,САО,Головинский,55.84324995,37.49734265,district_centroid,approximate,True
б. черемушкинская ул вл 25,"Б. Черемушкинская ул., вл. 25",1,oks,Строится,ФОНД РЕНОВАЦИИ,ЮЗАО,Котловка,55.6845587,37.5919839,nominatim,secondary,True
бабушкина летчика ул д 39,"БАБУШКИНА ЛЕТЧИКА УЛ., Д. 39",1,rv,Введено,КП УГС,СВАО,Бабушкинский,55.8661636,37.66230705,manual_exact,exact,True
бабушкина летчика ул д 41,"БАБУШКИНА ЛЕТЧИКА УЛ., Д. 41",1,rv,Введено,КП УГС,СВАО,Бабушкинский,55.8661636,37.66230705,manual_exact,exact,True
бабушкинский ул ленская д 15,"Бабушкинский, ул. Ленская, д. 15",1,rv,Введено,"АНО ""РСИ""",СВАО,Бабушкинский,55.8664321,37.6676744,nominatim,residential,True
багратионовский пр вл1а,"БАГРАТИОНОВСКИЙ ПР, ВЛ.1А",1,rv,Введено,"ООО ""ЦЕНТР ФИЛИ""",ЗАО,Филевский парк,55.7525499,37.5119353,manual_exact,exact,True
багратионовский пр-д вл 5,Багратионовский пр-д вл. 5,1,rv,Введено,MR GROUP,ЗАО,Филёвский Парк,55.7504635,37.5074345,manual_exact,exact,True
багратионовский проезд д 5а корпус 1,"Багратионовский проезд, д. 5А, корпус 1",1,rv,Введено,MR GROUP,ЗАО,Филевский Парк,55.7499566,37.5151422,manual_exact,exact,True
багратионовский проезд земельный участок 10,"Багратионовский проезд, земельный участок 10",1,rv,Введено,"АНО ""РСИ""",ЗАО,Филёвский Парк,55.7455205,37.5093405,geometry_address_match,,True
багрицкого ул д10 к 4,"БАГРИЦКОГО УЛ., Д.10, К. 4",1,rv,Введено,"АО ""КОНЦЕПТ ИНВЕСТ""",ЗАО,Можайский,55.7015105,37.3937955,manual_exact,exact,True
базовская ул уч 24б,Базовская ул. уч. 24Б,1,rv,Введено,ФОНД РЕНОВАЦИИ,САО,Западное Дегунино,55.8710935,37.5304893,manual_exact,exact,True
байкальская ул зу 28/3,"Байкальская ул., з/у 28/3",1,oks,Строится,ФОНД РЕНОВАЦИИ,ВАО,Гольяново,55.8073766,37.7566198,district_centroid,approximate,True
бакинская улица д 26,"Бакинская улица, д. 26",1,rv,Введено,"АНО ""РСИ""",ЮАО,Царицыно,55.6256324,37.6571114,nominatim,primary,True
бакунинская ул вл 60/2,Бакунинская ул. вл. 60/2,1,rv,Введено,КП УГС,ЦАО,Басманный,55.7672809,37.6697732,manual_exact,exact,True
балаклавский просп. зу 26,"Балаклавский просп., з/у 26",1,oks,Строится,"ООО ""СЗ ""ГЕЛПИК""",ЮЗАО,Зюзино,55.6528725,37.5867464,district_centroid,approximate,True
балаклавский проспект дом 15,"Балаклавский проспект, дом 15",1,rv,Введено,ФСБ РОССИИ,ЮАО,Чертаново Северное,55.62381185,37.61200049999999,manual_exact,exact,True
балаклавский проспект дом 24а,"Балаклавский проспект, дом 24А",1,rv,Введено,"ООО ""АНИТЕК""",ЮЗАО,Зюзино,55.6528725,37.5867464,manual_exact,exact,True
балаклавский проспект земельныйучасток 28а,"Балаклавский проспект, земельныйучасток 28А",1,rv,Введено,ФОНД РЕНОВАЦИИ,ЮЗАО,Зюзино,55.6528725,37.5867464,manual_exact,exact,True
балаклавский проспект зу 33/3,"Балаклавский проспект, зу 33/3",1,rv,Введено,КП УГС,ЮАО,Чертаново Северное,55.62381185,37.61200049999999,manual_exact,exact,True
балтийская ул д 4а соор. 1,"БАЛТИЙСКАЯ УЛ., Д. 4А, СООР. 1",1,rv,Введено,ГОРКА,САО,Сокол,55.80638795,37.4990888,manual_exact,exact,True
барболина ул л. 22,"Барболина ул, л. 22",1,rv,Введено,ИНДИВИДУАЛЬНЫЕ ПРЕДПРИНИМАТЕЛИ,ВАО,Сокольники,55.7873044,37.6871994,nominatim,residential,True
барвихинская ул д 20а,"БАРВИХИНСКАЯ УЛ., Д. 20А",1,rv,Введено,"ГУП Г. МОСКВЫ ""ДИРЕКЦИЯ ГАРАЖНОГО СТРОИТЕЛЬСТВА""",ЗАО,Можайский,55.7015105,37.3937955,manual_exact,exact,True
барвихинская ул д 6.,"Барвихинская ул, д. 6.",1,rv,Введено,"Общество с ограниченной ответственностью ""Тройка РЭД""",ЗАО,Можайский,55.7015105,37.3937955,manual_exact,exact,True
барклая ул вл 6,"Барклая ул., вл. 6",1,rv,Введено,ФОНД РЕНОВАЦИИ,ЗАО,Филёвский Парк,55.7401141,37.5038266,nominatim,secondary,True
барклая ул вл 6 6т,"Барклая ул. вл. 6, 6Т",1,rv,Введено,ПИК,ЗАО,Филёвский Парк,55.741361999999995,37.5074345,geometry_permit,,True
бартеневская земельный участок 60,"Бартеневская, земельный участок 60",1,rv,Введено,А101,ЮЗАО,Южное Бутово,55.54729475,37.5747165,manual_exact,exact,True
бартеневская ул вл 35,"Бартеневская ул., вл. 35",1,oks,Строится,"ООО ""Арьяман""",ЮЗАО,Южное Бутово,55.5476019,37.5180747,nominatim,secondary,True
барышиха ул вл 49,"Барышиха ул., вл. 49",1,oks,Строится,"ГСК ""МИТИНО 48 - 49""",СЗАО,Митино,55.8484195,37.3437131,nominatim,secondary,True
барышиха ул вл 59,Барышиха ул. вл. 59,1,rv,Введено,"ООО ""АВТОМИР""",СЗАО,Митино,55.8408283,37.3571565,nominatim,secondary,True
басманный пер д 5,"БАСМАННЫЙ ПЕР., Д. 5",1,rv,Введено,MR GROUP,ЦАО,Красносельский,55.7778643,37.6749192,manual_exact,exact,True
басманный район,Басманный район,6,oks,Строится,РЖД,ЦАО,Басманный,55.7672809,37.6697732,nominatim,administrative,True
бауманская улица дом 47,"Бауманская улица, дом 47",1,rv,Введено,ФОНД РЕНОВАЦИИ,ЦАО,Басманный,55.7672809,37.6697732,manual_exact,exact,True
бачуринская ул д7 корп 2 бачуринская ул д7 корп 1,"БАЧУРИНСКАЯ УЛ., Д.7, КОРП. 2, БАЧУРИНСКАЯ УЛ., Д.7, КОРП. 1",1,rv,Введено,КОНЦЕРН КРОСТ,НАО,Сосенское,55.581794,37.417744,manual_exact,exact,True
белова генерала ул вл 7,Белова генерала ул. вл. 7,1,rv,Введено,"ООО ""ИЦЭ""",ЮАО,Орехово-Борисово Северное,55.64891065,37.65195075,manual_exact,exact,True
береговой пр вл 2б,"Береговой пр., вл. 2Б",2,oks,Строится,ГЛАВСТРОЙ,ЗАО,Филёвский Парк,55.7583903,37.5110051,nominatim,residential,True
береговой пр вл5 корп 1,"БЕРЕГОВОЙ ПР., ВЛ.5, КОРП. 1",1,rv,Введено,MR GROUP,ЗАО,Филевский Парк,55.7499566,37.5151422,manual_exact,exact,True
береговой пр влд 2б,"Береговой пр., влд, 2Б",1,oks,Строится,ГЛАВСТРОЙ,ЗАО,Филёвский Парк,55.7504635,37.5074345,district_centroid,approximate,True
береговой проезд д2,"Береговой проезд, д.2",1,rv,Введено,ГЛАВСТРОЙ,ЗАО,Филёвский Парк,55.7583903,37.5110051,nominatim,residential,True
береговой проезд дом 1б,"Береговой проезд, дом 1Б",1,rv,Введено,КП УГС,ЗАО,Филевский Парк,55.7499566,37.5151422,manual_exact,exact,True
бережковская наб д 16,"Бережковская наб, д. 16",1,rv,Введено,ГАЗПРОМ,ЗАО,Дорогомилово,55.744577,37.5720721,nominatim,secondary,True
березовая ал. влд. 5/1,"Берёзовая ал., влд. 5/1",1,rv,Введено,ПРАВОСЛАВИЕ,СВАО,Отрадное,55.85055975,37.5782006,manual_exact,exact,True
березовая алл. д 17 к 1,"БЕРЕЗОВАЯ АЛЛ., Д. 17, К. 1",1,rv,Введено,"ПУБЛИЧНОЕ АКЦИОНЕРНОЕ ОБЩЕСТВО ""ПИК-СПЕЦИАЛИЗИРОВАННЫЙ ЗАСТРОЙЩИК""",СВАО,Останкинский,55.8386265,37.6302466,manual_exact,exact,True
березовая аллея вл 5/1,"Березовая аллея, вл. 5/1",1,rv,Введено,ПРАВОСЛАВИЕ,СВАО,Останкинский,55.9943169,37.204402,nominatim,tertiary,True
березовая аллея вл 8,"Березовая аллея, вл. 8",1,oks,Строится,МОСКОВСКИЙ МЕТРОПОЛИТЕН,СВАО,Отрадное,55.9910472,37.2049555,nominatim,tertiary,True
березовая аллея д 4 а,"Берёзовая аллея, д. 4 А",1,rv,Введено,ФЕНИКС,САО,Отрадное,55.85055975,37.5782006,manual_exact,exact,True
березовая аллея и сельскохозяйственная ул,Березовая аллея и Сельскохозяйственная ул.,1,rv,Введено,"ООО ""Д-ИНВЕСТ""",СВАО,Останкинский,55.8386265,37.6302466,manual_exact,exact,True
берзарина ул вл 28 стр 1 2 7 8 9 10 13 14 19 20,"БЕРЗАРИНА УЛ. ВЛ. 28, СТР. 1,2,7,8,9,10,13,14,19,20",1,rv,Введено,РГ-ДЕВЕЛОПМЕНТ,СЗАО,Щукино,55.8051302,37.4803087,manual_exact,exact,True
берзарина ул вл 32/14/2,Берзарина ул. вл. 32/14/2,1,rv,Введено,РГ-ДЕВЕЛОПМЕНТ,СЗАО,Щукино,55.8051302,37.4803087,manual_exact,exact,True
берзарина ул уч 32/14,Берзарина ул. уч. 32/14,1,rv,Введено,РГ-ДЕВЕЛОПМЕНТ,СЗАО,Щукино,55.8051302,37.4803087,manual_exact,exact,True
берзарина ул уч 32/2,Берзарина ул. уч. 32/2,1,rv,Введено,РГ-ДЕВЕЛОПМЕНТ,СЗАО,Щукино,55.8051302,37.4803087,manual_exact,exact,True
берсеневская наб. вл6,"Берсеневская наб., вл.6",1,oks,Строится,"АО ""СЗ ""БОЛОТНАЯ, 9""",ЦАО,Якиманка,55.7425825,37.6090861,nominatim,unclassified,True
бесединское шоссе,Бесединское шоссе,13,rv,Введено,МОСКОВСКИЙ МЕТРОПОЛИТЕН,ЮАО,Братеево,55.625639,37.755701,nominatim,primary,True
бескудниковский б-р зу 50,"Бескудниковский б-р, зу 50",1,rv,Введено,ФОНД РЕНОВАЦИИ,САО,Бескудниковский,55.8725195,37.5462316,manual_exact,exact,True
бескудниковский бульв д 3,"БЕСКУДНИКОВСКИЙ БУЛЬВ, Д. 3",1,rv,Введено,КП УГС,САО,Бескудниковский,55.8725195,37.5462316,manual_exact,exact,True
бескудниковский бульвар влд. 52,"Бескудниковский бульвар, влд. 52",1,rv,Введено,ФОНД РЕНОВАЦИИ,САО,Бескудниковский,55.8725195,37.5462316,manual_exact,exact,True
бескудниковский бульвар д 5,"БЕСКУДНИКОВСКИЙ БУЛЬВАР, Д. 5",1,rv,Введено,КП УГС,САО,Бескудниковский,55.8725195,37.5462316,manual_exact,exact,True
бескудниковский бульвар дом 52 корпус 1,"Бескудниковский бульвар, дом 52, корпус 1",1,rv,Введено,КП УГС,САО,Бескудниковский,55.8725195,37.5462316,manual_exact,exact,True
бескудниковский бульвар земельный участок 46 (зона 3.3),"Бескудниковский бульвар, земельный участок 46 (зона 3.3)",1,oks,Строится,"ООО ""СПЕЦИАЛИЗИРОВАННЫЙ ЗАСТРОЙЩИК ""БСК-СТРОЙ""",САО,Бескудниковский,55.8725195,37.5462316,district_centroid,approximate,True
бескудниковский бульвар земельный участок 48 (зоны 3.2 3.4),"Бескудниковский бульвар, земельный участок 48 (Зоны 3.2, 3.4)",1,oks,Строится,"ООО ""СПЕЦИАЛИЗИРОВАННЫЙ ЗАСТРОЙЩИК ""БСК-СТРОЙ""",САО,Бескудниковский,55.8725195,37.5462316,district_centroid,approximate,True
бескудниковский кв. 8 9 корп 20 (селигерская ул влд. 32а),"Бескудниковский кв. 8,9 корп. 20 (Селигерская ул., влд. 32А)",1,rv,Введено,КП УГС,САО,Бескудниковский,55.8725195,37.5462316,manual_exact,exact,True
бескудниковский пер вл5а,"БЕСКУДНИКОВСКИЙ ПЕР., ВЛ.5А",1,rv,Введено,"ГБУ ""ДИРЕКЦИЯ РАЗВИТИЯ ОБЪЕКТОВ ЗДРАВООХРАНЕНИЯ ГОРОДА МОСКВЫ""",САО,Бескудниковский,55.8725195,37.5462316,manual_exact,exact,True
бескудниковский проезд вл 4,"Бескудниковский проезд, вл. 4",1,rv,Введено,ПРАВОСЛАВИЕ,САО,Бескудниковский,55.8765286,37.5544789,nominatim,place_of_worship,True
бескудниковский район мкр. 5 корпус 7,"Бескудниковский район, мкр. 5, корпус 7",1,rv,Введено,КП УГС,САО,Бескудниковский,55.8725195,37.5462316,manual_exact,exact,True
бирюлево западное ул подольских курсантов земельный участок 28а/1,"Бирюлево Западное, ул. Подольских Курсантов, земельный участок 28А/1",3,oks,Строится,"ООО ""КОРНЕТТО""",ЮАО,Бирюлёво Западное,55.5977271,37.6499083,district_centroid,approximate,True
бирюлево западное харьковский пр вл 1/1,"Бирюлево Западное, Харьковский пр., вл. 1/1",3,rv,Введено,ФОНД РЕНОВАЦИИ,ЮАО,Бирюлёво Западное,55.5977271,37.6499083,nominatim,living_street,True
близи д старосырово,близи д. Старосырово,1,oks,Строится,"ЗАО ""ФСК ""ЛИДЕР-ЮГ""",НАО,Коммунарка,55.581794,37.448441,district_centroid,approximate,True
бобруйская улица дом 15/1,"Бобруйская улица, дом 15/1",1,rv,Введено,ФОНД РЕНОВАЦИИ,ЗАО,Кунцево,55.74346005,37.39999495,manual_exact,exact,True
богородское,Богородское,1,oks,Строится,"ГКУ ""УДМС""",СВАО,Лосиноостровский,55.2122256,37.0576084,nominatim,hamlet,True
богородское ул просторная вл7,"Богородское, ул. Просторная, вл.7",1,rv,Введено,ПИК,ВАО,Богородское,55.8055035,37.7182852,nominatim,secondary,True
большая внуковская улица вл 8,"Большая Внуковская улица, вл. 8",5,rv,Введено,"ООО ""МАГИСТРАЛЬ ИНВЕСТ""",НАО,Внуково,55.6105011,37.2973075,nominatim,residential,True
большая грузинская улица влд. 1 стр 109,"Большая Грузинская улица, влд. 1, стр. 109",1,rv,Введено,МОСКОВСКИЙ ЗООПАРК,ЦАО,Пресненский,55.7580051,37.5654894,manual_exact,exact,True
большая очаковская вл 2,"Большая Очаковская, вл. 2",1,rv,Введено,ПИК,ЗАО,Очаково-Матвеевское,55.6907105,37.46687,geometry_permit,,True
большая очаковская д 45 к 1,Большая Очаковская д 45 к 1,1,oks,Строится,ФОНД РЕНОВАЦИИ,ЗАО,Очаково-Матвеевское,55.6907105,37.443805,district_centroid,approximate,True
большая почтовая ул вл18 стр 1 2 3 5 8 вл18/20 вл18/20 стр6 вл18 стр4 вл18 стр9 вл 20 стр1 2 3 4,"Большая Почтовая ул., вл.18, стр. 1,2,3,5,8, вл.18/20, вл.18/20, стр.6, вл.18, стр.4, вл.18, стр.9, вл. 20, стр.1,2,3,4",1,rv,Введено,LEVEL GROUP,ЦАО,Басманный,55.7672809,37.6697732,manual_exact,exact,True
большая почтовая ул д 28,"Большая Почтовая ул., д. 28",1,rv,Введено,AFI DEVELOPMENT,ЦАО,Басманный,55.7672809,37.6697732,manual_exact,exact,True
большая почтовая ул д 32,"Большая Почтовая ул., д. 32",1,rv,Введено,AFI DEVELOPMENT,ЦАО,Басманный,55.7672809,37.6697732,manual_exact,exact,True
большая тульская улица влд. 10,"Большая Тульская улица, влд. 10",1,oks,Строится,МАНГАЗЕЯ,ЮАО,Даниловский,55.711814,37.6597584,district_centroid,approximate,True
большая филевская ул д 6а,"Большая Филевская ул., д. 6А",1,rv,Введено,ФОНД РЕНОВАЦИИ,ЗАО,Филевский парк,55.7525499,37.5119353,nominatim,tertiary,True
большая филевская улица сооружение 2а,"Большая Филёвская улица, сооружение 2А",1,rv,Введено,МОСКАПСТРОЙ,ЗАО,Филевский Парк,55.7499566,37.5151422,manual_exact,exact,True
большая черемушкинская улица вл25,"Большая Черемушкинская улица, вл.25",1,rv,Введено,TEKTA GROUP,ЮЗАО,Котловка,55.6845587,37.5919839,nominatim,secondary,True
большая черемушкинская улица земельный участок 26/2,"Большая Черемушкинская улица, земельный участок 26/2",1,oks,Строится,ФОНД РЕНОВАЦИИ,ЮЗАО,Академический,55.6895237,37.57025695,district_centroid,approximate,True
большая черкизовская улица вл 4,"Большая Черкизовская улица, вл. 4",1,oks,Строится,ЭТАЛОН,ВАО,Преображенское,55.7996244,37.7357801,nominatim,primary,True
большой бульвар дом 37,"Большой бульвар, дом 37",1,rv,Введено,"АКЦИОНЕРНОЕ ОБЩЕСТВО ""СТАРТ""",ЗАО,Можайский,55.7015105,37.3937955,manual_exact,exact,True
большой бульвар зу 49/1,"Большой бульвар, з/у 49/1",1,rv,Введено,МОНОЛИТПРОЕКТ,ЗАО,Можайский,55.7015105,37.3937955,manual_exact,exact,True
большой бульвар зу 49б,"Большой бульвар, з/у 49Б",1,rv,Введено,МОНОЛИТПРОЕКТ,ЗАО,Можайский,55.7015105,37.3937955,manual_exact,exact,True
большой кисельный пер д11 стр1-5,"Большой Кисельный пер., д.11, стр.1-5",1,oks,Строится,ТРАНССТРОЙИНВЕСТ,ЦАО,Мещанский,55.7816543,37.6340098,district_centroid,approximate,True
большой козихинский пер вл 31 с. 1,"Большой Козихинский пер. , вл. 31, с. 1",1,oks,Строится,"ООО ""СЗ ""КОЗИХИНСКИЙ""",ЦАО,Пресненский,55.7580051,37.5654894,district_centroid,approximate,True
большой левшинский пер земельный участок 19,"Большой Лёвшинский пер., земельный участок 19",1,oks,Строится,ТРАНССТРОЙИНВЕСТ,ЦАО,Хамовники,55.72162725,37.5633727,district_centroid,approximate,True
большой николопесковский пер д 12а стр 2,"Большой Николопесковский пер., д. 12А, стр. 2",1,rv,Введено,МИНКУЛЬТУРЫ РОССИИ,ЦАО,Арбат,55.7537935,37.6026918,manual_exact,exact,True
большой палашевский пер вл11 стр1 2 вл 13 стр1 2 вл15 стр1 2,"Большой Палашевский пер., вл.11 стр.1,2, вл. 13, стр.1,2, вл.15, стр.1,2",1,oks,Строится,"ООО ""СПЕЦИАЛИЗИРОВАННЫЙ ЗАСТРОЙЩИК ""ЧЕТВЕРТЫЙ""",ЦАО,Тверской,55.7787255,37.5996357,district_centroid,approximate,True
большой спасоглинищевский переулок владение 9 строение 8,"Большой Спасоглинищевский переулок, владение 9, строение 8",1,oks,Строится,"ЗАО ""В'ОРЕСТ""",ЦАО,Басманный,55.7672809,37.6697732,district_centroid,approximate,True
большой тишинский переулок д 39,"Большой Тишинский переулок, д. 39",1,rv,Введено,КП УГС,ЦАО,Пресненский,55.7686025,37.569699,geometry_permit,,True
большой толмачевский пер вл 5 стр 1 3 4 4а 12 13 14 15,"Большой Толмачевский пер., вл. 5, стр. 1, 3, 4, 4а, 12, 13, 14, 15",1,rv,Введено,SMINEX,ЦАО,Якиманка,55.7425825,37.6157213,manual_exact,exact,True
большой толмачевский пер вл 5 стр 5 6 7а 8 11,"Большой Толмачевский пер., вл. 5, стр. 5, 6, 7А, 8, 11",1,rv,Введено,SMINEX,ЦАО,Якиманка,55.7425825,37.6157213,manual_exact,exact,True
борисовские пруды ул вл 33,Борисовские пруды ул. вл. 33,1,rv,Введено,ПРАВОСЛАВИЕ,ЮАО,Братеево,55.625639,37.755701,manual_exact,exact,True
борисовские пруды ул наташинская ул (пересечение),"Борисовские Пруды ул., Наташинская ул. (пересечение)",1,oks,Строится,"ООО ""ЮЖНОЕ СОЗВЕЗДИЕ""",ЮАО,Братеево,55.625639,37.755701,district_centroid,approximate,True
боровская ул 49,Боровская ул 49,1,rv,Введено,"ООО ""СТИЛЬ-М+""",НАО,Внуково,55.6311514,37.3308529,nominatim,tertiary,True
боровский проезд д 1,"Боровский проезд, д. 1",1,rv,Введено,ФОНД РЕНОВАЦИИ,ЗАО,Солнцево,55.6554318,37.3926958,nominatim,tertiary,True
боровское ш влд. 2-1 и вл 2,Боровское ш. влд. 2-1 и вл. 2,1,oks,Строится,ПИК,ЗАО,Солнцево,55.6521865,37.40060335,district_centroid,approximate,True
боровское шоссе,Боровское шоссе,1,rv,Введено,МОСКОВСКИЙ МЕТРОПОЛИТЕН,НАО,Внуково,55.6477505,37.3704228,nominatim,station,True
боровское шоссе вл 2,"БОРОВСКОЕ ШОССЕ, ВЛ. 2",1,rv,Введено,ПИК,ЗАО,Солнцево,55.6521865,37.40060335,manual_exact,exact,True
боровское шоссе вл 2-1 и вл 2,Боровское шоссе вл. 2-1 и вл. 2,1,rv,Введено,ПИК,ЗАО,Солнцево,55.6521865,37.40060335,manual_exact,exact,True
боровское шоссе вл 2а,"Боровское шоссе, вл. 2а",2,oks,Строится,"ПИК; ПУБЛИЧНОЕ АКЦИОНЕРНОЕ ОБЩЕСТВО ""ПИК-СПЕЦИАЛИЗИРОВАННЫЙ ЗАСТРОЙЩИК""",ЗАО,Солнцево,55.6627345,37.41415705,geometry,,True
боровское шоссе вл 30-36,Боровское шоссе вл. 30-36,1,rv,Введено,"ООО ФИРМА ""ТИХИВЗ""",ЗАО,Ново-Переделкино,55.644386,37.3591625,manual_exact,exact,True
боровское шоссе вл 51,"Боровское шоссе, вл. 51",2,oks,Строится,ГРУППА РОДИНА,ЗАО,Внуково,55.6423966,37.3599847,nominatim,primary,True
боровское шоссе д 2а к 2,"БОРОВСКОЕ ШОССЕ, Д. 2А, К. 2",1,rv,Введено,ПИК,ЗАО,Солнцево,55.6521865,37.40060335,manual_exact,exact,True
боровское шоссе д 2а корп 3,"БОРОВСКОЕ ШОССЕ, Д. 2А, КОРП. 3",1,rv,Введено,ПИК,ЗАО,Солнцево,55.6521865,37.40060335,manual_exact,exact,True
боровское шоссе д 2а корп 4,"БОРОВСКОЕ ШОССЕ, Д. 2А, КОРП. 4",1,rv,Введено,ПИК,ЗАО,Солнцево,55.6521865,37.40060335,manual_exact,exact,True
боровское шоссе мкр. 11 корпус 236,"Боровское шоссе, мкр. 11, корпус 236",1,oks,Строится,"ООО ""ФИТНЕС""",ЗАО,Ново-Переделкино,55.644386,37.3591625,district_centroid,approximate,True
боровское шоссе мкр. 11а корп 225,"Боровское шоссе, мкр. 11А, корп 225",1,oks,Строится,"ООО ""САБИНА""",ЗАО,Ново-Переделкино,55.644386,37.3591625,district_centroid,approximate,True
боровское шоссе. вл 51,"Боровское шоссе., вл. 51",2,oks,Строится,ГРУППА РОДИНА,ЗАО,Ново-Переделкино,55.6603341,37.4107917,nominatim,tertiary,True
ботаническая ул вл 29,Ботаническая ул. вл. 29,1,oks,Строится,ОСНОВА,СВАО,Марфино,55.8442084,37.5855732,nominatim,secondary,True
ботылева василия ул д1 стр 10 стр 134,"БОТЫЛЕВА ВАСИЛИЯ УЛ., Д.1, СТР. 10, СТР. 134",1,rv,Введено,"МГУП ""МОСВОДОКАНАЛ""",ЗАО,Кунцево,55.74346005,37.39999495,manual_exact,exact,True
бочкова ул вл 11а,Бочкова ул. вл. 11А,3,rv,Введено,КОРТРОС,СВАО,Останкинский,55.8105145,37.6302466,nominatim,tertiary,True
братеево 1-й мкр. ул борисовские пруды,"Братеево, 1-й мкр., ул. Борисовские пруды",1,oks,Строится,"ГСК ""БРАТЕЕВО -1""",ЮАО,Братеево,55.625639,37.755701,district_centroid,approximate,True
брошевский пер д 6,"БРОШЕВСКИЙ ПЕР., Д. 6",1,rv,Введено,"ООО ""БРОШЕВСКИЙ""",ЦАО,Таганский,55.75004445,37.6571372,manual_exact,exact,True
брюсов пер вл 2/14 стр 10,"Брюсов пер., вл. 2/14, стр. 10",1,rv,Введено,МЕГАПОЛИС - ИНВЕСТ,ЦАО,Пресненский,55.7580051,37.5654894,manual_exact,exact,True
буденного просп. вл 47б/1,Буденного просп. вл. 47Б/1,1,rv,Введено,ФОНД РЕНОВАЦИИ,ВАО,Соколиная Гора,55.7654052,37.7370939,manual_exact,exact,True
буденного просп. д 51 к1 стр 2 к 3 к 4 к 5,"БУДЕННОГО ПРОСП., д. 51, к.1, стр. 2, к. 3, к. 4, к. 5",1,rv,Введено,ЭТАЛОН,ВАО,Соколиная Гора,55.7654052,37.7370939,manual_exact,exact,True
буденного просп. д51 к 6,"БУДЕННОГО ПРОСП., Д.51, К, 6",1,rv,Введено,ЭТАЛОН,ВАО,Соколиная Гора,55.7654052,37.7370939,manual_exact,exact,True
буденного проспект участок 18,"Будённого проспект, участок 18",1,oks,Строится,ОДК,ВАО,Соколиная Гора,55.7654052,37.7370939,district_centroid,approximate,True
булатниковский пр земельный участок 2б/1,"Булатниковский пр., земельный участок 2Б/1",1,rv,Введено,ФОНД РЕНОВАЦИИ,ЮАО,Бирюлёво Западное,55.5977271,37.6499083,manual_exact,exact,True
булатниковский пр-д земельный участок 2в/2,"Булатниковский пр-д, земельный участок 2В/2",1,rv,Введено,ФОНД РЕНОВАЦИИ,ЮАО,Бирюлёво Западное,55.5977271,37.6499083,manual_exact,exact,True
бульв. генерала карбышева д 13а,"БУЛЬВ. ГЕНЕРАЛА КАРБЫШЕВА, Д. 13А",1,rv,Введено,КОНЦЕРН КРОСТ,СЗАО,Хорошево-Мневники,55.7601052,37.5183196,manual_exact,exact,True
бульв. кронштадский вл9,"бульв. Кронштадский, вл.9",1,rv,Введено,ПИК,САО,Головинский,55.84324995,37.488648850000004,geometry_permit,,True
бульв. кронштадтский вл9,"бульв. Кронштадтский, вл.9",2,rv,Введено,ПИК,САО,Головинский,55.84324995,37.488648850000004,geometry_permit,,True
бульвар андрея тарковского дом 2а,Бульвар Андрея Тарковского дом 2А,1,rv,Введено,SEZAR GROUP,НАО,Внуково,55.626809,37.338855499999994,geometry_permit,,True
бульвар андрея тарковского зу 2а,"Бульвар Андрея Тарковского, з/у 2А",1,rv,Введено,SEZAR GROUP,НАО,Внуково,55.626847,37.3395895,geometry_permit,,True
бульвар дмитрия донского,бульвар Дмитрия Донского,1,rv,Введено,АНО РСИО,ЮЗАО,Северное Бутово,55.5692452,37.5768693,nominatim,station,True
бульвар кронштадтский земельный участок 9,"бульвар Кронштадтский, земельный участок 9",1,rv,Введено,ПИК,САО,Головинский,55.841627,37.488902,geometry_permit,,True
бульвар ореховый ул ясеневая,"бульвар Ореховый, ул. Ясеневая",1,rv,Введено,АЛКОТЕК-ФАСАД,ЮАО,Зябликово,55.6178373,37.7671258,manual_exact,exact,True
бульвар сиреневый земельный участок 4/4 (сиреневый б-р вл 4 зу 4),"бульвар Сиреневый, земельный участок 4/4 (Сиреневый б-р, вл. 4, з/у 4)",1,oks,Строится,ФОНД РЕНОВАЦИИ,ВАО,Измайлово,55.797943,37.7736403,district_centroid,approximate,True
бульвар скандинавский зу 14,бульвар Скандинавский з/у 14,1,rv,Введено,А101,НАО,Коммунарка,55.581794,37.448441,manual_exact,exact,True
бумажный пр вл 19,"Бумажный пр., вл. 19",1,rv,Введено,STONE,САО,Беговой,55.7885923,37.5861058,nominatim,unclassified,True
бумажный пр вл 19 стр 4 5,"Бумажный пр. вл. 19 стр. 4,5",1,oks,Строится,STONE,САО,Беговой,55.7828983,37.563588,district_centroid,approximate,True
бумажный пр д 19/1,Бумажный пр. д. 19/1,1,rv,Введено,STONE,САО,Беговой,55.7828983,37.563588,manual_exact,exact,True
бунчиха дер,Бунчиха дер.,1,oks,Строится,"ОБЩЕСТВОСОГРАНИЧЕННОЙОТВЕТСТВЕННОСТЬЮ""САНОЙЛ""",ТАО,Вороново,55.323827,37.3468956,district_centroid,approximate,True
бурцево дер уч № 107,Бурцево дер. уч. № 107,1,rv,Введено,ИНДИВИДУАЛЬНЫЕ ПРЕДПРИНИМАТЕЛИ,НАО,Филимонковский,55.5500805,37.314627,manual_exact,exact,True
бутово промзона 1й планировочный комплекс варшавское ш,"Бутово промзона, 1й планировочный комплекс, Варшавское ш.",1,oks,Строится,ПИК,ЮЗАО,Южное Бутово,55.54729475,37.5747165,district_centroid,approximate,True
бутырская улица д 1,"Бутырская улица, д. 1",1,rv,Введено,"АО ""КАПСТРОЙСИТИ""",САО,Савёловский,55.7944429,37.5847084,nominatim,primary,True
бухвостова 1-я ул д 2 корп 3,"Бухвостова 1-я ул., д. 2, корп. 3",1,rv,Введено,РЕГИОНЫ-ДЕВЕЛОПМЕНТ,ВАО,Преображенское,55.79672395,37.7208723,manual_exact,exact,True
в границах земельного участка с кадастровым номером 77:17:0130104:2662,в границах земельного участка с кадастровым номером 77:17:0130104:2662,1,rv,Введено,СТРОЙКОМ,НАО,Коммунарка,55.581794,37.448441,district_centroid,approximate,True
в е д ватутинки уч 2,"в е д. Ватутинки, уч. 2",3,rv,Введено,МОСИНЖПРОЕКТ,НАО,Троицк,55.5274153,37.2817736,manual_exact,exact,True
в е деревни румянцево,в е деревни Румянцево,1,rv,Введено,ППФ РИЭЛ ЭСТЕЙТ,НАО,Московский,55.613434,37.415014,manual_exact,exact,True
в районе д ватутинки уч 2,"в районе д. Ватутинки, уч. 2",2,rv,Введено,МОСИНЖПРОЕКТ,НАО,Троицк,55.5274153,37.2817736,manual_exact,exact,True
в районе д ватутинки уч 2 (квартал № 102 дом 4 корпус 3),"в районе д. Ватутинки, уч. 2 (квартал № 102, дом 4, корпус 3)",1,rv,Введено,МОСИНЖПРОЕКТ,НАО,Троицк,55.5274153,37.2817736,manual_exact,exact,True
в районе д картмазово,в районе д. Картмазово,1,oks,Строится,"ООО ""ТРЕЙФИН""",НАО,Коммунарка,55.581794,37.448441,district_centroid,approximate,True
в районе д лапшинка,в районе д. Лапшинка,3,rv,Введено,"ООО СЗ ""СК ""КЛЮЧ""",НАО,Московский,55.613434,37.415014,manual_exact,exact,True
в районе д мамыри уч 74/1,"в районе д. Мамыри, уч. 74/1",1,oks,Строится,КИЕВСКАЯ ПЛОЩАДЬ,НАО,Коммунарка,55.581794,37.448441,district_centroid,approximate,True
в районе д николо-хованское,в районе д. Николо-Хованское,1,rv,Введено,ПИК,НАО,Коммунарка,55.581794,37.448441,manual_exact,exact,True
в районе д румянцево,в районе д. Румянцево,1,rv,Введено,ППФ РИЭЛ ЭСТЕЙТ,НАО,Московский,55.613434,37.415014,manual_exact,exact,True
в районе д яковлево,в районе д. Яковлево,10,oks; rv,Строится; Введено,МОНАРХ,НАО,Коммунарка,55.4773801,37.3970203,nominatim,village:fallback,True
в районе дер говорово,в районе дер. Говорово,3,rv,Введено,ФСК,НАО,Коммунарка,55.581794,37.448441,manual_exact,exact,True
в районе дер мамыри уч 46,"в районе дер. Мамыри, уч. 46",1,oks,Строится,"ООО ""КОРБИС - М""",НАО,Коммунарка,55.581794,37.448441,district_centroid,approximate,True
в районе дер николо-хованское кв. 26 уч 3/3,"в районе дер. Николо-Хованское, кв. 26 уч. 3/3",1,rv,Введено,А101,НАО,Коммунарка,55.581794,37.448441,manual_exact,exact,True
в районе дер николо-хованское уч 5-1 (ппт 1-4),"в районе дер. Николо-Хованское, уч. 5-1 (ппт 1-4)",1,rv,Введено,А101,НАО,Коммунарка,55.581794,37.448441,manual_exact,exact,True
в районе дер яковлево,в районе дер. Яковлево,9,rv,Введено,МОНАРХ,ТАО,Троицк,55.4773801,37.3970203,manual_exact,exact,True
в районе деревни румянцево,в районе деревни Румянцево,7,rv,Введено,ТЕТРАЭКОНОМАЛЬЯНС,НАО,Московский,55.613434,37.415014,manual_exact,exact,True
в районе дерсаларьево уч № 22/2б,"в районе дер.Саларьево, уч № 22/2б",1,rv,Введено,"ООО ""МЕРИДИАН ЛОГИСТИК""",НАО,Московский,55.613434,37.415014,manual_exact,exact,True
в районе друмянцево уч№ 17/2л,"в районе д.Румянцево, уч.№ 17/2л",1,oks,Строится,"ООО ""АБЗ ЛЕНИНСКИЙ""",ЗАО,Ново-Переделкино,55.644386,37.3591625,district_centroid,approximate,True
в районе ммдц москва-сити,в районе ММДЦ «Москва-Сити»,1,rv,Введено,"ГУП ГОРОДА МОСКВЫ ""ЦЕНТР-СИТИ""",ЦАО,Пресненский,55.7580051,37.5654894,manual_exact,exact,True
в районе николо-хованского кладбища,в районе Николо-Хованского кладбища,1,rv,Введено,"ООО ""КИТ ХАУС""",НАО,Коммунарка,55.581794,37.448441,manual_exact,exact,True
в районе п. переделкино регламентный участок №4,"в районе п. Переделкино, регламентный участок №4",1,oks,Строится,"ФОНД ""ПОДАРИ ЖИЗНЬ""",НАО,Внуково,55.58975,37.26383705,district_centroid,approximate,True
в районе пос ватутинки уч № 26,"в районе пос. Ватутинки, уч. № 26",4,rv,Введено,САМОЛЕТ,НАО,Троицк,55.5274153,37.2817736,manual_exact,exact,True
в районе пос газопровод,в районе пос. Газопровод,4,oks,Строится,КОНЦЕРН КРОСТ,НАО,Коммунарка,55.577405999999996,37.4793665,geometry_address,,True
в районе пос коммунарка уч№317ю,"в районе пос. Коммунарка, уч.№317ю",1,oks,Строится,"ООО ""АРТЕС""",НАО,Коммунарка,55.581794,37.448441,district_centroid,approximate,True
в районе пос мамыри,в районе пос. Мамыри,1,rv,Введено,КИЕВСКАЯ ПЛОЩАДЬ,НАО,Сосенское,55.581794,37.417744,manual_exact,exact,True
в районе пос переделкино регламентный участок №4,"в районе пос. Переделкино, регламентный участок №4",1,oks,Строится,"ФОНД ""ПОДАРИ ЖИЗНЬ""",НАО,Внуково,55.58975,37.26383705,district_centroid,approximate,True
в районе поспеределкино регламентный участок №4,"в районе пос.Переделкино, регламентный участок №4",1,oks,Строится,"ФОНД ""ПОДАРИ ЖИЗНЬ""",НАО,Внуково,55.58975,37.26383705,district_centroid,approximate,True
в районе станции бекасово-сортировочная,в районе станции Бекасово-Сортировочная,1,oks,Строится,"ООО ""ПРОМ БЕТОН""",ТАО,Коммунарка,55.581794,37.448441,district_centroid,approximate,True
вавилова 76,Вавилова 76,1,oks,Строится,ФОНД РЕНОВАЦИИ,ЮЗАО,Ломоносовский,55.6984105,37.5842389,nominatim,garages,True
вавилова ул уч 11,Вавилова ул. уч. 11,1,oks,Строится,"АО ""ВАВИЛОВА 13А""",ЮЗАО,Академический,55.7027436,37.5811665,nominatim,secondary,True
валдайский проезд д 16,"Валдайский проезд, д. 16",2,rv,Введено,"АО ""Киностудия им. М. Горького""",САО,Левобережный,55.8675649,37.4675168,nominatim,residential,True
валдайский проезд дом/владение дом 14/1,"Валдайский проезд, дом/владение дом 14/1",1,rv,Введено,КП УГС,САО,Левобережный,55.8692475,37.4578945,manual_exact,exact,True
варшавское ш,Варшавское ш.,1,rv,Введено,Э.К. ДЕВЕЛОПМЕНТ,ЮАО,Чертаново Южное,55.6085047,37.6081417,nominatim,primary,True
варшавское ш д 13б стр 1,"ВАРШАВСКОЕ Ш., Д. 13Б, СТР. 1",1,rv,Введено,"ООО ""ТАРДИТ ХОЛДИНГ""",ЮАО,Донской,55.6976942,37.58841435,manual_exact,exact,True
варшавское ш д 49 корп 2,"Варшавское ш., д. 49, корп. 2",1,rv,Введено,КП УГС,ЮАО,Нагатино-Садовники,55.6746117,37.6454806,manual_exact,exact,True
варшавское шоссе,Варшавское шоссе,6,rv,Введено,Э.К. ДЕВЕЛОПМЕНТ,ЮАО,Чертаново Южное,55.5832166,37.5972518,nominatim,primary,True
варшавское шоссе 1-й планировочный комплекс промзоны бутово,"Варшавское шоссе, 1-й планировочный комплекс промзоны ""Бутово""",5,oks; rv,Строится; Введено,ПИК,ЮЗАО,Южное Бутово,55.51896549999999,37.5747165,geometry,,True
варшавское шоссе 1-й планировочный комплекс промзоны бутово.,"Варшавское шоссе, 1-й планировочный комплекс промзоны ""Бутово"".",1,oks,Строится,ПИК,ЮЗАО,Южное Бутово,55.54729475,37.5747165,district_centroid,approximate,True
варшавское шоссе вл 14 стр 8 вл 14 соор. 6 7,"Варшавское шоссе, вл. 14, стр. 8; вл. 14, соор. 6, 7",1,oks,Строится,БАНК ТРАСТ,ЮАО,Донской,55.6976942,37.58841435,district_centroid,approximate,True
варшавское шоссе вл 141,"Варшавское шоссе, вл. 141",4,oks; rv,Строится; Введено,РГ-ДЕВЕЛОПМЕНТ; ПИК,ЮАО,Чертаново Южное,55.58849015,37.5972518,district_centroid,approximate,True
варшавское шоссе вл 170/е,"Варшавское шоссе, вл. 170/Е",2,rv,Введено,SMINEX (ранее INGRAD),ЮАО,Чертаново Южное,55.58849015,37.5972518,manual_exact,exact,True
варшавское шоссе вл 31 корп 2,"Варшавское шоссе, вл. 31, корп. 2",1,oks,Строится,РСЕХБ,ЮАО,Донской,55.6976942,37.58841435,district_centroid,approximate,True
варшавское шоссе вл 32 вл 32 стр 2 3 вл 34 стр 2,"Варшавское шоссе, вл. 32; вл. 32, стр. 2, 3; вл. 34, стр. 2",1,oks,Строится,"АО ""КОНСТАНТ КАПИТАЛ""",ЮАО,Нагорный,55.67199305,37.6133392,district_centroid,approximate,True
варшавское шоссе вл 9/2,"Варшавское шоссе, вл. 9/2",1,rv,Введено,KR PROPERTIES,ЮАО,Донской,55.5464255,37.5850547,nominatim,secondary,True
варшавское шоссе вл167б стр1,"ВАРШАВСКОЕ ШОССЕ, ВЛ.167Б, СТР.1",1,rv,Введено,АРЕНДА-ГРУПП,ЮЗАО,Северное Бутово,55.5692452,37.5794073,manual_exact,exact,True
варшавское шоссе владение 248,"Варшавское шоссе, владение 248",8,oks,Строится,"АО ""СОВТРАНСАВТОЭКСПЕДИЦИЯ""",ЮЗАО,Южное Бутово,55.6085047,37.6081417,nominatim,primary:fallback,True
варшавское шоссе д 141 корп 9,"ВАРШАВСКОЕ ШОССЕ, Д. 141, КОРП. 9",1,rv,Введено,"ПУБЛИЧНОЕ АКЦИОНЕРНОЕ ОБЩЕСТВО ""ПИК-СПЕЦИАЛИЗИРОВАННЫЙ ЗАСТРОЙЩИК""",ЮАО,Чертаново Южное,55.58849015,37.5972518,manual_exact,exact,True
варшавское шоссе д 141 корп14,"ВАРШАВСКОЕ ШОССЕ, Д. 141, КОРП.14",1,rv,Введено,"ПУБЛИЧНОЕ АКЦИОНЕРНОЕ ОБЩЕСТВО ""ПИК-СПЕЦИАЛИЗИРОВАННЫЙ ЗАСТРОЙЩИК""",ЮАО,Чертаново Южное,55.58849015,37.5972518,manual_exact,exact,True
варшавское шоссе д 141 корп15,"ВАРШАВСКОЕ ШОССЕ, Д. 141, КОРП.15",1,rv,Введено,"ПУБЛИЧНОЕ АКЦИОНЕРНОЕ ОБЩЕСТВО ""ПИК-СПЕЦИАЛИЗИРОВАННЫЙ ЗАСТРОЙЩИК""",ЮАО,Чертаново Южное,55.58849015,37.5972518,manual_exact,exact,True
варшавское шоссе д 141 корп6,"ВАРШАВСКОЕ ШОССЕ, Д. 141, КОРП.6",1,rv,Введено,"ПУБЛИЧНОЕ АКЦИОНЕРНОЕ ОБЩЕСТВО ""ПИК-СПЕЦИАЛИЗИРОВАННЫЙ ЗАСТРОЙЩИК""",ЮАО,Чертаново Южное,55.58849015,37.5972518,manual_exact,exact,True
варшавское шоссе д 141 корп7,"ВАРШАВСКОЕ ШОССЕ, Д. 141, КОРП.7",1,rv,Введено,"ПУБЛИЧНОЕ АКЦИОНЕРНОЕ ОБЩЕСТВО ""ПИК-СПЕЦИАЛИЗИРОВАННЫЙ ЗАСТРОЙЩИК""",ЮАО,Чертаново Южное,55.58849015,37.5972518,manual_exact,exact,True
варшавское шоссе д 141 корп8,"ВАРШАВСКОЕ ШОССЕ, Д. 141, КОРП.8",1,rv,Введено,"ПУБЛИЧНОЕ АКЦИОНЕРНОЕ ОБЩЕСТВО ""ПИК-СПЕЦИАЛИЗИРОВАННЫЙ ЗАСТРОЙЩИК""",ЮАО,Чертаново Южное,55.58849015,37.5972518,manual_exact,exact,True
варшавское шоссе д141а стр 6,"Варшавское шоссе, д.141А, стр. 6",1,rv,Введено,"ПУБЛИЧНОЕ АКЦИОНЕРНОЕ ОБЩЕСТВО ""ПИК-СПЕЦИАЛИЗИРОВАННЫЙ ЗАСТРОЙЩИК""",ЮАО,Чертаново Южное,55.58849015,37.5972518,manual_exact,exact,True
варшавское шоссе дом 268 строение 1,"Варшавское шоссе, дом 268, строение 1",4,rv,Введено,ПИК,ЮЗАО,Южное Бутово,55.54729475,37.5747165,manual_exact,exact,True
варшавское шоссе дом 280 корпус 1,"Варшавское шоссе, дом 280, корпус 1",1,rv,Введено,ПИК,ЮЗАО,Южное Бутово,55.54729475,37.5747165,manual_exact,exact,True
варшавское шоссе дом 280 корпус 3,"Варшавское шоссе, дом 280, корпус 3",1,rv,Введено,ПИК,ЮЗАО,Южное Бутово,55.54729475,37.5747165,manual_exact,exact,True
варшавское шоссе земельные участки 37 а/1 37/4,"Варшавское шоссе, земельные участки 37 А/1, 37/4",1,rv,Введено,ФСК,ЮАО,Нагатино-Садовники,55.6746117,37.6454806,manual_exact,exact,True
варшавское шоссе земельный участок 47/2,Варшавское шоссе земельный участок 47/2,1,rv,Введено,ФОНД РЕНОВАЦИИ,ЮАО,Нагатино-Садовники,55.6746117,37.6454806,manual_exact,exact,True
варшавское шоссе земельный участок 8/10 (варшавское ш вл 8а-10а),"Варшавское шоссе, земельный участок 8/10 (Варшавское ш., вл. 8А-10А)",1,oks,Строится,ФОНД РЕНОВАЦИИ,ЮАО,Донской,55.6976942,37.58841435,district_centroid,approximate,True
варшавское шоссе земельный участок 90/1 (участок 5.1),"Варшавское шоссе, земельный участок 90/1 (участок 5.1)",1,oks,Строится,ФОНД РЕНОВАЦИИ,ЮАО,Нагорный,55.67199305,37.6133392,district_centroid,approximate,True
варшавское шоссе рядом с метро аннино микрорайон (мкр.) 18,"Варшавское шоссе, рядом с метро Аннино, микрорайон (мкр.) 18",4,oks,Строится,ПРАВОСЛАВИЕ,ЮАО,Чертаново Южное,55.58849015,37.5972518,district_centroid,approximate,True
варшавское шоссе уч 77:05:0008007:14033,"Варшавское шоссе, уч. 77:05:0008007:14033",5,rv,Введено,ПИК; Э.К. ДЕВЕЛОПМЕНТ,ЮЗАО,Южное Бутово,55.54729475,37.5747165,manual_exact,exact,True
варшавское шоссе участок 37/4,"Варшавское шоссе, участок 37/4",1,rv,Введено,ФСК,ЮАО,Нагатино-Садовники,55.6746117,37.6454806,manual_exact,exact,True
ватутинки пос уч 2,Ватутинки пос. уч. 2,4,rv,Введено,МОСИНЖПРОЕКТ,НАО,Троицк,55.5274153,37.2817736,manual_exact,exact,True
ватутинки пос уч 2 квартал № 102 дом 3 корпус 1,"Ватутинки пос. уч. 2, квартал № 102, дом 3, корпус 1",1,rv,Введено,МОСИНЖПРОЕКТ,НАО,Троицк,55.5274153,37.2817736,manual_exact,exact,True
ватутинки пос уч 2 квартал № 102 дом 3 корпус 2,"Ватутинки пос. уч. 2, квартал № 102, дом 3, корпус 2",1,rv,Введено,МОСИНЖПРОЕКТ,НАО,Троицк,55.5274153,37.2817736,manual_exact,exact,True
ватутинки пос уч 2 квартал № 102 дом 3 корпус 3,"Ватутинки пос. уч. 2, квартал № 102, дом 3, корпус 3",1,rv,Введено,МОСИНЖПРОЕКТ,НАО,Троицк,55.5274153,37.2817736,manual_exact,exact,True
ватутинки пос уч 2 квартал № 102 дом 3 корпус 4,"Ватутинки пос. уч. 2, квартал № 102, дом 3, корпус 4",1,rv,Введено,МОСИНЖПРОЕКТ,НАО,Троицк,55.5274153,37.2817736,manual_exact,exact,True
вблизи д алхимово,вблизи д. Алхимово,14,oks; rv,Строится; Введено,САМОЛЕТ,НАО,Щербинка,55.4774045,37.5045738,nominatim,hamlet:fallback,True
вблизи д алхимово жк алхимово,"вблизи д. Алхимово, ЖК ""Алхимово""",1,oks,Строится,САМОЛЕТ,НАО,Щербинка,55.4737875,37.533252,geometry,,True
вблизи д бачурино,вблизи д. Бачурино,1,oks,Строится,А101,НАО,Коммунарка,55.581794,37.448441,district_centroid,approximate,True
вблизи д большое свинорье,вблизи д. Большое Свинорье,1,rv,Введено,САМОЛЕТ,НАО,Коммунарка,55.581794,37.448441,manual_exact,exact,True
вблизи д большое свинорье кв. 76,"вблизи д. Большое Свинорье, кв. 76",2,oks,Строится,САМОЛЕТ,НАО,Внуково,55.58975,37.26383705,district_centroid,approximate,True
вблизи д васюнино,вблизи д. Васюнино,2,oks,Строится,"ООО ""ВАСХОЗ""",ТАО,Вороново,55.323827,37.3468956,district_centroid,approximate,True
вблизи д летово уч № 19/1,"вблизи д. Летово, уч. № 19/1",1,oks,Строится,А101,НАО,Коммунарка,55.581794,37.448441,district_centroid,approximate,True
вблизи д летово уч № 20-3,"вблизи д. Летово, уч. № 20-3",1,rv,Введено,"АО ""МАШИНОАППАРАТ""",НАО,Коммунарка,55.581794,37.448441,manual_exact,exact,True
вблизи д марьино квартал 176 земельный участок 1/3,"вблизи д. Марьино, квартал 176, земельный участок 1/3",1,oks,Строится,САМОЛЕТ,НАО,Филимонковский,55.549628999999996,37.305035000000004,geometry,,True
вблизи д николо-хованское,вблизи д. Николо-Хованское,22,oks; rv,Строится; Введено,ПИК; А101,НАО,Коммунарка,55.6043455,37.417744,geometry_address,,True
вблизи д николо-хованское квартал № 7 дом 3 корпус 7,"вблизи д. Николо-Хованское, квартал № 7, дом 3, корпус 7",1,rv,Введено,ПИК,НАО,Коммунарка,55.581794,37.448441,manual_exact,exact,True
вблизи д николо-хованское корпус 27,"вблизи д. Николо-Хованское, корпус 27",1,rv,Введено,ПИК,НАО,Сосенское,55.581794,37.417744,manual_exact,exact,True
вблизи д николо-хованское корпус 31,"вблизи д. Николо-Хованское, корпус 31",1,rv,Введено,ПИК,НАО,Сосенское,55.581794,37.417744,manual_exact,exact,True
вблизи д николо-хованское корпус 33,"вблизи д. Николо-Хованское, корпус 33",1,rv,Введено,ПИК,НАО,Сосенское,55.581794,37.417744,manual_exact,exact,True
вблизи д рассказовка квартал 17,"вблизи д. Рассказовка, квартал 17",1,oks,Строится,АБСОЛЮТ,НАО,Внуково,55.58975,37.26383705,district_centroid,approximate,True
вблизи д румянцево уч 3/2,"вблизи д. Румянцево, уч.3/2",1,oks,Строится,CAPITAL GROUP,ЗАО,Ново-Переделкино,55.644386,37.3591625,district_centroid,approximate,True
вблизи д санино,вблизи д. Санино,15,oks; rv,Строится; Введено,САМОЛЕТ,НАО,Внуково,55.589749999999995,37.169483,geometry_address,,True
вблизи д санино (нао кокошкино),"вблизи д. Санино (НАО, Кокошкино)",3,oks,Строится,САМОЛЕТ,НАО,Внуково,55.58975,37.26383705,district_centroid,approximate,True
вблизи д середнево,вблизи д. Середнево,1,oks,Строится,ПИК,НАО,Филимонковский,55.5500805,37.314627,district_centroid,approximate,True
вблизи д сосенки,вблизи д. Сосенки,1,oks,Строится,"ООО ""САБИДОМ""",НАО,Коммунарка,55.581794,37.448441,district_centroid,approximate,True
вблизи д софьино,вблизи д. Софьино,1,oks,Строится,"ООО ""МАРЕНСИС""",ТАО,Краснопахорский,55.3943301,37.0617999,district_centroid,approximate,True
вблизи д столбово участок 2,"вблизи д. Столбово,участок 2",1,rv,Введено,ГРАНЕЛЬ,НАО,Сосенское,55.581794,37.417744,manual_exact,exact,True
вблизи д ясенки,вблизи д. Ясенки,1,oks,Строится,"ООО ""КОВЧЕГ""",ТАО,Коммунарка,55.581794,37.448441,district_centroid,approximate,True
вблизи дер алхимово,вблизи дер. Алхимово,3,rv,Введено,САМОЛЕТ,НАО,Щербинка,55.4774045,37.5045738,manual_exact,exact,True
вблизи дер бачурино уч 28 по проекту строительства ппт2-5 участок 3-1,"вблизи дер. Бачурино, уч. 28, по проекту строительства ППТ2-5 участок 3-1",2,rv,Введено,А101,НАО,Коммунарка,55.581794,37.448441,manual_exact,exact,True
вблизи дер большое свинорье,вблизи дер. Большое Свинорье,6,oks; rv,Строится; Введено,"ООО ""РОСТ-Е""; САМОЛЕТ",НАО,Коммунарка,55.581794,37.448441,manual_exact,exact,True
вблизи дер большое свинорье нао марушкинское (нао поселение марушкинское),"вблизи дер. Большое Свинорье, НАО, Марушкинское (НАО, поселение, Марушкинское)",1,oks,Строится,САМОЛЕТ,НАО,Внуково,55.581833,37.151917999999995,geometry,,True
вблизи дер зименки,вблизи дер. Зименки,1,rv,Введено,СТРОЙКОМ,НАО,Коммунарка,55.581794,37.448441,manual_exact,exact,True
вблизи дер ивановское уч 1/1,вблизи дер. Ивановское уч. 1/1,1,oks,Строится,НЕБОСКРЕБ ГБ,ТАО,Филимонковский,55.545166,37.1494515,geometry,,True
вблизи дер николо-хованское,вблизи дер. Николо-Хованское,3,rv,Введено,А101,НАО,Коммунарка,55.6043455,37.417744,geometry_address_match,,True
вблизи дер николо-хованское д 6,"вблизи дер. Николо-Хованское, д. 6",2,rv,Введено,А101,НАО,Коммунарка,55.581794,37.448441,manual_exact,exact,True
вблизи дер поляны,Вблизи дер. Поляны,1,rv,Введено,ИНДИВИДУАЛЬНЫЕ ПРЕДПРИНИМАТЕЛИ,ТАО,Краснопахорский,55.3943301,37.0617999,manual_exact,exact,True
вблизи дер пыхчево,вблизи дер. Пыхчево,2,oks,Строится,А101,ТАО,Троицк,55.5274153,37.2817736,district_centroid,approximate,True
вблизи дер столбово (кв. 160 зу 1в),"вблизи дер. Столбово (кв. 160, з/у 1В)",1,rv,Введено,А101,НАО,Коммунарка,55.581794,37.448441,manual_exact,exact,True
вблизи дер столбово уч 2,"вблизи дер. Столбово, уч. 2",1,oks,Строится,"ООО ""ТЕХНОСТРОЙ""",НАО,Коммунарка,55.581794,37.417744,manual_exact,exact,True
вблизи деревни алхимово,вблизи деревни Алхимово,1,rv,Введено,САМОЛЕТ,НАО,Щербинка,55.49523050000001,37.518144,manual_exact,exact,True
вблизи деревни киселевка,вблизи деревни Киселевка,1,oks,Строится,ГРАД,НАО,Троицк,55.5274153,37.2817736,district_centroid,approximate,True
вблизи деревни львово,вблизи деревни Львово,1,rv,Введено,СУ ХОЛДИНГС,ТАО,Вороново,55.323827,37.3468956,manual_exact,exact,True
вблизи деревни рогозинино,вблизи деревни Рогозинино,3,oks; rv,Строится; Введено,ЦЕНТРСТРОЙ,ТАО,Филимонковский,55.5500805,37.314627,district_centroid,approximate,True
вблизи деревни санино,вблизи деревни Санино,19,oks; rv,Строится; Введено,"САМОЛЕТ; ПУБЛИЧНОЕ АКЦИОНЕРНОЕ ОБЩЕСТВО ""ГРУППА КОМПАНИЙ ""САМОЛЕТ""",НАО,Внуково,55.58725375,37.1639898,geometry_address,,True
вблизи дкувекино,вблизи д.Кувекино,5,oks,Строится,ПИК,НАО,Троицк,55.5274153,37.2817736,district_centroid,approximate,True
вблизи дниколо-хованское,вблизи д.Николо-Хованское,1,rv,Введено,А101,НАО,Коммунарка,55.581794,37.448441,manual_exact,exact,True
вблизи дсанино,вблизи д.Санино,3,rv,Введено,САМОЛЕТ,НАО,Останкинский,55.8386265,37.6302466,manual_exact,exact,True
вблизи мякининской поймы,вблизи Мякининской поймы,3,rv,Введено,ПИК,ЗАО,Кунцево,55.74346005,37.39999495,manual_exact,exact,True
вблизи п. курилово,вблизи п. Курилово,1,rv,Введено,ИНДИВИДУАЛЬНЫЕ ПРЕДПРИНИМАТЕЛИ,ТАО,Краснопахорский,55.3943301,37.0617999,manual_exact,exact,True
вблизи п. секерино земельный участок 6,"вблизи п. Секерино, земельный участок 6",1,oks,Строится,НПП ГИДРИКС,ТАО,Краснопахорский,55.3943301,37.0617999,district_centroid,approximate,True
вблизи с. ознобишино участок с кадастровым номером 77:22:0020331:16,"вблизи с. Ознобишино, участок с кадастровым номером 77:22:0020331:16",1,oks,Строится,"ООО ""ЛИГА-РЕГИОН""",ТАО,Краснопахорский,55.3943301,37.0617999,district_centroid,approximate,True
вблизи с. остафьево улица любучанская земельный участок 13,"вблизи с. Остафьево, улица Любучанская, земельный участок 13",1,oks,Строится,САМОЛЕТ,НАО,Щербинка,55.49523050000001,37.518144,district_centroid,approximate,True
вблизи с. рождественно корпус 10,"вблизи с. Рождественно, корпус 10",1,rv,Введено,CAPITAL GROUP,СЗАО,Митино,55.8484195,37.3670608,manual_exact,exact,True
вблизи с. рождественно корпус 8,"вблизи с. Рождественно, корпус 8",1,rv,Введено,CAPITAL GROUP,СЗАО,Митино,55.8484195,37.3670608,manual_exact,exact,True
вблизи с. рождествено,вблизи с. Рождествено,7,oks; rv,Строится; Введено,ПИК; CAPITAL GROUP; АКВИЛОН,СЗАО,Митино,55.859553,37.3776845,geometry_address,,True
вблизи с. рождествено участок № 6.1,"вблизи с. Рождествено, участок № 6.1",1,oks,Строится,CAPITAL GROUP,СЗАО,Митино,55.8484195,37.3670608,district_centroid,approximate,True
вблизи с. рождествено участок № 7,"вблизи с. Рождествено, участок № 7",3,rv,Введено,АКВИЛОН,СЗАО,Митино,55.8484195,37.3670608,manual_exact,exact,True
вблизи с.рождествено,вблизи с.Рождествено,1,oks,Строится,ПИК,СЗАО,Митино,55.8619165,37.3712385,geometry,,True
вблизи села рождествено,вблизи села Рождествено,3,rv,Введено,ПИК; CAPITAL GROUP,СЗАО,Митино,55.8484195,37.3670608,manual_exact,exact,True
вблизи станции мцк ботанический сад,"вблизи станции МЦК ""Ботанический сад""",1,oks,Строится,"АО ""МКЖД""",СВАО,Свиблово,55.85444735,37.65271355,district_centroid,approximate,True
вблизи ул комдива орлова вл 3,"вблизи ул. Комдива Орлова, вл. 3",1,oks,Строится,РЖД,САО,Тимирязевский,55.8452897,37.5620884,district_centroid,approximate,True
введенского ул уч 6,Введенского ул. уч. 6,1,oks,Строится,"ООО ""АВТОСТЕЛ""",ЮЗАО,Коньково,55.6489084,37.5490285,nominatim,tertiary,True
велозаводская ул д 5 стр 21,Велозаводская ул. д. 5 стр. 21,1,oks,Строится,"АО ""КОРПОРАЦИЯ ""КОМЕТА""",ЮВАО,Южнопортовый,55.7236223,37.6824575,district_centroid,approximate,True
вельяминовская ул вл 34,Вельяминовская ул. вл. 34,1,oks,Строится,ММЗ ВЫМПЕЛ,ВАО,Соколиная Гора,55.7812611,37.7222085,nominatim,tertiary,True
вельяминовская ул д 34 стр 23,Вельяминовская ул. д. 34 стр. 23,1,rv,Введено,"ООО ""КОММЕРЧЕСКИЙ ЦЕНТР ""РИЦ""",ВАО,Соколиная гора,55.7726786,37.7361436,manual_exact,exact,True
веневская ул д 2,"ВЕНЕВСКАЯ УЛ., Д. 2",1,rv,Введено,"ООО ""СКАР ЭСТЕЙТ""",ЮЗАО,Южное Бутово,55.54729475,37.5747165,manual_exact,exact,True
верейская ул вл 1,Верейская ул. вл. 1,1,oks,Строится,ПРАВОСЛАВИЕ,ЗАО,Можайский,55.7130406,37.4237341,nominatim,tertiary,True
верейская ул вл 12,"Верейская ул., вл. 12",1,rv,Введено,РОССТРОЙИНВЕСТ,ЗАО,Можайский,55.7015105,37.3937955,manual_exact,exact,True
верейская ул вл 29,"Верейская ул., вл. 29",2,oks,Строится,"MR GROUP; АКЦИОНЕРНОЕ ОБЩЕСТВО ""МР ГРУПП""",ЗАО,Можайский,55.7015105,37.3937955,district_centroid,approximate,True
верейская ул д41а,"ВЕРЕЙСКАЯ УЛ., Д.41А",1,rv,Введено,"АО ""ЛАЗЕРСЕРВИС""",ЗАО,Можайский,55.7015105,37.3937955,manual_exact,exact,True
вересаева ул д 9,"ВЕРЕСАЕВА УЛ., Д. 9",1,rv,Введено,"ООО ""ВЕРЕСАЕВА ПЛЮС""",ЗАО,Можайский,55.7015105,37.3937955,manual_exact,exact,True
вернадского 12б,Вернадского 12Б,1,rv,Введено,КП УГС,ЗАО,Раменки,55.6768257,37.5002093,nominatim,administrative,True
вернадского просп. 12б,Вернадского просп. 12Б,1,rv,Введено,КП УГС,ЗАО,Раменки,55.6768257,37.5002093,nominatim,administrative,True
вернадского просп. вл 42-1 а 42-1 б,"Вернадского просп. вл. 42-1 А, 42-1 Б",1,oks,Строится,"ГСК ""ВЕРНАДСКИЙ""",ЗАО,Проспект Вернадского,55.6729,37.5060646,district_centroid,approximate,True
вернадского проспект кв. 34-35 корп 24,ВЕРНАДСКОГО ПРОСПЕКТ КВ. 34-35 КОРП. 24,1,rv,Введено,КП УГС,ЗАО,Проспект Вернадского,55.6729,37.5060646,manual_exact,exact,True
вертолетчиков ул 11,"ВЕРТОЛЕТЧИКОВ УЛ., 11",1,rv,Введено,АВЕСТА-СТРОЙ,ЮВАО,Некрасовка,55.6883621,37.9289173,manual_exact,exact,True
вертолетчиков ул 13,"ВЕРТОЛЕТЧИКОВ УЛ., 13",1,rv,Введено,АВЕСТА-СТРОЙ,ЮВАО,Некрасовка,55.6883621,37.9289173,manual_exact,exact,True
вертолетчиков ул д 1,"ВЕРТОЛЕТЧИКОВ УЛ., Д. 1",1,rv,Введено,АВЕСТА-СТРОЙ,ЮВАО,Некрасовка,55.6883621,37.9289173,manual_exact,exact,True
верхние поля ул вл 19,"Верхние Поля ул., вл. 19",1,rv,Введено,ФОНД РЕНОВАЦИИ,ЮВАО,Люблино,55.6681995,37.7454006,manual_exact,exact,True
верхние поля ул д 40 корп3,"ВЕРХНИЕ ПОЛЯ УЛ., Д. 40, КОРП.3",1,rv,Введено,КП УГС,ЮВАО,Марьино,55.6518099,37.719279,manual_exact,exact,True
верхние поля ул д35,"ВЕРХНИЕ ПОЛЯ УЛ., Д.35",1,rv,Введено,"ГУП Г. МОСКВЫ ""ДИРЕКЦИЯ ГАРАЖНОГО СТРОИТЕЛЬСТВА""",ЮВАО,Люблино,55.6681995,37.7454006,manual_exact,exact,True
винницкая ул вл 8,Винницкая ул. вл. 8,1,rv,Введено,НИИМОССТРОЙ,ЗАО,Раменки,55.6994975,37.4939987,nominatim,tertiary,True
винницкая ул около дома №7,Винницкая ул. около дома №7,1,rv,Введено,"АО ""УКС ИКС И Д""",ЗАО,Раменки,55.7010074,37.5041069,manual_exact,exact,True
винокурова улица земельный участок 22/1 (зона 2.1),"Винокурова улица, земельный участок 22/1 (зона 2.1)",1,oks,Строится,ФОНД РЕНОВАЦИИ,ЮЗАО,Котловка,55.6845587,37.5919839,district_centroid,approximate,True
вишневского всеволода ул уч 11,"Вишневского Всеволода ул., уч. 11",1,oks,Строится,ФОНД РЕНОВАЦИИ,САО,Тимирязевский,55.8452897,37.5620884,district_centroid,approximate,True
владимирская 2-я ул зу 26б (участок 55) зу 28/30,"Владимирская 2-я ул. зу 26Б (участок 55), зу 28/30",1,oks,Строится,ФОНД РЕНОВАЦИИ,ВАО,Перово,55.7468432,37.7887908,district_centroid,approximate,True
власова архитектора ул рядом с вл 10,"Власова архитектора ул. , рядом с вл. 10",1,oks,Строится,ПРАВОСЛАВИЕ,ЮЗАО,Черёмушки,55.6711698,37.5566241,district_centroid,approximate,True
вн. тер. г. муниципальный округ краснопахорский село красная пахра улица почтовая земельный участок 2в,"вн. тер. г. муниципальный округ Краснопахорский, село Красная Пахра, улица Почтовая, земельный участок 2В",1,oks,Строится,ПРАВОСЛАВИЕ,ТАО,Коммунарка,55.581794,37.448441,district_centroid,approximate,True
вн. тер. г. муниципальный округ печатники проезд шоссейный земельный участок 26,"вн. тер. г. муниципальный округ Печатники, проезд Шоссейный, земельный участок 26",1,oks,Строится,ОЭЗ ТЕХНОПОЛИС МОСКВА,ЮВАО,Печатники,55.6990676,37.6984857,district_centroid,approximate,True
вн. тер. г. муниципальный округ хорошево-мневники улица нижние мневники земельный участок 62в,"вн. тер. г. муниципальный округ Хорошёво-Мнёвники, улица Нижние Мнёвники, земельный участок 62В",1,oks,Строится,"ООО ""СЗ ""ЭПОХА""",СЗАО,Хорошёво-Мнёвники,55.765528,37.4972546,district_centroid,approximate,True
вн.тер.г поселение сосенское квартал 190,"вн.тер.г поселение Сосенское, квартал 190",3,oks,Строится,А101,НАО,Коммунарка,55.581794,37.448441,district_centroid,approximate,True
вн.тер.г. муниципальный округ коммунарка квартал 160 зу 1в,"вн.тер.г. муниципальный округ Коммунарка, квартал 160, з/у 1В",1,oks,Строится,А101,НАО,Коммунарка,55.581794,37.448441,district_centroid,approximate,True
вн.тер.г. муниципальный округ краснопахорский квартал 220 земельный участок 22,"вн.тер.г. муниципальный округ Краснопахорский, квартал 220, земельный участок 22",1,oks,Строится,"ООО ""ЮНИКЕН""",ТАО,Краснопахорский,55.3943301,37.0617999,district_centroid,approximate,True
вн.тер.г. муниципальный округ краснопахорский квартал 79,"вн.тер.г. Муниципальный округ Краснопахорский, квартал 79",1,oks,Строится,"ООО СЗ ""ЛЕВЕЛ ЗВЕНИГОРОДСКАЯ""",ТАО,Краснопахорский,55.3943301,37.0617999,district_centroid,approximate,True
вн.тер.г. муниципальный округ кузьминки улица зеленодольская земельный участок 28/5,"вн.тер.г. муниципальный округ Кузьминки, улица Зеленодольская, земельный участок 28/5",1,oks,Строится,ИНДИВИДУАЛЬНЫЕ ПРЕДПРИНИМАТЕЛИ,ЮВАО,Кузьминки,55.7097739,37.7688408,district_centroid,approximate,True
вн.тер.г. муниципальный округ солнцево квартал 1 земельный участок 3,"вн.тер.г. муниципальный округ Солнцево, квартал 1, земельный участок 3",4,oks,Строится,ГАЗПРОМ,ЗАО,Солнцево,55.6521865,37.40060335,district_centroid,approximate,True
вн.тер.г. муниципальный округ хамовники,"вн.тер.г. муниципальный округ, Хамовники",1,oks,Строится,"ООО ""СЗ ""ЛУЖНИКИ-2""",ЦАО,Хамовники,55.72162725,37.5633727,district_centroid,approximate,True
вн.тер.г. муниципальный округа улица алекса коммунарка поселок коммунаркндры монаховой земельный участок 84а,"вн.тер.г. муниципальный округа, улица Алекса Коммунарка, поселок Коммунаркндры Монаховой, земельный участок 84А",1,rv,Введено,"ПУБЛИЧНОЕ АКЦИОНЕРНОЕ ОБЩЕСТВО ""ПИК-СПЕЦИАЛИЗИРОВАННЫЙ ЗАСТРОЙЩИК""",НАО,Коммунарка,55.581794,37.448441,manual_exact,exact,True
вн.тер.г. поселение вороновское квартал № 32 земельный участок 2,"вн.тер.г. поселение Вороновское, квартал № 32, земельный участок 2",1,oks,Строится,"ООО ""МЗ ""ПОТОК""",ТАО,Вороново,55.323827,37.3468956,district_centroid,approximate,True
вн.тер.г. поселение московский квартал 75 зу 3,"вн.тер.г. поселение Московский, квартал 75, з/у 3",1,oks,Строится,ПИК,НАО,Коммунарка,55.581794,37.448441,district_centroid,approximate,True
вн.тер.г. поселение московский улица саларьевская зу 17,"вн.тер.г. поселение Московский,улица Саларьевская, з/у 17",1,oks,Строится,ПИК,НАО,Коммунарка,55.581794,37.448441,district_centroid,approximate,True
внуково кв-л 63 зу 1а/8,"Внуково, кв-л 63, з/у 1А/8",2,oks,Строится,"ООО ""СТРОЙ-ИМПУЛЬС""",НАО,Внуково,55.58975,37.26383705,district_centroid,approximate,True
внуково пос центральная ул д8 стр1 15,"ВНУКОВО ПОС., ЦЕНТРАЛЬНАЯ УЛ., Д.8, СТР.1,15",1,rv,Введено,ТРАНССТРОЙИНВЕСТ,ЗАО,Внуково,55.58975,37.26383705,manual_exact,exact,True
внуковское,Внуковское,1,oks,Строится,МОСКОВСКИЙ МЕТРОПОЛИТЕН,НАО,Внуково,55.6173252,37.2614742,nominatim,tertiary,True
внуковское д пыхтино,"Внуковское, д. Пыхтино",1,rv,Введено,ПИК,НАО,Внуково,55.58975,37.26383705,manual_exact,exact,True
внуковское д рассказовка зу 204,"Внуковское, д. Рассказовка, з/у 204",2,oks,Строится,САМОЛЕТ,НАО,Внуково,55.58975,37.26383705,district_centroid,approximate,True
внуковское д рассказовка уч 13/4,"Внуковское, д. Рассказовка, уч.13/4",2,oks,Строится,АБСОЛЮТ,НАО,Внуково,55.58975,37.26383705,district_centroid,approximate,True
внуковское квартал 9 земельный участок 1,"Внуковское, квартал 9, земельный участок 1",5,rv,Введено,АБСОЛЮТ,НАО,Внуково,55.58975,37.26383705,manual_exact,exact,True
внуковское улица бориса пастернака дом 12,"Внуковское, улица Бориса Пастернака, дом 12",1,rv,Введено,АБСОЛЮТ,НАО,Внуковское,55.63048275,37.33501749999999,manual_exact,exact,True
внутригородская территория муниципальный округ нагатинский затон улица речников земельный участок 18/1 18/2,"внутригородская территория муниципальный округ Нагатинский затон, улица Речников, земельный участок 18/1, 18/2",1,oks,Строится,ФОНД РЕНОВАЦИИ,ЮАО,Нагатинский Затон,55.6820448,37.6907376,district_centroid,approximate,True
внутригородская территория муниципальный округ нагорный варшавское шоссе земельный уч 100/1,"внутригородская территория муниципальный округ Нагорный, Варшавское шоссе земельный уч. 100/1",1,rv,Введено,ФОНД РЕНОВАЦИИ,ЮАО,Нагорный,55.67199305,37.6133392,manual_exact,exact,True
внутригородское муниципальное образование басманное ул новая дорога вл 11а вл 11б,"внутригородское муниципальное образование Басманное, ул. Новая Дорога, вл. 11А, вл. 11Б",1,rv,Введено,КОРТРОС,ЦАО,Басманный,55.7672809,37.6697732,manual_exact,exact,True
внутригородское муниципальное образование дорогомилово проезд кутузовский земельный участок 16а/1,"внутригородское муниципальное образование Дорогомилово, проезд Кутузовский, земельный участок 16А/1",2,oks,Строится,АЕОН ДЕВЕЛОПМЕНТ,ЗАО,Дорогомилово,55.7398697,37.5365271,district_centroid,approximate,True
внутригородское муниципальное образование измайлово 3-я прядильная улица земельный участок 1а,"внутригородское муниципальное образование Измайлово, 3-я Прядильная улица, земельный участок 1А",1,oks,Строится,"ООО ""СЗ ""ИЗМАЙЛОВО""",ВАО,Измайлово,55.797943,37.7736403,district_centroid,approximate,True
внутригородское муниципальное образование ломоносовское кв. 18 корп 5б,"внутригородское муниципальное образование Ломоносовское, кв. 18, корп. 5Б",2,rv,Введено,"ООО ""СПЕЦСТРОЙСЕРВИС""",ЮЗАО,Ломоносовский,55.6984105,37.5842389,manual_exact,exact,True
внутригородское муниципальное образование молжаниновское ксхп химки,"Внутригородское муниципальное образование Молжаниновское, КСХП «Химки»",3,oks,Строится,САМОЛЕТ,САО,Молжаниновский,55.9367,37.377,district_centroid,approximate,True
внутригородское муниципальное образование пресненское улица подвойского земельный участок 12/15 (зона 1.1),"Внутригородское муниципальное образование Пресненское, улица Подвойского, земельный участок 12/15 (зона 1.1)",1,oks,Строится,ФОНД РЕНОВАЦИИ,ЦАО,Пресненский,55.7580051,37.5654894,district_centroid,approximate,True
внутригородское муниципальное образование силино территория алабушево,"внутригородское муниципальное образование Силино, территория Алабушево",1,oks,Строится,"ООО ""ДИАГНОСТИКА-М""",ЗелАО,Силино,56.0080842,37.1406636,district_centroid,approximate,True
воздвиженка ул вл7/6 стр6,"Воздвиженка ул., вл.7/6, стр.6",1,oks,Строится,"ООО ""ПРЕМИУМ ИНФОРМ""",ЦАО,Арбат,55.7537935,37.6026918,district_centroid,approximate,True
вознесенский пер д11 стр2,"ВОЗНЕСЕНСКИЙ ПЕР., Д.11, СТР.2",1,rv,Введено,"ЗАО ""ПАРИТЕТ""",ЦАО,Пресненский,55.7580051,37.5654894,manual_exact,exact,True
войсковая ул уч № 1,Войсковая ул. уч. № 1,1,rv,Введено,"ООО ""СТРОЙ-АВТО""",НАО,Внуково,55.58975,37.26383705,manual_exact,exact,True
волгина академика ул 8а стр 2,"ВОЛГИНА АКАДЕМИКА УЛ., 8А, СТР. 2",1,rv,Введено,МИНОБРНАУКИ РОССИИ,ЮЗАО,Обручевский,55.6575505,37.5383225,manual_exact,exact,True
волгина академика ул вл 2 стр 1 2 3 4,"Волгина академика ул. вл. 2 стр. 1,2,3,4",1,rv,Введено,ФСК,ЮЗАО,Обручевский,55.6575505,37.5383225,manual_exact,exact,True
волгоградский д 42 корп 8,"Волгоградский, д. 42, корп. 8",1,rv,Введено,ОЭЗ ТЕХНОПОЛИС МОСКВА,ЮВАО,Печатники,55.6990676,37.6984857,manual_exact,exact,True
волгоградский пр вл171а,"ВОЛГОГРАДСКИЙ ПР., ВЛ.171А",1,rv,Введено,"ООО ""ТИБОНТЕК""",ЮВАО,Кузьминки,55.7097739,37.7688408,manual_exact,exact,True
волгоградский пр-т вл 42 к 13,"Волгоградский пр-т вл. 42, к. 13",1,rv,Введено,ОЭЗ ТЕХНОПОЛИС МОСКВА,ЮВАО,Печатники,55.6990676,37.6984857,manual_exact,exact,True
волгоградский просп. вл 155,Волгоградский просп. вл. 155,1,rv,Введено,ФОНД РЕНОВАЦИИ,ЮВАО,Кузьминки,55.7097739,37.7688408,manual_exact,exact,True
волгоградский просп. вл 32/5,Волгоградский просп. вл. 32/5,1,rv,Введено,MR GROUP,ЮВАО,Южнопортовый,55.7236223,37.6824575,manual_exact,exact,True
волгоградский просп. д 46/15,"Волгоградский просп., д. 46/15",1,rv,Введено,МОСГОСЭКСПЕРТИЗА,ЮВАО,Текстильщики,55.7088508,37.7337573,nominatim,fast_food,True
волгоградский проспект,Волгоградский проспект,1,rv,Введено,ГРАНЕЛЬ,ЮВАО,Южнопортовый,55.7252386,37.6868906,nominatim,station,True
волгоградский проспект вл 32 корп3,"Волгоградский проспект, вл. 32, корп.3",1,rv,Введено,MR GROUP,ЮВАО,Южнопортовый,55.7236223,37.6824575,manual_exact,exact,True
волгоградский проспект вл 32/5,"Волгоградский проспект, вл. 32/5",1,rv,Введено,MR GROUP,ЮВАО,Южнопортовый,55.7236223,37.6824575,manual_exact,exact,True
волгоградский проспект д 32/3 корпус 1,"Волгоградский проспект, д. 32/3, корпус 1",1,rv,Введено,MR GROUP,ЮВАО,Южнопортовый,55.7236223,37.6824575,manual_exact,exact,True
волгоградский проспект дом 32/5 корп 2,"Волгоградский проспект дом 32/5, корп. 2",1,rv,Введено,MR GROUP,ЮВАО,Южнопортовый,55.7236223,37.6824575,manual_exact,exact,True
волгоградский проспект земельный участок 101/2,"Волгоградский проспект, земельный участок 101/2",1,rv,Введено,ФОНД РЕНОВАЦИИ,ЮВАО,Кузьминки,55.7097739,37.7688408,manual_exact,exact,True
волгоградский проспект земельный участок 138/14/4,"Волгоградский проспект, земельный участок 138/14/4",1,oks,Строится,ФОНД РЕНОВАЦИИ,ЮВАО,Кузьминки,55.7097739,37.7688408,district_centroid,approximate,True
волгоградский проспект земельный участок 140/2,"Волгоградский проспект, земельный участок 140/2",1,oks,Строится,ФОНД РЕНОВАЦИИ,ЮВАО,Кузьминки,55.7097739,37.7688408,district_centroid,approximate,True
волгоградский проспект земельный участок 161/2/1,"Волгоградский проспект, земельный участок 161/2/1",1,rv,Введено,ФОНД РЕНОВАЦИИ,ЮВАО,Кузьминки,55.7097739,37.7688408,manual_exact,exact,True
волгоградский проспект зу 107/4,"Волгоградский проспект, З/У 107/4",1,rv,Введено,ФОНД РЕНОВАЦИИ,ЮВАО,Кузьминки,55.7097739,37.7688408,manual_exact,exact,True
волгоградский проспект пересечение с волжским бульваром и окской улицей,"Волгоградский проспект, пересечение с Волжским бульваром и Окской улицей",1,rv,Введено,ПРАВОСЛАВИЕ,ЮВАО,Текстильщики,55.719618,37.725135,manual_exact,exact,True
волжский бульв. д 7,"ВОЛЖСКИЙ БУЛЬВ., Д. 7",1,rv,Введено,"ООО ""МК ПРОДЖЕКТ ДЕВЕЛОПМЕНТ""",ЮВАО,Рязанский,55.722711,37.77755000000001,manual_exact,exact,True
волжский бульвар вл 8,"Волжский бульвар, вл. 8",1,rv,Введено,АНО РСИО,ЮВАО,Текстильщики,55.7001915,37.7529937,nominatim,tertiary,True
волкова космонавта ул д 5б стр 1,Волкова космонавта ул. д. 5Б стр. 1,1,rv,Введено,"ООО ""КОРУНДСТРОЙ""",САО,Войковский,55.8223248,37.50493375,manual_exact,exact,True
волоколамский б. пр вл 23,Волоколамский Б. пр. вл. 23,1,rv,Введено,СВИФТ,СЗАО,Щукино,55.8086771,37.4892702,nominatim,residential,True
волоколамское ш 71/8,Волоколамское ш. 71/8,1,rv,Введено,ТУШИНО 2018,СЗАО,Покровское-Стрешнево,55.8185745,37.4287115,nominatim,apartments,True
волоколамское ш вл95,"Волоколамское ш., вл.95",1,rv,Введено,MR GROUP,СЗАО,Покровское-Стрешнево,55.8192621,37.452785,nominatim,primary,True
волоколамское шоссе,Волоколамское шоссе,6,oks; rv,Строится; Введено,MR GROUP; ТУШИНО 2018,СЗАО,Покровское-Стрешнево,55.829865999999996,37.400519,geometry_address,,True
волоколамское шоссе 71/1,Волоколамское шоссе 71/1,2,rv,Введено,ФОНД РЕНОВАЦИИ,СЗАО,Покровское-Стрешнево,55.8192621,37.452785,nominatim,primary,True
волоколамское шоссе 75в,"Волоколамское шоссе, 75В",2,rv,Введено,ASTERUS (Vi Holding),СЗАО,Покровское-Стрешнево,55.818426,37.424139999999994,geometry_permit,,True
волоколамское шоссе вл 24,Волоколамское шоссе вл. 24,2,rv,Введено,ПИК,СЗАО,Щукино,55.8192621,37.452785,nominatim,primary,True
волоколамское шоссе вл 63,Волоколамское шоссе вл. 63,4,oks; rv,Строится; Введено,"АНО ""РСИ""",СЗАО,Покровское-Стрешнево,55.8190744,37.4547251,nominatim,secondary,True
волоколамское шоссе вл 71/10,Волоколамское шоссе вл. 71/10,1,oks,Строится,ТУШИНО 2018,СЗАО,Покровское-Стрешнево,55.8192621,37.4415913,district_centroid,approximate,True
волоколамское шоссе вл 71/12,Волоколамское шоссе вл. 71/12,2,rv,Введено,ТУШИНО 2018,СЗАО,Покровское-Стрешнево,55.8192621,37.4415913,manual_exact,exact,True
волоколамское шоссе вл 71/14,"Волоколамское шоссе, вл. 71/14",2,oks; rv,Строится; Введено,ТУШИНО 2018,СЗАО,Покровское-Стрешнево,55.8192621,37.4415913,district_centroid,approximate,True
волоколамское шоссе вл 71/15,"Волоколамское шоссе, вл. 71/15",2,oks,Строится,ТУШИНО 2018,СЗАО,Покровское-Стрешнево,55.8192621,37.4415913,district_centroid,approximate,True
волоколамское шоссе вл 71/16,"Волоколамское шоссе, вл. 71/16",1,oks,Строится,ТУШИНО 2018,СЗАО,Покровское-Стрешнево,55.8192621,37.4415913,district_centroid,approximate,True
волоколамское шоссе вл 71/17,Волоколамское шоссе вл. 71/17,2,oks; rv,Строится; Введено,ТУШИНО 2018,СЗАО,Покровское-Стрешнево,55.8192621,37.4415913,district_centroid,approximate,True
волоколамское шоссе вл 71/22,"Волоколамское шоссе, вл. 71/22",4,rv,Введено,ТУШИНО 2018,СЗАО,Покровское-Стрешнево,55.8192621,37.4415913,manual_exact,exact,True
волоколамское шоссе вл 71/6 корпус 2,"Волоколамское шоссе, вл. 71/6, корпус 2",1,rv,Введено,ТУШИНО 2018,СЗАО,Покровское-Стрешнево,55.8192621,37.4415913,manual_exact,exact,True
волоколамское шоссе вл 71/8,Волоколамское шоссе вл. 71/8,1,rv,Введено,ТУШИНО 2018,СЗАО,Покровское-Стрешнево,55.8192621,37.4415913,manual_exact,exact,True
волоколамское шоссе вл 71/8 стр 3,"Волоколамское шоссе, вл. 71/8, стр. 3",1,rv,Введено,ТУШИНО 2018,СЗАО,Покровское-Стрешнево,55.8192621,37.4415913,manual_exact,exact,True
волоколамское шоссе вл 71/9,Волоколамское шоссе вл. 71/9,1,rv,Введено,ТУШИНО 2018,СЗАО,Покровское-Стрешнево,55.8192621,37.4415913,manual_exact,exact,True
волоколамское шоссе вл 81,Волоколамское шоссе вл. 81,1,rv,Введено,LEVEL GROUP,СЗАО,Покровское-Стрешнево,55.8190357,37.4526104,nominatim,secondary,True
волоколамское шоссе вл 81 корп 2,"Волоколамское шоссе, вл. 81, корп. 2",2,rv,Введено,LEVEL GROUP,СЗАО,Покровское-Стрешнево,55.8192621,37.4415913,manual_exact,exact,True
волоколамское шоссе вл 95,"Волоколамское шоссе, вл. 95",1,oks,Строится,MR GROUP,СЗАО,Покровское-Стрешнево,55.8190744,37.4547251,nominatim,secondary,True
волоколамское шоссе вл71/13,"Волоколамское шоссе, вл.71/13",2,rv,Введено,ТУШИНО 2018,СЗАО,Покровское-Стрешнево,55.8192621,37.4415913,manual_exact,exact,True
волоколамское шоссе вл80,"Волоколамское шоссе, вл.80",2,rv,Введено,МИНОБРНАУКИ РОССИИ,СЗАО,Покровское-Стрешнево,55.8192621,37.452785,nominatim,primary,True
волоколамское шоссе влд. 71/11,"Волоколамское шоссе, влд. 71/11",1,oks,Строится,ТУШИНО 2018,СЗАО,Покровское-Стрешнево,55.8192621,37.4415913,district_centroid,approximate,True
волоколамское шоссе д 67 б,"ВОЛОКОЛАМСКОЕ ШОССЕ, Д. 67 Б",1,rv,Введено,ТУШИНО 2018,СЗАО,Покровское-Стрешнево,55.8192621,37.4415913,manual_exact,exact,True
волоколамское шоссе д 71 корп 1,"ВОЛОКОЛАМСКОЕ ШОССЕ, Д. 71, КОРП. 1",1,rv,Введено,ТУШИНО 2018,СЗАО,Покровское-Стрешнево,55.8192621,37.4415913,manual_exact,exact,True
волоколамское шоссе д 71 корп 8,"Волоколамское шоссе, д. 71, корп. 8",1,rv,Введено,ТУШИНО 2018,СЗАО,Покровское-Стрешнево,55.8192621,37.4415913,manual_exact,exact,True
волоколамское шоссе д 71 стр 5а,"Волоколамское шоссе, д. 71, стр. 5А",1,rv,Введено,ТУШИНО 2018,СЗАО,Покровское-Стрешнево,55.8192621,37.4415913,manual_exact,exact,True
волоколамское шоссе д 95/2,"Волоколамское шоссе, д. 95/2",1,rv,Введено,MR GROUP,СЗАО,Покровское-Стрешнево,55.8192621,37.4415913,manual_exact,exact,True
волоколамское шоссе д4 корп 25,"ВОЛОКОЛАМСКОЕ ШОССЕ, Д.4, КОРП. 25",1,rv,Введено,МИНОБРНАУКИ РОССИИ,САО,Сокол,55.80638795,37.4990888,manual_exact,exact,True
волоколамское шоссе дом 75а,"Волоколамское шоссе, дом 75А",1,rv,Введено,ASTERUS (Vi Holding),СЗАО,Покровское-Стрешнево,55.8192621,37.4415913,manual_exact,exact,True
вольная улица вл 28/5,"Вольная улица, вл. 28/5",1,rv,Введено,ФОНД РЕНОВАЦИИ,ВАО,Соколиная Гора,55.7654052,37.7370939,manual_exact,exact,True
воробьевская набережная,Воробьевская набережная,1,oks,Строится,"АССОЦИАЦИЯ ""НОВАЯ ЛИГА""",ЗАО,Раменки,55.7139411,37.5422032,nominatim,service,True
воробьевское шоссе д 4,"ВОРОБЬЕВСКОЕ ШОССЕ, Д. 4",1,rv,Введено,MR GROUP,ЗАО,Раменки,55.7010074,37.5041069,manual_exact,exact,True
вороново. квартал 790. земельный участок 1/3,Вороново. квартал 790. земельный участок 1/3,6,oks,Строится,МОСВОДОКАНАЛ,ТАО,Вороново,55.323827,37.3468956,district_centroid,approximate,True
вороновское тао,"Вороновское, ТАО",1,rv,Введено,СКОЛБЕРГ,ТАО,Вороново,55.323827,37.3468956,manual_exact,exact,True
воскресенское варшавское шоссе 29-й км вл 3 уч 3,"ВОСКРЕСЕНСКОЕ, ВАРШАВСКОЕ ШОССЕ 29-Й КМ, ВЛ. 3, УЧ. 3",1,rv,Введено,"ООО ""ПРОМИНВЕСТ""",НАО,Воскресенское,55.5268,37.4425805,manual_exact,exact,True
воскресенское дер язово корп 18,"Воскресенское, дер. Язово, корп. 18",1,rv,Введено,МД ГРУПП,НАО,Воскресенское,55.5268,37.4425805,manual_exact,exact,True
воскресенское пос,ВОСКРЕСЕНСКОЕ ПОС.,1,rv,Введено,"ООО ""ПМ ""ТОЧКА СБОРКИ""",НАО,Воскресенское,55.5319156,37.446206,nominatim,village,True
воскресенское пос д 36а,"ВОСКРЕСЕНСКОЕ ПОС., Д. 36А",1,rv,Введено,А101,НАО,Сосенское,55.581794,37.417744,manual_exact,exact,True
воскресенское пос корп 1,Воскресенское пос. корп. 1,1,rv,Введено,МОСКОВСКИЙ ФОНД ЗАЩИТЫ ПРАВ ДОЛЬЩИКОВ,НАО,Коммунарка,55.581794,37.448441,manual_exact,exact,True
воскресенское пос корп 2,Воскресенское пос. корп. 2,1,rv,Введено,МОСКОВСКИЙ ФОНД ЗАЩИТЫ ПРАВ ДОЛЬЩИКОВ,НАО,Коммунарка,55.581794,37.448441,manual_exact,exact,True
воскресенское пос корп 3,Воскресенское пос. корп. 3,1,rv,Введено,МОСКОВСКИЙ ФОНД ЗАЩИТЫ ПРАВ ДОЛЬЩИКОВ,НАО,Коммунарка,55.581794,37.448441,manual_exact,exact,True
воскресенское пос корп 4,Воскресенское пос. корп. 4,1,rv,Введено,МОСКОВСКИЙ ФОНД ЗАЩИТЫ ПРАВ ДОЛЬЩИКОВ,НАО,Коммунарка,55.581794,37.448441,manual_exact,exact,True
восточная коммунальная зона пр 4921,"Восточная коммунальная зона, пр. 4921",1,oks,Строится,"ООО ""ВОСТОЧНАЯ""",ЗелАО,Савёлки,55.9783838,37.2642289,nominatim,tertiary,True
восточная ул 1,"Восточная ул., 1",1,oks,Строится,ФОНД РЕНОВАЦИИ,ЮАО,Даниловский,55.7144688,37.6578813,nominatim,community_centre,True
восточная ул вл 4а,Восточная ул. вл. 4А,2,oks,Строится,SMINEX (ранее INGRAD),ЮАО,Даниловский,55.7167757,37.6616253,nominatim,secondary,True
восточная ул д 4а,"Восточная ул., д. 4А",1,rv,Введено,SMINEX (ранее INGRAD),ЮАО,Даниловский,55.7153353,37.6602739,nominatim,secondary,True
восточная улица вл 4а,"Восточная улица, вл. 4А",1,oks,Строится,"АНО ""РСИ""",ЮАО,Даниловский,55.7149468,37.6600031,nominatim,secondary,True
востряковский пр вл 10 корп 1,Востряковский пр. вл. 10 корп. 1,1,rv,Введено,"АО ""ПРОМИНВЕСТ""",ЮАО,Бирюлёво Западное,55.5977271,37.6499083,manual_exact,exact,True
востряковский пр влад.10 корп 1,"Востряковский пр., влад.10, корп. 1",1,oks,Строится,"АО ""ПРОМИНВЕСТ""",ЮАО,Бирюлёво Западное,55.5977271,37.6499083,district_centroid,approximate,True
востряковский проезд вл 10 копр. 1,"Востряковский проезд, вл. 10, копр. 1",1,oks,Строится,"АО ""ПРОМИНВЕСТ""",ЮАО,Бирюлёво Западное,55.5977271,37.6499083,district_centroid,approximate,True
востряковское шоссе уч 1,Востряковское шоссе уч. 1,1,rv,Введено,"ООО ""АКАДЕМИЯ ФИГУРНОГО КАТАНИЯ ""АНГЕЛЫ ПЛЮЩЕНКО""",ЗАО,Тропарёво-Никулино,55.6651571,37.4551084,nominatim,tertiary,True
высоковольтный пр,Высоковольтный пр.,1,rv,Введено,"ПУБЛИЧНОЕ АКЦИОНЕРНОЕ ОБЩЕСТВО ""ПИК-СПЕЦИАЛИЗИРОВАННЫЙ ЗАСТРОЙЩИК""",СВАО,Отрадное,55.8731862,37.5911737,nominatim,tertiary,True
высоковольтный пр-д д 5 стр 12,"Высоковольтный пр-д, д. 5, стр. 12",1,rv,Введено,"ПУБЛИЧНОЕ АКЦИОНЕРНОЕ ОБЩЕСТВО ""ПИК-СПЕЦИАЛИЗИРОВАННЫЙ ЗАСТРОЙЩИК""",СВАО,Отрадное,55.85055975,37.5782006,manual_exact,exact,True
высоковольтный проезд корпуса 3 и 4,"Высоковольтный проезд, корпуса 3 и 4",2,rv,Введено,"ПУБЛИЧНОЕ АКЦИОНЕРНОЕ ОБЩЕСТВО ""ПИК-СПЕЦИАЛИЗИРОВАННЫЙ ЗАСТРОЙЩИК""",СВАО,Отрадное,55.85055975,37.5782006,manual_exact,exact,True
выхино-жулебино мкр.6 корп18,"Выхино-Жулебино, мкр.6, корп.18",1,rv,Введено,"ООО ""ПРОДЖЕКТ ИНВ""",ЮВАО,Выхино-Жулебино,55.7022001,37.81384715,manual_exact,exact,True
вышгородская 11 к1,"ВЫШГОРОДСКАЯ 11, К1",1,rv,Введено,"ООО ""АПРЕЛЕВКА С2""",ТАО,Новофедоровское,55.5099302,36.9243965,manual_exact,exact,True
вятская ул вл 37-39,Вятская ул. вл. 37-39,1,rv,Введено,"АНО ""РСИ""",САО,Савёловский,55.75312215,37.5957454,manual_exact,exact,True
г зеленоград аллея солнечная к934,"г Зеленоград, аллея Солнечная К934",1,rv,Введено,ФОНД РЕНОВАЦИИ,ЗелАО,Старое Крюково,55.7915987,37.5489196,manual_exact,exact,True
г зеленоград пр-кт георгиевский 33 к1,"г Зеленоград, пр-кт Георгиевский 33, К1",1,rv,Введено,ПИК,ЗелАО,Крюково,55.9658925,37.173983,manual_exact,exact,True
г зеленоград пр-кт георгиевский к1934,"г Зеленоград, пр-кт Георгиевский К1934",1,rv,Введено,ФОНД РЕНОВАЦИИ,ЗелАО,Крюково,55.9658925,37.173983,manual_exact,exact,True
г зеленоград пр-кт георгиевский к1935,"г Зеленоград, пр-кт Георгиевский К1935",1,rv,Введено,ФОНД РЕНОВАЦИИ,ЗелАО,Крюково,55.9658925,37.173983,manual_exact,exact,True
г. зеленоград аллея солнечная,"г. Зеленоград, аллея Солнечная",1,oks,Строится,МИНОБРНАУКИ РОССИИ,ЗелАО,Старое Крюково,55.7915987,37.5489196,district_centroid,approximate,True
г. зеленоград корп 1003 а,"г. Зеленоград, корп. 1003 А",1,oks,Строится,"ООО ""МКВ СИСТЕМ""",ЗелАО,Силино,56.0080842,37.1406636,district_centroid,approximate,True
г. зеленоград корп 344а,"г. Зеленоград, корп. 344А",1,rv,Введено,"АНО ""РСИ""",ЗелАО,Савёлки,55.9868367,37.2348652,manual_exact,exact,True
г. зеленоград корпус 912а,"г. Зеленоград, корпус 912А",1,rv,Введено,АНО РСИО,ЗелАО,Старое Крюково,55.7915987,37.5489196,manual_exact,exact,True
г. зеленоград площадка алабушево,"г. Зеленоград, площадка ""Алабушево""",1,rv,Введено,МТС,ЗелАО,Силино,56.0080842,37.1406636,manual_exact,exact,True
г. зеленоград проезд № 4807 дом 2 строение 3,"г. Зеленоград, проезд № 4807, дом 2, строение 3",1,oks,Строится,"ООО НПП ""ЭЛЕМЕР""",ЗелАО,Савёлки,55.9868367,37.2348652,district_centroid,approximate,True
г. зеленоград промзона циэ,"г. Зеленоград, Промзона ЦИЭ",13,oks; rv,Строится; Введено,ПИК,ЗелАО,Крюково,55.9658925,37.173983,geometry_address,,True
г. зеленоград солнечная аллея корпус 935,"г. Зеленоград, Солнечная аллея, корпус 935",1,rv,Введено,ФОНД РЕНОВАЦИИ,ЗелАО,Старое Крюково,55.7915987,37.5489196,manual_exact,exact,True
г. зеленоград территория алабушево,"г. Зеленоград, территория Алабушево",1,rv,Введено,ОЭЗ ТЕХНОПОЛИС МОСКВА,ЗелАО,Силино,56.0080842,37.1406636,manual_exact,exact,True
г. зеленоград ул андреевка к 1608а,"г. Зеленоград, ул. Андреевка, к. 1608А",1,rv,Введено,КП УГС,ЗелАО,Крюково,55.9658925,37.173983,manual_exact,exact,True
г. зеленоград улица конструктора лукина дом 14 строение 17,"г. Зеленоград, улица Конструктора Лукина, дом 14, строение 17",2,rv,Введено,ОЭЗ ТЕХНОПОЛИС МОСКВА,ЗелАО,Силино,56.0080842,37.1406636,manual_exact,exact,True
г. москва,г. Москва,14,oks; rv,Строится; Введено,РЖД; АВТОДОМ,САО,Савёловский,55.7118014,37.6067824,nominatim,board,True
г. москва 1-й нагатинский проезд д 12 корпус 1 1-й нагатинский проезд д 12 корпус 2,"г. Москва, 1-й Нагатинский проезд, д. 12, корпус 1, 1-й Нагатинский проезд, д. 12, корпус 2",1,rv,Введено,МИНКУЛЬТУРЫ РОССИИ,ЮАО,Нагатино-Садовники,55.6746117,37.6454806,manual_exact,exact,True
г. москва 1-й тружеников пер д 6,"г. Москва, 1-й Тружеников пер., д. 6",1,rv,Введено,"АО ""Б.С.О.""",ЦАО,Хамовники,55.72162725,37.5633727,manual_exact,exact,True
г. москва 16-я парковая ул д 20а стр 1,"г. Москва, 16-я Парковая ул., д. 20А, стр. 1",1,rv,Введено,"ООО ""СТРОЙГРАД""",ВАО,Северное Измайлово,55.8065524,37.7977201,manual_exact,exact,True
г. москва 2-й грайвороновский пр-д д 38 стр 4,"г. Москва, 2-й Грайвороновский пр-д., д. 38, стр. 4",1,rv,Введено,"ЗАО ""ПРЕДПРИЯТИЕ МС""",ЮВАО,Рязанский,55.722711,37.77755000000001,manual_exact,exact,True
г. москва 3-й автозаводский проезд д 3,"г. Москва, 3-й Автозаводский проезд, д. 3",1,rv,Введено,"ООО ""АВТОЗАВОДСКИЙ 13""",ЮАО,Даниловский,55.711814,37.6597584,manual_exact,exact,True
г. москва 6-я радиальная улица вл7 корп 1 ,"г. Москва, 6-я Радиальная улица, вл.7, корп. 1,",1,rv,Введено,"АО ""МОСОТДЕЛСТРОЙ № 1""",ЮАО,Бирюлево Восточное,55.6234134,37.7935045,district_centroid,approximate,True
г. москва 6-я радиальная улица вл7 корп 11,"г. Москва, 6-я Радиальная улица, вл.7, корп. 11",1,rv,Введено,"АО ""МОСОТДЕЛСТРОЙ № 1""",ЮАО,Бирюлево Восточное,55.6234134,37.7935045,manual_exact,exact,True
г. москва 6-я радиальная улица вл7 корп 3,"г. Москва, 6-я Радиальная улица, вл.7, корп. 3",1,rv,Введено,"АО ""МОСОТДЕЛСТРОЙ № 1""",ЮАО,Бирюлево Восточное,55.6234134,37.7935045,manual_exact,exact,True
г. москва 6-я радиальная улица вл7 корп 4,"г. Москва, 6-я Радиальная улица, вл.7, корп. 4",1,rv,Введено,"АО ""МОСОТДЕЛСТРОЙ № 1""",ЮАО,Бирюлево Восточное,55.6234134,37.7935045,manual_exact,exact,True
г. москва анадырский пр вл 8 (участок 2),"г. Москва, Анадырский пр, вл. 8 (участок 2)",1,oks,Строится,ПРАВОСЛАВИЕ,СВАО,Лосиноостровский,55.8641682,37.6872725,district_centroid,approximate,True
г. москва б. ордынский пер д 4 стр4,"г. Москва, Б. Ордынский пер., д. 4, стр.4",1,rv,Введено,"ООО ""СИТИ КОНСТРАКШН""",ЦАО,Замоскворечье,55.7402846,37.6328629,manual_exact,exact,True
г. москва большой козихинский пер д 15,"г. Москва, Большой Козихинский пер., д. 15",1,rv,Введено,"ООО ""ИИЦ ЗЭСТ""",ЦАО,Пресненский,55.7580051,37.5654894,manual_exact,exact,True
г. москва боровское ш д 2. строение 2а,"г. Москва, Боровское ш., д. 2., строение 2А",1,rv,Введено,ПИК,ЗАО,Солнцево,55.6521865,37.40060335,manual_exact,exact,True
г. москва вао новокосино ул салтыковская вл 39,"г. Москва, ВАО, Новокосино, ул. Салтыковская, вл. 39",1,rv,Введено,"КП ""УРИРУО""",ВАО,Новокосино,55.708353,37.8780636,manual_exact,exact,True
г. москва вао район гольяново щелковское шоссе вл 75,"г. Москва, ВАО, район Гольяново, Щелковское шоссе, вл. 75",1,rv,Введено,КИЕВСКАЯ ПЛОЩАДЬ,ВАО,Гольяново,55.8073766,37.7566198,manual_exact,exact,True
г. москва вмо митино ул митинская д29,"г. Москва, ВМО «МИТИНО», ул. Митинская, д.29",1,rv,Введено,TASHIR,СЗАО,Митино,55.8484195,37.3670608,manual_exact,exact,True
г. москва вн. тер. г. поселение сосенское квартал 26 зу 3/3,"г. Москва, вн. тер. г. поселение Сосенское, квартал 26, з/у 3/3",1,rv,Введено,А101,НАО,Коммунарка,55.581794,37.448441,manual_exact,exact,True
г. москва внутригородская территория муниципальный округ алексеевский ул новоалексеевская дом 16 корпус 2,"г. Москва, внутригородская территория муниципальный округ Алексеевский, ул. Новоалексеевская, дом 16, корпус 2",1,rv,Введено,ЭТАЛОН,СВАО,Алексеевский,55.8099469,37.6429319,manual_exact,exact,True
г. москва внутригородская территория муниципальный округ бабушкинский ул печорская вл 7,"г. Москва, внутригородская территория муниципальный округ Бабушкинский, ул. Печорская, вл. 7",1,rv,Введено,ФОНД РЕНОВАЦИИ,СВАО,Бабушкинский,55.8661636,37.66230705,manual_exact,exact,True
г. москва внутригородская территория муниципальный округ котловка ул академика векшинского д 11,"г. Москва, внутригородская территория муниципальный округ Котловка, ул. Академика Векшинского, д. 11",1,rv,Введено,"ООО ""ОФСЕТ""",ЮЗАО,Котловка,55.6845587,37.5919839,manual_exact,exact,True
г. москва внутригородская территория пос новофедоровское ул генерала донскова д 19 корп 1,"г. Москва, внутригородская территория пос. Новофедоровское, ул. Генерала Донскова, д. 19, корп. 1",1,rv,Введено,"ООО ""АПРЕЛЕВКА С2""",ТАО,Новофедоровское,55.5099302,36.9243965,manual_exact,exact,True
г. москва внутригородская территория поселение рязановское остафьевское шоссе дом 12 корпус 1,"г. Москва внутригородская территория поселение Рязановское, Остафьевское шоссе, дом 12 корпус 1",1,rv,Введено,САМОЛЕТ,НАО,Рязановское,55.49523050000001,37.518144,manual_exact,exact,True
г. москва внутригородская территория поселение рязановское остафьевское шоссе дом 12 корпус 2,"г. Москва внутригородская территория поселение Рязановское, Остафьевское шоссе, дом 12 корпус 2",1,rv,Введено,САМОЛЕТ,НАО,Рязановское,55.49523050000001,37.518144,manual_exact,exact,True
г. москва внутригородская территория поселение рязановское остафьевское шоссе дом 14 корпус 1 ,"г. Москва внутригородская территория поселение Рязановское, Остафьевское шоссе, дом 14 корпус 1;",2,rv,Введено,САМОЛЕТ,НАО,Рязановское,55.49523050000001,37.518144,district_centroid,approximate,True
г. москва внутригородская территория поселение рязановское остафьевское шоссе дом 14 корпус 3,"г. Москва внутригородская территория поселение Рязановское, Остафьевское шоссе, дом 14 корпус 3",1,rv,Введено,САМОЛЕТ,НАО,Рязановское,55.49523050000001,37.518144,manual_exact,exact,True
г. москва внутригородская территория поселение рязановское остафьевское шоссе дом 14 корпус 4,"г. Москва внутригородская территория поселение Рязановское, Остафьевское шоссе, дом 14 корпус 4",1,rv,Введено,САМОЛЕТ,НАО,Рязановское,55.49523050000001,37.518144,manual_exact,exact,True
г. москва внутригородская территория поселение сосенское поселок коммунарка ул сосенский стан д 8 стр 9,"г. Москва, внутригородская территория поселение Сосенское, поселок Коммунарка, ул. Сосенский Стан, д. 8, стр. 9",1,rv,Введено,ДЕПАРТАМЕНТ ГРАЖДАНСКОГО СТРОИТЕЛЬСТВА ГОРОДА МОСКВЫ,НАО,Сосенское,55.581794,37.417744,manual_exact,exact,True
г. москва волоколамское шоссе д 71 корп5,"г. Москва, Волоколамское шоссе, д. 71, корп.5",1,rv,Введено,ТУШИНО 2018,СЗАО,Покровское-Стрешнево,55.8192621,37.4415913,manual_exact,exact,True
г. москва воробьевское шоссе дом 8 стр 2,"г. Москва, Воробьевское шоссе, дом 8, стр. 2",1,rv,Введено,"ЗАО ""ЭКТИС""",ЗАО,Раменки,55.7010074,37.5041069,manual_exact,exact,True
г. москва востряковский пр-д вл 10 корп 1,"г. Москва, Востряковский пр-д, вл. 10, корп. 1",1,rv,Введено,"ООО ""ЦРД""",ЮАО,Западное Бирюлево,55.64891065,37.65195075,manual_exact,exact,True
г. москва высоковольтный проезд влд. 21,"г. Москва, Высоковольтный проезд, влд. 21",1,rv,Введено,"ПУБЛИЧНОЕ АКЦИОНЕРНОЕ ОБЩЕСТВО ""ПИК-СПЕЦИАЛИЗИРОВАННЫЙ ЗАСТРОЙЩИК""",СВАО,Отрадное,55.85055975,37.5782006,manual_exact,exact,True
г. москва г. зеленоград пр-кт. георгиевский корп 2020,"г. Москва, г. Зеленоград, пр-кт. Георгиевский, корп. 2020",1,rv,Введено,"ООО ""АТЛАНТ-ДЕКОР""",ЗелАО,Крюково,55.9658925,37.173983,manual_exact,exact,True
г. москва г. московский ул лаптева д 4,"г. Москва, г. Московский, ул. Лаптева, д. 4",1,rv,Введено,АБСОЛЮТ,НАО,Московский,55.613434,37.415014,manual_exact,exact,True
г. москва г. московский ул никитина д 2,"г. Москва, г. Московский, ул. Никитина, д. 2",1,rv,Введено,"ОБЩЕСТВО С ОГРАНИЧЕННОЙ ОТВЕТСТВЕННОСТЬЮ ""СТРОЙМОНТАЖ""",НАО,Московский,55.613434,37.415014,manual_exact,exact,True
г. москва г. московский ул радужная д 31 стр 1,"г. Москва, г. Московский, ул. Радужная, д. 31, стр. 1",1,rv,Введено,"ООО ""СФЕРА""",НАО,Московский,55.613434,37.415014,manual_exact,exact,True
г. москва г. троицк ул промышленная д 13,"г. Москва, г. Троицк, ул. Промышленная, д. 13",1,rv,Введено,"ООО ""СИНИКОН""",ТАО,Троицк,55.5274153,37.2817736,manual_exact,exact,True
г. москва г. щербинка ул мостотреста д 8 стр 1,"г. Москва, г. Щербинка, ул. Мостотреста, д. 8, стр. 1",1,rv,Введено,ПИК,НАО,Щербинка,55.49523050000001,37.518144,manual_exact,exact,True
г. москва д николо-хованское территория индустриального парка индиго п. сосенское,"г. Москва, д. Николо-Хованское, территория индустриального парка «ИНДИГО», п. Сосенское",1,rv,Введено,ПСО-13,НАО,Сосенское,55.581794,37.417744,manual_exact,exact,True
г. москва дмитровское шоссе вл 107,"г. Москва, Дмитровское шоссе, вл. 107",1,rv,Введено,ГРАД,САО,Дмитровский,55.88855115,37.53574255,manual_exact,exact,True
г. москва дмитровское шоссе вл 110 стр 7,"г. Москва, Дмитровское шоссе, вл. 110, стр. 7",1,oks,Строится,КОНЦЕРН ВКО АЛМАЗ - АНТЕЙ,САО,Дмитровский,55.88855115,37.53574255,district_centroid,approximate,True
г. москва загорьевский пр д 2б,"г. Москва, Загорьевский пр., д. 2Б",1,rv,Введено,"ООО ""РУСЬ-РТ""",ЮАО,Бирюлево Восточное,55.6234134,37.7935045,manual_exact,exact,True
г. москва зао район кунцево мкад 59 км внутренняя сторона,"г. Москва, ЗАО, район Кунцево, МКАД 59 км, внутренняя сторона",1,oks,Строится,"ООО ""АКВА ЛЕНД""",ЗАО,Кунцево,55.74346005,37.39999495,district_centroid,approximate,True
г. москва зао район можайский деревня сколково,"г. Москва, ЗАО, район Можайский, деревня Сколково",1,rv,Введено,"ООО ""КНМТ ДЕВЕЛОПМЕНТ""",ЗАО,Можайский,55.7015105,37.3937955,manual_exact,exact,True
г. москва зао район солнцево 2-ая карпатская ул вл 4,"г. Москва, ЗАО, район Солнцево, 2-ая Карпатская ул., вл. 4",1,rv,Введено,КОМИТЕТ ПО УПРАВЛЕНИЮ ИМУЩЕСТВОМ ГОРОДА МОСКВЫ,ЗАО,Солнцево,55.6521865,37.40060335,manual_exact,exact,True
г. москва зао район солнцево ул производственная,"г. Москва, ЗАО, район Солнцево, ул. Производственная",1,rv,Введено,"ООО ""ТЕРРА ИНВЕСТ""",ЗАО,Солнцево,55.6521865,37.40060335,manual_exact,exact,True
г. москва зао ул ярцевская д 27/4,"г. Москва, ЗАО, ул. Ярцевская, д. 27/4",1,rv,Введено,ПИК,ЗАО,Кунцево,55.74346005,37.39999495,manual_exact,exact,True
г. москва зао ул ярцевская д 31 а,"г. Москва, ЗАО, ул. Ярцевская, д. 31 А",1,rv,Введено,ПИК,ЗАО,Кунцево,55.74346005,37.39999495,manual_exact,exact,True
г. москва кронштадтский бульвар д 3а,"г. Москва, Кронштадтский бульвар, д. 3А",1,rv,Введено,"ООО ""ТРЕЙДАКТИВНН""",САО,Головинский,55.84324995,37.49734265,manual_exact,exact,True
г. москва кутузовский проспект д 12,"г. Москва, Кутузовский проспект, д. 12",1,rv,Введено,CAPITAL GROUP,ЗАО,Дорогомилово,55.7398697,37.5365271,manual_exact,exact,True
г. москва ленинградский проспект д 36 стр 30,"г. Москва, Ленинградский проспект, д. 36, стр. 30",1,rv,Введено,"АО ""БЮРО ВЕРИТАС РУСЬ""",САО,Аэропорт,55.80185185000001,37.5368174,manual_exact,exact,True
г. москва ленинградский проспект д 36 стр 36,"г. Москва, Ленинградский проспект, д. 36, стр. 36",1,rv,Введено,"АО ""БЮРО ВЕРИТАС РУСЬ""",САО,Аэропорт,55.80185185000001,37.5368174,manual_exact,exact,True
г. москва ленинградский проспект д 70,"г. Москва, Ленинградский проспект, д. 70",1,rv,Введено,ALCON,САО,Аэропорт,55.80185185000001,37.5368174,manual_exact,exact,True
г. москва лухмановская ул д 8,"г. Москва, Лухмановская ул., д. 8",1,rv,Введено,"ООО ""ТД ""АЛЖЕНА""",ВАО,Косино-Ухтомский,55.722810325,37.8601839,manual_exact,exact,True
г. москва нао п. сосенское 28 кв-л,"г. Москва, НАО, п. Сосенское, 28 кв-л",1,rv,Введено,ПИК,НАО,Коммунарка,55.581794,37.448441,manual_exact,exact,True
г. москва нао п. сосенское д николо –хованское уч 9/1-1б,"г. Москва, НАО, п. Сосенское, д. Николо –Хованское, уч. 9/1-1б",1,rv,Введено,"ООО ""АЛЬТЕРА""",НАО,Сосенское,55.581794,37.417744,manual_exact,exact,True
г. москва нао п. сосенское пос газопровод,"г. Москва, НАО, п. Сосенское, пос. Газопровод",1,rv,Введено,"ООО ""ТД ""ВСЕ ДЛЯ ДОМА""",НАО,Сосенское,55.581794,37.417744,manual_exact,exact,True
г. москва нао поселение внуковское бульвар андрея тарковского дом 5а,"г. Москва, НАО, поселение Внуковское, бульвар Андрея Тарковского, дом 5А",1,rv,Введено,SEZAR GROUP,НАО,Внуковское,55.63048275,37.33501749999999,manual_exact,exact,True
г. москва нао сосенское п. коммунарка ул сосенский стан вл 10/1,"г. Москва, НАО, Сосенское, п. Коммунарка, ул. Сосенский Стан, вл. 10/1",1,rv,Введено,КП УГС,НАО,Коммунарка,55.581794,37.448441,manual_exact,exact,True
г. москва новоясеневский проспект д1а стр1,"г. Москва, Новоясеневский проспект, д.1А, стр.1",1,rv,Введено,"ООО ""СТРОЙ ПЛЮС""",ЮЗАО,Ясенево,55.6051985,37.5284064,manual_exact,exact,True
г. москва п. московский в районе д румянцево уч 3/1,"г. Москва, п. Московский, в районе д. Румянцево, уч.3/1",1,rv,Введено,"ЗАО ""ГЕНЕРАЛЬНАЯ ДИРЕКЦИЯ ""ЦЕНТР""",НАО,Московский,55.613434,37.415014,manual_exact,exact,True
г. москва п. московский северо-западнее деревни говорово,"г. Москва, п. Московский, северо-западнее деревни Говорово",1,rv,Введено,ИНДИВИДУАЛЬНЫЕ ПРЕДПРИНИМАТЕЛИ,НАО,Московский,55.613434,37.415014,manual_exact,exact,True
г. москва п. сосенское дер николо-хованское,"г. Москва, п. Сосенское, дер. Николо-Хованское",1,rv,Введено,"ООО ""РИТЕЙЛ ХОЛДИНГ""",НАО,Сосенское,55.581794,37.417744,manual_exact,exact,True
г. москва п. сосенское ул адмирала корнилова вл 3,"г. Москва, п. Сосенское, ул. Адмирала Корнилова, вл. 3",1,rv,Введено,"АО ""ВЮРТ-РУСЬ""",НАО,Сосенское,55.581794,37.417744,manual_exact,exact,True
г. москва п. филимонковское оао марьинская птицефабрика учiii-5,"г. Москва, п. Филимонковское, ОАО «Марьинская птицефабрика», уч.III-5",1,rv,Введено,"ООО""МАРЬИНОСТРОЙГРУПП""",НАО,Филимонковское,55.5465808,37.3050386,manual_exact,exact,True
г. москва пехорская ул д7а стр2 пехорская ул д7а стр6 ул пехорская д 7а стр 20 ул пехорская д 7а стр 19 ул пехорская д 7а стр 21,"г. Москва, Пехорская ул., д.7А, стр.2 , Пехорская ул., д.7А, стр.6, ул. Пехорская, д. 7А, стр. 20, ул. Пехорская, д. 7А, стр. 19, ул. Пехорская, д. 7А, стр. 21",1,rv,Введено,ДЕПАРТАМЕНТ ГРАЖДАНСКОГО СТРОИТЕЛЬСТВА ГОРОДА МОСКВЫ,ВАО,Косино-Ухтомский,55.722810325,37.8601839,manual_exact,exact,True
г. москва покровский б-р д 5,"г. Москва, Покровский б-р, д. 5",1,rv,Введено,"АО ""МОСПРОМСТРОЙИНЖИНИРИНГ""",ЦАО,Басманный,55.7672809,37.6697732,manual_exact,exact,True
г. москва пос внуковское омская ул д 7а,"г. Москва, пос. Внуковское, Омская ул., д. 7А",2,rv,Введено,САМОЛЕТ,НАО,Внуковское,55.63048275,37.33501749999999,manual_exact,exact,True
г. москва пос десеновское 3-я нововатутинская ул д 9а,"г. Москва, пос. Десеновское, 3-я Нововатутинская ул., д. 9А",1,rv,Введено,ИНВЕСТТРАСТ,НАО,Десеновское,55.5702958,37.3970203,manual_exact,exact,True
г. москва пос десеновское ул андерсена д 16,"г. Москва, пос. Десеновское, ул. Андерсена, д. 16",1,rv,Введено,"ООО ""ДЕСНА-ДЕВЕЛОПМЕНТ""",НАО,Десеновское,55.5702958,37.3970203,manual_exact,exact,True
г. москва пос десеновское ул андерсена д 2,"г. Москва, пос. Десеновское, ул. Андерсена, д. 2",1,rv,Введено,ДЕСНА-ЛЭНД,НАО,Десеновское,55.5702958,37.3970203,manual_exact,exact,True
г. москва пос десеновское ул андерсена д 21,"г. Москва, пос. Десеновское, ул. Андерсена, д. 21",1,rv,Введено,"ООО ""ДЕСНА-ДЕВЕЛОПМЕНТ""",НАО,Десеновское,55.5702958,37.3970203,manual_exact,exact,True
г. москва пос марушкинское кв-л №63 д 1а стр 1 стр 2 стр 3 стр 4,"г. Москва, пос. Марушкинское, кв-л №63, д. 1А, стр. 1, стр. 2, стр. 3, стр. 4",1,rv,Введено,"ООО ""ВНУКОВО ЛОГИСТИК""",НАО,Марушкинское,55.5778111,37.1097363,manual_exact,exact,True
г. москва пос московский киевское ш 23 км. д 14 к 5,"г. Москва, пос. Московский, Киевское ш., 23 км., д. 14, к. 5",1,rv,Введено,CAPITAL GROUP,НАО,Московский,55.613434,37.415014,manual_exact,exact,True
г. москва пос московский киевское ш 23-й км д 11 стр 3,"г. Москва, пос. Московский, Киевское ш., 23-й км, д. 11, стр. 3",1,rv,Введено,ПИК,НАО,Московский,55.613434,37.415014,manual_exact,exact,True
г. москва пос московский киевское ш 23-й км д 5 стр 4,"г. Москва, пос. Московский, Киевское ш., 23-й км, д. 5, стр. 4",1,rv,Введено,ПИК,НАО,Московский,55.613434,37.415014,manual_exact,exact,True
г. москва пос московский киевское шоссе 23 км д 1,"г. Москва, пос. Московский, Киевское шоссе, 23 км, д. 1",1,rv,Введено,"АО ""ЛАУТ""",НАО,Московский,55.613434,37.415014,manual_exact,exact,True
г. москва пос московский киевское шоссе 23 км д 1 стр 1,"г. Москва, пос. Московский, Киевское шоссе, 23 км, д. 1, стр. 1",1,rv,Введено,"АО ""ЛАУТ""",НАО,Московский,55.613434,37.415014,manual_exact,exact,True
г. москва пос мосрентген п. завода мосрентген ул героя россии соломатина двлд. 6 к 6,"г. Москва, пос. Мосрентген, п. Завода Мосрентген, ул. Героя России Соломатина, двлд. 6, к. 6",1,rv,Введено,СЕВИНВЕСТ,НАО,Мосрентген,55.5702958,37.3970203,manual_exact,exact,True
г. москва пос мосрентген пос завода мосрентген ул героя россии соломатина,"г. Москва, пос. Мосрентген, пос. Завода Мосрентген, ул. Героя России Соломатина",1,rv,Введено,"ООО ""КОРУНД""",НАО,Мосрентген,55.5702958,37.3970203,manual_exact,exact,True
г. москва пос некрасовка 77:16:0010105:8283 (ювао район некрасовка),"г. Москва, пос. Некрасовка, 77:16:0010105:8283 (ЮВАО, район Некрасовка)",1,rv,Введено,САМОЛЕТ,ЮВАО,Некрасовка,55.6883621,37.9289173,manual_exact,exact,True
г. москва пос новофедоровское ул генерала донскова д 19 к 4,"г. Москва, пос. Новофедоровское, ул. Генерала Донскова, д. 19, к. 4",1,rv,Введено,"ООО ""АПРЕЛЕВКА С2""",ТАО,Новофедоровское,55.5099302,36.9243965,manual_exact,exact,True
г. москва пос первомайское д рогозинино луговая ул д 20в корп 1 жилой дом №2 - г. москва пос первомайское д рогозинино луговая ул д 20в корп 2,"г. Москва, пос. Первомайское, д. Рогозинино, Луговая ул., д. 20В, корп. 1 Жилой дом №2 - г. Москва, пос. Первомайское, д. Рогозинино, Луговая ул., д. 20В, корп. 2",1,rv,Введено,"ООО ""ЮРИСТИ""",ТАО,Первомайское,55.522078,37.2128965,manual_exact,exact,True
г. москва пос первомайское д рогозинино луговая ул д 20в корп 3,"г. Москва, пос. Первомайское, д. Рогозинино, Луговая ул., д. 20В, корп. 3",1,rv,Введено,"ООО ""ЮРИСТИ""",ТАО,Первомайское,55.522078,37.2128965,manual_exact,exact,True
г. москва пос сосенское д николо-хованское уч 9/1-1,"г. Москва, пос. Сосенское, д. Николо-Хованское, уч. 9/1-1",1,rv,Введено,ГОЛД КОСТ,НАО,Сосенское,55.581794,37.417744,manual_exact,exact,True
г. москва пос сосенское калужское шоссе 21-й км д 3,"г. Москва, пос. Сосенское, Калужское шоссе, 21-й км, д. 3",1,rv,Введено,"ООО ""КАЛУСУАЛИА 1""",НАО,Сосенское,55.581794,37.417744,manual_exact,exact,True
г. москва пос сосенское кв-л 35 д 1 стр 1 г. москва пос сосенское кв-л 35 д 1 стр 2 г. москва пос сосенское кв-л 35 д 1 стр 3 г. москва пос сосенское кв-л 35 д 1 с. 4 г. москва пос сосенское кв-л 35 д 1 стр 5 г. москва пос сосенское кв-л 35 д 1 стр 6.,"г. Москва, пос. Сосенское, кв-л 35, д. 1, стр. 1; г. Москва, пос. Сосенское, кв-л 35, д. 1, стр. 2; г. Москва, пос. Сосенское, кв-л 35, д. 1, стр. 3; г. Москва, пос. Сосенское, кв-л 35, д. 1, с. 4; г. Москва, пос. Сосенское, кв-л 35, д. 1, стр. 5; г. Москва, пос. Сосенское, кв-л 35, д. 1, стр. 6.",1,rv,Введено,А101,НАО,Сосенское,55.581794,37.417744,manual_exact,exact,True
г. москва пос сосенское п. коммунарка бачуринская ул д 5,"г. Москва, пос. Сосенское, п. Коммунарка, Бачуринская ул., д. 5",1,rv,Введено,КОНЦЕРН КРОСТ,НАО,Сосенское,55.581794,37.417744,manual_exact,exact,True
г. москва пос сосенское п. коммунарка ул александры монаховой д 61 стр 1,"г. Москва, пос. Сосенское, п. Коммунарка, ул. Александры Монаховой, д. 61, стр. 1",1,rv,Введено,ГИПЕРГЛОБУС,НАО,Сосенское,55.581794,37.417744,manual_exact,exact,True
г. москва пос сосенское п. коммунарка ул александры монаховой д 84 к 1,"г. Москва, пос. Сосенское, п. Коммунарка, ул. Александры Монаховой, д. 84, к. 1",1,rv,Введено,"ПУБЛИЧНОЕ АКЦИОНЕРНОЕ ОБЩЕСТВО ""ПИК-СПЕЦИАЛИЗИРОВАННЫЙ ЗАСТРОЙЩИК""",НАО,Сосенское,55.581794,37.417744,manual_exact,exact,True
г. москва пос сосенское п. коммунарка ул александры монаховой д 84 к 2,"г. Москва, пос. Сосенское, п. Коммунарка, ул. Александры Монаховой, д. 84, к. 2",1,rv,Введено,"ПУБЛИЧНОЕ АКЦИОНЕРНОЕ ОБЩЕСТВО ""ПИК-СПЕЦИАЛИЗИРОВАННЫЙ ЗАСТРОЙЩИК""",НАО,Сосенское,55.581794,37.417744,manual_exact,exact,True
г. москва пос сосенское п. коммунарка ул александры монаховой д 90 к 4,"г. Москва, пос. Сосенское, п. Коммунарка, ул., Александры Монаховой, д. 90, к. 4",1,rv,Введено,"ПУБЛИЧНОЕ АКЦИОНЕРНОЕ ОБЩЕСТВО ""ПИК-СПЕЦИАЛИЗИРОВАННЫЙ ЗАСТРОЙЩИК""",НАО,Сосенское,55.581794,37.417744,manual_exact,exact,True
г. москва пос сосенское п. коммунарка ул сосенский стан д8а стр 2,"г. Москва, пос. Сосенское, п. Коммунарка, ул. Сосенский Стан, д.8А, стр. 2",1,rv,Введено,МОСИНЖПРОЕКТ,НАО,Сосенское,55.581794,37.417744,manual_exact,exact,True
г. москва пос сосенское ул василия ощепкова д 1,"г. Москва, пос. Сосенское, ул. Василия Ощепкова, д. 1",1,rv,Введено,ГРАНЕЛЬ,НАО,Сосенское,55.581794,37.417744,manual_exact,exact,True
г. москва пос филимонковское д верхнее валуево спортивная ул д 98а,"г. Москва, пос. Филимонковское, д. Верхнее Валуево, Спортивная ул., д. 98А",1,rv,Введено,"ООО ""ПМ ""ТОЧКА СБОРКИ""",НАО,Филимонковское,55.5465808,37.3050386,manual_exact,exact,True
г. москва пос филимонковское ул харлампиева д 16,"г. Москва, пос. Филимонковское, ул. Харлампиева, д. 16",1,rv,Введено,СЕЛМИНОС ХОЛДИНГС ЛТД,НАО,Филимонковское,55.5465808,37.3050386,manual_exact,exact,True
г. москва пос филимонковское ул харлампиева д 42,"г. Москва, пос. Филимонковское, ул. Харлампиева, д. 42",1,rv,Введено,СЕЛМИНОС ХОЛДИНГС ЛТД,НАО,Филимонковское,55.5465808,37.3050386,manual_exact,exact,True
г. москва пос филимонковское ул харлампиева д 44,"г. Москва, пос. Филимонковское, ул. Харлампиева, д. 44",1,rv,Введено,СЕЛМИНОС ХОЛДИНГС ЛТД,НАО,Филимонковское,55.5465808,37.3050386,manual_exact,exact,True
г. москва пос филимонковское ул харлампиева д 46,"г. Москва, пос. Филимонковское, ул. Харлампиева, д. 46",1,rv,Введено,СЕЛМИНОС ХОЛДИНГС ЛТД,НАО,Филимонковское,55.5465808,37.3050386,manual_exact,exact,True
г. москва поселение московский г. московский ул солнечная д 3а строение 3,"г. Москва, поселение Московский, г. Московский, ул. Солнечная, д. 3А, строение 3",1,rv,Введено,"ООО ""РАДУГА""",НАО,Московский,55.613434,37.415014,manual_exact,exact,True
г. москва поселение сосенское п. коммунарка ул бачуринская д 11а к 1,"г. Москва, поселение Сосенское, п. Коммунарка, ул. Бачуринская, д. 11А, к. 1",1,rv,Введено,КОНЦЕРН КРОСТ,НАО,Сосенское,55.581794,37.417744,manual_exact,exact,True
г. москва поселение филимонковское оао марьинская птицефабрика вблизи д середнево участок viii-1/1,"г. Москва, поселение Филимонковское, ОАО ""Марьинская птицефабрика"", вблизи д. Середнево, участок VIII-1/1""",2,rv,Введено,ПИК,НАО,Филимонковский,55.5500805,37.314627,manual_exact,exact,True
г. москва поселение щаповское вблизи д троицкое,"г. Москва, поселение Щаповское, вблизи д. Троицкое",1,rv,Введено,"ООО ""БЕРЕЖКИ""",ТАО,Щаповское,55.50185,37.1284207,manual_exact,exact,True
г. москва пр походный вл 2,"г. Москва, пр. Походный, вл. 2",1,rv,Введено,ГАЗПРОМ,СЗАО,Покровское-Стрешнево,55.8192621,37.4415913,manual_exact,exact,True
г. москва причальный проезд вл 2 сзао,"г. Москва, Причальный проезд, вл. 2 СЗАО",1,rv,Введено,"АО ""СТРОЙСЕРВИСБЫТ""",СЗАО,Хорошево-Мневники,55.7601052,37.5183196,manual_exact,exact,True
г. москва проезд высоковольтный д 5а,"г. Москва, проезд Высоковольтный, д. 5А",1,rv,Введено,"ПУБЛИЧНОЕ АКЦИОНЕРНОЕ ОБЩЕСТВО ""ПИК-СПЕЦИАЛИЗИРОВАННЫЙ ЗАСТРОЙЩИК""",СВАО,Отрадное,55.85055975,37.5782006,manual_exact,exact,True
г. москва проезд перовский вл 54,"г. Москва, проезд Перовский, вл. 54",1,oks,Строится,"ООО ""СЗ ""ГЛОРАКС-МСК РИМСКАЯ""",ЮВАО,Нижегородский,55.7297194,37.7095577,district_centroid,approximate,True
г. москва промышленная улица дом 12а дом 12а строение 1,"г. Москва, Промышленная улица, дом 12А; дом 12А, строение 1",1,rv,Введено,"ООО ""СТРОЙПРОЕКТ""",ЮАО,Царицыно,55.6267611,37.6571114,manual_exact,exact,True
г. москва проспект лихачева дом 15,"г. Москва, проспект Лихачева, дом 15",1,rv,Введено,ФИН-ПАРТНЕР,ЮАО,Даниловский,55.711814,37.6597584,manual_exact,exact,True
г. москва район левобережный мкр. 1б корп 39б,"г. Москва, район Левобережный, мкр. 1Б, корп. 39Б",1,rv,Введено,ИНДИВИДУАЛЬНЫЕ ПРЕДПРИНИМАТЕЛИ,САО,Левобережный,55.8692475,37.4578945,manual_exact,exact,True
г. москва салтыковская ул д1в стр1 салтыковская ул д1в стр2,"г. Москва, Салтыковская ул., д.1В, стр.1, Салтыковская ул., д.1В, стр.2",1,rv,Введено,"КП ""БСА ""ЛУЖНИКИ""",ВАО,Косино-Ухтомский,55.722810325,37.8601839,manual_exact,exact,True
г. москва сао дмитровский лобненская ул д 13,"г. Москва, САО, Дмитровский, Лобненская ул. д. 13",1,rv,Введено,ПИК,САО,Дмитровский,55.88855115,37.53574255,manual_exact,exact,True
г. москва сао район аэропорт ленинградский пр-т вл 36,"г. Москва, САО, район Аэропорт, Ленинградский пр-т, вл. 36",1,rv,Введено,"АО ""БЮРО ВЕРИТАС РУСЬ""",САО,Аэропорт,55.80185185000001,37.5368174,manual_exact,exact,True
г. москва сао район беговой ленинградский просп. д 16,"г. Москва, САО, район Беговой, Ленинградский просп., д. 16",1,rv,Введено,"АО ""КАПСТРОЙСИТИ""",САО,Беговой,55.7828983,37.563588,manual_exact,exact,True
г. москва сао район западное дегунино ул дегунинская д 7,"г. Москва, САО, район Западное Дегунино, ул. Дегунинская, д. 7",1,rv,Введено,UPSIDE DEVELOPMENT,САО,Западное Дегунино,55.8710935,37.5304893,manual_exact,exact,True
г. москва свао район отрадное сигнальный проезд вл 5,"г. Москва, СВАО, район Отрадное, Сигнальный проезд, вл. 5",1,rv,Введено,ФСК,СВАО,Отрадное,55.85055975,37.5782006,manual_exact,exact,True
г. москва сзао район митино ул волоколамское шоссе вл 140,"г. Москва, СЗАО, район Митино, ул. Волоколамское шоссе, вл. 140",1,rv,Введено,МОСГАЗ,СЗАО,Митино,55.8484195,37.3670608,manual_exact,exact,True
г. москва сзао район хорошево-мневники,"г. Москва, СЗАО, район Хорошево-Мневники",1,rv,Введено,"ГКУ ""УДМС""",СЗАО,Хорошёво-Мнёвники,55.765528,37.4972546,manual_exact,exact,True
г. москва сзао ул 3-я хорошевская вл 14,"г. Москва, СЗАО, ул. 3-я Хорошевская, вл. 14",1,rv,Введено,ГАЗПРОМ,СЗАО,Хорошево-Мневники,55.7601052,37.5183196,manual_exact,exact,True
г. москва сзао ул берзарина д 30а,"г. Москва, СЗАО, ул. Берзарина, д. 30А",1,rv,Введено,РГ-ДЕВЕЛОПМЕНТ,СЗАО,Щукино,55.8051302,37.4803087,manual_exact,exact,True
г. москва сзао хорошево-мневники ул таманская д 3,"г. Москва, СЗАО, Хорошево-Мневники, ул. Таманская, д. 3",1,rv,Введено,TASHIR,СВАО,Хорошево-Мневники,55.7601052,37.5183196,manual_exact,exact,True
г. москва сзао южное тушино ул сходненская вл12,"г. Москва, СЗАО, Южное Тушино, ул. Сходненская, вл.12",1,rv,Введено,КП УГС,СЗАО,Южное Тушино,55.8406297,37.447248,manual_exact,exact,True
г. москва ст. петровско-разумовский пр-д д2,"г. Москва, Ст. Петровско-Разумовский пр-д, д.2",1,rv,Введено,ЭТАЛОН,САО,Савеловский,55.75312215,37.5957454,manual_exact,exact,True
г. москва территория инновационного центра сколково,"г. Москва, территория инновационного центра ""Сколково""",1,rv,Введено,"ООО ""ШКОЛА ТЕННИСА СКОЛКОВО""",ЗАО,Можайский,55.7015105,37.3937955,manual_exact,exact,True
г. москва тюменский проезд д 3 к 1,"г. Москва, Тюменский проезд, д. 3,к. 1",1,rv,Введено,SMINEX (ранее INGRAD),ВАО,Богородское,55.81164245,37.7153353,manual_exact,exact,True
г. москва ул 3-я хорошевская д 27а,"г. Москва, ул. 3-я Хорошевская, д. 27А",1,rv,Введено,МОНАРХ,СЗАО,Хорошево-Мневники,55.7601052,37.5183196,manual_exact,exact,True
г. москва ул 4-я магистральная д 4 строен. 30,"г. Москва, ул. 4-я Магистральная, д. 4, строен. 30",1,rv,Введено,"ООО ""СОЛАРД""",САО,Хорошевский,55.7953866,37.504053,manual_exact,exact,True
г. москва ул автозаводская вл 23 стр 120 120б,"г. Москва, ул. Автозаводская, вл. 23, стр. 120, 120Б",1,rv,Введено,"ООО ""АВТОТЕХ""",ЮАО,Даниловский,55.711814,37.6597584,manual_exact,exact,True
г. москва ул автозаводская д23а корп2,"г. Москва, ул. Автозаводская, д.23А, корп.2",1,rv,Введено,ТЭН,ЮАО,Даниловский,55.711814,37.6597584,manual_exact,exact,True
г. москва ул автозаводская д23б к2,"г. Москва, ул. Автозаводская, д.23Б, к.2",1,rv,Введено,ТЭН,ЮАО,Даниловский,55.711814,37.6597584,manual_exact,exact,True
г. москва ул академика комарова д1г,"г. Москва, ул. Академика Комарова, д.1Г",1,rv,Введено,"АО ""ТУКС-2""",СВАО,Марфино,55.8367772,37.5906338,manual_exact,exact,True
г. москва ул амурская д 1а к 3 ул амурская д 1а к 5 ул амурская д 1а к 7,"г. Москва, ул. Амурская, д. 1А, к. 3, ул. Амурская, д. 1А, к. 5, ул. Амурская, д. 1А, к. 7",1,rv,Введено,LEVEL GROUP,ВАО,Гольяново,55.8073766,37.7566198,manual_exact,exact,True
г. москва ул бакунинская д 13 стр 1,"г. Москва, ул. Бакунинская, д. 13, стр. 1",1,rv,Введено,"ООО ""ТЕХНОЛИГА""",ЦАО,Басманный,55.7672809,37.6697732,manual_exact,exact,True
г. москва ул барышиха д 48,"г. Москва, ул. Барышиха, д. 48",1,rv,Введено,"ООО ""СРЕДА ИНВЕСТ""",СЗАО,Митино,55.8484195,37.3670608,manual_exact,exact,True
г. москва ул берзарина д 30,"г. Москва, ул. Берзарина, д. 30",1,rv,Введено,РГ-ДЕВЕЛОПМЕНТ,СЗАО,Щукино,55.8051302,37.4803087,manual_exact,exact,True
г. москва ул бибиревская д 4а,"г. Москва, ул. Бибиревская, д. 4А",1,rv,Введено,"ООО ""ДОМСТРОЙ-РАЗВИТИЕ""",СВАО,Алтуфьевский,55.87853345,37.5826882,manual_exact,exact,True
г. москва ул бориса жигуленкова д 9 к 1,"г. Москва, ул. Бориса Жигулёнкова, д. 9, к. 1",1,rv,Введено,КП УГС,ВАО,Соколиная Гора,55.7654052,37.7370939,manual_exact,exact,True
г. москва ул вертолетчиков д1а,"г. Москва, ул. Вертолётчиков, д.1А",1,rv,Введено,КП УГС,ЮВАО,Некрасовка,55.6883621,37.9289173,manual_exact,exact,True
г. москва ул верхняя д 20 стр 3,"г. Москва, ул. Верхняя, д. 20, стр. 3",1,rv,Введено,ДОНСТРОЙ,САО,Беговой,55.7828983,37.563588,manual_exact,exact,True
г. москва ул выборгская 9/1,"г. Москва, ул. Выборгская, 9/1",1,rv,Введено,"ООО ""А-ПРОЕКТ.К""",САО,Войковский,55.8223248,37.50493375,manual_exact,exact,True
г. москва ул генерала белова д8,"г. Москва, ул. Генерала Белова, д.8",1,rv,Введено,"ООО ""Т.К. ГАРДИАН""",ЮАО,Орехово-Борисово Северное,55.64891065,37.65195075,manual_exact,exact,True
г. москва ул ивана сусанина вл1,"г. Москва, ул. Ивана Сусанина, вл.1",1,rv,Введено,"ООО ""СТРОЙИННОВАЦИЯ""",САО,Западное Дегунино,55.8710935,37.5304893,manual_exact,exact,True
г. москва ул изюмская . 52а,"г. Москва, ул. Изюмская, . 52А",1,rv,Введено,"ООО ""БАФОС""",ЮЗАО,Южное Бутово,55.54729475,37.5747165,manual_exact,exact,True
г. москва ул клинская вл 7,"г. Москва, ул. Клинская, вл. 7",1,rv,Введено,"ООО ""ФИТНЕС""",САО,Ховрино,55.8643521,37.50288,manual_exact,exact,True
г. москва ул котляковская вл 3 стр 13,"г. Москва, ул. Котляковская, вл. 3 стр. 13",1,rv,Введено,"ООО ""БАСТИОН М.С.""",ЮАО,Москворечье-Сабурово,55.6457793,37.6342936,manual_exact,exact,True
г. москва ул краснобогатырская д 90 стр 3,"г. Москва, ул. Краснобогатырская, д. 90, стр. 3",1,rv,Введено,"ЗАО ""ГЕНЕРАЛЬНАЯ ДИРЕКЦИЯ ""ЦЕНТР""",ВАО,Преображенское,55.79672395,37.7208723,manual_exact,exact,True
г. москва ул красноказарменная вл 13,"г. Москва, ул. Красноказарменная, вл. 13",1,rv,Введено,"ЖСК ""МЭИ-12""",ЮВАО,Лефортово,55.754854,37.70693,manual_exact,exact,True
г. москва ул лисицкого д 7 coop. 1 115280 г. москва ул лисицкого д 7 стр 2 тп,"г. Москва, ул. Лисицкого, д. 7, coop. 1; 115280, г. Москва, ул. Лисицкого, д. 7, стр. 2, ТП",1,rv,Введено,ЛСР,ЮАО,Даниловский,55.711814,37.6597584,manual_exact,exact,True
г. москва ул лобачевского д 66 стр 1,"г. Москва, ул. Лобачевского, д. 66, стр. 1",1,rv,Введено,КП УГС,ЗАО,Проспект Вернадского,55.6729,37.5060646,manual_exact,exact,True
г. москва ул лужники д 24 стр 34,"г. Москва, ул. Лужники, д. 24, стр. 34",1,rv,Введено,ОЛИМПИЙСКИЙ КОМПЛЕКС ЛУЖНИКИ,ЦАО,Хамовники,55.72162725,37.5633727,manual_exact,exact,True
г. москва ул маршала шапошникова д1,"г. Москва, ул. Маршала Шапошникова, д.1",2,rv,Введено,"ООО ""МЕТРОПОЛИС""",САО,Беговой,55.7828983,37.563588,manual_exact,exact,True
г. москва ул михайлова д 30 а корп3.,"г. Москва, ул. Михайлова, д 30 А, корп.3.",1,rv,Введено,ПИК,ЮВАО,Рязанский,55.722711,37.77755000000001,manual_exact,exact,True
г. москва ул мосфильмовская 88 корпус 7,"г. Москва, ул. Мосфильмовская, 88, корпус 7",1,rv,Введено,ФСБ РОССИИ,ЗАО,Раменки,55.7010074,37.5041069,manual_exact,exact,True
г. москва ул муравская д 38 стр 3,"г. Москва, ул. Муравская, д. 38, стр. 3",1,rv,Введено,CAPITAL GROUP,СЗАО,Митино,55.8484195,37.3670608,manual_exact,exact,True
г. москва ул муравская д 42 стр 4,"г. Москва, ул. Муравская, д. 42, стр. 4",1,rv,Введено,CAPITAL GROUP,СЗАО,Митино,55.8484195,37.3670608,manual_exact,exact,True
г. москва ул нагатинская д 4 к 3,"г. Москва, ул. Нагатинская, д. 4, к. 3",1,rv,Введено,ЭТАЛОН,ЮАО,Нагатино-Садовники,55.6746117,37.6454806,manual_exact,exact,True
г. москва ул нагорная 11 а,"г. Москва, ул. Нагорная, 11 А",1,rv,Введено,КП УГС,ЮЗАО,Котловка,55.6845587,37.5919839,manual_exact,exact,True
г. москва ул новотушинская д3,"г. Москва, ул. Новотушинская, д.3",1,rv,Введено,ИНДИВИДУАЛЬНЫЕ ПРЕДПРИНИМАТЕЛИ,СЗАО,Митино,55.8484195,37.3670608,manual_exact,exact,True
г. москва ул островитянова 2б,"г. Москва, ул. Островитянова, 2Б",1,rv,Введено,"ОБЩЕСТВО С ОГРАНИЧЕННОЙ ОТВЕТСТВЕННОСТЬЮ ""ПЕРСПЕКТИВА""",ЮЗАО,Коньково,55.64880935,37.5488697,manual_exact,exact,True
г. москва ул палиха д4,"г. Москва, ул. Палиха, д.4",1,rv,Введено,ШТРАБАГ,ЦАО,Тверской,55.7787255,37.5996357,manual_exact,exact,True
г. москва ул паршина д 10,"г. Москва, ул. Паршина, д. 10",1,rv,Введено,SMINEX (ранее INGRAD),СЗАО,Хорошево-Мневники,55.7601052,37.5183196,manual_exact,exact,True
г. москва ул паршина д10,"г. Москва, ул. Паршина, д.10",1,rv,Введено,SMINEX (ранее INGRAD),СЗАО,Хорошево-Мневники,55.7601052,37.5183196,manual_exact,exact,True
г. москва ул пехотная д3 сзао щукино,"г. Москва, ул. Пехотная, д.3, СЗАО, Щукино",2,oks,Строится,"ГБУ ""ДИРЕКЦИЯ РАЗВИТИЯ ОБЪЕКТОВ ЗДРАВООХРАНЕНИЯ ГОРОДА МОСКВЫ""",СЗАО,Щукино,55.8051302,37.4803087,district_centroid,approximate,True
г. москва ул правды вл 24,"г. Москва, ул. Правды, вл. 24",1,oks,Строится,ГРУППА ПСН,САО,Беговой,55.7828983,37.563588,district_centroid,approximate,True
г. москва ул профсоюзная д128а,"г. Москва, ул. Профсоюзная, д.128А",1,rv,Введено,"ООО ""ОДИС""",ЮЗАО,Теплый стан,55.5702958,37.53838055,manual_exact,exact,True
г. москва ул радиальная 6-я вл7 корп2 ,"г. Москва, ул. Радиальная 6-я, вл.7, корп.2,",1,rv,Введено,"АО ""МОСОТДЕЛСТРОЙ № 1""",ЮАО,Бирюлево Восточное,55.6234134,37.7935045,district_centroid,approximate,True
г. москва ул рябиновая д 32а стр 1,"г. Москва, ул. Рябиновая, д. 32А, стр 1",1,rv,Введено,"АО ФГ ""ЭВЕРЕСТ""",ЗАО,Очаково-Матвеевское,55.6907105,37.443805,manual_exact,exact,True
г. москва ул сельскохозяйственная д 35,"г. Москва, ул. Сельскохозяйственная, д. 35",1,rv,Введено,"ПУБЛИЧНОЕ АКЦИОНЕРНОЕ ОБЩЕСТВО ""ПИК-СПЕЦИАЛИЗИРОВАННЫЙ ЗАСТРОЙЩИК""",СВАО,Останкинский,55.8386265,37.6302466,manual_exact,exact,True
г. москва ул тайнинская д9,"г. Москва, ул. Тайнинская, д.9",1,rv,Введено,ЭТАЛОН,СВАО,Лосиноостровский,55.8641682,37.6872725,manual_exact,exact,True
г. москва ул усиевича д 10,"г. Москва, ул. Усиевича, д. 10",1,rv,Введено,ЭТАЛОН,САО,Аэропорт,55.80185185000001,37.5368174,manual_exact,exact,True
г. москва ул шереметьевская д 26,"г. Москва, ул Шереметьевская, д. 26",1,rv,Введено,УКРРОСМЕТАЛЛ,СВАО,Марьина Роща,55.798009,37.6064327,manual_exact,exact,True
г. москва ул южнобутовская д84а,"г. Москва, ул. Южнобутовская д.84А",1,rv,Введено,"ООО ""ПСК РОДИНА СТРОЙ""",ЮЗАО,Южное Бутово,55.54729475,37.5747165,manual_exact,exact,True
г. москва ул южнобутовская между д 62 и д 66,"г. Москва, ул. Южнобутовская между д. 62 и д. 66",1,rv,Введено,"ООО ""МОСОБЛСТРОЙ""",ЮЗАО,Южное Бутово,55.54729475,37.5747165,manual_exact,exact,True
г. москва ул юннатов д 4,"г. Москва, ул. Юннатов, д. 4",1,rv,Введено,РГ-ДЕВЕЛОПМЕНТ,САО,Савеловский,55.75312215,37.5957454,manual_exact,exact,True
г. москва ул ясеневая дом 12 корпус 2,"г. Москва, ул. Ясеневая, дом 12, корпус 2",1,rv,Введено,ПИК,ЮАО,Орехово-Борисово Южное,55.6135333,37.7444387,manual_exact,exact,True
г. москва улица производственная вл 6,"г. Москва, улица Производственная, вл. 6",1,oks,Строится,ЛСР,ЗАО,Солнцево,55.643928,37.395327,geometry,,True
г. москва хорошевское шоссе д25а к2,"г. Москва, Хорошевское шоссе, д.25А, к.2",1,rv,Введено,SEZAR GROUP,САО,Хорошевский,55.7953866,37.504053,manual_exact,exact,True
г. москва цао р-н пресненский ул тестовская д 1а,"г. Москва, ЦАО, р-н Пресненский, ул. Тестовская, д. 1А",1,rv,Введено,ENKA,ЦАО,Пресненский,55.7580051,37.5654894,manual_exact,exact,True
г. москва цао район красносельский сретенский бульвар дом 9/2 стр 1 2,"г. Москва, ЦАО, район Красносельский, Сретенский бульвар, дом 9/2 стр. 1, 2",1,rv,Введено,ЛУКОЙЛ,ЦАО,Красносельский,55.7778643,37.6749192,manual_exact,exact,True
г. москва шелепихинская наб. д34 к3,"г. Москва, Шелепихинская наб., д.34 к.3",1,rv,Введено,ДОНСТРОЙ,СЗАО,Хорошево-Мневники,55.7601052,37.5183196,manual_exact,exact,True
г. москва шелепихинская набережная д 42 корп 2,"г. Москва, Шелепихинская набережная, д. 42, корп. 2",1,rv,Введено,ДОНСТРОЙ,СЗАО,Хорошево-Мневники,55.7601052,37.5183196,manual_exact,exact,True
г. москва электрически переулок д 10 стр 1,"г. Москва, Электрически переулок, д. 10, стр. 1",1,rv,Введено,"АО ""ИК ""ПРИОРИТЕТ""",ЦАО,Пресненский,55.7580051,37.5654894,manual_exact,exact,True
г. москва юао нагатино-садовники ул садовники вл 3,"г. Москва, ЮАО, Нагатино-садовники ул. Садовники, вл. 3",1,rv,Введено,МУ-22 ССК,ЮАО,Нагатино-Садовники,55.6746117,37.6454806,manual_exact,exact,True
г. москва ювао район некрасовка ул маршала еременко д1 к1,"г. Москва, ЮВАО, район Некрасовка, ул. Маршала Еременко, д.1, к.1",1,rv,Введено,КП УГС,ЮВАО,Некрасовка,55.6883621,37.9289173,manual_exact,exact,True
г. москва юзао гагаринский район ленинский проспект д 38а корп3,"г. Москва, ЮЗАО, Гагаринский район, Ленинский проспект, д. 38А корп.3",1,rv,Введено,HUTTON DEVELOPMENT,ЮЗАО,Гагаринский,55.700615,37.5645854,manual_exact,exact,True
г. москва юзао ленинский проспект д 123в,"г. Москва, ЮЗАО, Ленинский проспект д. 123В",1,rv,Введено,"АО ""МИСК""",ЮЗАО,Теплый стан,55.5702958,37.53838055,manual_exact,exact,True
г. москва юзао ломоносовский ул архитектора власова вл 2,"г. Москва, ЮЗАО, Ломоносовский, ул. Архитектора Власова, вл. 2",1,rv,Введено,ФОНД РЕНОВАЦИИ,ЮЗАО,Ломоносовский,55.6984105,37.5842389,manual_exact,exact,True
г. москва юзао южное бутово ул краснолиманская вл 21,"г. Москва, ЮЗАО, Южное Бутово, ул. Краснолиманская, вл. 21",1,rv,Введено,ФОНД РЕНОВАЦИИ,ЮЗАО,Южное Бутово,55.54729475,37.5747165,manual_exact,exact,True
г. москва. нагорная ул д за,г. Москва. Нагорная ул. д. ЗА,1,rv,Введено,"АО ""КРУНИТ""",ЮЗАО,Котловка,55.6845587,37.5919839,manual_exact,exact,True
г. москва. новомосковский ао поселение сосенское в районе николо-хованского кладбища участок №570,"г. Москва. Новомосковский АО, поселение Сосенское в районе Николо-Хованского кладбища, участок №570",1,rv,Введено,"ООО ""АТЛАНТ ПЕТРОЛЕУМ 2""",НАО,Сосенское,55.581794,37.417744,manual_exact,exact,True
г. москвский уч м35,"г. Москвский, уч. М35",1,rv,Введено,ПРАВОСЛАВИЕ,НАО,Внуково,55.58975,37.26383705,manual_exact,exact,True
г. московский мкр. 1-й около д 39а,"г. Московский, мкр. 1-й, около д. 39А",1,oks,Строится,"ООО ""ОЧАГ""",НАО,Филимонковский,55.5500805,37.314627,district_centroid,approximate,True
г. московский первый микрорайон квартал 3,"г. Московский, Первый микрорайон, квартал 3",1,rv,Введено,АБСОЛЮТ,НАО,Коммунарка,55.581794,37.448441,manual_exact,exact,True
г. московский первый микрорайон квартал 3 корпус 5,"г. Московский, Первый микрорайон, квартал 3, корпус 5",1,oks,Строится,АБСОЛЮТ,НАО,Филимонковский,55.5500805,37.314627,district_centroid,approximate,True
г. московский район тепличного комбината №1 третий микрорайон квартал 2,"г. Московский, район Тепличного комбината №1, третий микрорайон, квартал 2",1,oks,Строится,АБСОЛЮТ,НАО,Филимонковский,55.5500805,37.314627,district_centroid,approximate,True
г. московский тепличного комбината №1 третий микрорайон квартал 1,"г. Московский, тепличного комбината №1, третий микрорайон, квартал 1",3,rv,Введено,АБСОЛЮТ,НАО,Коммунарка,55.581794,37.448441,manual_exact,exact,True
г. московский третий микрорайон квартал 2,"г. Московский, третий микрорайон, квартал 2",1,oks,Строится,АБСОЛЮТ,НАО,Филимонковский,55.5500805,37.314627,district_centroid,approximate,True
г. московский ул никитина д 11 стр6,"г. Московский, ул. Никитина, д. 11, стр.6",1,rv,Введено,АБСОЛЮТ,НАО,Московский,55.613434,37.415014,manual_exact,exact,True
г. московский ул радужная д 23а,"г. Московский, ул. Радужная, д. 23А",1,rv,Введено,ДЕПАРТАМЕНТ ГРАЖДАНСКОГО СТРОИТЕЛЬСТВА ГОРОДА МОСКВЫ,НАО,Московский,55.613434,37.415014,manual_exact,exact,True
г. московский участок №м30,"г. Московский, участок №М30",1,rv,Введено,"ООО ""ПОБЕДА""",НАО,Московский,55.613434,37.415014,manual_exact,exact,True
г. московский. третий микрорайон,г. Московский. Третий микрорайон,2,rv,Введено,АБСОЛЮТ,НАО,Коммунарка,55.581794,37.448441,manual_exact,exact,True
г. троицк микрорайон в дом 13а,"г. Троицк, микрорайон В дом 13А",1,rv,Введено,"ООО ""ОЛМИНА""",ТАО,Троицк,55.5274153,37.2817736,manual_exact,exact,True
г. троицк ул академика франка,"г. Троицк, ул. Академика Франка",2,oks,Строится,"ООО ""СЗ ТРОИЦКЖИЛСТРОЙ""",ТАО,Троицк,55.5274153,37.2817736,district_centroid,approximate,True
г. троицк ул квантовая,"г. Троицк, ул. Квантовая",1,rv,Введено,"АО ""СТРОЙ СИТИ""",ТАО,Троицк,55.5274153,37.2817736,manual_exact,exact,True
г. троицк ул николая сладкова,"г. Троицк, ул. Николая Сладкова",1,rv,Введено,"ООО ""ЛЕСНАЯ СКАЗКА""",ТАО,Троицк,55.5274153,37.2817736,manual_exact,exact,True
г. троицк ул николая сладкова влд. 2,"г. Троицк, ул. Николая Сладкова, влд. 2",2,oks,Строится,"ООО ""ЛЕСНАЯ СКАЗКА""",ТАО,Троицк,55.5274153,37.2817736,district_centroid,approximate,True
г. троицк ул пушковых д 2а,"г. Троицк, ул. Пушковых, д. 2А",1,rv,Введено,"АО ""СМП-1""",ТАО,Троицк,55.5274153,37.2817736,manual_exact,exact,True
г. троицк улица дальняя д 6,"г. Троицк, улица Дальняя, д. 6",1,rv,Введено,ИНДИВИДУАЛЬНЫЕ ПРЕДПРИНИМАТЕЛИ,ТАО,Троицк,55.5274153,37.2817736,manual_exact,exact,True
г. щербинка мкр. люблинский,"г. Щербинка, мкр. Люблинский",2,rv,Введено,ПИК,НАО,Щербинка,55.49523050000001,37.518144,manual_exact,exact,True
г. щербинка симферопольское шоссе вл 15,"г. Щербинка, Симферопольское шоссе, вл. 15",1,rv,Введено,"ООО ""АНАТОЛЬ МОТОРС""",НАО,Щербинка,55.49523050000001,37.518144,manual_exact,exact,True
г. щербинка ул маршала савицкого проект. проезд №728,"г. Щербинка, ул. Маршала Савицкого, проект. проезд №728",1,rv,Введено,"АНО ""РСИ""",ЮЗАО,Южное Бутово,55.54729475,37.5747165,manual_exact,exact,True
г. щербинка ул первомайская при д 6.,"г. Щербинка, ул. Первомайская, при д. 6.",2,oks,Строится,РК АКТИВ,НАО,Щербинка,55.49523050000001,37.518144,district_centroid,approximate,True
г.москва 1-й коптельский переулок д 5,"г.Москва, 1-й Коптельский переулок, д. 5",1,rv,Введено,ДЕПАРТАМЕНТ ГРАЖДАНСКОГО СТРОИТЕЛЬСТВА ГОРОДА МОСКВЫ,ЦАО,Мещанский,55.7816543,37.6340098,manual_exact,exact,True
г.москва 3-й нижнелихоборский проезд вл1,"г.Москва, 3-й Нижнелихоборский проезд, вл.1",1,oks,Строится,ПИК,САО,Тимирязевский,55.8467985,37.560815500000004,geometry,,True
г.москва капотня 2-й квартал д1 корп3,"г.Москва, Капотня, 2-й квартал, д.1, корп.3",1,rv,Введено,ГАЗПРОМ,ЮВАО,Капотня,56.0127537,37.1666193,manual_exact,exact,True
г.москва сао западное дегунино ул ижорская вл4,"г.Москва,САО, Западное Дегунино , ул. Ижорская , вл.4",1,rv,Введено,ПИК,САО,Западное Дегунино,55.8710935,37.5304893,manual_exact,exact,True
г.москва территория инновационного центра сколково,"Г.МОСКВА, ТЕРРИТОРИЯ ИННОВАЦИОННОГО ЦЕНТРА ""СКОЛКОВО""",4,rv,Введено,"ПУБЛИЧНОЕ АКЦИОНЕРНОЕ ОБЩЕСТВО ""РОССИЙСКИЕ СЕТИ""; ФРЦР И КОММЕРЦИАЛИЗАЦИИ НОВЫХ ТЕХНОЛОГИЙ",ЗАО,Можайский,55.7015105,37.3937955,manual_exact,exact,True
г.москва территория инновационного центра сколково зворыкина д 4,"Г.МОСКВА, ТЕРРИТОРИЯ ИННОВАЦИОННОГО ЦЕНТРА ""СКОЛКОВО"", ЗВОРЫКИНА, Д. 4",1,rv,Введено,ФРЦР И КОММЕРЦИАЛИЗАЦИИ НОВЫХ ТЕХНОЛОГИЙ,ЗАО,Можайский,55.7015105,37.3937955,manual_exact,exact,True
г.москва территория инновационного центра сколково ул блеза паскаля д 2,"Г.МОСКВА, ТЕРРИТОРИЯ ИННОВАЦИОННОГО ЦЕНТРА ""СКОЛКОВО"", УЛ. БЛЕЗА ПАСКАЛЯ, Д. 2",1,rv,Введено,"АССОЦИАЦИЯ ""РАЗВИТИЕ, ИННОВАЦИИ, ТЕХНОЛОГИИ""",ЗАО,Можайский,55.7015105,37.3937955,manual_exact,exact,True
г.москва территория инновационного центра сколково ул кулибина д 8 стр 1,"Г.МОСКВА, ТЕРРИТОРИЯ ИННОВАЦИОННОГО ЦЕНТРА ""СКОЛКОВО"", УЛ. КУЛИБИНА, Д. 8, СТР. 1",1,rv,Введено,ФРЦР И КОММЕРЦИАЛИЗАЦИИ НОВЫХ ТЕХНОЛОГИЙ,ЗАО,Можайский,55.7015105,37.3937955,manual_exact,exact,True
г.москва территория инновационного центра сколково ул сикирского д 2 стр 1,"Г.МОСКВА, ТЕРРИТОРИЯ ИННОВАЦИОННОГО ЦЕНТРА ""СКОЛКОВО"", УЛ. СИКИРСКОГО Д. 2, СТР. 1",1,rv,Введено,ФРЦР И КОММЕРЦИАЛИЗАЦИИ НОВЫХ ТЕХНОЛОГИЙ,ЗАО,Можайский,55.7015105,37.3937955,manual_exact,exact,True
г.москва ул миклухо-маклая д 10 кор. 2,"г.Москва, ул. Миклухо-Маклая, д. 10, кор. 2",1,rv,Введено,МИНОБРНАУКИ РОССИИ,ЮЗАО,Обручевский,55.6575505,37.5383225,manual_exact,exact,True
г.москва ул ярцевская д 6а,"г.Москва, ул. Ярцевская, д. 6А",1,rv,Введено,ИНДИВИДУАЛЬНЫЕ ПРЕДПРИНИМАТЕЛИ,ЗАО,Кунцево,55.74346005,37.39999495,manual_exact,exact,True
г.москва улбеломорская д1в стр1,"г.Москва, ул.Беломорская,д.1В, стр.1",1,rv,Введено,МОСКАПСТРОЙ,САО,Левобережный,55.8692475,37.4578945,manual_exact,exact,True
г.москва улвойсковаяуч.no 1. этап 3: корпус 2,"г.Москва,ул.Войсковаяуч.No 1. Этап 3: корпус 2",1,oks,Строится,"ООО ""СТРОЙ-АВТО""",ЗАО,Внуково,55.58975,37.26383705,district_centroid,approximate,True
г.москва улвойсковаяуч.no 1. этап 4: корпус 3,"г.Москва,ул.Войсковаяуч.No 1. Этап 4: Корпус 3",1,oks,Строится,"ООО ""СТРОЙ-АВТО""",ЗАО,Внуково,55.58975,37.26383705,district_centroid,approximate,True
г.москва ювао капотня капотня кв. 2 вл 1,"г.Москва, ЮВАО, Капотня, Капотня кв. 2 вл. 1",1,rv,Введено,ГАЗПРОМ,ЮВАО,Капотня,56.0127537,37.1666193,manual_exact,exact,True
г.московский первый микрорайон,г.Московский Первый микрорайон,1,rv,Введено,АБСОЛЮТ,НАО,Коммунарка,55.581794,37.448441,manual_exact,exact,True
г.троицк улприбрежная д11,"г.Троицк, ул.Прибрежная, д.11",1,rv,Введено,"ООО ""ОЛИМП""",ТАО,Троицк,55.5274153,37.2817736,manual_exact,exact,True
г.троицк фку фмс россии цмпрв ватутинки-1,"г.Троицк, ФКУ ФМС России ""ЦМПРВ ""Ватутинки-1""",1,oks,Строится,МВД РОССИИ,ТАО,Троицк,55.5274153,37.2817736,district_centroid,approximate,True
г.троицк шкалужское влд.15,"г.Троицк,ш.Калужское,влд.15",1,rv,Введено,ИНДИВИДУАЛЬНЫЕ ПРЕДПРИНИМАТЕЛИ,ТАО,Троицк,55.5274153,37.2817736,manual_exact,exact,True
г.ф.з. москва,г.ф.з. Москва,1,oks,Строится,РЖД,ЦАО,Красносельский,55.7778643,37.6749192,district_centroid,approximate,True
газопровод пос,Газопровод пос.,2,oks,Строится,3S GROUP,НАО,Коммунарка,55.5811078,37.4699875,nominatim,commercial,True
газопровод пос уч 309ю,Газопровод пос. уч. 309Ю,3,oks,Строится,"ООО ""СЗ ""СПС МОСКОВИЯ""",НАО,Коммунарка,55.581794,37.448441,district_centroid,approximate,True
газопровод ул влд.6г,"Газопровод ул., влд.6Г",3,rv,Введено,ПИК,ЮАО,Чертаново Южное,55.58849015,37.5972518,manual_exact,exact,True
газопровод ул уч 6г/24,Газопровод ул. уч. 6Г/24,1,oks,Строится,ПИК,ЮАО,Чертаново Южное,55.585823,37.611788000000004,geometry,,True
газопровод улица лесные поляны 5- я земельный участок 16,"Газопровод, улица Лесные Поляны 5- я, земельный участок 16",3,oks,Строится,САМОЛЕТ,НАО,Коммунарка,55.581794,37.448441,district_centroid,approximate,True
гаражная улица вл 3,"Гаражная улица, вл. 3",1,rv,Введено,ФОНД РЕНОВАЦИИ,ВАО,Соколиная Гора,55.7603835,37.7449423,nominatim,place_of_worship,True
гарибальди ул уч 22,Гарибальди ул. уч. 22,1,oks,Строится,ФОНД РЕНОВАЦИИ,ЮЗАО,Обручевский,55.6672364,37.5623979,nominatim,tertiary,True
генерала глаголева ул зу 20,"Генерала Глаголева ул., з/у 20",1,oks,Строится,КОНЦЕРН КРОСТ,СЗАО,Хорошёво-Мнёвники,55.765528,37.4972546,district_centroid,approximate,True
генерала глаголева ул уч 9,"Генерала Глаголева ул., уч.9",1,rv,Введено,ФОНД РЕНОВАЦИИ,СЗАО,Молжаниновский,55.9367,37.377,manual_exact,exact,True
генерала дорохова ул вл 18 корп 1 2 (генерала дорохова ул вл 16 стр 1 2 3 4 5),"Генерала Дорохова ул., вл. 18, корп. 1, 2 (Генерала Дорохова ул., вл. 16, стр. 1, 2, 3, 4, 5)",1,oks,Строится,"ООО ""НЦ ""БОЛЬШАЯ ЦИФРА""",ЗАО,Очаково-Матвеевское,55.6907105,37.443805,district_centroid,approximate,True
генерала кузнецова д 22,"ГЕНЕРАЛА КУЗНЕЦОВА, Д. 22",1,rv,Введено,КОРПОРАТИВНЫЙ ЦЕНТР ИКС 5,ЮВАО,Выхино-Жулебино,55.7022001,37.81384715,manual_exact,exact,True
георгиевский проспект влд. 1936,"Георгиевский проспект, влд. 1936",1,rv,Введено,ФОНД РЕНОВАЦИИ,ЗелАО,Крюково,55.9658925,37.173983,manual_exact,exact,True
георгиевский проспект д 37 к3,"ГЕОРГИЕВСКИЙ ПРОСПЕКТ, Д. 37, К.3",1,rv,Введено,ПИК,ЗелАО,Крюково,55.9658925,37.173983,manual_exact,exact,True
героев панфиловцев ул уч 28 а,Героев Панфиловцев ул. уч. 28 А,1,oks,Строится,"БЛАГОТВОРИТЕЛЬНЫЙ ФОНД ""СЕМЬЯ ВМЕСТЕ""",СЗАО,Северное Тушино,55.8528943,37.4388305,nominatim,secondary,True
главмосстрой зу 1,Главмосстрой з/у 1,1,rv,Введено,КП УГС,ЗАО,Солнцево,55.6521865,37.40060335,manual_exact,exact,True
годовикова ул д 10,Годовикова ул. д. 10,1,rv,Введено,ФОНД РЕНОВАЦИИ,СВАО,Останкинский,55.8036722,37.6311746,nominatim,tertiary,True
головинское шоссе вл 10,"Головинское шоссе, вл. 10",1,rv,Введено,"ООО ДРСУ ""СЕВЕРНОЕ""",САО,Головинский,55.84324995,37.49734265,manual_exact,exact,True
головинское шоссе д 11,"Головинское шоссе, д. 11",1,rv,Введено,3S GROUP,САО,Головинский,55.84324995,37.49734265,manual_exact,exact,True
головинское шоссе д 6а,Головинское шоссе д. 6А,1,rv,Введено,"АНО ""РСИ""",САО,Войковский,55.8375204,37.5028015,nominatim,tertiary,True
голубинская д 21а,"ГОЛУБИНСКАЯ, Д. 21А",1,rv,Введено,"ГУП Г. МОСКВЫ ""ДИРЕКЦИЯ ГАРАЖНОГО СТРОИТЕЛЬСТВА""",ЮЗАО,Ясенево,55.6051985,37.5284064,manual_exact,exact,True
голубинская ул д 8а,Голубинская ул. д. 8а,1,rv,Введено,АВТОРУСЬ,ЮЗАО,Ясенево,55.6001262,37.5205261,nominatim,tertiary,True
гольяново пр 1-й иртышский вл 10-14,"Гольяново, пр. 1-й Иртышский, вл. 10-14",1,rv,Введено,"ООО ""ИНИКОМ 97""",ВАО,Гольяново,55.8073766,37.7566198,manual_exact,exact,True
гончарная улица дом 20/1 стр 1 стр 2,"Гончарная улица, дом 20/1, стр. 1, стр. 2",1,rv,Введено,"АО ""Московский парк""",ЦАО,Таганский,55.75004445,37.6571372,manual_exact,exact,True
город зеленоград георгиевский проспект дом 37 строение 4,"город Зеленоград, Георгиевский проспект, дом 37, строение 4",1,rv,Введено,ПИК,ЗелАО,Крюково,55.9658925,37.173983,manual_exact,exact,True
город зеленоград проезд 5557 дом 2,"город Зеленоград, проезд 5557, дом 2",1,oks,Строится,БИОКАД,ЗелАО,Силино,56.0080842,37.1406636,district_centroid,approximate,True
город москва вн. тер. г. муниципальный округ вороново деревня бабенки земельный участок 46,"город Москва, вн. тер. г. муниципальный округ Вороново, деревня Бабенки, земельный участок 46",1,oks,Строится,ИНДИВИДУАЛЬНЫЕ ПРЕДПРИНИМАТЕЛИ,ТАО,Вороново,55.323827,37.3468956,district_centroid,approximate,True
город москва вн. тер. г. муниципальный округ коммунарка квартал 19 земельный участок 2,"город Москва, вн. тер. г. муниципальный округ Коммунарка, квартал 19, земельный участок 2",1,oks,Строится,А101,НАО,Коммунарка,55.581794,37.448441,district_centroid,approximate,True
город москва вн. тер. г. муниципальный округ крюково город зеленоград,"город Москва, вн. тер. г. муниципальный округ Крюково, город Зеленоград",1,oks,Строится,"ООО ""ПРОЕЗД 707""",ЗелАО,Крюково,55.9658925,37.173983,district_centroid,approximate,True
город москва вн. тер. г. муниципальный округ солнцево квартал 1 земельный участок 6,"город Москва, вн. тер. г. муниципальный округ Солнцево, квартал 1, земельный участок 6",1,oks,Строится,"ООО ""ОРБИТА""",ЗАО,Солнцево,55.6521865,37.40060335,district_centroid,approximate,True
город москва вн.тер.г. муниципальный округ коммунарка улица трехполье земельный участок 6,"город Москва, вн.тер.г. муниципальный округ Коммунарка, улица Трёхполье, земельный участок 6",2,oks; rv,Строится; Введено,ПИК,НАО,Коммунарка,55.6143085,37.4136095,geometry_permit,,True
город москва вн.тер.г. муниципальный округ красносельский проезд комсомольской площади земельный участок 5/3,"город Москва, вн.тер.г. муниципальный округ Красносельский, проезд Комсомольской Площади, земельный участок 5/3",1,oks,Строится,РЖД,ЦАО,Красносельский,55.7778643,37.6749192,district_centroid,approximate,True
город москва вн.тер.г. муниципальный округ левобережный шоссе ленинградское земельный участок 63а/3,"город Москва, вн.тер.г. муниципальный округ Левобережный, шоссе Ленинградское, земельный участок 63А/3",1,oks,Строится,"ООО ""СПЕЦИАЛИЗИРОВАННЫЙ ЗАСТРОЙЩИК ""СРП""",САО,Левобережный,55.8692475,37.4578945,district_centroid,approximate,True
город москва вн.тер.г. муниципальный округ филимонковский квартал 23 земельный участок 5,"город Москва, вн.тер.г. муниципальный округ Филимонковский, квартал 23, земельный участок 5",1,oks,Строится,ПИК,НАО,Филимонковский,55.5500805,37.314627,district_centroid,approximate,True
город москва внутригородская территория муниципальный округ орехово-борисово южное ясеневая ул дом 12 строение 4,"город Москва, внутригородская территория муниципальный округ Орехово-Борисово Южное, Ясеневая ул. , дом 12, строение 4",1,rv,Введено,ПИК,ЮАО,Орехово-Борисово Южное,55.6135333,37.7444387,manual_exact,exact,True
город москва внутригородская территория муниципальный округ пресненский 2-я брестская улица дом 19/18 строение 2 ул 2-я брестская д 19/18 строение 4,"город Москва, внутригородская территория муниципальный округ Пресненский, 2-я Брестская улица, дом 19/18, строение 2, ул. 2-я Брестская д. 19/18, строение 4",1,rv,Введено,МИНОБРНАУКИ РОССИИ,ЦАО,Пресненский,55.7580051,37.5654894,manual_exact,exact,True
город москва внутригородская территория муниципальный округ раменки мичуринский проспект дом 56 строение 1 строение 2 строение 3 строение 4,"город Москва, внутригородская территория муниципальный округ Раменки, Мичуринский проспект, дом 56, строение 1; строение 2; строение 3; строение 4",1,rv,Введено,CAPITAL GROUP,ЗАО,Раменки,55.7010074,37.5041069,manual_exact,exact,True
город москва внутригородская территория муниципальный округ тверской 2-я брестская ул д 48,"город Москва, внутригородская территория, муниципальный округ Тверской, 2-я Брестская ул., д. 48",1,rv,Введено,"ООО ""ТРИУМВИРАТ I"" С.А Р.Л",ЦАО,Тверской,55.7787255,37.5996357,manual_exact,exact,True
город москва внутригородская территория поселение сосенское квартал № 28 дом 1 корпус 4,"город Москва, внутригородская территория поселение Сосенское, квартал № 28, дом 1, корпус 4",1,rv,Введено,ПИК,НАО,Сосенское,55.581794,37.417744,manual_exact,exact,True
город москва город троицк улица новостройка дом 32,"Город Москва, Город Троицк, Улица Новостройка Дом 32",1,oks,Строится,"ООО ""АРХПРОЕКТ""",ТАО,Троицк,55.5274153,37.2817736,district_centroid,approximate,True
город москва муниципальный округ краснопахорский,"город Москва, муниципальный округ Краснопахорский",5,oks,Строится,"ООО ""ЮНИКЕН""",ТАО,Краснопахорский,55.3943301,37.0617999,district_centroid,approximate,True
город москва поселение роговское пос рогово,"город Москва, поселение Роговское, пос. Рогово",1,oks,Строится,МЕСТНАЯ РЕЛИГИОЗНАЯ ОРГАНИЗАЦИЯ ПРАВОСЛАВНЫЙ ПРИХОД ХРАМА РОЖДЕСТВА ХРИСТОВА В РОЖДЕСТВЕННО ГОР. МОСКВЫ МОСКОВСКОЙ ЕПАРХИИ РУССКОЙ ПРАВОСЛАВНОЙ ЦЕРКВИ (МОСКОВСКИЙ ПАТРИАРХАТ),ТАО,Коммунарка,55.581794,37.448441,district_centroid,approximate,True
город москва юао район даниловский улица ленинская слобода д 5 корп3,"город Москва, ЮАО, район Даниловский, улица Ленинская слобода, д. 5 корп.3",1,rv,Введено,"АО ""УКС ИКС И Д""",ЮАО,Даниловский,55.711814,37.6597584,manual_exact,exact,True
город московский 1-й микрорайон дом 158,"город Московский, 1-й микрорайон, дом 158",1,rv,Введено,"ООО ""ТРИ КИТА""",НАО,Московский,55.613434,37.415014,manual_exact,exact,True
город троицк улица рождественская зу 31 зу 33,"Город Троицк, улица Рождественская, з/у 31, з/у 33",1,oks,Строится,OCTOBER GROUP,ТАО,Троицк,55.5274153,37.2817736,district_centroid,approximate,True
город троицк улица рождественская зу 34 зу 36 зу 38,"Город Троицк, улица Рождественская, з/у 34, з/у 36, з/у 38",1,oks,Строится,OCTOBER GROUP,ТАО,Троицк,55.5274153,37.2817736,district_centroid,approximate,True
город троицк улица текстильщиков дом 3 корпус 1,"Город Троицк, Улица Текстильщиков Дом 3 Корпус 1",1,rv,Введено,МОСКОВСКИЙ ФОНД ЗАЩИТЫ ПРАВ ДОЛЬЩИКОВ,ТАО,Троицк,55.5274153,37.2817736,manual_exact,exact,True
город троицк улица текстильщиков дом 3 корпус 2,"Город Троицк, Улица Текстильщиков Дом 3 Корпус 2",1,rv,Введено,МОСКОВСКИЙ ФОНД ЗАЩИТЫ ПРАВ ДОЛЬЩИКОВ,ТАО,Троицк,55.5274153,37.2817736,manual_exact,exact,True
город щербинка ул овражная - ул заводская,"ГОРОД ЩЕРБИНКА, УЛ. ОВРАЖНАЯ - УЛ. ЗАВОДСКАЯ",1,rv,Введено,БРОД-ЭСТЕЙТ,НАО,Щербинка,55.49523050000001,37.518144,manual_exact,exact,True
город щербинка улица 40 лет октября земельный участок 12,"город Щербинка, улица 40 лет Октября, земельный участок 12",2,oks,Строится,ФОНД РЕНОВАЦИИ,НАО,Щербинка,55.49523050000001,37.518144,district_centroid,approximate,True
госпитальная наб. 4 с. 1а,"Госпитальная наб., 4, с. 1А",1,rv,Введено,АНО РСИО,ЦАО,Басманный,55.7672809,37.6697732,manual_exact,exact,True
госпитальная наб. 4с1а,"Госпитальная наб., 4с1А",3,rv,Введено,АНО РСИО,ЦАО,Басманный,55.772814,37.6989806,nominatim,dormitory,True
госпитальная наб. 4с1а (центральный кластер (участок 1.3),"Госпитальная наб., 4с1А"" (Центральный кластер (Участок 1.3)",1,rv,Введено,АНО РСИО,ЦАО,Басманный,55.7672809,37.6697732,manual_exact,exact,True
гостиничный пр вл 8а,Гостиничный пр. вл. 8А,1,rv,Введено,ФОНД РЕНОВАЦИИ,СВАО,Марфино,55.8397266,37.5802485,nominatim,tertiary,True
грайвороново квартал 90а зу 1,"Грайвороново, квартал 90А, з/у 1",1,rv,Введено,ФОНД РЕНОВАЦИИ,ЮВАО,Текстильщики,55.719618,37.725135,manual_exact,exact,True
грайвороновский 1-й пр вл 3,Грайвороновский 1-й пр. вл. 3,4,rv,Введено,ПИК,ЮВАО,Текстильщики,55.719618,37.725135,manual_exact,exact,True
грайвороновский 2-й пр дом 44 а,"Грайвороновский 2-й пр., дом 44 А",1,rv,Введено,"ЗАО ""ВЕКТОРСТРОЙФИНАНС""",ЮВАО,Рязанский,55.722711,37.77755000000001,manual_exact,exact,True
грузинский вал ул вл 11,Грузинский вал ул. вл. 11,1,rv,Введено,"ООО ""ГРУЗИНСКИЙ ВАЛ""",ЦАО,Тверской,55.7749822,37.5825157,nominatim,secondary,True
губцево дер,Губцево дер.,1,oks,Строится,"ООО ""НАРА-РЕГИОН""",ТАО,Филимонковский,55.5500805,37.314627,district_centroid,approximate,True
гфз москва,гфз Москва,1,rv,Введено,РЖД,ЦАО,Замоскворечье,55.7402846,37.6328629,manual_exact,exact,True
гфз москва басманный р-н,"гфз Москва, Басманный р-н",1,rv,Введено,РЖД,ЦАО,Басманный,55.7672809,37.6697732,manual_exact,exact,True
гфз москва северный а.о.,"гфз Москва, Северный а.о.",6,oks,Строится,РЖД,САО,Ховрино,55.8643521,37.50288,district_centroid,approximate,True
д акиньшино земельный участок 47,"д. Акиньшино, земельный участок 47",1,oks,Строится,Манукян Артем Васильевич,НАО,Коммунарка,55.581794,37.448441,district_centroid,approximate,True
д алхимово,д. Алхимово,1,oks,Строится,"ПУБЛИЧНОЕ АКЦИОНЕРНОЕ ОБЩЕСТВО ""ГРУППА КОМПАНИЙ ""САМОЛЕТ""",НАО,Коммунарка,55.581794,37.448441,district_centroid,approximate,True
д андреевка мкр. 17 поз. 19,"д. Андреевка, мкр. 17, поз. 19",1,rv,Введено,ПИК,ЗелАО,Крюково,55.9658925,37.173983,manual_exact,exact,True
д б. покровское зу 20,"д. Б. Покровское, зу 20",1,oks,Строится,ИНДИВИДУАЛЬНЫЕ ПРЕДПРИНИМАТЕЛИ,НАО,Внуково,55.58975,37.26383705,district_centroid,approximate,True
д большое покровское,д. Большое Покровское,6,oks; rv,Строится; Введено,"ИНДИВИДУАЛЬНЫЕ ПРЕДПРИНИМАТЕЛИ; ООО ""ТЕХНОРУСРЕСУРС""; ООО ""СФЕРА ТЕХНОЛОГИЙ""",ТАО,Троицк,55.5274153,37.2817736,district_centroid,approximate,True
д большое покровское (нао марушкинское),д. Большое Покровское (НАО Марушкинское),1,oks,Строится,ИНДИВИДУАЛЬНЫЕ ПРЕДПРИНИМАТЕЛИ,НАО,Внуково,55.58975,37.26383705,district_centroid,approximate,True
д большое покровское земельный участок 21,"д. Большое Покровское, земельный участок 21",5,rv,Введено,ИНДИВИДУАЛЬНЫЕ ПРЕДПРИНИМАТЕЛИ,НАО,Внуково,55.58975,37.26383705,manual_exact,exact,True
д большое покровское зу 16,"д. Большое Покровское, з/у 16",1,oks,Строится,"ООО ""АКТУАЛЬНЫЙ РЕСУРС""",НАО,Коммунарка,55.581794,37.448441,district_centroid,approximate,True
д большое свинорье ш боровское 62 к2,"д Большое Свинорье, ш Боровское 62, К2",1,rv,Введено,САМОЛЕТ,НАО,Внуково,55.58975,37.26383705,manual_exact,exact,True
д ватутинки,д. Ватутинки,1,rv,Введено,"АНО ""РСИ""",НАО,Троицк,55.4884335,37.339371,geometry_address,,True
д ватутинки пос десеновское,"д. Ватутинки, пос. Десёновское",1,rv,Введено,"АНО ""РСИ""",НАО,Коммунарка,55.4884335,37.339371,geometry_permit,,True
д голохвастово уч 2,"д. Голохвастово, уч. 2",2,rv,Введено,МОСГАЗ,ТАО,Вороново,55.323827,37.3468956,manual_exact,exact,True
д горчаково ул школьная вл 5,"д. Горчаково ул. Школьная, вл. 5",1,rv,Введено,"ООО ""СТРОИТЕЛЬНАЯ КОМПАНИЯ ВЕЛЕСЪ""",ТАО,Первомайское,55.522078,37.2128965,geometry_permit,,True
д девятское кв. 118 зу вл 1 ул солнечная д 18/9,"д. Девятское, кв. 118, з/у вл. 1, ул. Солнечная, д. 18/9",1,oks,Строится,"ПУБЛИЧНОЕ АКЦИОНЕРНОЕ ОБЩЕСТВО ""ГРУППА КОМПАНИЙ ""САМОЛЕТ""",НАО,Коммунарка,55.581794,37.448441,district_centroid,approximate,True
д десна,д. Десна,1,rv,Введено,ДЕСНА-ЛЭНД,НАО,Троицк,55.5070461,37.283746,nominatim,river,True
д захарково,д. Захарково,1,rv,Введено,"АО ""РУБЛЕВО-АРХАНГЕЛЬСКОЕ""",ЗАО,Кунцево,55.7776093,37.3197851,nominatim,bus_stop,True
д захарково квартал в21 корпуса 1 2 3,"д Захарково квартал В21, корпуса 1, 2, 3",1,oks,Строится,"АО ""РУБЛЕВО-АРХАНГЕЛЬСКОЕ""",ЗАО,Кунцево,55.74346005,37.39999495,district_centroid,approximate,True
д зверево уч 100,"д. Зверево, уч. 100",2,rv,Введено,"ООО ""АПРЕЛЕВКА С2""",ТАО,Новофедоровское,55.5099302,36.9243965,nominatim,residential,True
д зверево уч 100 д 187,"Д. ЗВЕРЕВО, УЧ. 100, Д. 187",1,rv,Введено,"ООО ""АПРЕЛЕВКА С2""",ТАО,Новофедоровское,55.5099302,36.9243965,manual_exact,exact,True
д зверево уч 101,"д. Зверево, у. 101",72,oks; rv,Строится; Введено,"ООО ""АПРЕЛЕВКА С2""",ТАО,Бекасово,55.50185,36.9304823,nominatim,village:fallback,True
д зверево уч 101 д 25,"д. Зверево, уч. 101, д. 25",1,rv,Введено,"ООО ""АПРЕЛЕВКА С2""",ТАО,Новофёдоровское,55.50185,36.9304823,manual_exact,exact,True
д зверево уч 101 д5,"д. Зверево, уч. 101, д.5",1,rv,Введено,"ООО ""АПРЕЛЕВКА С2""",ТАО,Новофёдоровское,55.50185,36.9304823,manual_exact,exact,True
д зверево уч 101 корпус 2,"д. Зверево, уч. 101 корпус 2",1,rv,Введено,"ООО ""АПРЕЛЕВКА С2""",ТАО,Троицк,55.5274153,37.2817736,manual_exact,exact,True
д зверево уч 101 корпус 40,"д. Зверево, уч. 101 корпус 40",1,rv,Введено,"ООО ""АПРЕЛЕВКА С2""",НАО,Бекасово,55.50185,36.9304823,manual_exact,exact,True
д зверево уч 102,"д. Зверево, уч. 102",1,oks,Строится,"ООО ""АПРЕЛЕВКА С2""",ТАО,Бекасово,55.50185,36.9304823,district_centroid,approximate,True
д зверево уч 103,"д. Зверево, уч. 103",1,oks,Строится,"ООО ""АПРЕЛЕВКА С2""",ТАО,Бекасово,55.50185,36.9304823,district_centroid,approximate,True
д зверево уч 104,"д. Зверево, уч. 104",1,oks,Строится,"ООО ""АПРЕЛЕВКА С2""",ТАО,Бекасово,55.50185,36.9304823,district_centroid,approximate,True
д зверево уч 105,"д. Зверево, уч. 105",1,oks,Строится,"ООО ""АПРЕЛЕВКА С2""",ТАО,Бекасово,55.50185,36.9304823,district_centroid,approximate,True
д зверево уч 106,"д. Зверево, уч. 106",1,oks,Строится,"ООО ""АПРЕЛЕВКА С2""",ТАО,Бекасово,55.50185,36.9304823,district_centroid,approximate,True
д зверево уч 107,"д. Зверево, уч. 107",1,oks,Строится,"ООО ""АПРЕЛЕВКА С2""",ТАО,Бекасово,55.50185,36.9304823,district_centroid,approximate,True
д зверево уч 108,"д. Зверево, уч. 108",1,oks,Строится,"ООО ""АПРЕЛЕВКА С2""",ТАО,Бекасово,55.50185,36.9304823,district_centroid,approximate,True
д зверево уч 109,"д. Зверево, уч. 109",1,oks,Строится,"ООО ""АПРЕЛЕВКА С2""",ТАО,Бекасово,55.50185,36.9304823,district_centroid,approximate,True
д зверево уч 110,"д. Зверево, уч. 110",1,oks,Строится,"ООО ""АПРЕЛЕВКА С2""",ТАО,Бекасово,55.50185,36.9304823,district_centroid,approximate,True
д зверево уч 111,"д. Зверево, уч. 111",1,oks,Строится,"ООО ""АПРЕЛЕВКА С2""",ТАО,Бекасово,55.50185,36.9304823,district_centroid,approximate,True
д зверево уч 112,"д. Зверево, уч. 112",1,oks,Строится,"ООО ""АПРЕЛЕВКА С2""",ТАО,Бекасово,55.50185,36.9304823,district_centroid,approximate,True
д зверево уч 113,"д. Зверево, уч. 113",1,oks,Строится,"ООО ""АПРЕЛЕВКА С2""",ТАО,Бекасово,55.50185,36.9304823,district_centroid,approximate,True
д зверево уч 114,"д. Зверево, уч. 114",1,oks,Строится,"ООО ""АПРЕЛЕВКА С2""",ТАО,Бекасово,55.50185,36.9304823,district_centroid,approximate,True
д зверево уч 115,"д. Зверево, уч. 115",1,oks,Строится,"ООО ""АПРЕЛЕВКА С2""",ТАО,Бекасово,55.50185,36.9304823,district_centroid,approximate,True
д зверево уч 116,"д. Зверево, уч. 116",1,oks,Строится,"ООО ""АПРЕЛЕВКА С2""",ТАО,Бекасово,55.50185,36.9304823,district_centroid,approximate,True
д зверево уч 117,"д. Зверево, уч. 117",1,oks,Строится,"ООО ""АПРЕЛЕВКА С2""",ТАО,Бекасово,55.50185,36.9304823,district_centroid,approximate,True
д зверево уч 118,"д. Зверево, уч. 118",1,oks,Строится,"ООО ""АПРЕЛЕВКА С2""",ТАО,Бекасово,55.50185,36.9304823,district_centroid,approximate,True
д зверево уч 119,"д. Зверево, уч. 119",1,oks,Строится,"ООО ""АПРЕЛЕВКА С2""",ТАО,Бекасово,55.50185,36.9304823,district_centroid,approximate,True
д зверево уч 120,"д. Зверево, уч. 120",1,oks,Строится,"ООО ""АПРЕЛЕВКА С2""",ТАО,Бекасово,55.50185,36.9304823,district_centroid,approximate,True
д зверево уч 121,"д. Зверево, уч. 121",1,oks,Строится,"ООО ""АПРЕЛЕВКА С2""",ТАО,Бекасово,55.50185,36.9304823,district_centroid,approximate,True
д зверево уч 122,"д. Зверево, уч. 122",1,oks,Строится,"ООО ""АПРЕЛЕВКА С2""",ТАО,Бекасово,55.50185,36.9304823,district_centroid,approximate,True
д зверево уч 123,"д. Зверево, уч. 123",1,oks,Строится,"ООО ""АПРЕЛЕВКА С2""",ТАО,Бекасово,55.50185,36.9304823,district_centroid,approximate,True
д зверево уч 124,"д. Зверево, уч. 124",1,oks,Строится,"ООО ""АПРЕЛЕВКА С2""",ТАО,Бекасово,55.50185,36.9304823,district_centroid,approximate,True
д зверево уч 125,"д. Зверево, уч. 125",1,oks,Строится,"ООО ""АПРЕЛЕВКА С2""",ТАО,Бекасово,55.50185,36.9304823,district_centroid,approximate,True
д зверево уч 126,"д. Зверево, уч. 126",1,oks,Строится,"ООО ""АПРЕЛЕВКА С2""",ТАО,Бекасово,55.50185,36.9304823,district_centroid,approximate,True
д зверево уч 127,"д. Зверево, уч. 127",1,oks,Строится,"ООО ""АПРЕЛЕВКА С2""",ТАО,Бекасово,55.50185,36.9304823,district_centroid,approximate,True
д зверево уч 128,"д. Зверево, уч. 128",1,oks,Строится,"ООО ""АПРЕЛЕВКА С2""",ТАО,Бекасово,55.50185,36.9304823,district_centroid,approximate,True
д зверево уч 129,"д. Зверево, уч. 129",1,oks,Строится,"ООО ""АПРЕЛЕВКА С2""",ТАО,Бекасово,55.50185,36.9304823,district_centroid,approximate,True
д зверево уч 130,"д. Зверево, уч. 130",1,oks,Строится,"ООО ""АПРЕЛЕВКА С2""",ТАО,Бекасово,55.50185,36.9304823,district_centroid,approximate,True
д зверево уч 131,"д. Зверево, уч. 131",1,oks,Строится,"ООО ""АПРЕЛЕВКА С2""",ТАО,Бекасово,55.50185,36.9304823,district_centroid,approximate,True
д зверево уч 132,"д. Зверево, уч. 132",1,oks,Строится,"ООО ""АПРЕЛЕВКА С2""",ТАО,Бекасово,55.50185,36.9304823,district_centroid,approximate,True
д зверево уч 133,"д. Зверево, уч. 133",1,oks,Строится,"ООО ""АПРЕЛЕВКА С2""",ТАО,Бекасово,55.50185,36.9304823,district_centroid,approximate,True
д зверево уч 134,"д. Зверево, уч. 134",1,oks,Строится,"ООО ""АПРЕЛЕВКА С2""",ТАО,Бекасово,55.50185,36.9304823,district_centroid,approximate,True
д ивановское ул семена гордого д 4,"д. Ивановское, ул. Семёна Гордого, д. 4",1,rv,Введено,НЕБОСКРЕБ ГБ,ТАО,Первомайское,55.522078,37.2128965,manual_exact,exact,True
д изварино,"д, Изварино",1,oks,Строится,"ООО ""ГК ТИНГЕР""",НАО,Внуково,55.58975,37.26383705,manual_exact,exact,True
д картмазово,д. Картмазово,2,oks,Строится,"ООО ТК ""РУСЛАН-1""",НАО,Коммунарка,55.6148816,37.3912731,nominatim,memorial,True
д картмазово уч 16/1,"д. Картмазово, уч. 16/1",8,oks,Строится,SMINEX (ранее INGRAD),НАО,Коммунарка,55.581794,37.448441,district_centroid,approximate,True
д колотилово д1,"д. Колотилово, д.1",5,oks,Строится,ИНДИВИДУАЛЬНЫЕ ПРЕДПРИНИМАТЕЛИ,ТАО,Краснопахорский,55.3943301,37.0617999,district_centroid,approximate,True
д крекшино кад. номер 50:26:0170103:133,"д. Крекшино, кад. номер 50:26:0170103:133",1,rv,Введено,"ООО ""ИНВЕСТ ДЕВЕЛОПМЕНТ""",НАО,Внуково,55.58975,37.26383705,manual_exact,exact,True
д лапшинка владение 9,д. Лапшинка владение 9,1,oks,Строится,Селимова Камилла Мартдыковна,НАО,Коммунарка,55.581794,37.448441,district_centroid,approximate,True
д львово,д. Львово,1,oks,Строится,"ООО ""БАЗА УПТК""",ТАО,Вороново,55.323827,37.3468956,manual_exact,exact,True
д мамыри,д. Мамыри,2,oks; rv,Строится; Введено,"ООО ""КОМПАНИЯ ССА""",НАО,Коммунарка,55.557247,37.0489592,nominatim,allotments,True
д марьино,д. Марьино,6,rv,Введено,"ООО ""МАРЬИНОСТРОЙ""",НАО,Филимонковское,55.6500158,37.7431467,nominatim,station,True
д марьино жемчужная ул д 1 к 5 д 1 к 6 д 1 к 7,"д. Марьино, Жемчужная ул., д. 1, к. 5; д. 1, к. 6; д. 1, к. 7",3,rv,Введено,"ООО ""МАРЬИНОСТРОЙ""",НАО,Филимонковское,55.5465808,37.3050386,manual_exact,exact,True
д марьино зу 1б,"д. Марьино, з/у 1Б",1,rv,Введено,ИНДИВИДУАЛЬНЫЕ ПРЕДПРИНИМАТЕЛИ,НАО,Филимонковский,55.5500805,37.314627,manual_exact,exact,True
д милорадово д 36а,"д. Милорадово, д. 36А",1,oks,Строится,"ООО ""МП ИНТЕПРО""",НАО,Коммунарка,55.581794,37.448441,district_centroid,approximate,True
д николо-хованское,д. Николо-Хованское,2,oks; rv,Строится; Введено,ИНДИВИДУАЛЬНЫЕ ПРЕДПРИНИМАТЕЛИ,НАО,Коммунарка,55.581794,37.448441,district_centroid,approximate,True
д николо-хованское д 1008 стр 1,"д. Николо-Хованское, д. 1008 стр. 1",1,rv,Введено,"ООО ""ГРАНАТ""",НАО,Сосенское,55.581794,37.417744,manual_exact,exact,True
д николо-хованское д 1031 стр 1,"д. Николо-Хованское, д. 1031, стр. 1",1,rv,Введено,ИНДИВИДУАЛЬНЫЕ ПРЕДПРИНИМАТЕЛИ,НАО,Внуково,55.58975,37.26383705,manual_exact,exact,True
д николо-хованское зу 1029,"д Николо-Хованское, з/у 1029",1,rv,Введено,"ООО ""СФЕРА ВИН""",НАО,Коммунарка,55.581794,37.448441,manual_exact,exact,True
д николо-хованское уч 5-3 (ппт 1-4),"д. Николо-Хованское, уч. 5-3 (ППТ 1-4)",4,rv,Введено,А101,НАО,Коммунарка,55.581794,37.448441,manual_exact,exact,True
д николо-хованское уч 9/1-1в,"д. Николо-Хованское, уч. 9/1-1в",1,oks,Строится,"ООО ""ТЕХНОРЕММАШ""",НАО,Коммунарка,55.581794,37.448441,district_centroid,approximate,True
д постниково квартал 33 земельный участок 3,"д. Постниково, квартал 33, земельный участок 3",1,oks,Строится,А101,НАО,Внуково,55.58975,37.26383705,district_centroid,approximate,True
д постниково поселение марушкинское,"д. Постниково, поселение Марушкинское",2,oks,Строится,А101,НАО,Внуково,55.58975,37.26383705,district_centroid,approximate,True
д раево,д. Раево,3,oks,Строится,МОСКОВСКИЙ ФОНД ЗАЩИТЫ ПРАВ ДОЛЬЩИКОВ,ТАО,Краснопахорский,55.6586606,36.8884513,nominatim,hamlet,True
д рассказовка,д. Рассказовка,2,rv,Введено,SEZAR GROUP,НАО,Внуково,55.628026,37.339003000000005,geometry_permit,,True
д рассказовка 18 квартал,"д. Рассказовка, 18 квартал",2,oks,Строится,АБСОЛЮТ,НАО,Внуково,55.58975,37.26383705,district_centroid,approximate,True
д рассказовка вл 204,"д. Рассказовка, вл. 204",1,oks,Строится,САМОЛЕТ,НАО,Внуково,55.58975,37.26383705,district_centroid,approximate,True
д рассказовка тер. тпу рассказовка зу 13/1а,"д. Рассказовка, тер. ТПУ ""Рассказовка"", з/у 13/1А",1,rv,Введено,ТПУ РАССКАЗОВКА,НАО,Внуково,55.58975,37.26383705,manual_exact,exact,True
д рассказовка уч 13/2,"д Рассказовка, уч. 13/2",1,rv,Введено,АБСОЛЮТ,НАО,Внуковское,55.63048275,37.33501749999999,manual_exact,exact,True
д рассказовка уч № 13/2 10-й квартал,"д. Рассказовка, уч. № 13/2, 10-й квартал",1,oks,Строится,АБСОЛЮТ,НАО,Внуково,55.639424500000004,37.3141015,geometry,,True
д рассказовка уч № 13/2. кварталы 9 10 14 15 16,"д. Рассказовка, уч. № 13/2. Кварталы 9,10,14,15,16",1,rv,Введено,АБСОЛЮТ,НАО,Внуково,55.58975,37.26383705,manual_exact,exact,True
д рассказовка уч № 13/4,"д. Рассказовка, уч. № 13/4",1,oks,Строится,АБСОЛЮТ,НАО,Внуково,55.58975,37.26383705,district_centroid,approximate,True
д рассудово ул зеленая влд. 1а,"д. Рассудово, ул. Зелёная, влд. 1А",1,rv,Введено,ТОРГОВО-ПРОМЫШЛЕННАЯ ПАЛАТА РОССИЙСКОЙ ФЕДЕРАЦИИ,ТАО,Бекасово,55.50185,36.9304823,manual_exact,exact,True
д рогозинино ул луговая,"д. Рогозинино, ул. Луговая",6,oks,Строится,"ООО ""СЗ ""КАНТРИ КЛАБ""",ТАО,Филимонковский,55.5500805,37.314627,district_centroid,approximate,True
д румянцево,д. Румянцево,2,oks,Строится,"ООО ""РАССВЕТ""; ООО ""УМКА""",ЗАО,Ново-Переделкино,55.6357633,37.4183662,nominatim,memorial,True
д саларьево,д Саларьево,2,oks; rv,Строится; Введено,ПИК,НАО,Коммунарка,55.613434,37.415014,geometry_address,,True
д сатино-татарское,д. Сатино-Татарское,1,oks,Строится,"ООО ""ШСК""",ТАО,Краснопахорский,55.3943301,37.0617999,district_centroid,approximate,True
д софьино квартал 171 вл 10,"д. Софьино, квартал 171, вл. 10",1,oks,Строится,ИНДИВИДУАЛЬНЫЕ ПРЕДПРИНИМАТЕЛИ,ТАО,Коммунарка,55.581794,37.448441,district_centroid,approximate,True
д староселье,д. Староселье,1,oks,Строится,САМОЛЕТ,НАО,Филимонковский,55.5500805,37.314627,district_centroid,approximate,True
д староселье квартал 65 зу 3,"д. Староселье, квартал 65, з/у 3",1,oks,Строится,САМОЛЕТ,НАО,Коммунарка,55.581794,37.448441,district_centroid,approximate,True
д столбово,д. Столбово,15,oks; rv,Строится; Введено,"САМОЛЕТ; СТРОЙКОМ; А101; ПУБЛИЧНОЕ АКЦИОНЕРНОЕ ОБЩЕСТВО ""ПИК-СПЕЦИАЛИЗИРОВАННЫЙ ЗАСТРОЙЩИК""",НАО,Коммунарка,55.5619599,37.4702483,nominatim,hamlet:fallback,True
д столбово зу 1/1,"д. Столбово, з/у 1/1",2,rv,Введено,"ПУБЛИЧНОЕ АКЦИОНЕРНОЕ ОБЩЕСТВО ""ПИК-СПЕЦИАЛИЗИРОВАННЫЙ ЗАСТРОЙЩИК""",НАО,Сосенское,55.581794,37.417744,manual_exact,exact,True
д столбово зу 1/1 к 2.2/1,"д. Столбово, з/у 1/1, к. 2.2/1",1,rv,Введено,"ПУБЛИЧНОЕ АКЦИОНЕРНОЕ ОБЩЕСТВО ""ПИК-СПЕЦИАЛИЗИРОВАННЫЙ ЗАСТРОЙЩИК""",НАО,Сосенское,55.581794,37.417744,manual_exact,exact,True
д столбово зу 1/1 к 2.2/2,"д. Столбово, з/у 1/1, к. 2.2/2",1,rv,Введено,"ПУБЛИЧНОЕ АКЦИОНЕРНОЕ ОБЩЕСТВО ""ПИК-СПЕЦИАЛИЗИРОВАННЫЙ ЗАСТРОЙЩИК""",НАО,Сосенское,55.581794,37.417744,manual_exact,exact,True
д столбово зу 41/1г,"д. Столбово, з/у 41/1Г",3,oks; rv,Строится; Введено,А101,НАО,Коммунарка,55.581794,37.448441,district_centroid,approximate,True
д столбово корп 10-11,"д. Столбово, корп. 10-11",1,rv,Введено,САМОЛЕТ,НАО,Коммунарка,55.581794,37.448441,manual_exact,exact,True
д столбово корпус 2.9,д. Столбово корпус 2.9,1,rv,Введено,"ПУБЛИЧНОЕ АКЦИОНЕРНОЕ ОБЩЕСТВО ""ПИК-СПЕЦИАЛИЗИРОВАННЫЙ ЗАСТРОЙЩИК""",НАО,Коммунарка,55.581794,37.448441,manual_exact,exact,True
д столбово нао сосенское,"д. Столбово, НАО, Сосенское",1,oks,Строится,ИНДИВИДУАЛЬНЫЕ ПРЕДПРИНИМАТЕЛИ,НАО,Коммунарка,55.581794,37.448441,district_centroid,approximate,True
д столбово уч 40/1,"д. Столбово, уч.40/1",5,oks; rv,Строится; Введено,САМОЛЕТ,НАО,Коммунарка,55.581794,37.448441,district_centroid,approximate,True
д шарапово ул придорожная стр 1,"д. Шарапово, ул. Придорожная, стр. 1",1,rv,Введено,"ООО ""КАИФ""",НАО,Внуково,55.58975,37.26383705,manual_exact,exact,True
д язово,д. Язово,1,rv,Введено,МД ГРУПП,НАО,Воскресенское,55.5268,37.4425805,manual_exact,exact,True
давыдковская ул д 12,"Давыдковская ул., д. 12",1,rv,Введено,КП УГС,ЗАО,Фили-Давыдково,55.7212366,37.4706335,nominatim,tertiary,True
давыдковская улица влд. 16,"Давыдковская улица, влд. 16",1,oks,Строится,ФОНД РЕНОВАЦИИ,ЗАО,Фили-Давыдково,55.7212366,37.4622918,district_centroid,approximate,True
даев пер д19,"ДАЕВ ПЕР., Д.19",1,rv,Введено,ЭТАЛОН,ЦАО,Красносельский,55.7778643,37.6749192,manual_exact,exact,True
даниловская наб. вл 8,"Даниловская наб., вл. 8",1,oks,Строится,ФОНД РЕНОВАЦИИ,ЮАО,Даниловский,55.7087579,37.6337043,nominatim,secondary,True
дегунинская ул вл 5а,Дегунинская ул. вл. 5А,4,rv,Введено,UPSIDE DEVELOPMENT,САО,Западное Дегунино,55.8692469,37.5304893,nominatim,residential,True
дер батыбино зу 38а,"дер. Батыбино, з/у 38А",1,oks,Строится,ИНДИВИДУАЛЬНЫЕ ПРЕДПРИНИМАТЕЛИ,ТАО,Краснопахорский,55.3943301,37.0617999,district_centroid,approximate,True
дер большое покровское земельный участок 18,"дер. Большое Покровское, земельный участок 18",1,oks,Строится,ИНДИВИДУАЛЬНЫЕ ПРЕДПРИНИМАТЕЛИ,НАО,Внуково,55.58975,37.26383705,district_centroid,approximate,True
дер большое покровское зу 24,дер. Большое Покровское з/у 24,1,oks,Строится,ИНДИВИДУАЛЬНЫЕ ПРЕДПРИНИМАТЕЛИ,НАО,Коммунарка,55.581794,37.448441,district_centroid,approximate,True
дер дудкино,дер. Дудкино,7,oks; rv,Строится; Введено,САМОЛЕТ,НАО,Коммунарка,55.581794,37.448441,district_centroid,approximate,True
дер дудкино зона 24.1,"дер. Дудкино, зона 24.1",1,oks,Строится,САМОЛЕТ,НАО,Коммунарка,55.581794,37.448441,district_centroid,approximate,True
дер зверево уч 101 №174 секция 1,"дер. Зверево, уч. 101, №174 секция 1",1,rv,Введено,"ООО ""АПРЕЛЕВКА С2""",ТАО,Новофедоровское,55.5099302,36.9243965,manual_exact,exact,True
дер зверево уч 101 №174 секция 2,"дер. Зверево, уч. 101, №174 секция 2",1,rv,Введено,"ООО ""АПРЕЛЕВКА С2""",ТАО,Новофедоровское,55.5099302,36.9243965,manual_exact,exact,True
дер зверево уч 101 №24,"дер. Зверево, уч. 101, №24",1,rv,Введено,"ООО ""АПРЕЛЕВКА С2""",ТАО,Новофедоровское,55.5099302,36.9243965,manual_exact,exact,True
дер зверево уч 101 №25,"дер. Зверево, уч. 101, №25",1,rv,Введено,"ООО ""АПРЕЛЕВКА С2""",ТАО,Новофедоровское,55.5099302,36.9243965,manual_exact,exact,True
дер зверево уч 101 №31,"дер. Зверево, уч. 101, №31",1,rv,Введено,"ООО ""АПРЕЛЕВКА С2""",ТАО,Новофедоровское,55.5099302,36.9243965,manual_exact,exact,True
дер зверево уч 101 №32,"дер. Зверево, уч. 101, №32",1,rv,Введено,"ООО ""АПРЕЛЕВКА С2""",ТАО,Новофедоровское,55.5099302,36.9243965,manual_exact,exact,True
дер зверево уч 101 №33,"дер. Зверево, уч. 101, №33",1,rv,Введено,"ООО ""АПРЕЛЕВКА С2""",ТАО,Новофедоровское,55.5099302,36.9243965,manual_exact,exact,True
дер ивановское уч 66 64,"дер. Ивановское, уч. 66, 64",1,oks,Строится,ЕДИНАЯ ЕВРОПА,ТАО,Филимонковский,55.5500805,37.314627,district_centroid,approximate,True
дер изварино,дер. Изварино,1,rv,Введено,ИНДИВИДУАЛЬНЫЕ ПРЕДПРИНИМАТЕЛИ,НАО,Внуково,55.58975,37.26383705,manual_exact,exact,True
дер каменка уч 51,"дер. Каменка, уч. 51",29,rv,Введено,"ООО ""АТЛАНТ""",ТАО,Троицк,55.9669325,37.1592379,nominatim,neighbourhood,True
дер картмазово уч 16/1,"дер. Картмазово, уч. 16/1",2,oks,Строится,SMINEX (ранее INGRAD),НАО,Коммунарка,55.581794,37.448441,district_centroid,approximate,True
дер львово,дер. Львово,1,rv,Введено,"АО ""МАНП""",ТАО,Вороново,55.323827,37.3468956,manual_exact,exact,True
дер марушкино (площадка №1),дер. Марушкино (площадка №1),1,oks,Строится,УК АТЛАНТ,НАО,Внуково,55.58975,37.26383705,district_centroid,approximate,True
дер марушкино д 1 2 3 4,"дер. Марушкино, д. 1, 2, 3, 4",4,rv,Введено,"АО ""МОСОТДЕЛСТРОЙ № 1""",НАО,Внуково,55.58975,37.26383705,manual_exact,exact,True
дер марушкино ул привольная вл8,"дер Марушкино, ул. Привольная, вл.8",1,oks,Строится,ПРАВОСЛАВИЕ,НАО,Внуково,55.58975,37.26383705,district_centroid,approximate,True
дер николо-хованское,дер. Николо-Хованское,2,oks; rv,Строится; Введено,ПИК; А101,НАО,Коммунарка,55.581794,37.448441,district_centroid,approximate,True
дер николо-хованское д 1031 стр 1,"дер. Николо-Хованское, д. 1031, стр. 1",1,rv,Введено,ИНДИВИДУАЛЬНЫЕ ПРЕДПРИНИМАТЕЛИ,НАО,Коммунарка,55.581794,37.448441,manual_exact,exact,True
дер николо-хованское дом 14,"дер. Николо-Хованское, дом 14",1,rv,Введено,А101,НАО,Сосенское,55.581794,37.417744,manual_exact,exact,True
дер николо-хованское дом 9,"дер. Николо-Хованское, дом 9",1,rv,Введено,А101,НАО,Сосенское,55.581794,37.417744,manual_exact,exact,True
дер николо-хованское зу 1016,"дер. Николо-Хованское, з/у 1016",1,oks,Строится,ИНДИВИДУАЛЬНЫЕ ПРЕДПРИНИМАТЕЛИ,НАО,Коммунарка,55.581794,37.448441,district_centroid,approximate,True
дер николо-хованское уч 5-4.2 д8,"дер. Николо-Хованское, уч.5-4.2, д.8",1,rv,Введено,А101,НАО,Коммунарка,55.581794,37.448441,manual_exact,exact,True
дер николо-хованское уч 9/1-1,"дер. Николо-Хованское, уч. 9/1-1",1,rv,Введено,ИНДИВИДУАЛЬНЫЕ ПРЕДПРИНИМАТЕЛИ,НАО,Коммунарка,55.581794,37.448441,manual_exact,exact,True
дер никульское 43б,дер. Никульское 43Б,1,rv,Введено,ТОРГОВО-ПРОМЫШЛЕННАЯ ПАЛАТА РОССИЙСКОЙ ФЕДЕРАЦИИ,НАО,Коммунарка,55.581794,37.448441,manual_exact,exact,True
дер рассказовка,дер. Рассказовка,2,rv,Введено,АБСОЛЮТ; SEZAR GROUP,НАО,Внуково,55.626809,37.338855499999994,geometry_address_match,,True
дер рассказовка 15,"дер. Рассказовка, 15",1,rv,Введено,АБСОЛЮТ,НАО,Внуково,55.58975,37.26383705,manual_exact,exact,True
дер рассказовка квартал 18,"дер. Рассказовка, квартал 18",1,oks,Строится,АБСОЛЮТ,НАО,Внуково,55.58975,37.26383705,district_centroid,approximate,True
дер рассказовка уч 13/2,"дер. Рассказовка, уч. 13/2",2,rv,Введено,АБСОЛЮТ,НАО,Внуково,55.58975,37.26383705,manual_exact,exact,True
дер саларьево ул 2-я новая,"дер. Саларьево, ул. 2-я Новая",1,rv,Введено,ИНДИВИДУАЛЬНЫЕ ПРЕДПРИНИМАТЕЛИ,НАО,Коммунарка,55.581794,37.448441,manual_exact,exact,True
дер сенькино-секерино зу 136,"дер. Сенькино-Секерино, з/у 136",1,oks,Строится,ИНДИВИДУАЛЬНЫЕ ПРЕДПРИНИМАТЕЛИ,СЗАО,Куркино,55.8953035,37.384267,district_centroid,approximate,True
дер середнево оао марьинская птицефабрика вблизи д середнево,"дер. Середнево, ОАО «Марьинская птицефабрика», вблизи д. Середнево",1,rv,Введено,ПИК,НАО,Филимонковский,55.5500805,37.314627,manual_exact,exact,True
дер сосенки ул ясеневая д9,"дер. Сосенки, ул. Ясеневая, д.9",1,rv,Введено,"ООО ""ДУБРОВКА ДЕВЕЛОПМЕНТ""",НАО,Сосенское,55.581794,37.417744,manual_exact,exact,True
дер староселье,дер. Староселье,1,oks,Строится,САМОЛЕТ,НАО,Филимонковский,55.5500805,37.314627,district_centroid,approximate,True
дер староселье зу 1,"дер. Староселье, з/у 1",1,rv,Введено,САМОЛЕТ,НАО,Филимонковский,55.5500805,37.314627,manual_exact,exact,True
дер столбово уч 40/1,"дер. Столбово, уч. 40/1",2,oks; rv,Строится; Введено,САМОЛЕТ,НАО,Коммунарка,55.581794,37.448441,district_centroid,approximate,True
дер столбово уч 40/2,"дер. Столбово, уч. 40/2",1,rv,Введено,САМОЛЕТ,НАО,Сосенское,55.581794,37.417744,manual_exact,exact,True
дербеневская ул вл 1,"Дербеневская ул., вл. 1",1,oks,Строится,PIONEER,ЮАО,Даниловский,55.7253895,37.6505785,nominatim,tertiary,True
дербеневская ул уч 20/29,Дербеневская ул. уч. 20/29,1,oks,Строится,TEKTA GROUP,ЮАО,Даниловский,55.711814,37.6597584,district_centroid,approximate,True
деревня алхимово,деревня Алхимово,1,oks,Строится,САМОЛЕТ,НАО,Щербинка,55.49523050000001,37.518144,district_centroid,approximate,True
деревня большое покровское земельный участок 23,"деревня Большое Покровское, земельный участок 23",1,oks,Строится,"ООО ""СИСТЕМЫ ФОРА""",НАО,Внуково,55.58975,37.26383705,district_centroid,approximate,True
деревня ватутинки дом 3,"деревня Ватутинки, дом 3",1,oks,Строится,ИНДИВИДУАЛЬНЫЕ ПРЕДПРИНИМАТЕЛИ,НАО,Троицк,55.5274153,37.2817736,district_centroid,approximate,True
деревня картмазово,деревня Картмазово,3,rv,Введено,"АО ""КАПСТРОЙСИТИ""",НАО,Коммунарка,55.6152685,37.3915064,nominatim,village,True
деревня красная пахра земельный участок 55 ж,"деревня Красная Пахра, земельный участок 55 Ж",5,oks,Строится,"ПУБЛИЧНОЕ АКЦИОНЕРНОЕ ОБЩЕСТВО ""РОССИЙСКИЕ СЕТИ""",ТАО,Краснопахорский,55.3943301,37.0617999,district_centroid,approximate,True
деревня лапшинка земельный участок 57б/1,"деревня Лапшинка, земельный участок 57Б/1",1,oks,Строится,"ООО ""ПСК СТРОЙМОНОЛИТ""",НАО,Внуково,55.58975,37.26383705,district_centroid,approximate,True
деревня марушкино дом 1 2 3 4,"деревня Марушкино, дом 1, 2, 3, 4",1,oks,Строится,"АО ""МОСОТДЕЛСТРОЙ № 1""",НАО,Внуково,55.58975,37.26383705,manual_exact,exact,True
деревня марушкино дом 2,"деревня Марушкино, дом 2",1,rv,Введено,ИНДИВИДУАЛЬНЫЕ ПРЕДПРИНИМАТЕЛИ,НАО,Марушкинское,55.5778111,37.1097363,manual_exact,exact,True
деревня марушкино улица привольная земельный участок владение 9,"Деревня Марушкино, Улица Привольная Земельный участок владение 9",1,oks,Строится,"ООО ""ЛЕСНОЙ ЗАВОД""",НАО,Внуково,55.58975,37.26383705,district_centroid,approximate,True
деревня николо-хованское,деревня Николо-Хованское,1,oks,Строится,А101,НАО,Коммунарка,55.581794,37.448441,district_centroid,approximate,True
деревня николо-хованское зу 1019,"деревня Николо-Хованское, з/у 1019",1,rv,Введено,"ООО ""ТК ""СТЕИЛ""",НАО,Коммунарка,55.581794,37.448441,manual_exact,exact,True
деревня николо-хованское уч 9/1-1,Деревня Николо-Хованское уч 9/1-1,1,rv,Введено,"ООО ""ТК ""СТЕИЛ""",НАО,Коммунарка,55.581794,37.448441,manual_exact,exact,True
деревня пучково улица полевая земельный участок владение 4б,"Деревня Пучково, Улица Полевая Земельный участок Владение 4Б",1,oks,Строится,ИНДИВИДУАЛЬНЫЕ ПРЕДПРИНИМАТЕЛИ,ТАО,Филимонковский,55.5500805,37.314627,district_centroid,approximate,True
деревня раево,деревня Раево,2,rv,Введено,МОСКОВСКИЙ ФОНД ЗАЩИТЫ ПРАВ ДОЛЬЩИКОВ,ТАО,Краснопахорский,55.6586606,36.8884513,nominatim,hamlet,True
деревня рассказовка земельный участок 204,"деревня Рассказовка, земельный участок 204",1,oks,Строится,,НАО,Внуково,55.58975,37.26383705,district_centroid,approximate,True
деревня рассказовка уч № 13/2,"деревня Рассказовка, уч. № 13/2",1,rv,Введено,АБСОЛЮТ,НАО,Внуково,55.58975,37.26383705,manual_exact,exact,True
деревня рогозинино,деревня Рогозинино,1,rv,Введено,ЦЕНТРСТРОЙ,ТАО,Филимонковский,55.5362705,37.1947291,nominatim,village,True
деревня сосенки,деревня Сосенки,1,oks,Строится,ТПО ПРОМЕТ,НАО,Коммунарка,55.581794,37.448441,district_centroid,approximate,True
деревня староселье,деревня Староселье,1,oks,Строится,САМОЛЕТ,НАО,Филимонковский,55.5500805,37.314627,district_centroid,approximate,True
десеновсвое 3-я нововатутинская ул д 2,"Десеновсвое, 3-я Нововатутинская ул., д. 2",1,rv,Введено,ИНВЕСТТРАСТ,НАО,Десеновское,55.5702958,37.3970203,manual_exact,exact,True
десеновское,Десёновское,5,rv,Введено,"ООО ""ДЕВЕЛОПМЕНТ-М""",НАО,Внуково,55.534667999999996,37.3750085,geometry_address_match,,True
десеновское калужское ш 35 км,"Десеновское, Калужское ш., 35 км",3,rv,Введено,САМОЛЕТ,НАО,Десеновское,55.5702958,37.3970203,manual_exact,exact,True
десеновское пос квартал 2/1,"Десеновское пос., квартал 2/1",1,rv,Введено,СТРОЙКОМ,НАО,Коммунарка,55.581794,37.448441,manual_exact,exact,True
десна дер,Десна дер.,1,rv,Введено,ИНДИВИДУАЛЬНЫЕ ПРЕДПРИНИМАТЕЛИ,НАО,Троицк,55.5274153,37.2817736,manual_exact,exact,True
детско-взрослая поликлиника на 320 посещений в смену (на месте сноса нежилого здания) (уровень -1),Детско-взрослая поликлиника на 320 посещений в смену (на месте сноса нежилого здания) (уровень -1),1,rv,Введено,КП УГС,ЦАО,Замоскворечье,55.7402846,37.6328629,district_centroid,approximate,True
динамовская ул вл 1а,"Динамовская ул., вл. 1А",1,rv,Введено,ЯУЗСКИЕ ВОРОТА,ЦАО,Таганский,55.732425,37.6636676,nominatim,residential,True
дмитровский проезд вл 1г,"Дмитровский проезд, вл. 1Г",1,oks,Строится,"АО ""ТОЧЕЧНЫЕ ИНВЕСТИЦИИ""",САО,Тимирязевский,55.8082521,37.5722892,nominatim,secondary,True
дмитровский проезд дом 1,"Дмитровский проезд, дом 1",1,rv,Введено,MR GROUP,САО,Тимирязевский,55.8452897,37.5620884,manual_exact,exact,True
дмитровское ш вл87,"Дмитровское ш., вл.87",1,oks,Строится,MR GROUP,САО,Западное Дегунино,55.922253,37.5450873,nominatim,trunk,True
дмитровское ш д 122г корп 4,"ДМИТРОВСКОЕ Ш., Д. 122Г, КОРП. 4",1,rv,Введено,ПИК,СВАО,Северный,55.92835525,37.5459852,manual_exact,exact,True
дмитровское ш д 122г корп 5,"ДМИТРОВСКОЕ Ш., Д. 122Г, КОРП. 5",1,rv,Введено,ПИК,СВАО,Северный,55.92835525,37.5459852,manual_exact,exact,True
дмитровское ш д 122г корп 9,"ДМИТРОВСКОЕ Ш., Д. 122Г, КОРП. 9",1,rv,Введено,ПИК,СВАО,Северный,55.92835525,37.5459852,manual_exact,exact,True
дмитровское ш д 122д корп 1,"ДМИТРОВСКОЕ Ш., Д. 122Д, КОРП. 1",1,rv,Введено,ПИК,СВАО,Северный,55.92835525,37.5459852,manual_exact,exact,True
дмитровское ш д 122д корп 11,"ДМИТРОВСКОЕ Ш., Д. 122д, КОРП. 11",1,rv,Введено,ПИК,СВАО,Северный,55.92835525,37.5459852,manual_exact,exact,True
дмитровское ш д 122д корп 13,"ДМИТРОВСКОЕ Ш., Д. 122Д, КОРП. 13",1,rv,Введено,ПИК,СВАО,Северный,55.92835525,37.5459852,manual_exact,exact,True
дмитровское ш д 122д корп 15,"ДМИТРОВСКОЕ Ш., Д. 122д, КОРП. 15",1,rv,Введено,ПИК,СВАО,Северный,55.92835525,37.5459852,manual_exact,exact,True
дмитровское ш д 122д корп 25,"ДМИТРОВСКОЕ Ш., Д. 122д, КОРП. 25",1,rv,Введено,ПИК,СВАО,Северный,55.92835525,37.5459852,manual_exact,exact,True
дмитровское ш д 122д корп 3,"ДМИТРОВСКОЕ Ш., Д. 122Д, КОРП. 3",1,rv,Введено,ПИК,СВАО,Северный,55.92835525,37.5459852,manual_exact,exact,True
дмитровское ш д 122д корп 4,"ДМИТРОВСКОЕ Ш., Д. 122Д, КОРП. 4",1,rv,Введено,ПИК,СВАО,Северный,55.92835525,37.5459852,manual_exact,exact,True
дмитровское ш д 122д корп 5,"ДМИТРОВСКОЕ Ш., Д. 122Д, КОРП. 5",1,rv,Введено,ПИК,СВАО,Северный,55.92835525,37.5459852,manual_exact,exact,True
дмитровское ш д 122д корп 9,"ДМИТРОВСКОЕ Ш., Д. 122Д, КОРП. 9",1,rv,Введено,ПИК,СВАО,Северный,55.92835525,37.5459852,manual_exact,exact,True
дмитровское ш д107 корп 1,"Дмитровское ш., д.107, корп. 1",1,rv,Введено,ЭТАЛОН,САО,Дмитровский,55.88855115,37.53574255,manual_exact,exact,True
дмитровское шоссе,Дмитровское шоссе,3,rv,Введено,КОНЦЕРН ВКО АЛМАЗ - АНТЕЙ; МОСКОВСКИЙ МЕТРОПОЛИТЕН,САО,Дмитровский,55.9097516,37.5439581,nominatim,primary,True
дмитровское шоссе вл 107,"Дмитровское шоссе, вл. 107",1,rv,Введено,ГРАД,САО,Даниловский,55.711814,37.6597584,manual_exact,exact,True
дмитровское шоссе вл 107 стр 1 2 22 25 27,"Дмитровское шоссе, вл. 107, стр. 1,2,22,25,27",1,rv,Введено,ЭТАЛОН,САО,Дмитровский,55.88855115,37.53574255,manual_exact,exact,True
дмитровское шоссе вл 107г,Дмитровское шоссе вл. 107Г,1,rv,Введено,"АНО ""РСИ""",САО,Дмитровский,55.88855115,37.53574255,manual_exact,exact,True
дмитровское шоссе вл 108а/1 и 108а,Дмитровское шоссе вл. 108А/1 и 108А,1,oks,Строится,ВИММ-БИЛЛЬ-ДАНН,САО,Восточное Дегунино,55.8805852,37.5585195,district_centroid,approximate,True
дмитровское шоссе вл 127,"Дмитровское шоссе, вл. 127",1,rv,Введено,ФОНД РЕНОВАЦИИ,САО,Дмитровский,55.88855115,37.53574255,manual_exact,exact,True
дмитровское шоссе вл 165е кв. 9,"Дмитровское шоссе, вл. 165Е, кв. 9",1,rv,Введено,ПРАВОСЛАВИЕ,СВАО,Северный,55.92835525,37.5459852,manual_exact,exact,True
дмитровское шоссе вл 167 корп 5а,"Дмитровское шоссе, вл. 167, корп. 5А",1,rv,Введено,КП УГС,СВАО,Северный,55.92835525,37.5459852,manual_exact,exact,True
дмитровское шоссе вл 167 корп 6а,"Дмитровское шоссе, вл. 167, корп. 6А",1,rv,Введено,КП УГС,СВАО,Северный,55.92835525,37.5459852,manual_exact,exact,True
дмитровское шоссе вл 167 корп 7а,"Дмитровское шоссе, вл. 167, корп. 7А",2,rv,Введено,КП УГС,СВАО,Северный,55.92835525,37.5459852,manual_exact,exact,True
дмитровское шоссе вл 167 корп 8а,"Дмитровское шоссе, вл. 167, корп. 8А",1,rv,Введено,КП УГС,СВАО,Северный,55.92835525,37.5459852,manual_exact,exact,True
дмитровское шоссе вл 167 корп 9а,"Дмитровское шоссе, вл. 167, корп. 9А",1,rv,Введено,КП УГС,СВАО,Северный,55.92835525,37.5459852,manual_exact,exact,True
дмитровское шоссе вл 71 корпус 5,"Дмитровское шоссе, вл. 71, корпус 5",1,rv,Введено,ГРАНЕЛЬ,САО,Западное Дегунино,55.8710935,37.5304893,manual_exact,exact,True
дмитровское шоссе вл75 (1-ый этап),"Дмитровское шоссе, вл.75 (1-ый этап)",1,oks,Строится,"СЗ ""САМАН""",САО,Западное Дегунино,55.8710935,37.5304893,district_centroid,approximate,True
дмитровское шоссе вл83а,"Дмитровское шоссе, вл.83А",1,oks,Строится,DOMINANTA,САО,Западное Дегунино,55.9354367,37.5462717,nominatim,trunk,True
дмитровское шоссе д 107,Дмитровское шоссе д. 107,1,rv,Введено,ГРАД,САО,Дмитровский,55.922253,37.5450873,nominatim,trunk,True
дмитровское шоссе д 110,Дмитровское шоссе д. 110,1,oks,Строится,КОНЦЕРН ВКО АЛМАЗ - АНТЕЙ,САО,Дмитровский,55.9311625,37.5474327,nominatim,trunk,True
дмитровское шоссе д13,"ДМИТРОВСКОЕ ШОССЕ, Д.13",1,rv,Введено,ФСК,САО,Тимирязевский,55.8452897,37.5620884,manual_exact,exact,True
дмитровское шоссе д62 стр4,"ДМИТРОВСКОЕ ШОССЕ, Д.62, СТР.4",1,rv,Введено,"ООО ""АМК-1""",САО,Бескудниковский,55.8725195,37.5462316,manual_exact,exact,True
дмитровское шоссе земельный участок 107/1,"Дмитровское шоссе, земельный участок 107/1",1,oks,Строится,ЭТАЛОН,САО,Дмитровский,55.880283000000006,37.537784,geometry,,True
дмитровское шоссе земельный участок 107/2,"Дмитровское шоссе, земельный участок 107/2",1,rv,Введено,ЭТАЛОН,САО,Дмитровский,55.88855115,37.53574255,manual_exact,exact,True
дмитровское шоссе земельный участок 36/2 (зоны 2.1 2.2 2.3),"Дмитровское шоссе, земельный участок 36/2 (Зоны 2.1, 2.2, 2.3)",1,oks,Строится,ФОНД РЕНОВАЦИИ,САО,Тимирязевский,55.8452897,37.5620884,district_centroid,approximate,True
дмитровское шоссе земельный участок 82/1/1 земельный участок 82,"Дмитровское шоссе, земельный участок 82/1/1, земельный участок 82",1,oks,Строится,МОСКОВСКИЙ МЕТРОПОЛИТЕН,САО,Бескудниковский,55.8725195,37.5462316,district_centroid,approximate,True
дмитровское шоссе земельный участок 93/3/1,"Дмитровское шоссе, земельный участок 93/3/1",1,rv,Введено,ФОНД РЕНОВАЦИИ,САО,Бескудниковский,55.8725195,37.5462316,manual_exact,exact,True
дмитровское шоссе зу 75/77,"Дмитровское шоссе, З/У 75/77",1,rv,Введено,UDS,САО,Западное Дегунино,55.8710935,37.5304893,manual_exact,exact,True
дмитровское шоссе квартал 95 55а,"Дмитровское шоссе, квартал 95, 55А",1,rv,Введено,ФОНД РЕНОВАЦИИ,САО,Тимирязевский,55.8452897,37.5620884,manual_exact,exact,True
дмитровское шоссе уч 32/1,Дмитровское шоссе уч. 32/1,1,oks,Строится,ФОНД РЕНОВАЦИИ,САО,Тимирязевский,55.8452897,37.5620884,district_centroid,approximate,True
дмитровское шоссе уч 89,Дмитровское шоссе уч. 89,1,oks,Строится,ФОНД РЕНОВАЦИИ,САО,Бескудниковский,55.9354367,37.5462717,nominatim,trunk,True
днепропетровская ул 16,Днепропетровская ул. 16,1,rv,Введено,ПРАВОСЛАВИЕ,ЮАО,Чертаново Центральное,55.6170863,37.5830723,nominatim,apartments,True
днепропетровская ул вл 4а,"Днепропетровская ул., вл. 4а",2,oks,Строится,ПРАВОСЛАВИЕ,ЮАО,Чертаново Северное,55.6233982,37.5963424,nominatim,tertiary,True
дниколо-хованское уч вл 1031,"д.Николо-Хованское, уч. вл. 1031",1,oks,Строится,ИНДИВИДУАЛЬНЫЕ ПРЕДПРИНИМАТЕЛИ,НАО,Коммунарка,55.581794,37.448441,district_centroid,approximate,True
добрынинский 4-й пер вл 1/9,"Добрынинский 4-й пер., вл. 1/9",1,oks,Строится,ПРАВОСЛАВИЕ,ЦАО,Замоскворечье,55.7402846,37.6328629,district_centroid,approximate,True
докукина ул влд. 10 проспект мира влд. 207а,"Докукина ул., влд. 10, проспект Мира, влд. 207А",1,oks,Строится,КОНЦЕРН КРОСТ,СВАО,Ростокино,55.8328934,37.6506684,district_centroid,approximate,True
долгопрудная аллея д 17 стр1,"Долгопрудная аллея, д. 17, стр1",1,rv,Введено,"ГКУ ""УДМС""",СВАО,Северный,55.92835525,37.5459852,manual_exact,exact,True
долгопрудненское шоссе вл 5,"Долгопрудненское шоссе, вл. 5",1,oks,Строится,ALCON,СВАО,Северный,55.9200155,37.5414475,nominatim,secondary,True
долгопрудненское шоссе д 6а,"Долгопрудненское шоссе, д. 6А",1,rv,Введено,ДОХОДНЫЙ ДОМ,СВАО,Северный,55.92835525,37.5459852,manual_exact,exact,True
дом отдыха архангельское уч № 5ю/1,"""Дом отдыха ""Архангельское"", уч. № 5ю/1",1,oks,Строится,УПРАВЛЕНИЕ ДЕЛАМИ ПРЕЗИДЕНТА РОССИЙСКОЙ ФЕДЕРАЦИИ,НАО,Коммунарка,55.581794,37.448441,district_centroid,approximate,True
донская улица дом 14,"Донская улица, дом 14",1,rv,Введено,CAPITAL GROUP,ЦАО,Якиманка,55.7425825,37.6157213,manual_exact,exact,True
донской 5-й пр вл 21 корп 6,"Донской 5-й пр., вл. 21, корп. 6",1,oks,Строится,GORN DEVELOPMENT,ЮАО,Донской,55.6976942,37.58841435,district_centroid,approximate,True
дорожная ул вл 1,"Дорожная ул., вл. 1",2,oks,Строится,МОСКАПСТРОЙ-ТН,ЮАО,Чертаново Северное,55.6242255,37.6276586,nominatim,garages,True
дорожный 1-й пр д 7,"Дорожный 1-й пр., д. 7",1,oks,Строится,"АО ""МНИРТИ""",ЮАО,Чертаново Центральное,55.6170863,37.5959994,district_centroid,approximate,True
драссказовка 9 10 14 15 16 кварталы,"д.Рассказовка, 9,10,14,15,16 кварталы",1,rv,Введено,АБСОЛЮТ,НАО,Внуково,55.58975,37.26383705,manual_exact,exact,True
драссказовка 9 10 14 15 16 кварталы уч №13/2,"д.Рассказовка, 9,10,14,15,16 кварталы уч. №13/2",1,rv,Введено,АБСОЛЮТ,НАО,Внуково,55.58975,37.26383705,manual_exact,exact,True
дружинниковская ул вл 15а,"Дружинниковская ул., вл. 15А",1,rv,Введено,СЗ КИНОЦЕНТР,ЦАО,Пресненский,55.756383,37.5751871,nominatim,pedestrian,True
дружинниковская ул д15а,"Дружинниковская ул., д.15А",1,rv,Введено,СЗ КИНОЦЕНТР,ЦАО,Пресненский,55.7598336,37.575907,nominatim,residential,True
друмянцево ул центральная земельный участок владение 56а,"д.Румянцево, ул. Центральная, земельный участок владение 56А",1,oks,Строится,"ООО ""АРАКС""",НАО,Коммунарка,55.581794,37.448441,district_centroid,approximate,True
дсаларьево корпус 66,"д.Саларьево, корпус 66",1,rv,Введено,ПИК,НАО,Московский,55.613434,37.415014,manual_exact,exact,True
дсенькино-секерино,д.Сенькино-Секерино,1,oks,Строится,"ООО ""ТЕПЛОГАЗСЕРВИСПРОЕКТ""",ТАО,Краснопахорский,55.3943301,37.0617999,district_centroid,approximate,True
дстароселье зу 28,д.Староселье З/У 28,1,rv,Введено,ИНДИВИДУАЛЬНЫЕ ПРЕДПРИНИМАТЕЛИ,НАО,Филимонковский,55.5500805,37.314627,manual_exact,exact,True
дстолбово,д.Столбово,1,rv,Введено,А101,НАО,Коммунарка,55.581794,37.448441,manual_exact,exact,True
дубининская вл 69/1 вл 69 стр 2,"Дубининская, вл. 69/1, вл. 69, стр. 2",1,oks,Строится,LEVEL GROUP,ЮАО,Даниловский,55.711814,37.6597584,district_centroid,approximate,True
дубининская ул вл59-69,"Дубининская ул., вл.59-69",1,oks,Строится,LEVEL GROUP,ЮАО,Даниловский,55.711814,37.6597584,district_centroid,approximate,True
дубининская ул д33в,"ДУБИНИНСКАЯ УЛ., Д.33В",1,rv,Введено,CAPITAL GROUP,ЦАО,Замоскворечье,55.7402846,37.6328629,manual_exact,exact,True
дубининская ул уч 69/1,"Дубининская ул., уч. 69/1",1,oks,Строится,LEVEL GROUP,ЮАО,Даниловский,55.711814,37.6597584,district_centroid,approximate,True
дубининская улица вл 37,"Дубининская улица, вл. 37",2,oks; rv,Строится; Введено,НК РОСНЕФТЬ,ЦАО,Замоскворечье,55.7206735,37.6352004,nominatim,secondary,True
дубнинская ул вл 24,"Дубнинская ул., вл. 24",1,oks,Строится,ПРАВОСЛАВИЕ,САО,Восточное Дегунино,55.8669092,37.5639263,nominatim,secondary,True
дубнинская ул вл 75а,"Дубнинская ул., вл. 75А",1,oks,Строится,"ООО ""РАНДЕВУ""",САО,Восточное Дегунино,55.8805852,37.5585195,manual_exact,exact,True
дубнинская ул вл 77-83,"Дубнинская ул., вл. 77-83",1,oks,Строится,ПЛЮС ДЕВЕЛОПМЕНТ,САО,Восточное Дегунино,55.8805852,37.5585195,district_centroid,approximate,True
дубнинская ул вл75а,"Дубнинская ул., вл.75А",1,rv,Введено,"ООО ""РАНДЕВУ""",САО,Восточное Дегунино,55.8805852,37.5585195,manual_exact,exact,True
дубнинская улица д 9,"Дубнинская улица, д. 9",1,rv,Введено,КП УГС,САО,Бескудниковский,55.8587355,37.566415,geometry_permit,,True
дубравная ул вл 33,Дубравная ул. вл. 33,1,rv,Введено,"ООО ""ССС""",СЗАО,Митино,55.8438542,37.3559211,nominatim,secondary,True
дубравная ул вл 50/1,"Дубравная ул., вл. 50/1",1,rv,Введено,КП УГС,СЗАО,Митино,55.8484195,37.3670608,manual_exact,exact,True
дубравная ул вл 51,Дубравная ул. вл. 51,1,rv,Введено,"ООО ""МСС""",СЗАО,Митино,55.8489139,37.3647387,nominatim,secondary,True
дубровский пр вл 7,Дубровский пр. вл. 7,1,rv,Введено,КП УГС,ЮВАО,Южнопортовый,55.7245754,37.6675839,nominatim,service,True
духовской переулок дом 19,"Духовской переулок, дом 19",1,rv,Введено,СТРАНА ДЕВЕЛОПМЕНТ,ЮАО,Донской,55.6976942,37.58841435,manual_exact,exact,True
дыбенко д 1б стр 1,"Дыбенко, д. 1Б, стр. 1",1,rv,Введено,"ООО ""ВИТЯЗЬ""",САО,Ховрино,55.8643521,37.50288,manual_exact,exact,True
ельнинская ул вл 14а,"ЕЛЬНИНСКАЯ УЛ., ВЛ. 14А",1,rv,Введено,ПИК,ЗАО,Кунцево,55.74346005,37.39999495,manual_exact,exact,True
ельнинская ул д14 к 2,"ЕЛЬНИНСКАЯ УЛ., Д.14, К. 2",1,rv,Введено,ПИК,ЗАО,Кунцево,55.74346005,37.39999495,manual_exact,exact,True
ереванская ул 4,"Ереванская ул., 4",1,rv,Введено,ФОНД РЕНОВАЦИИ,ЮАО,Царицыно,55.6302766,37.667528,nominatim,apartments,True
ерино пос (вблизи),ЕРИНО ПОС. (ВБЛИЗИ),1,rv,Введено,"ООО""АКСОН""",НАО,Рязановское,55.49523050000001,37.518144,manual_exact,exact,True
ермакова роща ул вл 3,Ермакова роща ул. вл. 3,1,rv,Введено,"АО ""ЭКСПОЦЕНТР""",ЦАО,Пресненский,55.7580051,37.5654894,manual_exact,exact,True
есенинский бульвар зу 1,"Есенинский бульвар, з/у 1",1,rv,Введено,ФОНД РЕНОВАЦИИ,ЮВАО,Кузьминки,55.7063549,37.7806613,nominatim,tertiary,True
железнодорожная станция подмосковная московской железной дороги,"железнодорожная станция ""Подмосковная"" Московской железной дороги",2,oks,Строится,РЖД,САО,Войковский,55.8223248,37.50493375,district_centroid,approximate,True
жигулевская ул уч 12/6,Жигулевская ул. уч. 12/6,1,rv,Введено,ФОНД РЕНОВАЦИИ,ЮВАО,Кузьминки,55.7097739,37.7688408,manual_exact,exact,True
жуков пр вл 8,"Жуков пр., вл. 8",1,oks,Строится,COLDY,ЮАО,Даниловский,55.7231852,37.6386528,nominatim,tertiary,True
жуков пр-д д 15,"ЖУКОВ ПР-Д, Д. 15",1,rv,Введено,"ООО ""СПЕЦСТРОЙСЕРВИС""",ЦАО,Замоскворечье,55.7402846,37.6328629,manual_exact,exact,True
жуков проезд вл21,"Жуков проезд, вл.21",1,rv,Введено,"ПУБЛИЧНОЕ АКЦИОНЕРНОЕ ОБЩЕСТВО ""РОССИЙСКИЕ СЕТИ""",ЮАО,Даниловский,55.7231852,37.6386528,nominatim,tertiary,True
жукова маршала просп. д 2б соор. 1,"ЖУКОВА МАРШАЛА ПРОСП., Д. 2Б, СООР. 1",1,rv,Введено,"АО ""МКЖД""",СЗАО,Хорошево-Мневники,55.7601052,37.5183196,manual_exact,exact,True
жуковка дер (вблизи),Жуковка дер. (вблизи),1,oks,Строится,"ЗАО ""АВУАР-ИНВЕСТ""",ТАО,Филимонковский,55.5500805,37.314627,district_centroid,approximate,True
жулебино мкр. 5 корп 15. ул маршала полубоярова д18,"Жулебино, мкр. 5, корп. 15. Ул. Маршала Полубоярова, д.18",1,oks,Строится,АВСС,ЮВАО,Выхино-Жулебино,55.7022001,37.81384715,district_centroid,approximate,True
заводская ул 14,"Заводская ул, 14",2,rv,Введено,ФОНД РЕНОВАЦИИ,ЗелАО,Крюково,55.4962496,37.5567313,nominatim,house,True
заводская ул д 28 стр 1 2,"Заводская ул. д. 28 стр. 1,2",3,rv,Введено,"ООО ""ИНТЕКПОЛИС""",ЗелАО,Крюково,55.9658925,37.173983,manual_exact,exact,True
заводская ул(посмалино) д 32,"Заводская ул.(пос.Малино), д. 32",1,oks,Строится,"ООО ""ИКС-КВ""",ЗелАО,Крюково,55.9658925,37.173983,district_centroid,approximate,True
заводское шоссе вл 2,"Заводское шоссе, вл. 2",1,oks,Строится,"АО ""АНК""",ЗАО,Внуково,55.58975,37.26383705,district_centroid,approximate,True
загорьевская ул вл 2/2,Загорьевская ул. вл. 2/2,1,rv,Введено,ФОНД РЕНОВАЦИИ,ЮАО,Бирюлёво Восточное,55.5801844,37.6796081,nominatim,tertiary,True
зао ново-переделкино,"ЗАО, Ново-Переделкино",2,rv,Введено,КП УГС,ЗАО,Ново-Переделкино,55.644386,37.3591625,manual_exact,exact,True
зао очаково-матвеевское,"ЗАО, Очаково-Матвеевское",1,rv,Введено,МОСКОВСКИЙ МЕТРОПОЛИТЕН,ЗАО,Можайский,55.7015105,37.3937955,manual_exact,exact,True
зао первомайское уч-к 6,"ЗАО ""Первомайское"", уч-к 6",1,oks,Строится,Масаев Шамиль Хасанович,ТАО,Филимонковский,55.5500805,37.314627,district_centroid,approximate,True
западная ул вл 16,"Западная ул., вл. 16",1,rv,Введено,КП УГС,ВАО,Восточный,55.8187215,37.8587966,nominatim,residential,True
западный участок третьего пересадочного контура станция метро хорошевская - станция метро можайская,"Западный участок третьего пересадочного контура, станция метро ""Хорошевская"" - станция метро ""Можайская""",1,rv,Введено,МОСКОВСКИЙ МЕТРОПОЛИТЕН,СЗАО,Хорошевский,55.7953866,37.504053,manual_exact,exact,True
заревый пр-д д 15,"ЗАРЕВЫЙ ПР-Д, Д. 15",1,rv,Введено,КП УГС,СВАО,Северное Медведково,55.886639,37.6405375,manual_exact,exact,True
заревый пр-д д 9,"ЗАРЕВЫЙ ПР-Д, Д. 9",1,rv,Введено,КП УГС,СВАО,Северное Медведково,55.886639,37.6405375,manual_exact,exact,True
заречная ул вл2/1,"Заречная ул., вл.2/1",1,rv,Введено,ПИК,ЗАО,Филевский Парк,55.7499566,37.5151422,manual_exact,exact,True
заречная ул д 2/1,"Заречная ул., д. 2/1",1,rv,Введено,ПИК,ЗАО,Филевский Парк,55.7499566,37.5151422,manual_exact,exact,True
захарково в 17,Захарково в 17,1,oks,Строится,"АО ""РУБЛЕВО-АРХАНГЕЛЬСКОЕ""",ЗАО,Кунцево,55.1943851,37.2404084,nominatim,hamlet,True
захарова маршала ул вл7,"ЗАХАРОВА МАРШАЛА УЛ., ВЛ.7",1,rv,Введено,"ОБЩЕСТВО С ОГРАНИЧЕННОЙ ОТВЕТСТВЕННОСТЬЮ ""ПРОФИ-МЕНЕДЖМЕНТ""",ЮАО,Орехово-Борисово Северное,55.64891065,37.65195075,manual_exact,exact,True
звенигородская 2-я ул вл 12 стр 1 3 4 5 7 8 10 18 19 21 22 23 26 64,"Звенигородская 2-я ул. вл. 12 стр. 1, 3, 4, 5, 7, 8, 10, 18, 19, 21, 22, 23, 26, 64",1,rv,Введено,VESPER,ЦАО,Пресненский,55.7580051,37.5654894,manual_exact,exact,True
звенигородская 2-я ул вл 12 стр 62 63 70 71,"Звенигородская 2-я ул. вл. 12 стр. 62, 63, 70, 71",1,rv,Введено,VESPER,ЦАО,Пресненский,55.7580051,37.5654894,manual_exact,exact,True
звенигородская 2-я ул д 12 стр 2,Звенигородская 2-я ул. д. 12 стр. 2,1,rv,Введено,VESPER,ЦАО,Пресненский,55.7580051,37.5654894,manual_exact,exact,True
звенигородская 2-я ул д 12 стр 6,Звенигородская 2-я ул. д. 12 стр. 6,1,rv,Введено,VESPER,ЦАО,Пресненский,55.7580051,37.5654894,manual_exact,exact,True
звенигородское шоссе вл 11,"Звенигородское шоссе, вл. 11",1,rv,Введено,РОССТРОЙИНВЕСТ,ЦАО,Пресненский,55.7662014,37.5371997,nominatim,primary,True
звенигородское шоссе вл 5,"Звенигородское шоссе, вл. 5",1,rv,Введено,РОССЕЛЬХОЗНАДЗОР,ЦАО,Пресненский,55.7580051,37.5654894,manual_exact,exact,True
зверево д уч 100,"ЗВЕРЕВО Д., УЧ.100",5,rv,Введено,"ООО ""АПРЕЛЕВКА С2""",ТАО,Новофедоровское,55.5099302,36.9243965,nominatim,residential,True
зверево д уч 100 166,"ЗВЕРЕВО Д., УЧ.100, 166",1,rv,Введено,"ООО ""АПРЕЛЕВКА С2""",ТАО,Новофедоровское,55.5099302,36.9243965,manual_exact,exact,True
зверево д уч 100 208,"ЗВЕРЕВО Д., УЧ.100, 208",1,rv,Введено,"ООО ""АПРЕЛЕВКА С2""",ТАО,Новофедоровское,55.5099302,36.9243965,manual_exact,exact,True
зверево дер уч 100,Зверево дер. уч.100,1,rv,Введено,"ООО ""АПРЕЛЕВКА С2""",ТАО,Новофедоровское,55.5099302,36.9243965,nominatim,residential,True
зверево дер уч 101,Зверево дер. уч.101,4,rv,Введено,"ООО ""АПРЕЛЕВКА С2""",ТАО,Бекасово,55.50185,36.9304823,manual_exact,exact,True
зверево уч 100,Зверево уч. 100,1,rv,Введено,"ООО ""АПРЕЛЕВКА С2""",ТАО,Новофедоровское,55.50185,36.9304823,nominatim,village,True
звонарский пер вл 3/4 стр 1,"Звонарский пер., вл. 3/4, стр. 1",1,rv,Введено,МИНОБРНАУКИ РОССИИ,ЦАО,Мещанский,55.7816543,37.6340098,manual_exact,exact,True
зеленовка ул уч 92а,"Зелёновка ул., уч. 92А",1,oks,Строится,ТОРГОВО-ПРОМЫШЛЕННАЯ ПАЛАТА РОССИЙСКОЙ ФЕДЕРАЦИИ,НАО,Щербинка,55.49523050000001,37.518144,district_centroid,approximate,True
зеленоград алабушево,"ЗЕЛЕНОГРАД, АЛАБУШЕВО",1,rv,Введено,МИНЭКОНОМРАЗВИТИЯ РОССИИ,ЗелАО,Силино,56.0080842,37.1406636,nominatim,halt,True
зеленоград алабушево площадка,"ЗЕЛЕНОГРАД, АЛАБУШЕВО ПЛОЩАДКА",1,rv,Введено,МИНЭКОНОМРАЗВИТИЯ РОССИИ,ЗелАО,Силино,56.0080842,37.1406636,manual_exact,exact,True
зеленоград георгиевский пр-кт д 37б,"Зеленоград, Георгиевский пр-кт, д. 37Б",1,rv,Введено,ПИК,ЗелАО,Крюково,55.9658925,37.173983,manual_exact,exact,True
зеленоград мкр. 10 (филаретовская ул д3),"Зеленоград мкр. 10 (Филаретовская ул.,д.3)",1,oks,Строится,ПРАВОСЛАВИЕ,ЗелАО,Силино,56.0080842,37.1406636,district_centroid,approximate,True
зеленоград мкр. 6 корп 619,"ЗЕЛЕНОГРАД, МКР. 6, КОРП. 619",1,rv,Введено,"ООО ""СИЭНСИ ЭЛЕКТРИК""",ЗелАО,Савелки,55.9868367,37.2348652,manual_exact,exact,True
зеленоград мкр. 9,Зеленоград мкр. 9,1,rv,Введено,"КП ""БСА ""ЛУЖНИКИ""",ЗелАО,Старое Крюково,55.7915987,37.5489196,manual_exact,exact,True
зеленоград панфиловский площадка миэт,"ЗЕЛЕНОГРАД, ПАНФИЛОВСКИЙ, ПЛОЩАДКА МИЭТ",1,rv,Введено,МИНЭКОНОМРАЗВИТИЯ РОССИИ,ЗелАО,Панфиловский,55.9658925,37.14866195,manual_exact,exact,True
зеленоград пр4806,"ЗЕЛЕНОГРАД, ПР.4806",1,rv,Введено,ЮВИСАН,ЗелАО,Старое Крюково,55.7915987,37.5489196,district_centroid,approximate,True
зеленоград проезд 5500-й земельный участок 4/3,"Зеленоград, проезд 5500-й, земельный участок 4/3",2,rv,Введено,ФСК,ЗелАО,Савёлки,55.9868367,37.2348652,manual_exact,exact,True
зеленоград улица академика валиева дом 4,"Зеленоград, улица Академика Валиева, дом 4",1,rv,Введено,НПП ДОЗА,ЗелАО,Матушкино,55.9658925,37.14866195,manual_exact,exact,True
зеленоградская ул вл 27 корп 1,"Зеленоградская ул., вл. 27, корп. 1",1,rv,Введено,"АНО ""РСИ""",САО,Ховрино,55.8643521,37.50288,manual_exact,exact,True
зеленодольская ул вл 30 зу 1,"Зеленодольская ул. вл. 30, з/у 1",1,rv,Введено,ФОНД РЕНОВАЦИИ,ЮВАО,Кузьминки,55.7097739,37.7688408,manual_exact,exact,True
зеленодольская ул вл 42,"Зеленодольская ул.,вл. 42",1,rv,Введено,ПИК,ЮВАО,Кузьминки,55.7097739,37.7688408,nominatim,tertiary,True
зеленодольская улица дом 28а,"Зеленодольская улица, дом 28А",1,rv,Введено,ФОНД РЕНОВАЦИИ,ЮВАО,Кузьминки,55.7097739,37.7688408,manual_exact,exact,True
зеленый просп. вл 26-28,Зеленый просп. вл. 26-28,1,oks,Строится,ПРАВОСЛАВИЕ,ВАО,Новогиреево,55.7491465,37.8024271,district_centroid,approximate,True
земляной вал ул вл 77-79,Земляной вал ул. вл. 77-79,1,oks,Строится,TASHIR,ЦАО,Таганский,55.75004445,37.6571372,district_centroid,approximate,True
знаменские садки ул 1а,"ЗНАМЕНСКИЕ САДКИ УЛ., 1А",1,rv,Введено,"ООО ""ЭРЛАНГРУПП""",ЮЗАО,Северное Бутово,55.5692452,37.5794073,manual_exact,exact,True
золоторожский вал 11а/1,"Золоторожский Вал, 11А/1",1,oks,Строится,STONE,ЮВАО,Лефортово,55.7570881,37.6939493,nominatim,tertiary,True
золоторожский вал вл 11,"Золоторожский вал, вл 11",3,rv,Введено,ДОНСТРОЙ,ЮВАО,Лефортово,55.7530473,37.6885977,nominatim,tertiary,True
золоторожский вал вл 11 корпус 27,"Золоторожский вал, вл. 11, корпус 27",1,rv,Введено,ДОНСТРОЙ,ЮВАО,Лефортово,55.754854,37.70693,manual_exact,exact,True
золоторожский вал вл11 зу 7,"Золоторожский Вал, вл.11, з/у 7",1,rv,Введено,ДОНСТРОЙ,ЮВАО,Лефортово,55.754854,37.70693,manual_exact,exact,True
золоторожский вал ул вл 11,Золоторожский вал ул. вл. 11,2,rv,Введено,ДОНСТРОЙ,ЮВАО,Лефортово,55.750706,37.692565,geometry_address_match,,True
золоторожский вал ул вл 11 стр 30 37 47 57 58 корпус 22,"Золоторожский вал ул. вл. 11 стр. 30, 37, 47, 57, 58, корпус 22",1,rv,Введено,ДОНСТРОЙ,ЮВАО,Лефортово,55.754854,37.70693,manual_exact,exact,True
золоторожский вал ул вл 11 стр 30 37 47 57 58 корпус 23,"Золоторожский вал ул. вл. 11 стр. 30, 37, 47, 57, 58, корпус 23",1,rv,Введено,ДОНСТРОЙ,ЮВАО,Лефортово,55.754854,37.70693,manual_exact,exact,True
золоторожский вал ул вл 11 стр 50 56,"Золоторожский вал ул. вл. 11 стр. 50,56",1,rv,Введено,ДОНСТРОЙ,ЮВАО,Лефортово,55.754854,37.70693,manual_exact,exact,True
золоторожский вал ул вл 11/14 11/15,"Золоторожский вал ул. вл. 11/14, 11/15",3,rv,Введено,ФОНД РЕНОВАЦИИ,ЮВАО,Лефортово,55.754854,37.70693,manual_exact,exact,True
золоторожский вал ул вл11,"Золоторожский Вал ул., вл.11",2,oks; rv,Строится; Введено,"АНО ""РСИ""; КП УГС",ЮВАО,Лефортово,55.750706,37.692565,geometry,,True
золоторожский вал ул вл11 стр73 75,"Золоторожский вал ул., вл.11, стр.73,75",1,oks,Строится,ДОНСТРОЙ,ЮВАО,Лефортово,55.754854,37.70693,district_centroid,approximate,True
золоторожский вал.ул д 8,"ЗОЛОТОРОЖСКИЙ ВАЛ.УЛ., Д. 8",1,rv,Введено,"ООО ""СТИМУЛ""",ЮВАО,Лефортово,55.754854,37.70693,manual_exact,exact,True
золоторожский пр вл 5а,Золоторожский пр. вл. 5А,1,rv,Введено,SUN DEVELOPMENT,ЮВАО,Кузьминки,55.7507185,37.6823733,nominatim,residential,True
зорге ул вл 9,Зорге ул. вл. 9,1,rv,Введено,ФСК,САО,Хорошёвский,55.7778742,37.5134766,nominatim,tertiary,True
зорге ул д 5 стр 4,Зорге ул. д. 5 стр. 4,1,oks,Строится,"ООО ""ПРЕДПРИЯТИЕ ""СЕГМЕНТ""",САО,Хорошёвский,55.7801228,37.5325428,district_centroid,approximate,True
зубовский бульвар вл 35 стр 3,"Зубовский бульвар, вл. 35, стр. 3",1,oks,Строится,СТРОЙТЭКС,ЦАО,Хамовники,55.72162725,37.5633727,district_centroid,approximate,True
зыковский нов. пр 4,Зыковский Нов. пр. 4,1,oks,Строится,МИНЗДРАВ РОССИИ,САО,Аэропорт,55.8005702,37.5519818,nominatim,yes,True
ивановское зеленый проспект 101,"Ивановское, Зеленый проспект, 101",1,rv,Введено,ФОНД РЕНОВАЦИИ,ВАО,Ивановское,55.7513523,37.8290114,nominatim,kindergarten,True
игральная ул вл 1,Игральная ул. вл. 1,1,rv,Введено,ФОНД РЕНОВАЦИИ,ВАО,Богородское,55.8142007,37.7123854,nominatim,tertiary,True
ижорская ул вл 6,Ижорская ул. вл. 6,2,rv,Введено,ПИК,САО,Западное Дегунино,55.8965999,37.5263415,nominatim,tertiary,True
ижорская ул вл 6/6,Ижорская ул. вл. 6/6,1,rv,Введено,ПИК,САО,Западное Дегунино,55.8710935,37.5304893,manual_exact,exact,True
ижорская улица вл13/19 корп10,"Ижорская улица, вл.13/19, корп.10",2,oks,Строится,"ООО ""ДОХОДНЫЙ ДОМ""",САО,Дмитровский,55.88855115,37.53574255,district_centroid,approximate,True
ижс,ИЖС,349,rv,Введено,ФИЗИЧЕСКИЕ ЛИЦА,НАО,,55.5702958,37.1284207,nominatim,allotments,True
измайлово ул никитинская вл 10/1,"Измайлово, ул. Никитинская, вл. 10/1",1,rv,Введено,"ООО ""СТУДИЯ""",ВАО,Измайлово,55.799459999999996,37.7783845,geometry_permit,,True
измайловский б-р вл71/25,"Измайловский б-р, вл.71/25",1,rv,Введено,ФОНД РЕНОВАЦИИ,ВАО,Восточное Измайлово,55.7432518,37.7201206,manual_exact,exact,True
измайловский бульв. вл 75/17,Измайловский бульв. вл. 75/17,1,rv,Введено,"КП ""БСА ""ЛУЖНИКИ""",ВАО,Восточное Измайлово,55.7432518,37.7201206,manual_exact,exact,True
измайловский просп. вл 63 65 67,"Измайловский просп. вл. 63, 65, 67",1,rv,Введено,"АНО ""РСИ""",ВАО,Измайлово,55.797943,37.7736403,manual_exact,exact,True
измайловское шоссе вл 20,"Измайловское шоссе, вл. 20",1,rv,Введено,ЭТАЛОН,ВАО,Соколиная Гора,55.7878218,37.7474776,nominatim,secondary,True
изумрудная ул д24,"ИЗУМРУДНАЯ УЛ., Д.24",1,rv,Введено,СИТИСТРОЙ,СВАО,Лосиноостровский,55.8641682,37.6872725,manual_exact,exact,True
изумрудная ул уч 28,"Изумрудная ул., уч. 28",1,rv,Введено,ФОНД РЕНОВАЦИИ,СВАО,Лосиноостровский,55.8704981,37.6816093,nominatim,tertiary,True
изумрудная улица земельный участок 12а (зона 6.2),"Изумрудная улица, земельный участок 12А (зона 6.2)",1,oks,Строится,ФОНД РЕНОВАЦИИ,СВАО,Лосиноостровский,55.8641682,37.6872725,district_centroid,approximate,True
изюмская 49 к2,"ИЗЮМСКАЯ 49, К2",1,rv,Введено,КП УГС,ЮЗАО,Южное Бутово,55.54729475,37.5747165,manual_exact,exact,True
изюмская 55 к1,"ИЗЮМСКАЯ 55, К1",1,rv,Введено,КП УГС,ЮЗАО,Южное Бутово,55.54729475,37.5747165,manual_exact,exact,True
илимская ул вл 3/13,"Илимская ул., вл. 3/13",1,oks,Строится,SEVEN SUNS DEVELOPMENT,СВАО,Лианозово,55.7118014,37.6067824,district_centroid,approximate,True
илимская ул вл 3/6,Илимская ул. вл. 3/6,2,oks,Строится,SEVEN SUNS DEVELOPMENT,СВАО,Лианозово,55.7118014,37.6067824,district_centroid,approximate,True
илимская ул вл 5,"Илимская ул., вл. 5",1,rv,Введено,ФОНД РЕНОВАЦИИ,СВАО,Лианозово,55.8912231,37.5773072,nominatim,tertiary,True
иловайская ул зу 3/7а,Иловайская ул. з/у 3/7а,1,oks,Строится,СТРАНА ДЕВЕЛОПМЕНТ,ЮВАО,Марьино,55.6518099,37.719279,district_centroid,approximate,True
иловайская улица,Иловайская улица,1,oks,Строится,ПИК,ЮВАО,Люблино,55.6581011,37.7240597,nominatim,secondary,True
ильменский пр вл 17,Ильменский пр. вл. 17,2,oks; rv,Строится; Введено,ПИК,САО,Западное Дегунино,55.8608541,37.5388804,nominatim,service,True
ильменский пр вл 8 корп 3 вл 8а вл 10 стр 1,"Ильменский пр., вл. 8, корп. 3, вл. 8а, вл. 10, стр. 1",1,oks,Строится,LEVEL GROUP,САО,Западное Дегунино,55.8710935,37.5304893,district_centroid,approximate,True
ильменский пр уч 8а,Ильменский пр. уч. 8А,1,oks,Строится,LEVEL GROUP,САО,Западное Дегунино,55.8581505,37.547069,nominatim,tertiary,True
ильменский проезд вл 1,"Ильменский проезд, вл. 1",2,oks,Строится,ЛСР,САО,Западное Дегунино,55.8581505,37.547069,nominatim,tertiary,True
ильменский проезд вл 1 ( сао: район западное дегунино ),"Ильменский проезд, вл. 1 ( САО: район Западное Дегунино )",1,oks,Строится,ЛСР,САО,Западное Дегунино,55.8710935,37.5304893,district_centroid,approximate,True
ильменский проезд д 14 корп 1,"Ильменский проезд, д, 14, корп. 1",1,rv,Введено,MR GROUP,САО,Западное Дегунино,55.8710935,37.5304893,manual_exact,exact,True
ильменский проезд дом 14 корпус 3,"Ильменский проезд, дом 14, корпус 3",1,rv,Введено,MR GROUP,САО,Западное Дегунино,55.8710935,37.5304893,manual_exact,exact,True
ильменский проезд дом 17 корпус 1,"Ильменский проезд, дом 17, корпус 1",1,rv,Введено,ПИК,САО,Западное Дегунино,55.8710935,37.5304893,manual_exact,exact,True
ильменский проезд дом 17 корпус 3 корпус 4,"Ильменский проезд, дом 17, корпус 3, корпус 4",1,rv,Введено,ПИК,САО,Западное Дегунино,55.8710935,37.5304893,manual_exact,exact,True
ильменский проезд земельный участок 4 земельный участок 4/1,"Ильменский проезд, земельный участок 4, земельный участок 4/1",2,rv,Введено,ЛСР,САО,Западное Дегунино,55.8710935,37.5304893,manual_exact,exact,True
ильменский проспект зу 17,"Ильменский проспект, З/У 17",1,rv,Введено,ПИК,САО,Западное Дегунино,55.8710935,37.5304893,manual_exact,exact,True
инженерная ул вл 5а,Инженерная ул. вл. 5а,1,rv,Введено,"КП ""БСА ""ЛУЖНИКИ""",СВАО,Алтуфьевский,55.8800379,37.5729104,nominatim,tertiary,True
институтская 2-я ул,Институтская 2-я ул.,2,rv,Введено,ПИК,ЮВАО,Рязанский,55.9302524,37.7991942,nominatim,bus_stop,True
интц мгу воробьевы горы ломоносовский проспект,"ИНТЦ МГУ ""Воробьевы горы"", Ломоносовский проспект",1,oks,Строится,ПРАВИТЕЛЬСТВО РОССИЙСКОЙ ФЕДЕРАЦИИ,ЗАО,Раменки,55.7010074,37.5041069,district_centroid,approximate,True
иртышский 2-й пр дом 11а,"Иртышский 2-й пр., дом 11А",1,rv,Введено,МЭЛ,ВАО,Гольяново,55.8073766,37.7566198,manual_exact,exact,True
кабельная 2-я ул д 2 стр 25,Кабельная 2-я ул. д. 2 стр. 25,1,rv,Введено,МКМ,ЮВАО,Лефортово,55.754854,37.70693,manual_exact,exact,True
кавказский бульв. земельный участок 51/5,"Кавказский бульв., земельный участок 51/5",1,oks,Строится,КОНЦЕРН РУСИЧ,ЮАО,Царицыно,55.6267611,37.6571114,district_centroid,approximate,True
кавказский бульв. зу 51/2,"Кавказский бульв., з/у 51/2",1,oks,Строится,КОНЦЕРН РУСИЧ,ЮАО,Царицыно,55.6267611,37.6571114,district_centroid,approximate,True
кавказский бульвар,Кавказский бульвар,1,rv,Введено,ФОНД РЕНОВАЦИИ,ЮАО,Царицыно,55.628337,37.6597953,nominatim,primary,True
кавказский бульвар вл 4,"Кавказский бульвар, вл. 4",1,rv,Введено,ПИК,ЮАО,Царицыно,55.6285728,37.6421295,nominatim,tertiary,True
кавказский бульвар д 40,"Кавказский бульвар, д. 40",1,rv,Введено,ФОНД РЕНОВАЦИИ,ЮАО,Царицыно,55.6267611,37.6571114,manual_exact,exact,True
кавказский бульвар д27 корп2,"Кавказский бульвар, д.27, корп.2",1,rv,Введено,ЭТАЛОН,ЮАО,Царицыно,55.6267611,37.6571114,manual_exact,exact,True
кавказский бульвар земельный участок 51/2,"Кавказский бульвар, земельный участок 51/2",2,oks,Строится,КОНЦЕРН РУСИЧ,ЮАО,Царицыно,55.6267611,37.6571114,district_centroid,approximate,True
кавказский бульвар земельный участок 51/3,"Кавказский бульвар, земельный участок 51/3",2,oks,Строится,ПИК,ЮАО,Царицыно,55.6267611,37.6571114,district_centroid,approximate,True
кавказский бульвар земельный участок 51/4,"Кавказский бульвар, земельный участок 51/4",1,oks,Строится,ПИК,ЮАО,Царицыно,55.6267611,37.6571114,district_centroid,approximate,True
кавказский бульвар земельный участок 51/6,"Кавказский бульвар, земельный участок 51/6",1,oks,Строится,ПИК,ЮАО,Царицыно,55.626019,37.640797,geometry,,True
кавказский бульвар уч 51,"Кавказский бульвар, уч. 51",1,rv,Введено,ПИК,ЮАО,Царицыно,55.6302366,37.6656508,nominatim,construction,True
кадашевская набережная д 12,"Кадашёвская набережная, д. 12",1,rv,Введено,МИНКУЛЬТУРЫ РОССИИ,ЦАО,Замоскворечье,55.7454823,37.623227,nominatim,tertiary,True
казакова ул вл 7,Казакова ул. вл. 7,1,rv,Введено,COLDY,ЦАО,Басманный,55.7627931,37.6614314,nominatim,tertiary,True
калининско-солнцевская линия метрополитена,«Калининско-Солнцевская линия метрополитена,1,rv,Введено,МОСКОВСКИЙ МЕТРОПОЛИТЕН,ЗАО,Филевский парк,55.7525499,37.5119353,manual_exact,exact,True
калининско-солнцевская линия метрополитена от станции метро рассказовка до станции метро внуково,Калининско-Солнцевская линия метрополитена от станции метро «Рассказовка» до станции метро «Внуково»,2,rv,Введено,МОСКОВСКИЙ МЕТРОПОЛИТЕН,НАО,Внуково,55.58975,37.26383705,manual_exact,exact,True
калошин пер вл 6-8 стр 17,"Калошин пер., вл. 6-8, стр. 17",1,oks,Строится,ТЕНЗОР,ЦАО,Арбат,55.7537935,37.6026918,district_centroid,approximate,True
калужское ш 21-й км зу 3а,"Калужское ш. 21-й км, з/у 3А",1,rv,Введено,ИНГКА СЕНТЕРС РУС ПРОПЕРТИ (ИКЕА),НАО,Коммунарка,55.581794,37.448441,manual_exact,exact,True
калужское ш 35 км корпус 6,"Калужское ш., 35 км корпус 6",1,rv,Введено,САМОЛЕТ,НАО,Десеновское,55.5702958,37.3970203,manual_exact,exact,True
калужское шоссе вл 52б 35 км (улчароитовая д3),"Калужское шоссе, вл. 52Б, 35 км (ул.Чароитовая, д.3)",1,rv,Введено,САМОЛЕТ,НАО,Троицк,55.5274153,37.2817736,manual_exact,exact,True
каменка дер,Каменка дер.,3,oks; rv,Строится; Введено,"ООО ""СЗ ""ПАРК ЧЕМПИОНОВ""; ПК ""ПОДОЛЬСКОЕ ГОРПО""",ТАО,Филимонковский,55.9669325,37.1592379,nominatim,neighbourhood,True
камергерский пер вл 4 стр 1 3,"Камергерский пер., вл. 4, стр. 1, 3",1,oks,Строится,"ОБЩЕСТВО С ОГРАНИЧЕННОЙ ОТВЕТСТВЕННОСТЬЮ ""ИНГЕОКОМ-ТРАСТ""",ЦАО,Тверской,55.7787255,37.5996357,district_centroid,approximate,True
кантемировская ул д 57. стр 1,"КАНТЕМИРОВСКАЯ УЛ., Д. 57., СТР. 1",1,rv,Введено,"ООО ""ЖИЛСПЕЦПРОЕКТ""",ЮАО,Царицыно,55.6267611,37.6571114,manual_exact,exact,True
кантемировская улица дом 39а,"Кантемировская улица, дом 39А",1,rv,Введено,ФОНД РЕНОВАЦИИ,ЮАО,Царицыно,55.6267611,37.6571114,manual_exact,exact,True
капотня 2-й квартал д 1 корп 3,Капотня 2-й квартал д. 1 корп. 3,1,oks,Строится,ГАЗПРОМ,ЮВАО,Капотня,56.0127537,37.1666193,district_centroid,approximate,True
капотня кв. 1-й вл 8,Капотня кв. 1-й вл. 8,1,rv,Введено,ФОНД РЕНОВАЦИИ,ЮВАО,Капотня,56.0127537,37.1666193,manual_exact,exact,True
капотня кв. 2 вл 1,"Капотня, кв. 2, вл. 1",5,rv,Введено,ГАЗПРОМ,ЮВАО,Капотня,56.0127537,37.1666193,manual_exact,exact,True
капотня кв.2 вл 1,"Капотня, кв.2, вл. 1",1,rv,Введено,ГАЗПРОМ,ЮВАО,Капотня,56.0127537,37.1666193,manual_exact,exact,True
капотня кв.2 д1 корп3,"КАПОТНЯ, КВ.2, Д.1, КОРП.3",1,rv,Введено,ГАЗПРОМ,ЮВАО,Капотня,56.0127537,37.1666193,manual_exact,exact,True
карамышевская наб. пр пр 2062,"Карамышевская наб., пр. пр. 2062",1,rv,Введено,ГРАС,СЗАО,Хорошево-Мневники,55.7601052,37.5183196,manual_exact,exact,True
карамышевская набережная д 13а,"Карамышевская набережная, д. 13А",1,oks,Строится,0762,СЗАО,Хорошёво-Мнёвники,55.7722196,37.4636833,nominatim,tertiary,True
карамышевская набережная дом 22а,"Карамышевская набережная, дом 22А",1,rv,Введено,ФОНД РЕНОВАЦИИ,СЗАО,Хорошево-Мневники,55.7601052,37.5183196,manual_exact,exact,True
карамышевская ул д 60,"КАРАМЫШЕВСКАЯ УЛ., Д. 60",1,rv,Введено,КП УГС,СЗАО,Хорошево-Мневники,55.7601052,37.5183196,manual_exact,exact,True
карельский бульвар вл1/24 (клязьминская ул вл26),"Карельский бульвар, вл.1/24 (Клязьминская ул., вл.26)",1,oks,Строится,ФОНД РЕНОВАЦИИ,САО,Дмитровский,55.88855115,37.53574255,district_centroid,approximate,True
карельский бульвар зу 14/16 к6,"Карельский бульвар, з/у 14/16, К.6",1,rv,Введено,ФОНД РЕНОВАЦИИ,САО,Дмитровский,55.88855115,37.53574255,manual_exact,exact,True
касимовская ул влд. 39/2,"Касимовская ул., влд. 39/2",1,rv,Введено,ФОНД РЕНОВАЦИИ,ЮАО,Бирюлёво Восточное,55.6234134,37.7935045,manual_exact,exact,True
каспийская ул вл 28 корп 1,"Каспийская ул., вл. 28, корп. 1",1,rv,Введено,ФОНД РЕНОВАЦИИ,ЮАО,Царицыно,55.6267611,37.6571114,manual_exact,exact,True
кастанаевская ул д 55 к 1,"КАСТАНАЕВСКАЯ УЛ., Д. 55, К. 1",1,rv,Введено,КП УГС,ЗАО,Фили-Давыдково,55.7212366,37.4622918,manual_exact,exact,True
кастанаевская ул д 55 к 2,"КАСТАНАЕВСКАЯ УЛ., Д. 55, К. 2",1,rv,Введено,КП УГС,ЗАО,Фили-Давыдково,55.7212366,37.4622918,manual_exact,exact,True
кастанаевская улица д70,"Кастанаевская улица, д.70",1,rv,Введено,"ООО ""ЭНЕРГОПРОМСТРОЙ""",ЗАО,Фили-Давыдково,55.7212366,37.4622918,manual_exact,exact,True
каширский пр вл 25 вл 25/1,"Каширский пр. вл. 25 , вл. 25/1",1,rv,Введено,PIONEER,ЮАО,Москворечье-Сабурово,55.6457793,37.6342936,manual_exact,exact,True
каширский проезд дом 25 корпус 1 корпус 3 корпус 4 корпус 5,"Каширский проезд, дом 25, корпус 1 Корпус 3, Корпус 4, корпус 5",1,rv,Введено,PIONEER,ЮАО,Москворечье-Сабурово,55.6457793,37.6342936,manual_exact,exact,True
каширское ш вл 13а,"Каширское ш., вл. 13а",1,oks,Строится,РОСИМУЩЕСТВО,ЮАО,Нагатино-Садовники,55.6120839,37.7173533,nominatim,secondary,True
каширское шоссе,Каширское шоссе,1,oks,Строится,ГРАНЕЛЬ,ЮАО,Нагатино-Садовники,55.6021607,37.7221128,nominatim,primary,True
каширское шоссе вл 1,"Каширское шоссе, вл. 1",1,oks,Строится,ГРАНЕЛЬ,ЮАО,Нагатино-Садовники,55.6746117,37.6454806,district_centroid,approximate,True
каширское шоссе вл 11 корп 3,Каширское шоссе вл. 11 корп. 3,1,rv,Введено,ФОНД РЕНОВАЦИИ,ЮАО,Нагатино-Садовники,55.6746117,37.6454806,manual_exact,exact,True
каширское шоссе вл 51 корп 1,"Каширское шоссе, вл. 51, корп. 1",1,oks,Строится,"ООО ""ЛОГИСТИКА 21 ВЕК""",ЮАО,Москворечье-Сабурово,55.6457793,37.6342936,district_centroid,approximate,True
каширское шоссе вл 74 корп 1 стр 1 2 3 4 5,"Каширское шоссе вл. 74 корп. 1, стр. 1, 2,3,4,5",1,rv,Введено,"ООО СЗ ""ОПТИМУМ-ИНВЕСТ""",ЮАО,Москворечье-Сабурово,55.6457793,37.6342936,manual_exact,exact,True
каширское шоссе вл94 корп3,"КАШИРСКОЕ ШОССЕ, ВЛ.94, КОРП.3",1,rv,Введено,"ГУП Г. МОСКВЫ ""ДИРЕКЦИЯ ГАРАЖНОГО СТРОИТЕЛЬСТВА""",ЮАО,Орехово-Борисово Северное,55.64891065,37.65195075,manual_exact,exact,True
каширское шоссе земельный участок 63/2,"Каширское шоссе, земельный участок 63/2",2,oks,Строится,ПРАВОСЛАВИЕ,ЮАО,Орехово-Борисово Южное,55.6135333,37.7444387,district_centroid,approximate,True
каширское шоссе ореховый бульвар,"Каширское шоссе, Ореховый бульвар",3,oks,Строится,"ЗАО ХК ""АВТОБАН И КО""",ЮАО,Орехово-Борисово Южное,55.6135333,37.7444387,district_centroid,approximate,True
кв-л 16 уч владение1 вблизи д рыжово,"кв-л 16, уч. Владение1, вблизи д. Рыжово",1,oks,Строится,ИНДИВИДУАЛЬНЫЕ ПРЕДПРИНИМАТЕЛИ,ТАО,Вороново,55.323827,37.3468956,district_centroid,approximate,True
кв-л 160 1в к8,"кв-л 160 1В, К8",1,rv,Введено,А101,НАО,Коммунарка,55.581794,37.448441,district_centroid,approximate,True
кв-л 160 зу 1в,"кв-л 160, з/у 1В",3,oks,Строится,А101,НАО,Коммунарка,55.581794,37.448441,district_centroid,approximate,True
кв-л 17 вн.тер.г. некрасовка зу 19,"кв-л 17, вн.тер.г. Некрасовка, з/у 19",1,rv,Введено,КП УГС,ЮВАО,Некрасовка,55.6883621,37.9289173,district_centroid,approximate,True
кв-л 176 зу 2,"кв-л 176, з/у 2",1,oks,Строится,САМОЛЕТ,НАО,Филимонковский,55.5500805,37.314627,district_centroid,approximate,True
кв-л 25 зу 1,"кв-л 25, з/у 1",1,rv,Введено,ПИК,НАО,Филимонковский,55.5500805,37.314627,district_centroid,approximate,True
кв-л 34 двлд. 1 стр 1 стр 2 соор. 3,"КВ-Л 34, ДВЛД. 1, СТР. 1, СТР. 2, СООР. 3",1,rv,Введено,ЛЕРУА МЕРЛЕН,НАО,Московский,55.613434,37.415014,district_centroid,approximate,True
кв-л грайвороново 90а корп12,"кв-л Грайвороново 90А, корп.12",1,rv,Введено,ФОНД РЕНОВАЦИИ,ЮВАО,Текстильщики,55.719618,37.725135,manual_exact,exact,True
кв-л южный зу 13,кв-л Южный з/у 13,1,rv,Введено,"АНО ""РСИ""",НАО,Щербинка,55.49523050000001,37.518144,manual_exact,exact,True
кв. 32-33 корп 35 проспект вернадского,"кв. 32-33, корп. 35, Проспект Вернадского",1,rv,Введено,КП УГС,ЗАО,Проспект Вернадского,55.6729,37.5060646,manual_exact,exact,True
кв. 4 светлогорский пр-д влд. 7/1/1,"кв. 4, Светлогорский пр-д, влд. 7/1/1",1,rv,Введено,ФОНД РЕНОВАЦИИ,СЗАО,Южное Тушино,55.8406297,37.447248,manual_exact,exact,True
квартал 120 земельный участок 81,"квартал 120, земельный участок 81",1,oks,Строится,"АО ""РУБЛЕВО-АРХАНГЕЛЬСКОЕ""",ЗАО,Кунцево,55.792688,37.3426085,geometry,,True
квартал 120 земельный участок 99,"квартал 120, земельный участок 99",1,oks,Строится,"АО ""РУБЛЕВО-АРХАНГЕЛЬСКОЕ""",ЗАО,Кунцево,55.790717,37.3401655,geometry,,True
квартал 17 вн.тер.г. некрасовка зу 22,"квартал 17, вн.тер.г. Некрасовка, з/у 22",1,rv,Введено,КП УГС,ЮВАО,Некрасовка,55.6883621,37.9289173,manual_exact,exact,True
квартал 17 внутренняя территория г. некрасовка зу 19,"квартал 17, внутренняя территория г. Некрасовка, з/у 19",1,rv,Введено,КП УГС,ЮВАО,Некрасовка,55.6883621,37.9289173,manual_exact,exact,True
квартал 173 участок 55/1 нао филимонковское,"квартал 173 участок 55/1, НАО, Филимонковское",1,oks,Строится,ИНДИВИДУАЛЬНЫЕ ПРЕДПРИНИМАТЕЛИ,НАО,Филимонковский,55.5500805,37.314627,district_centroid,approximate,True
квартал 176 земельный участок 1/1,"квартал 176, земельный участок 1/1",1,oks,Строится,САМОЛЕТ,НАО,Филимонковский,55.5500805,37.314627,district_centroid,approximate,True
квартал 176 земельный участок 1/2,"квартал 176, земельный участок 1/2",1,oks,Строится,САМОЛЕТ,НАО,Филимонковский,55.5500805,37.314627,district_centroid,approximate,True
квартал 191 земельный участок 1/3,"квартал 191, земельный участок 1/3",1,oks,Строится,А101,НАО,Коммунарка,55.538786,37.478837999999996,geometry,,True
квартал 24 земельный участок 1а,"квартал 24, земельный участок 1А",3,oks,Строится,ФСК,НАО,Коммунарка,55.581794,37.448441,district_centroid,approximate,True
квартал 61 зу 18,"квартал 61, з/у 18",1,oks,Строится,СТРОЙКОМ,НАО,Троицк,55.5274153,37.2817736,district_centroid,approximate,True
квартал 61а земельный участок 1г,"квартал 61А, земельный участок 1Г",4,rv,Введено,"ООО ""КСК ""ФМ""",НАО,Внуково,55.58975,37.26383705,manual_exact,exact,True
квартал 70 земельный участок 78,"квартал 70, земельный участок 78",4,oks,Строится,ФСК,НАО,Филимонковский,55.5500805,37.314627,district_centroid,approximate,True
квартал 70 земельный участок 78/1,"квартал 70, земельный участок 78/1",1,oks,Строится,ФСК,НАО,Внуково,55.58975,37.26383705,district_centroid,approximate,True
квартал 70 зу 78 нао московский,"квартал 70, зу 78, НАО, Московский",1,oks,Строится,ФСК,НАО,Филимонковский,55.5500805,37.314627,district_centroid,approximate,True
квартал 75 ул саларьевская,"квартал 75, ул. Саларьевская",1,rv,Введено,ПИК,НАО,Коммунарка,55.581794,37.448441,manual_exact,exact,True
квартал 76 зу 3 д саларьево,"квартал 76, з/у 3, д. Саларьево",1,oks,Строится,ПИК,НАО,Коммунарка,55.581794,37.448441,district_centroid,approximate,True
квартал 82 а корпус 9 (бульвар генерала карбышева вл 9 корп 1 вл 11 корп 1),"квартал 82 а , корпус 9 (бульвар Генерала Карбышева, вл. 9, корп. 1, вл. 11 корп. 1)",1,rv,Введено,КОНЦЕРН КРОСТ,СЗАО,Хорошёво-Мнёвники,55.765528,37.4972546,manual_exact,exact,True
квартал 82 р-на хорошево-мневники,квартал 82 р-на Хорошёво-Мневники,3,oks,Строится,КОНЦЕРН КРОСТ,СЗАО,Хорошёво-Мнёвники,55.765528,37.4972546,district_centroid,approximate,True
квартал 83 земельный участок 8,"квартал 83, земельный участок 8",2,oks,Строится,ИНДИВИДУАЛЬНЫЕ ПРЕДПРИНИМАТЕЛИ,НАО,Коммунарка,55.581794,37.448441,district_centroid,approximate,True
квартал 9.2 между ул лобачевского и платформой матвеевское,"квартал 9.2, между ул. Лобачевского и платформой «Матвеевское»",1,rv,Введено,ДОНСТРОЙ,ЗАО,Раменки,55.7010074,37.5041069,manual_exact,exact,True
квартал 90 земельный участок 1,"квартал 90, земельный участок 1",2,oks,Строится,"ООО СЗ ""ФОРМАТ""",НАО,Коммунарка,55.581794,37.448441,district_centroid,approximate,True
квартал № 100 дом 9 строение 1,"квартал № 100, дом 9, строение 1",1,rv,Введено,ПИК,ЗАО,Кунцево,55.74346005,37.39999495,manual_exact,exact,True
квартал № 7 дом 3 корпус 8,"квартал № 7, дом 3, корпус 8",1,rv,Введено,ПИК,НАО,Коммунарка,55.581794,37.448441,district_centroid,approximate,True
квартал № 75 земельный участок 3,"квартал № 75, земельный участок 3",2,oks,Строится,"ООО ""ПРОМ БЕТОН""",ТАО,Коммунарка,55.581794,37.448441,district_centroid,approximate,True
квартал № 84 земельный участок 4,"квартал № 84, земельный участок 4",2,oks,Строится,ОЭК,НАО,Внуково,55.58975,37.26383705,district_centroid,approximate,True
квартал №29 земельный участок 23 земельный участок 27 земельный участок 28,"квартал №29, земельный участок 23, земельный участок 27, земельный участок 28",4,rv,Введено,"АО ""ДСК ""ГОВОРОВО""",ЗАО,Солнцево,55.6521865,37.40060335,manual_exact,exact,True
керченская ул вл2,"Керченская ул., вл.2",1,rv,Введено,ФОНД РЕНОВАЦИИ,ЮЗАО,Зюзино,55.6528725,37.5809917,nominatim,tertiary,True
керченская улица вл 20/1,"Керченская улица, вл. 20/1",1,rv,Введено,ФОНД РЕНОВАЦИИ,ЮЗАО,Зюзино,55.6528725,37.5867464,manual_exact,exact,True
киевское ш 23-й км д 11 к 1,"Киевское ш., 23-й км, д. 11, к. 1",1,rv,Введено,ПИК,НАО,Московский,55.613434,37.415014,manual_exact,exact,True
километр мжд киевское 5-й земельный участок 5/4,"километр МЖД Киевское 5-й, земельный участок 5/4",1,oks,Строится,САМОЛЕТ,ЗАО,Раменки,55.7267115,37.516544499999995,geometry,,True
километр мжд киевское 5-й зу 5/3,Километр МЖД Киевское 5-й з/у 5/3,1,oks,Строится,САМОЛЕТ,ЗАО,Раменки,55.7010074,37.5041069,district_centroid,approximate,True
километр мжд киевское 5-й зу 5/6,Километр МЖД Киевское 5-й з/у 5/6,1,oks,Строится,САМОЛЕТ,ЗАО,Раменки,55.7010074,37.5041069,district_centroid,approximate,True
кирпичная ул д34а стр 3,"КИРПИЧНАЯ УЛ., Д.34А, СТР. 3",1,rv,Введено,"АО ""ЦНИИ ""КУРС""",ВАО,Соколиная гора,55.7726786,37.7361436,manual_exact,exact,True
кленово с.,КЛЕНОВО С.,1,rv,Введено,"ООО ""МОСП""",ТАО,Кленовское,55.50185,37.1284207,manual_exact,exact,True
кленовское квартал 214 земельный участок 2,"Кленовское, квартал 214 земельный участок 2",1,oks,Строится,"ООО ""АЛЕКС""",ТАО,Коммунарка,55.581794,37.448441,district_centroid,approximate,True
кленовское квартал 349 земельный участок 1,"Кленовское, квартал 349 земельный участок 1",1,oks,Строится,"ООО ""АЛЕКС""",ТАО,Коммунарка,55.581794,37.448441,district_centroid,approximate,True
климашкина ул вл 7/11 стр 1,"Климашкина ул., вл. 7/11, стр. 1",1,oks,Строится,"ОБЩЕСТВО С ОГРАНИЧЕННОЙ ОТВЕТСТВЕННОСТЬЮ ""МР ГРУПП""",ЦАО,Пресненский,55.7580051,37.5654894,district_centroid,approximate,True
клинская дом 24а,Клинская дом 24А,1,rv,Введено,"АНО ""РСИ""",САО,Ховрино,55.8643521,37.50288,manual_exact,exact,True
клинская ул вл 2,Клинская ул. вл. 2,1,rv,Введено,КП УГС,САО,Ховрино,55.8658315,37.5041641,nominatim,tertiary,True
клинская улица вл 2 корп 2 3 4,"Клинская улица, вл. 2, корп. 2, 3, 4",1,rv,Введено,КП УГС,САО,Ховрино,55.8643521,37.50288,manual_exact,exact,True
клинская улица дом 12 а,"Клинская улица, дом 12 А",1,rv,Введено,ПРАВОСЛАВИЕ,САО,Ховрино,55.8643521,37.50288,manual_exact,exact,True
км киевское шоссе 23-й (п московский) 12 стр 8,"км Киевское шоссе 23-й (п Московский) 12, Стр 8",1,rv,Введено,LEXION DEVELOPMENT,НАО,Московский,55.613434,37.415014,manual_exact,exact,True
ковалевской софьи ул д 7 стр 1 2,"КОВАЛЕВСКОЙ СОФЬИ УЛ., Д. 7, СТР. 1, 2",1,rv,Введено,ПРАВОСЛАВИЕ,САО,Дмитровский,55.88855115,37.53574255,manual_exact,exact,True
кожуховская линия метрополитена,Кожуховская линия метрополитена,1,rv,Введено,МОСКОВСКИЙ МЕТРОПОЛИТЕН,ЮВАО,Выхино-Жулебино,55.7022001,37.81384715,manual_exact,exact,True
коломенский пр в районе д16,"КОЛОМЕНСКИЙ ПР., В РАЙОНЕ Д.16",1,rv,Введено,НСК,ЮАО,Нагатино-Садовники,55.6746117,37.6454806,manual_exact,exact,True
коломенский проезд вл 13,"Коломенский проезд, вл. 13",2,oks; rv,Строится; Введено,ПРАВОСЛАВИЕ,ЮАО,Нагатино-Садовники,55.6647835,37.6419782,nominatim,secondary,True
коломенский проезд д15а,"Коломенский проезд, д.15А",1,rv,Введено,КП УГС,ЮАО,Нагатино-Садовники,55.6746117,37.6454806,manual_exact,exact,True
кольская улица вл 8,Кольская улица вл. 8,1,oks,Строится,ПИК,СВАО,Бабушкинский,55.8613145,37.651108,geometry,,True
кольская улица земельный участок 7,"Кольская улица, земельный участок 7",1,oks,Строится,ФОНД РЕНОВАЦИИ,СВАО,Свиблово,55.85444735,37.65271355,district_centroid,approximate,True
коммунальная зона александровка ул александровка (проезд 624),"Коммунальная зона Александровка, ул. Александровка (проезд 624)",1,rv,Введено,РАВНОВЕСИЕ КАПИТАЛ,ЗелАО,Крюково,55.9658925,37.173983,manual_exact,exact,True
коммунальная зона гавриково,коммунальная зона Гавриково,2,oks,Строится,А101,ЮЗАО,Южное Бутово,55.54729475,37.5747165,district_centroid,approximate,True
коммунальная зона гавриково уч 4,"коммунальная зона «Гавриково», уч. 4",1,oks,Строится,А101,ЮЗАО,Южное Бутово,55.54729475,37.5747165,district_centroid,approximate,True
коммунальная зона гавриково уч №1,"Коммунальная зона ""Гавриково"", уч. №1",1,rv,Введено,А101,ЮЗАО,Южное Бутово,55.54729475,37.5747165,manual_exact,exact,True
коммунальная зона садки ул поляны вл 12 уч 2,"коммунальная зона ""Садки"", ул. Поляны, вл. 12, уч. 2",1,oks,Строится,"ООО ""КОНСАЛТ ГРУПП""",ЮЗАО,Северное Бутово,55.5692452,37.5794073,district_centroid,approximate,True
коммунальная зона чечера чечерский пр вл 43 (участок № 1),"коммунальная зона ""Чечера"", Чечерский пр., вл. 43 (участок № 1)",1,oks,Строится,ИНДИВИДУАЛЬНЫЕ ПРЕДПРИНИМАТЕЛИ,ЮЗАО,Южное Бутово,55.54729475,37.5747165,district_centroid,approximate,True
коммунальная зона чечера чечерский проезд вл 45 стр 2,"коммунальная зона ""Чечера"", Чечёрский проезд, вл. 45, стр. 2",1,oks,Строится,ИНДИВИДУАЛЬНЫЕ ПРЕДПРИНИМАТЕЛИ,ЮЗАО,Южное Бутово,55.54729475,37.5747165,district_centroid,approximate,True
коммунарка квартал 160 земельный участок 1в,"Коммунарка, квартал 160, земельный участок 1В",1,rv,Введено,А101,НАО,Коммунарка,55.581794,37.448441,manual_exact,exact,True
коммунарка квартал 226 земельный участок 3/3,"Коммунарка, квартал 226, земельный участок 3/3",4,oks; rv,Строится; Введено,А101,НАО,Коммунарка,55.595963,37.428412,geometry_permit,,True
коммунарка пос,Коммунарка пос.,1,rv,Введено,А101,НАО,Коммунарка,55.5811078,37.4699875,nominatim,commercial,True
коммунарка пос (вблизи),КОММУНАРКА ПОС. (ВБЛИЗИ),1,rv,Введено,"ООО ""МОСП""",НАО,Сосенское,55.581794,37.417744,manual_exact,exact,True
коммунарка пос уч 29,Коммунарка пос. уч. 29,1,rv,Введено,А101,НАО,Коммунарка,55.581794,37.448441,manual_exact,exact,True
коммунарка пос уч 318ю,"Коммунарка пос., уч. 318ю",1,oks,Строится,"ООО ""АРТЕС""",НАО,Коммунарка,55.581794,37.448441,district_centroid,approximate,True
коммунарка поселение сосенское,"Коммунарка, поселение Сосенское",1,rv,Введено,КП УГС,НАО,Коммунарка,55.581794,37.448441,manual_exact,exact,True
коммунарка улица сосенский стан дом 8,"Коммунарка, улица Сосенский Стан, дом 8",1,rv,Введено,КП УГС,НАО,Сосенское,55.5676919,37.4666941,nominatim,hospital,True
комплексная жилая застройка с объектами социальной и инженерной инфраструктуры. шестая очередь строительства:1-ый этап - жилой дом 25.,Комплексная жилая застройка с объектами социальной и инженерной инфраструктуры. Шестая очередь строительства:1-ый этап - Жилой дом 25.,1,oks,Строится,САМОЛЕТ,НАО,Щербинка,55.49523050000001,37.518144,district_centroid,approximate,True
комсомольский проспект земельный участок 21/2,"Комсомольский проспект, земельный участок 21/2",1,oks,Строится,"ООО ""КОНОН""",ЦАО,Хамовники,55.72162725,37.5633727,district_centroid,approximate,True
корабельная зу 7,Корабельная з/у 7,1,rv,Введено,РЕЧНИКОВ ИНВЕСТ,ЮАО,Нагатинский Затон,55.6820448,37.6907376,manual_exact,exact,True
корабельная ул д 15,"КОРАБЕЛЬНАЯ УЛ., Д. 15",1,rv,Введено,РЕЧНИКОВ ИНВЕСТ,ЮАО,Нагатинский Затон,55.6820448,37.6907376,manual_exact,exact,True
коровий вал ул д5,"КОРОВИЙ ВАЛ УЛ., Д.5",1,rv,Введено,"АО ""КМКИ ""ДОБРЫНИНСКИЙ""",ЦАО,Замоскворечье,55.7402846,37.6328629,manual_exact,exact,True
коровинское шоссе,Коровинское шоссе,1,oks,Строится,ПИК,САО,Западное Дегунино,55.879594499999996,37.505851,geometry_address,,True
коровинское шоссе вл 2а,Коровинское шоссе вл. 2А,1,rv,Введено,КП УГС,САО,Бескудниковский,55.8883271,37.5126714,nominatim,secondary,True
коровинское шоссе вл 35 ул ижорская вл 6 8,"Коровинское шоссе, вл. 35, ул. Ижорская, вл. 6, 8",1,oks,Строится,ПИК,САО,Западное Дегунино,55.8710935,37.5304893,district_centroid,approximate,True
коровинское шоссе вл 41а корп 1 корпус 2,"Коровинское шоссе, вл. 41А , корп. 1, корпус 2",1,rv,Введено,"ООО ""УПРАВЛЯЮЩАЯ КОМПАНИЯ ПРОМЕТЕЙ""",САО,Западное Дегунино,55.8710935,37.5304893,manual_exact,exact,True
коровинское шоссе вл 4а,Коровинское шоссе вл. 4А,1,rv,Введено,КП УГС,САО,Бескудниковский,55.8883271,37.5126714,nominatim,secondary,True
коровинское шоссе вл41,"КОРОВИНСКОЕ ШОССЕ, ВЛ.41",1,rv,Введено,"ООО ""ОФИССТРОЙ-Л""",САО,Западное Дегунино,55.8710935,37.5304893,manual_exact,exact,True
коровинское шоссе влд.35 ижорская ул влд.6 и 8,"Коровинское шоссе, влд.35, Ижорская ул., влд.6 и 8",2,oks,Строится,ПИК,САО,Западное Дегунино,55.8710935,37.5304893,district_centroid,approximate,True
коровинское шоссе д 10,"Коровинское шоссе, д. 10",1,rv,Введено,ФОНД РЕНОВАЦИИ,САО,Бескудниковский,55.8685104,37.5382384,nominatim,secondary,True
коровинское шоссе земельный участок 2/4,"Коровинское шоссе, земельный участок 2/4",1,oks,Строится,ФОНД РЕНОВАЦИИ,САО,Бескудниковский,55.8725195,37.5462316,district_centroid,approximate,True
коровинское шоссе земельный участок 4/6,"Коровинское шоссе, земельный участок 4/6",1,oks,Строится,ФОНД РЕНОВАЦИИ,САО,Бескудниковский,55.8725195,37.5462316,district_centroid,approximate,True
коровинское шоссе зу 35/18,"Коровинское шоссе, з/у 35/18",2,rv,Введено,ПИК,САО,Западное Дегунино,55.8710935,37.5304893,manual_exact,exact,True
коровинское шоссе уч 35/18,"Коровинское шоссе, уч. 35/18",2,rv,Введено,ПИК,САО,Западное Дегунино,55.8710935,37.5304893,manual_exact,exact,True
королева академика вл 21,"Королева Академика, вл. 21",1,rv,Введено,ФОНД РЕНОВАЦИИ,СВАО,Марфино,55.8242486,37.5940059,nominatim,residential,True
корп2 – рф 123100 г. москва ул мантулинская д 9 к 4 корп3-рф 123100 г.москва ул мантулинская д9 к3 тп 3- тп 4 рф,"Корп.2 – РФ, 123100,г. Москва, ул. Мантулинская д. 9 к. 4 Корп.3-РФ, 123100, г.Москва, ул. Мантулинская д.9, к.3 ТП 3- ТП 4 РФ",1,rv,Введено,МОНАРХ,ЦАО,Пресненский,55.7580051,37.5654894,manual_exact,exact,True
косино-ухтомский,Косино-Ухтомский,1,rv,Введено,МОСКОВСКИЙ МЕТРОПОЛИТЕН,ВАО,Косино-Ухтомский,55.722810325,37.8601839,manual_exact,exact,True
косинская б. ул вл 10,Косинская Б. ул. вл. 10,1,oks,Строится,"ООО ""ТРЕЛАС ГРУПП""",ВАО,Косино-Ухтомский,55.722810325,37.8601839,district_centroid,approximate,True
костомаровский пер вл15,"Костомаровский пер., вл.15",1,oks,Строится,"АО СЗ ""ЦЕНТР-ИНВЕСТ""",ЦАО,Таганский,55.7496628,37.6666209,nominatim,secondary,True
костомаровский пер земельный участок 11/1,"Костомаровский пер. , земельный участок 11/1",1,rv,Введено,STONE,ЦАО,Таганский,55.75004445,37.6571372,manual_exact,exact,True
костянский пер вл 13 стр 1,"Костянский пер., вл. 13, стр. 1",1,rv,Введено,НЕОСТРОЙ,ЦАО,Красносельский,55.7778643,37.6749192,manual_exact,exact,True
косыгина влд. 28,"Косыгина, влд. 28",2,rv,Введено,АНО РСИО,ЗАО,Раменки,55.7010074,37.5041069,manual_exact,exact,True
косыгина ул вл 28,Косыгина ул. вл. 28,1,rv,Введено,"ООО ""ЭКСТРИМ-ПАРК ""ВОРОБЬЕВЫ ГОРЫ""",ЗАО,Раменки,55.7072434,37.5680348,nominatim,secondary,True
котельническая набережная д 31,"КОТЕЛЬНИЧЕСКАЯ НАБЕРЕЖНАЯ, Д. 31",1,rv,Введено,"АО ""ГАРУС""",ЦАО,Таганский,55.75004445,37.6571372,manual_exact,exact,True
котляковская ул влд. 6 влд. 6 стр 3 стр 5-11 влд. 6 стр 2 12 13,"Котляковская ул., влд. 6; влд. 6, стр. 3, стр. 5-11, влд. 6, стр. 2, 12, 13",1,oks,Строится,АБ КАПИТАЛ,ЮАО,Москворечье-Сабурово,55.6457793,37.6342936,district_centroid,approximate,True
котляковский 2-й пер вл 1 ( москворечье-сабурово),"Котляковский 2-й пер. вл. 1 (, Москворечье-Сабурово)",1,rv,Введено,PIONEER,ЮАО,Москворечье-Сабурово,55.6457793,37.6342936,manual_exact,exact,True
красноармейская ул влд. 11 сао аэропорт,"Красноармейская ул., влд. 11, САО, Аэропорт",1,oks,Строится,МАНГАЗЕЯ,САО,Аэропорт,55.80185185000001,37.5368174,district_centroid,approximate,True
краснобогатырская вл 38,"Краснобогатырская, вл. 38",2,rv,Введено,BESTCON,ВАО,Богородское,55.8163822,37.6905871,nominatim,unclassified,True
краснобогатырская ул вблизи вл 38,"Краснобогатырская ул., вблизи вл. 38",1,rv,Введено,ФОНД РЕНОВАЦИИ,ВАО,Богородское,55.81164245,37.7153353,manual_exact,exact,True
краснобогатырская ул д 24,"КРАСНОБОГАТЫРСКАЯ УЛ., Д. 24",1,rv,Введено,ГЛАВСТРОЙ,ВАО,Богородское,55.81164245,37.7153353,manual_exact,exact,True
краснобогатырская ул д90 стр 2,"КРАСНОБОГАТЫРСКАЯ УЛ., Д.90, СТР. 2",1,rv,Введено,ГАЛС,ВАО,Преображенское,55.79672395,37.7208723,manual_exact,exact,True
красногвардейский бульвар дом 15 строение 2,"Красногвардейский бульвар, дом 15, строение 2",1,rv,Введено,ЭТАЛОН,ЦАО,Пресненский,55.7580051,37.5654894,manual_exact,exact,True
красного маяка ул вл 19 корп 1,Красного маяка ул. вл. 19 корп. 1,1,rv,Введено,ПРАВОСЛАВИЕ,ЮАО,Чертаново Центральное,55.6170863,37.5959994,manual_exact,exact,True
краснодарская ул вл 52-56,"Краснодарская ул., вл. 52-56",1,oks,Строится,"ООО ""КРД 52""",ЮВАО,Люблино,55.6681995,37.7454006,district_centroid,approximate,True
краснодарская ул д 66 корп 2,"КРАСНОДАРСКАЯ УЛ., Д. 66, КОРП. 2",1,rv,Введено,"ГУП Г. МОСКВЫ ""ДИРЕКЦИЯ ГАРАЖНОГО СТРОИТЕЛЬСТВА""",ЮВАО,Люблино,55.6681995,37.7454006,manual_exact,exact,True
краснодарская ул д50,"КРАСНОДАРСКАЯ УЛ., Д.50",1,rv,Введено,ПРАВОСЛАВИЕ,ЮВАО,Люблино,55.6681995,37.7454006,manual_exact,exact,True
краснодонская ул вл 35,Краснодонская ул. вл. 35,1,rv,Введено,О`КЕЙ,ЮВАО,Люблино,55.6838396,37.7504414,nominatim,secondary,True
краснодонская ул земельный участок 16/19,"Краснодонская ул., земельный участок 16/19",1,oks,Строится,ГОРИЗОНТ ДЕВЕЛОПМЕНТ,ЮВАО,Люблино,55.6681995,37.7454006,district_centroid,approximate,True
красноказарменная ул вл 15,Красноказарменная ул. вл. 15,1,rv,Введено,ПИК,ЮВАО,Лефортово,55.7540521,37.7089671,nominatim,secondary,True
красноказарменная ул д 14а корп 6,"Красноказарменная ул., д. 14А, корп. 6",1,rv,Введено,"ООО ""ТЕХНОСТРОЙ""",ЮВАО,Лефортово,55.754854,37.70693,manual_exact,exact,True
краснопахорское кв-л 61 зу 1,"Краснопахорское, кв-л 61, з/у 1",2,rv,Введено,ПИК,ТАО,Краснопахорский,55.3943301,37.0617999,manual_exact,exact,True
краснопахорское с.былово вл1г,"Краснопахорское, с.Былово, вл.1Г",1,rv,Введено,"ООО ""ТСП""",ТАО,Краснопахорский,55.3943301,37.0617999,manual_exact,exact,True
краснопресненская наб. вл 14 стр 1,"Краснопресненская наб., вл. 14, стр. 1",1,oks,Строится,CAPITAL GROUP,ЦАО,Пресненский,55.7580051,37.5654894,district_centroid,approximate,True
краснопресненская наб. д 12,"КРАСНОПРЕСНЕНСКАЯ НАБ., Д. 12",1,rv,Введено,"АО ""БФ""",ЦАО,Пресненский,55.7580051,37.5654894,manual_exact,exact,True
краснопресненская наб. зу 14/15,"Краснопресненская наб., з/у 14/15",1,oks,Строится,"ООО СЗ ""1-Й КРАСНОГВАРДЕЙСКИЙ""",ЦАО,Пресненский,55.7580051,37.5654894,district_centroid,approximate,True
краснопресненская наб. уч№15,Краснопресненская наб. уч.№15,1,rv,Введено,CAPITAL GROUP,ЦАО,Пресненский,55.7527794,37.5552355,nominatim,secondary,True
краснопресненская набережная вл 14,"Краснопресненская набережная, вл. 14",1,rv,Введено,CAPITAL GROUP,ЦАО,Пресненский,55.7537103,37.5584278,nominatim,secondary,True
краснопресненская набережная земельный участок 16/1,"Краснопресненская набережная, земельный участок 16/1",1,oks,Строится,ГАЛС,ЦАО,Пресненский,55.7580051,37.5654894,district_centroid,approximate,True
краснопресненская набережная ммдц москва-сити участок № 11,"КРАСНОПРЕСНЕНСКАЯ НАБЕРЕЖНАЯ, ММДЦ ""МОСКВА-СИТИ"", УЧАСТОК № 11",1,rv,Введено,"Акционерная компании с ограниченной ответственностью ""СИТЕР ИНВЕСТ БИ ВИ"" (НИДЕРЛАНДЫ)",ЦАО,Пресненский,55.7580051,37.5654894,manual_exact,exact,True
краснопресненская набережная ммдц сити,"Краснопресненская набережная, ММДЦ ""Сити""",1,rv,Введено,"Представительство Компании с ограниченной ответственностью ЛИСАРИО ТРЕЙДИНГ ЛИМИТЕД (Республика Кипр), ООО ""ИНВЕСТПРОФИ""",ЦАО,Пресненский,55.7580051,37.5654894,manual_exact,exact,True
краснопресненская набережная участок № 4 ммдц москва-сити,"Краснопресненская набережная, участок № 4 ММДЦ ""Москва-Сити""",1,oks,Строится,SEZAR GROUP,ЦАО,Пресненский,55.7580051,37.5654894,district_centroid,approximate,True
красноярская ул вл 11 (напротив),Красноярская ул. вл. 11 (напротив),2,rv,Введено,ПРАВОСЛАВИЕ,ВАО,Гольяново,55.8073766,37.7566198,manual_exact,exact,True
крекшино,"""Крекшино""",3,rv,Введено,КОРПОРАЦИЯ БАРКЛИ,НАО,Марушкинское,55.5778111,37.1097363,nominatim,station,True
кременчугская ул вл 11,Кременчугская ул. вл. 11,1,rv,Введено,ПРАВИТЕЛЬСТВО РОССИЙСКОЙ ФЕДЕРАЦИИ,ЗАО,Фили-Давыдково,55.7205263,37.4622918,nominatim,tertiary,True
кременчугская ул д 3,Кременчугская ул. д. 3,1,rv,Введено,ПРОТЕК,ЗАО,Фили-Давыдково,55.7184753,37.4617422,nominatim,tertiary,True
криворожская ул зу 1/3/5,"Криворожская ул., з/у 1/3/5",1,oks,Строится,ФОНД РЕНОВАЦИИ,ЮАО,Нагорный,55.67199305,37.6133392,district_centroid,approximate,True
кронштадский бульвар вл 9 стр 1.4,"Кронштадский бульвар, вл. 9, стр. 1.4",1,rv,Введено,ПИК,САО,Головинский,55.84324995,37.488648850000004,geometry_permit,,True
кронштадтский бульв. вл 9,Кронштадтский бульв. вл. 9,1,rv,Введено,ПИК,САО,Головинский,55.84324995,37.49734265,manual_exact,exact,True
кронштадтский бульв. д14,"Кронштадтский бульв., д.14",2,rv,Введено,ПИК,САО,Головинский,55.84324995,37.49734265,manual_exact,exact,True
кронштадтский бульвар,Кронштадтский бульвар,1,oks,Строится,ПИК,САО,Головинский,55.8437411,37.5027366,nominatim,tertiary,True
кронштадтский бульвар 27,Кронштадтский бульвар 27,1,rv,Введено,ФОНД РЕНОВАЦИИ,САО,Головинский,55.8440345,37.4971218,nominatim,apartments,True
кронштадтский бульвар вл 14,"Кронштадтский бульвар, вл. 14",1,oks,Строится,ПИК,САО,Головинский,55.840683999999996,37.4975635,geometry,,True
кронштадтский бульвар вл 16а влд. 18,"Кронштадтский бульвар, вл. 16А, влд. 18",1,oks,Строится,ПИК,САО,Головинский,55.84324995,37.49734265,district_centroid,approximate,True
кронштадтский бульвар вл 55а,"Кронштадтский бульвар, вл. 55А",1,rv,Введено,ФОНД РЕНОВАЦИИ,САО,Головинский,55.84324995,37.49734265,manual_exact,exact,True
кронштадтский бульвар земельный участок 9,"Кронштадтский бульвар, земельный участок 9",1,rv,Введено,ПИК,САО,Головинский,55.84324995,37.488648850000004,geometry_permit,,True
крт № 8 в производственной зоне № 38 кунцево,"КРТ № 8 в производственной зоне № 38 ""Кунцево""",1,oks,Строится,ГЛАВСТРОЙ,ЗАО,Кунцево,55.74346005,37.39999495,district_centroid,approximate,True
крылатская ул вл37,"КРЫЛАТСКАЯ УЛ., ВЛ.37",1,rv,Введено,"ОБЩЕСТВО С ОГРАНИЧЕННОЙ ОТВЕТСТВЕННОСТЬЮ ""ДЫМОВСКОЕ КОЛБАСНОЕ ПРОИЗВОДСТВО""",ЗАО,Крылатское,55.7493698,37.4120281,manual_exact,exact,True
крылатская ул д30а,"КРЫЛАТСКАЯ УЛ., Д.30А",1,rv,Введено,"ООО ""ЯКМАРИЯ""",ЗАО,Крылатское,55.7493698,37.4120281,manual_exact,exact,True
крылатская улица вл 23 а,"Крылатская улица, вл. 23 А",1,oks,Строится,"ООО ""ЕВРО-БАЛ""",ЗАО,Крылатское,55.7484518,37.4280914,nominatim,secondary,True
крылатские холмы ул вл 51.,Крылатские холмы ул. вл. 51.,1,rv,Введено,"ГБУ ""ДИРЕКЦИЯ РАЗВИТИЯ ОБЪЕКТОВ ЗДРАВООХРАНЕНИЯ ГОРОДА МОСКВЫ""",ЗАО,Крылатское,55.7493698,37.4120281,manual_exact,exact,True
крюково 16-й микрорайон проезд №648 (г. москва зеленоград 16 мкр. панфиловский пр-т 23),"Крюково,16-й микрорайон, проезд №648 (г. Москва, Зеленоград, 16 мкр., Панфиловский пр-т, 23)",2,oks,Строится,ПРАВОСЛАВИЕ,ЗелАО,Силино,56.0080842,37.1406636,district_centroid,approximate,True
крюково д андреевка,"КРЮКОВО, Д. АНДРЕЕВКА",2,rv,Введено,ПИК,ЗелАО,Крюково,55.9658925,37.173983,manual_exact,exact,True
крюково дер андреевка корп 10,"Крюково, дер. Андреевка, корп. 10",1,rv,Введено,ПИК,ЗелАО,Крюково,55.9658925,37.173983,manual_exact,exact,True
крюково ул александровка влд. 4,"Крюково, ул. Александровка, влд. 4",1,rv,Введено,"ООО ""БАЗИС""",ЗелАО,Крюково,55.9658925,37.173983,manual_exact,exact,True
кспх химки,"КСПХ ""Химки""",1,rv,Введено,ФСК,САО,Молжаниновский,55.9367,37.377,manual_exact,exact,True
ксхп химки,"КСХП ""Химки""",2,rv,Введено,САМОЛЕТ,САО,Молжаниновский,55.9367,37.377,manual_exact,exact,True
куна белы пл. вл 1,Куна Белы пл. вл. 1,1,rv,Введено,ФОНД РЕНОВАЦИИ,ВАО,Гольяново,55.8073766,37.7566198,manual_exact,exact,True
кунцево крт № 9,"Кунцево, КРТ № 9",1,oks,Строится,ГЛАВСТРОЙ,ЗАО,Кунцево,55.74346005,37.39999495,district_centroid,approximate,True
кунцево молодогвардейская ул 22,"Кунцево, Молодогвардейская ул., 22",1,rv,Введено,ПИК,ЗАО,Кунцево,55.7342706,37.4206292,nominatim,apartments,True
кунцево у д захарково,Кунцево у д. Захарково,2,oks,Строится,"АО ""РУБЛЕВО-АРХАНГЕЛЬСКОЕ""",ЗАО,Кунцево,55.74346005,37.39999495,district_centroid,approximate,True
кунцево у д захарково квартал а24,"Кунцево, у д. Захарково, квартал А24",1,rv,Введено,"АО ""РУБЛЕВО-АРХАНГЕЛЬСКОЕ""",ЗАО,Кунцево,55.74346005,37.39999495,manual_exact,exact,True
куприна земельный участок 3,"Куприна, земельный участок 3",1,rv,Введено,А101,НАО,Внуково,55.58975,37.26383705,manual_exact,exact,True
курганская д6а,"КУРГАНСКАЯ, Д.6А",1,rv,Введено,"ООО ""СТРОЙИНВЕСТГРУПП""",ВАО,Гольяново,55.8073766,37.7566198,manual_exact,exact,True
курилово пос (вблизи),КУРИЛОВО ПОС. (ВБЛИЗИ),1,rv,Введено,"ООО ""ШСК""",ТАО,Щаповское,55.50185,37.1284207,manual_exact,exact,True
курилово пос территория ооо ррм-логистик,"КУРИЛОВО ПОС., ТЕРРИТОРИЯ ООО РРМ-ЛОГИСТИК",1,rv,Введено,"ООО ""РРМ-ЛОГИСТИК""",ТАО,Щаповское,55.50185,37.1284207,manual_exact,exact,True
куркино воротынская вл 14 корп 1,"Куркино, Воротынская вл 14 корп. 1",3,oks,Строится,ПРАВОСЛАВИЕ,СЗАО,Куркино,55.8953035,37.384267,district_centroid,approximate,True
куркино мкад 74 км (внешняя сторона),"Куркино, МКАД 74 км (внешняя сторона)",1,oks,Строится,"ООО ""ДУНФАН СЕРВИС""",СЗАО,Куркино,55.8953035,37.384267,district_centroid,approximate,True
куркинское шоссе 29,"Куркинское шоссе, 29",1,rv,Введено,"АО ""УКС ИКС И Д""",СЗАО,Куркино,55.8845173,37.3823299,nominatim,hospital,True
куркинское шоссе д17 корп 2,"КУРКИНСКОЕ ШОССЕ, Д.17, КОРП. 2",1,rv,Введено,"ГУП Г. МОСКВЫ ""ДИРЕКЦИЯ ГАРАЖНОГО СТРОИТЕЛЬСТВА""",СЗАО,Куркино,55.8953035,37.384267,manual_exact,exact,True
курсовой пер д10,"КУРСОВОЙ ПЕР., Д.10",1,rv,Введено,VESPER,ЦАО,Хамовники,55.72162725,37.5633727,manual_exact,exact,True
кусковская ул д 1д,"КУСКОВСКАЯ УЛ., Д. 1Д",1,rv,Введено,"ОАО ""ГИСС""",ВАО,Перово,55.7468432,37.7887908,manual_exact,exact,True
кутузовский пр-т вл 36,"Кутузовский пр-т, вл. 36",2,oks,Строится,ГЛАВСТРОЙ,ЗАО,Дорогомилово,55.7398697,37.5365271,district_centroid,approximate,True
кутузовский пр-т д 78,Кутузовский пр-т д. 78,1,oks,Строится,ФОНД РЕНОВАЦИИ,ЗАО,Фили-Давыдково,55.7212366,37.4622918,district_centroid,approximate,True
кутузовский просп. вл 12,Кутузовский просп. вл. 12,1,oks,Строится,VESPER,ЗАО,Дорогомилово,55.7378625,37.5228633,nominatim,unclassified,True
кутузовский просп. вл 12/1 12/2 12/4,"Кутузовский просп. вл. 12/1, 12/2, 12/4",1,oks,Строится,CAPITAL GROUP,ЗАО,Дорогомилово,55.7398697,37.5365271,district_centroid,approximate,True
кутузовский проспект вл 12 14а,"Кутузовский проспект, вл. 12, 14А",4,oks; rv,Строится; Введено,КИЕВСКАЯ ПЛОЩАДЬ,ЗАО,Дорогомилово,55.7398697,37.5365271,district_centroid,approximate,True
кутузовский проспект вл 12/2 12/6,"Кутузовский проспект, вл. 12/2, 12/6",1,oks,Строится,CAPITAL GROUP,ЗАО,Дорогомилово,55.7398697,37.5365271,district_centroid,approximate,True
кутузовский проспект дом/владение дом 32 корпус 3,"Кутузовский проспект, дом/владение дом 32, корпус 3",1,rv,Введено,ОДРЕГОН ХОЛДИНГС ЛИМИТЕД,ЗАО,Дорогомилово,55.7398697,37.5365271,manual_exact,exact,True
куусинена ул вл 21/21а,"Куусинена ул., вл. 21/21а",2,oks,Строится,АКВИЛОН,САО,Хорошёвский,55.7801228,37.5325428,district_centroid,approximate,True
л. иловайская земельный участок 4,"л. Иловайская, земельный участок 4",1,rv,Введено,ПИК,ЮВАО,Люблино,55.6681995,37.7454006,manual_exact,exact,True
лавров переулок вл 6,"Лавров переулок, вл. 6",1,oks,Строится,МИНПРОМТОРГ РОССИИ,ЦАО,Таганский,55.7333988,37.6607285,nominatim,residential,True
лазоревый пр д 1,"ЛАЗОРЕВЫЙ ПР., Д. 1",1,rv,Введено,PIONEER,СВАО,Свиблово,55.85444735,37.65271355,manual_exact,exact,True
лазоревый пр д 1а к 1 – к 3,"ЛАЗОРЕВЫЙ ПР., Д. 1А, К. 1 – К. 3",1,rv,Введено,PIONEER,СВАО,Свиблово,55.85444735,37.65271355,manual_exact,exact,True
лазоревый проезд вл 3 стр 2,"Лазоревый проезд, вл. 3, стр. 2",1,rv,Введено,PIONEER,СВАО,Свиблово,55.85444735,37.65271355,manual_exact,exact,True
лаптева зу 4,Лаптева з/у 4,2,oks,Строится,АБСОЛЮТ,НАО,Филимонковский,55.5500805,37.314627,district_centroid,approximate,True
лаптева ул д 12,"ЛАПТЕВА УЛ., Д. 12",1,rv,Введено,АБСОЛЮТ,НАО,Московский,55.613434,37.415014,manual_exact,exact,True
лапшинка дер (в районе),Лапшинка дер. (в районе),2,oks; rv,Строится; Введено,"АО ""УКС ИКС И Д""; ООО ""УК ПРОМСВЯЗЬ""",ЗАО,Ново-Переделкино,55.644386,37.3591625,district_centroid,approximate,True
левобережная ул д4 корп3,"ЛЕВОБЕРЕЖНАЯ УЛ., Д.4, КОРП.3",1,rv,Введено,МИНОБОРОНЫ РОССИИ,САО,Ховрино,55.8643521,37.50288,manual_exact,exact,True
левобережный мкр.2 корпус 28,"Левобережный, мкр.2, корпус 28",1,rv,Введено,"АО СЗ ""ЦЕНТР-ИНВЕСТ""",САО,Левобережный,55.8692475,37.4578945,manual_exact,exact,True
левобережный ховрино,"Левобережный, Ховрино",1,rv,Введено,МОСКОВСКИЙ МЕТРОПОЛИТЕН,САО,Левобережный,55.8605337,37.4675129,nominatim,public_service,True
ленинградский просп. вл 37,Ленинградский просп. вл. 37,1,oks,Строится,OPTIMA DEVELOPMENT,САО,Хорошёвский,55.8002773,37.5325428,nominatim,primary,True
ленинградский просп. вл31,"ЛЕНИНГРАДСКИЙ ПРОСП., ВЛ.31",1,rv,Введено,ВТБ,САО,Беговой,55.7828983,37.563588,manual_exact,exact,True
ленинградский просп. д 36 корп 13,"ЛЕНИНГРАДСКИЙ ПРОСП., Д. 36, КОРП. 13",1,rv,Введено,ВТБ,САО,Аэропорт,55.80185185000001,37.5368174,manual_exact,exact,True
ленинградский просп. д 36 стр 31 33,"ЛЕНИНГРАДСКИЙ ПРОСП., Д. 36, СТР. 31, 33",1,rv,Введено,ВТБ,САО,Аэропорт,55.80185185000001,37.5368174,manual_exact,exact,True
ленинградский просп. д36 стр 9,"ЛЕНИНГРАДСКИЙ ПРОСП., Д.36, СТР. 9",1,rv,Введено,ВТБ,САО,Аэропорт,55.80185185000001,37.5368174,manual_exact,exact,True
ленинградский проспект вл 36,"Ленинградский проспект, вл. 36",1,rv,Введено,ВТБ,САО,Аэропорт,55.7970326,37.539885,nominatim,primary,True
ленинградский проспект вл 36 корп 9 10 11,"Ленинградский проспект, вл. 36, корп. 9,10,11",1,rv,Введено,ВТБ,САО,Аэропорт,55.80185185000001,37.5368174,manual_exact,exact,True
ленинградский проспект вл 37,"Ленинградский проспект, вл. 37",1,oks,Строится,"ООО ""СЗ СТАРТ-АВИАЦЕНТР""",САО,Хорошёвский,55.7929202,37.548719,nominatim,primary,True
ленинградский проспект вл 39,"Ленинградский проспект, вл. 39",8,oks,Строится,"ООО ""АРЕНАСТРОЙ""",САО,Хорошёвский,55.8002773,37.5325428,nominatim,primary,True
ленинградский проспект вл 8,"Ленинградский проспект, вл. 8",1,rv,Введено,MR GROUP,САО,Беговой,55.7929202,37.548719,nominatim,primary,True
ленинградский проспект вл37,"Ленинградский проспект, вл.37",3,oks; rv,Строится; Введено,OPTIMA DEVELOPMENT,САО,Хорошёвский,55.7970326,37.539885,nominatim,primary,True
ленинградский проспект д 36 к 13,"Ленинградский проспект, д. 36, к. 13",1,oks,Строится,ГАЛС,САО,Аэропорт,55.80185185000001,37.5368174,district_centroid,approximate,True
ленинградский проспект дом 37/4 дом 37/5 дом 37/6,"Ленинградский проспект, дом 37/4, дом 37/5, дом 37/6",1,rv,Введено,OPTIMA DEVELOPMENT,САО,Хорошевский,55.7953866,37.504053,manual_exact,exact,True
ленинградский проспект дом 37а корпус 5,"Ленинградский проспект, дом 37А, корпус 5",1,rv,Введено,AB DEVELOPMENT,САО,Хорошевский,55.7953866,37.504053,manual_exact,exact,True
ленинградский проспект зу 37а/1,"Ленинградский проспект, з/у 37А/1",1,oks,Строится,"ООО ""ТЕРРАНОВА""",САО,Хорошёвский,55.7801228,37.5325428,district_centroid,approximate,True
ленинградское ш,Ленинградское ш.,1,oks,Строится,LEGENDA,САО,Левобережный,55.8838468,37.4420495,nominatim,trunk,True
ленинградское ш вл 57 зу 57/10,"Ленинградское ш., вл. 57, з/у 57/10",1,oks,Строится,LEGENDA,САО,Левобережный,55.8692475,37.4578945,district_centroid,approximate,True
ленинградское ш вл58 стр14 21,"Ленинградское ш., вл.58, стр.14, 21",1,rv,Введено,ЛСР,САО,Головинский,55.84324995,37.49734265,manual_exact,exact,True
ленинградское шоссе,Ленинградское шоссе,9,oks; rv,Строится; Введено,ФСК; LEGENDA,САО,Молжаниновский,55.9316885,37.3833655,geometry,,True
ленинградское шоссе (территория молжаниновского района зона 51.1),"Ленинградское шоссе (территория Молжаниновского района, зона 51.1)",1,oks,Строится,САМОЛЕТ,САО,Молжаниновский,55.9367,37.377,district_centroid,approximate,True
ленинградское шоссе (территория молжаниновского района зона 51.2),"Ленинградское шоссе (территория Молжаниновского района, зона 51.2)",1,oks,Строится,САМОЛЕТ,САО,Молжаниновский,55.9367,37.377,district_centroid,approximate,True
ленинградское шоссе (территория молжаниновского района зона 54.1),"Ленинградское шоссе (территория Молжаниновского района, зона 54.1)",1,oks,Строится,САМОЛЕТ,САО,Молжаниновский,55.9367,37.377,district_centroid,approximate,True
ленинградское шоссе (территория молжаниновского района зона 67.1),"Ленинградское шоссе (территория Молжаниновского района, зона 67.1)",1,oks,Строится,САМОЛЕТ,САО,Молжаниновский,55.9367,37.377,district_centroid,approximate,True
ленинградское шоссе (территория молжаниновского района зона 72.1),"Ленинградское шоссе (территория Молжаниновского района, зона 72.1)",1,oks,Строится,САМОЛЕТ,САО,Молжаниновский,55.9367,37.377,district_centroid,approximate,True
ленинградское шоссе (территория молжаниновского района зона 73.1),"Ленинградское шоссе (территория Молжаниновского района, зона 73.1)",1,oks,Строится,САМОЛЕТ,САО,Молжаниновский,55.9367,37.377,district_centroid,approximate,True
ленинградское шоссе (территория молжаниновского района зона 76.1),"Ленинградское шоссе (территория Молжаниновского района, зона 76.1)",1,oks,Строится,САМОЛЕТ,САО,Молжаниновский,55.9367,37.377,district_centroid,approximate,True
ленинградское шоссе (территория молжаниновского района зона 79.1),"Ленинградское шоссе (территория Молжаниновского района, зона 79.1)",1,oks,Строится,САМОЛЕТ,САО,Молжаниновский,55.9367,37.377,district_centroid,approximate,True
ленинградское шоссе (территория молжаниновского района зона 82.1),"Ленинградское шоссе (территория Молжаниновского района, зона 82.1)",1,oks,Строится,САМОЛЕТ,САО,Молжаниновский,55.9367,37.377,district_centroid,approximate,True
ленинградское шоссе вл 39/1,"Ленинградское шоссе, вл. 39/1",1,oks,Строится,ПРАВОСЛАВИЕ,САО,Войковский,55.8223248,37.50493375,district_centroid,approximate,True
ленинградское шоссе вл 57,"Ленинградское шоссе, вл. 57",1,oks,Строится,МАНГАЗЕЯ,САО,Левобережный,55.8692475,37.4578945,district_centroid,approximate,True
ленинградское шоссе вл 59,Ленинградское шоссе вл. 59,1,oks,Строится,ПРАВОСЛАВИЕ,САО,Левобережный,55.86619,37.4626385,nominatim,primary,True
ленинградское шоссе вл 69,Ленинградское шоссе вл. 69,3,oks; rv,Строится; Введено,WAINBRIDGE,САО,Левобережный,55.8692475,37.4578945,geometry,,True
ленинградское шоссе влд. 2б,"Ленинградское шоссе, влд. 2Б",1,rv,Введено,МОСКОВСКИЙ МЕТРОПОЛИТЕН,САО,Сокол,55.80638795,37.4990888,manual_exact,exact,True
ленинградское шоссе д 52а,Ленинградское шоссе д. 52А,1,oks,Строится,ХАМА,САО,Войковский,55.8078462,37.507066,nominatim,primary,True
ленинградское шоссе д 61 стр 2,"Ленинградское шоссе, д. 61, стр. 2",1,rv,Введено,"ООО ""АЛЬБАТРОС""",САО,Левобережный,55.8692475,37.4578945,manual_exact,exact,True
ленинградское шоссе дом 228 корпус 4,"Ленинградское шоссе, дом 228, корпус 4",1,rv,Введено,ФСК,САО,Молжаниновский,55.9367,37.377,manual_exact,exact,True
ленинградское шоссе дом 228 корпус 5,"Ленинградское шоссе, дом 228 корпус 5",1,rv,Введено,ФСК,САО,Молжаниновский,55.9367,37.377,manual_exact,exact,True
ленинградское шоссе дом 229а строение 3,"Ленинградское шоссе, дом 229А, строение 3",1,rv,Введено,САМОЛЕТ,САО,Молжаниновский,55.9367,37.377,manual_exact,exact,True
ленинградское шоссе дом 45б строение 4,"Ленинградское шоссе, дом 45Б, строение 4",1,rv,Введено,"ГУП ""МОСВОДОСТОК""",САО,Головинский,55.84324995,37.49734265,manual_exact,exact,True
ленинградское шоссе земельный участок 57/4/1,"Ленинградское шоссе, земельный участок 57/4/1",1,oks,Строится,МАНГАЗЕЯ,САО,Левобережный,55.8692475,37.4578945,district_centroid,approximate,True
ленинградское шоссе земельный участок 77б/1,"Ленинградское шоссе, земельный участок 77Б/1",1,rv,Введено,ННК,САО,Левобережный,55.8692475,37.4578945,manual_exact,exact,True
ленинградское шоссе зу 63,"Ленинградское шоссе, з/у 63",1,oks,Строится,LEGENDA,САО,Левобережный,55.8692475,37.4578945,district_centroid,approximate,True
ленинская слобода ул вл 3,Ленинская слобода ул. вл. 3,1,rv,Введено,ФОНД РЕНОВАЦИИ,ЮАО,Даниловский,55.711814,37.6597584,manual_exact,exact,True
ленинские горы д1 стр 13а,"ЛЕНИНСКИЕ ГОРЫ, Д.1, СТР. 13А",1,rv,Введено,ПРАВИТЕЛЬСТВО РОССИЙСКОЙ ФЕДЕРАЦИИ,ЗАО,Раменки,55.7010074,37.5041069,manual_exact,exact,True
ленинский просп. вл 90/2,Ленинский просп. вл. 90/2,2,rv,Введено,НОВАТЭК,ЗАО,Проспект Вернадского,55.6729,37.520968,nominatim,company,True
ленинский проспект вл 38,"Ленинский проспект, вл. 38",1,rv,Введено,HUTTON DEVELOPMENT,ЮЗАО,Гагаринский,55.700615,37.5682893,nominatim,tertiary,True
ленинский проспект вл 90/2,"Ленинский проспект, вл. 90/2",1,rv,Введено,НОВАТЭК,ЗАО,Проспект Вернадского,55.6729,37.520968,nominatim,company,True
ленинский проспект д 134,"Ленинский проспект, д. 134",1,rv,Введено,КП УГС,ЗАО,Проспект Вернадского,55.6729,37.5060646,manual_exact,exact,True
ленинский проспект д 154 корпус 2,"Ленинский проспект, д. 154, корпус 2",1,rv,Введено,ЭТАЛОН,ЗАО,Тропарево-Никулино,55.67133680000001,37.4655932,manual_exact,exact,True
ленинский проспект земельный участок 82/2/2,"Ленинский проспект, земельный участок 82/2/2",1,oks,Строится,"ООО ""ВУЛКАН-АВТО""",ЮЗАО,Ломоносовский,55.6984105,37.5842389,district_centroid,approximate,True
ленская ул уч 8,Ленская ул. уч. 8,1,rv,Введено,ФОНД РЕНОВАЦИИ,СВАО,Бабушкинский,55.8658951,37.6710774,nominatim,residential,True
лескова ул вл 25а,Лескова ул. вл. 25а,1,rv,Введено,АНО РСИО,СВАО,Бибирево,55.88684175,37.60154745,manual_exact,exact,True
лесная ул зу 86,"Лесная ул., з/у 86",1,rv,Введено,"АО ""ТУКС-2""",НАО,Филимонковский,55.5500805,37.314627,manual_exact,exact,True
летная улица дом 73,"Лётная улица, дом 73",1,rv,Введено,ASTERUS (Vi Holding),СЗАО,Покровское-Стрешнево,55.8192621,37.4415913,manual_exact,exact,True
летная улица дом 95б строение 1,"Лётная улица, дом 95Б, строение 1",1,rv,Введено,ASTERUS (Vi Holding),СЗАО,Покровское-Стрешнево,55.8192621,37.4415913,manual_exact,exact,True
летниковская ул вл 6а стр 1 2 3 7 10,"Летниковская ул. вл. 6а стр. 1, 2, 3, 7, 10",1,rv,Введено,ЭТАЛОН,ЦАО,Замоскворечье,55.7402846,37.6328629,manual_exact,exact,True
летниковская ул земельный участок 6/1,Летниковская ул. земельный участок 6/1,1,rv,Введено,ЭТАЛОН,ЦАО,Замоскворечье,55.7402846,37.6328629,manual_exact,exact,True
летчика бабушкина ул д 29 к2,"ЛЁТЧИКА БАБУШКИНА УЛ., Д. 29, К.2",1,rv,Введено,КП УГС,СВАО,Бабушкинский,55.8661636,37.66230705,manual_exact,exact,True
летчика грицевца д 3 стр 2,"ЛЕТЧИКА ГРИЦЕВЦА, Д. 3, СТР. 2",1,rv,Введено,ПИК,НАО,Внуковское,55.63048275,37.33501749999999,manual_exact,exact,True
линейный пр-д д8а,"Линейный пр-д, д.8А",1,rv,Введено,ФОНД РЕНОВАЦИИ,САО,Тимирязевский,55.8452897,37.5620884,manual_exact,exact,True
линейный проезд земельный участок 1,"Линейный проезд, земельный участок 1",1,oks,Строится,ФОНД РЕНОВАЦИИ,САО,Тимирязевский,55.8452897,37.5620884,district_centroid,approximate,True
липовый парк ул д 8а,"ЛИПОВЫЙ ПАРК УЛ., Д. 8А",1,rv,Введено,А101,НАО,Сосенское,55.581794,37.417744,manual_exact,exact,True
лица юных ленинцев земельный участок 97/12/3,"лица Юных Ленинцев, земельный участок 97/12/3",1,rv,Введено,ФОНД РЕНОВАЦИИ,ЮВАО,Кузьминки,55.7097739,37.7688408,manual_exact,exact,True
лмс пос мкр. центральный,ЛМС пос. мкр. Центральный,1,rv,Введено,ИНДИВИДУАЛЬНЫЕ ПРЕДПРИНИМАТЕЛИ,ТАО,Вороново,55.323827,37.3468956,manual_exact,exact,True
лобачевского зу 1,Лобачевского з/у 1,4,rv,Введено,ДОНСТРОЙ,ЗАО,Раменки,55.6745909,37.4861449,nominatim,secondary,True
лобачевского ул вл 62,Лобачевского ул. вл. 62,1,oks,Строится,ФОНД РЕНОВАЦИИ,ЗАО,Проспект Вернадского,55.6656805,37.5060646,nominatim,secondary,True
лобачевского ул д 118 корп 1 2 3 5,"ЛОБАЧЕВСКОГО УЛ., Д. 118, КОРП. 1,2,3,5",1,rv,Введено,ЭТАЛОН,ЗАО,Раменки,55.7010074,37.5041069,manual_exact,exact,True
лобачевского ул д 118 корп 3,"ЛОБАЧЕВСКОГО УЛ., Д. 118, КОРП. 3",1,rv,Введено,ЭТАЛОН,ЗАО,Раменки,55.7010074,37.5041069,manual_exact,exact,True
лобачевского ул д 118 корп 4,"ЛОБАЧЕВСКОГО УЛ., Д. 118, КОРП. 4",1,rv,Введено,ЭТАЛОН,ЗАО,Раменки,55.7010074,37.5041069,manual_exact,exact,True
лобненская земельный участок 9а,"Лобненская, земельный участок 9А",1,rv,Введено,ФОНД РЕНОВАЦИИ,САО,Дмитровский,55.88855115,37.53574255,manual_exact,exact,True
лобненская ул вл 13,Лобненская ул. вл. 13,1,rv,Введено,ПИК,САО,Дмитровский,55.887902,37.5271635,geometry_address,,True
лобненская ул д10 стр4,"Лобненская ул., д.10, стр.4",1,rv,Введено,"ГБУ ""ДИРЕКЦИЯ РАЗВИТИЯ ОБЪЕКТОВ ЗДРАВООХРАНЕНИЯ ГОРОДА МОСКВЫ""",САО,Дмитровский,55.88855115,37.53574255,manual_exact,exact,True
лобненская улица дом 13 корпус 2,"Лобненская улица, дом 13, корпус 2",1,rv,Введено,ПИК,САО,Дмитровский,55.88855115,37.53574255,manual_exact,exact,True
лодочная ул вл 11,Лодочная ул. вл. 11,1,rv,Введено,ФОНД РЕНОВАЦИИ,СЗАО,Южное Тушино,55.8369177,37.447248,nominatim,tertiary,True
лосевская улица земельный участок 3а,"Лосевская улица, земельный участок 3А",1,rv,Введено,ФОНД РЕНОВАЦИИ,СВАО,Ярославский,55.8653274,37.701726,manual_exact,exact,True
лосиноостровская ул вл 45,Лосиноостровская ул. вл. 45,1,rv,Введено,SEVEN SUNS DEVELOPMENT,СВАО,Лосиноостровский,55.8274323,37.7102875,nominatim,tertiary,True
лосиноостровская улица вл 49,"Лосиноостровская улица, вл. 49",1,oks,Строится,МИНОБРНАУКИ РОССИИ,ВАО,Метрогородок,55.8171965,37.7595835,district_centroid,approximate,True
лубянка большая ул д 19,"ЛУБЯНКА БОЛЬШАЯ УЛ., Д. 19",1,rv,Введено,ПРАВОСЛАВИЕ,ЦАО,Мещанский,55.7816543,37.6340098,manual_exact,exact,True
лужки дер,ЛУЖКИ ДЕР.,1,rv,Введено,ФИН-ИНВЕСТ,ТАО,Михайлово-Ярцевское,55.3943301,37.0617999,manual_exact,exact,True
лужнецкая набережная,Лужнецкая набережная,4,oks,Строится,АБСОЛЮТ,ЦАО,Хамовники,55.7153008,37.5771017,nominatim,unclassified,True
лужнецкая набережная вл 10а,"Лужнецкая набережная, вл. 10А",1,oks,Строится,SMINEX (ранее INGRAD),ЦАО,Хамовники,55.72162725,37.5633727,district_centroid,approximate,True
лужнецкий пр вл 15,Лужнецкий пр. вл. 15,1,oks,Строится,МИНСТРОЙ РОССИИ,ЦАО,Хамовники,55.7228521,37.5554487,nominatim,secondary,True
лужнецкий пр д2,"ЛУЖНЕЦКИЙ ПР., Д.2",1,rv,Введено,"ООО ""МСК-9""",ЦАО,Хамовники,55.72162725,37.5633727,manual_exact,exact,True
лужники ул вл 24,"Лужники ул., вл. 24",3,oks; rv,Строится; Введено,"ЗАО ""ЛУВЕРЕСТ""; ООО ""РСК ""ПРОМСТРОЙ""; ОЛИМПИЙСКИЙ КОМПЛЕКС ЛУЖНИКИ",ЦАО,Хамовники,55.7204024,37.5556598,nominatim,unclassified,True
лужники ул вл24,"ЛУЖНИКИ УЛ., ВЛ.24",1,rv,Введено,ОЛИМПИЙСКИЙ КОМПЛЕКС ЛУЖНИКИ,ЦАО,Хамовники,55.7204024,37.5556598,nominatim,unclassified,True
лужники ул вл24 стр21,"ЛУЖНИКИ УЛ., ВЛ.24, СТР.21",1,rv,Введено,ОЛИМПИЙСКИЙ КОМПЛЕКС ЛУЖНИКИ,ЦАО,Хамовники,55.72162725,37.5633727,manual_exact,exact,True
лужники ул д 24 стр 4б (объект № 45),"Лужники ул. д. 24 стр. 4Б , (объект № 45)",1,rv,Введено,ОЛИМПИЙСКИЙ КОМПЛЕКС ЛУЖНИКИ,ЦАО,Хамовники,55.72162725,37.5633727,manual_exact,exact,True
лужники ул д 24 стр 4в (объект № 46),"Лужники ул., д. 24, стр. 4В , (объект № 46)",1,rv,Введено,ОЛИМПИЙСКИЙ КОМПЛЕКС ЛУЖНИКИ,ЦАО,Хамовники,55.72162725,37.5633727,manual_exact,exact,True
лужники ул д24 стр 40,"ЛУЖНИКИ УЛ., Д.24, СТР. 40",1,rv,Введено,ОЛИМПИЙСКИЙ КОМПЛЕКС ЛУЖНИКИ,ЦАО,Хамовники,55.72162725,37.5633727,manual_exact,exact,True
лужники ул д24 стр 41,"ЛУЖНИКИ УЛ., Д.24 СТР. 41",1,rv,Введено,ОЛИМПИЙСКИЙ КОМПЛЕКС ЛУЖНИКИ,ЦАО,Хамовники,55.72162725,37.5633727,manual_exact,exact,True
лужники ул д24 стр 7,"ЛУЖНИКИ УЛ., Д.24, СТР. 7",1,rv,Введено,ОЛИМПИЙСКИЙ КОМПЛЕКС ЛУЖНИКИ,ЦАО,Хамовники,55.72162725,37.5633727,manual_exact,exact,True
лужники ул д24 стр45,"ЛУЖНИКИ УЛ., Д.24, СТР.45",1,rv,Введено,ОЛИМПИЙСКИЙ КОМПЛЕКС ЛУЖНИКИ,ЦАО,Хамовники,55.72162725,37.5633727,manual_exact,exact,True
лужники ул д24 стр46,"ЛУЖНИКИ УЛ., Д.24, СТР.46",1,rv,Введено,ОЛИМПИЙСКИЙ КОМПЛЕКС ЛУЖНИКИ,ЦАО,Хамовники,55.72162725,37.5633727,manual_exact,exact,True
лужники ул д24 стр6,"ЛУЖНИКИ УЛ., Д.24, СТР.6",1,rv,Введено,ОЛИМПИЙСКИЙ КОМПЛЕКС ЛУЖНИКИ,ЦАО,Хамовники,55.72162725,37.5633727,manual_exact,exact,True
лухмановская ул д 36,"ЛУХМАНОВСКАЯ УЛ., Д. 36",1,rv,Введено,МОСКАПСТРОЙ,ВАО,Косино-Ухтомский,55.722810325,37.8601839,manual_exact,exact,True
лухмановская ул д 6,"ЛУХМАНОВСКАЯ УЛ., Д. 6",1,rv,Введено,"ООО ""ТК АЛЖЕНА""",ВАО,Косино-Ухтомский,55.722810325,37.8601839,manual_exact,exact,True
люберецкие очистные сооружения,Люберецкие очистные сооружения,1,rv,Введено,МОСВОДОКАНАЛ,ЮВАО,Некрасовка,55.6883621,37.9289173,manual_exact,exact,True
люберецкие поля (1 очередь) кв. 13а б корпус 6а,"Люберецкие поля (1 очередь), кв. 13а,б корпус 6а",1,rv,Введено,АВЕСТА-СТРОЙ,ЮВАО,Некрасовка,55.6883621,37.9289173,district_centroid,approximate,True
люберецкие поля (1 очередь) кв. 13а б корпус 6б,"Люберецкие поля (1 очередь), кв. 13а,б корпус 6б",1,rv,Введено,АВЕСТА-СТРОЙ,ЮВАО,Некрасовка,55.6883621,37.9289173,district_centroid,approximate,True
люберецкие поля (1 очередь) кв. 13а б корпус 7,"Люберецкие поля (1 очередь), кв. 13а,б корпус 7",1,rv,Введено,АВЕСТА-СТРОЙ,ЮВАО,Некрасовка,55.6883621,37.9289173,district_centroid,approximate,True
люберецкие поля кв. 13 корп 17,Люберецкие поля кв. 13 корп. 17,1,rv,Введено,АВЕСТА-СТРОЙ,ЮВАО,Некрасовка,55.6883621,37.9289173,district_centroid,approximate,True
люберецкие поля кв. 13а б корп 3,"Люберецкие поля, кв. 13А,Б, корп. 3",1,rv,Введено,АВЕСТА-СТРОЙ,ЮВАО,Некрасовка,55.6883621,37.9289173,district_centroid,approximate,True
люберецкие поля кв. 13а б корп 4,"Люберецкие поля, кв. 13А,Б, корп. 4",1,rv,Введено,АВЕСТА-СТРОЙ,ЮВАО,Некрасовка,55.6883621,37.9289173,district_centroid,approximate,True
люберецкие поля кв. 13а б корп 4аб,"Люберецкие поля, кв. 13А,Б, корп. 4аб",1,rv,Введено,АВЕСТА-СТРОЙ,ЮВАО,Некрасовка,55.6883621,37.9289173,district_centroid,approximate,True
люберецкие поля кв. 13а б корп 4в,"Люберецкие поля, кв. 13А,Б, корп. 4в",1,rv,Введено,АВЕСТА-СТРОЙ,ЮВАО,Некрасовка,55.6883621,37.9289173,district_centroid,approximate,True
люблино люблинская ул вл 72,"Люблино, Люблинская ул., вл. 72",1,rv,Введено,ПИК,ЮВАО,Люблино,55.681453,37.7382099,nominatim,primary,True
люблинская ул вл 111 стр 3,"Люблинская ул., вл. 111, стр. 3",1,rv,Введено,ФОНД РЕНОВАЦИИ,ЮВАО,Люблино,55.6681995,37.7454006,manual_exact,exact,True
люблинская ул вл 113 корп 3,"Люблинская ул., вл. 113, корп. 3",1,rv,Введено,ФОНД РЕНОВАЦИИ,ЮВАО,Люблино,55.6681995,37.7454006,manual_exact,exact,True
люблинская ул вл 72,Люблинская ул. вл. 72,10,oks; rv,Строится; Введено,SEVEN SUNS DEVELOPMENT; ПИК,ЮВАО,Люблино,55.645737,37.7454006,nominatim,primary,True
люблинская ул вл 76,Люблинская ул. вл. 76,1,oks,Строится,ПИК,ЮВАО,Люблино,55.6681995,37.7454006,district_centroid,approximate,True
люблинская ул вл 76 а,Люблинская ул. вл. 76 А,1,rv,Введено,ПИК,ЮВАО,Люблино,55.6681995,37.7454006,manual_exact,exact,True
люблинская улица вл 121/1,"Люблинская улица, вл. 121/1",1,rv,Введено,ФОНД РЕНОВАЦИИ,ЮВАО,Люблино,55.6681995,37.7454006,manual_exact,exact,True
люблинская улица владение 72,"Люблинская улица, владение 72",1,oks,Строится,SEVEN SUNS DEVELOPMENT,ЮВАО,Марьино,55.645737,37.7454006,nominatim,primary,True
люблинская улица влд. 109/1,"Люблинская улица, влд. 109/1",1,rv,Введено,ФОНД РЕНОВАЦИИ,ЮВАО,Люблино,55.6681995,37.7454006,manual_exact,exact,True
люблинская улица дом 113,"Люблинская улица, дом 113",1,rv,Введено,ФОНД РЕНОВАЦИИ,ЮВАО,Люблино,55.6681995,37.7454006,manual_exact,exact,True
люблинская улица дом 78а,"Люблинская улица, дом 78А",1,rv,Введено,ПИК,ЮВАО,Люблино,55.6681995,37.7454006,manual_exact,exact,True
люблинская улица зу 72,"Люблинская улица, з/у 72",1,rv,Введено,ПИК,ЮВАО,Люблино,55.645737,37.7454006,nominatim,primary,True
люблинско-дмитровская линия метрополитена,Люблинско-Дмитровская линия метрополитена,1,rv,Введено,МОСКОВСКИЙ МЕТРОПОЛИТЕН,САО,Бескудниковский,55.8422736,37.5775929,nominatim,construction,True
люблинско-дмитровская линия метрополитена от станции метро лианозово до станции метро физтех,"Люблинско-Дмитровская линия метрополитена от станции метро ""Лианозово"" до станции метро ""Физтех""",1,rv,Введено,МОСКОВСКИЙ МЕТРОПОЛИТЕН,САО,Восточное Дегунино,55.8805852,37.5585195,manual_exact,exact,True
люблинско-дмитровская линия станция селигерская - станция дмитровское шоссе (лианозово),"Люблинско-Дмитровская линия, станция «Селигерская» - станция «Дмитровское шоссе» («Лианозово»)",2,rv,Введено,МОСКОВСКИЙ МЕТРОПОЛИТЕН,САО,Бескудниковский,55.8725195,37.5462316,manual_exact,exact,True
любучанская ул зу 4,"Любучанская ул, з/у 4",2,oks,Строится,САМОЛЕТ,НАО,Щербинка,55.49523050000001,37.518144,district_centroid,approximate,True
любучанская ул зу 7,"Любучанская ул., з/у 7",2,oks,Строится,САМОЛЕТ,НАО,Щербинка,55.49523050000001,37.518144,district_centroid,approximate,True
м. левшинский пер вл 7,"М. Левшинский пер., вл. 7",1,oks,Строится,ГРУППА ПСН,ЦАО,Хамовники,55.7415909,37.5902174,nominatim,unclassified,True
м. олений пер вл 23,"М. Олений пер., вл. 23",6,oks,Строится,"ООО ""ЛУН-ИНВЕСТ""",ВАО,Сокольники,55.7884326,37.6690908,district_centroid,approximate,True
магистральная 2-я ул вл 18,Магистральная 2-я ул. вл. 18,1,rv,Введено,БОРИСХОФ ХОЛДИНГ,САО,Хорошёвский,55.7801228,37.5325428,manual_exact,exact,True
магистральная 2-я ул уч 7а/1,Магистральная 2-я ул. уч. 7А/1,1,oks,Строится,"ООО ""ЭКТО""",ЦАО,Пресненский,55.7580051,37.5654894,district_centroid,approximate,True
магистральная 4-я ул вл 4 стр 11 влд. 4/1,"Магистральная 4-я ул., вл. 4, стр. 11, влд. 4/1",1,rv,Введено,"ООО ""СОЛАРД""",САО,Хорошёвский,55.7801228,37.5325428,manual_exact,exact,True
макарова адмирала ул,Макарова адмирала ул.,1,rv,Введено,КОНЦЕРН КРОСТ,САО,Войковский,55.8301423,37.4939879,nominatim,tertiary,True
макарова адмирала ул уч 2/16,Макарова адмирала ул. уч. 2/16,1,oks,Строится,SMINEX (ранее INGRAD),САО,Войковский,55.8223248,37.50493375,district_centroid,approximate,True
макеева сергея ул д9 корп 1-5 д 6 корп 1-5,"МАКЕЕВА СЕРГЕЯ УЛ., Д.9, КОРП. 1-5, Д. 6 КОРП. 1-5",1,rv,Введено,"АО ""7-Й ТМП""",ЦАО,Пресненский,55.7580051,37.5654894,manual_exact,exact,True
малахитовая ул вл 15,"Малахитовая ул., вл. 15",1,oks,Строится,КП УГС,СВАО,Ростокино,55.8328934,37.6506684,district_centroid,approximate,True
малая грузинская улица вл 24 стр 1 3 вл 26 стр 1,"Малая Грузинская улица, вл. 24, стр. 1, 3, вл. 26, стр. 1",1,oks,Строится,МИНКУЛЬТУРЫ РОССИИ,ЦАО,Пресненский,55.7580051,37.5654894,district_centroid,approximate,True
малая ордынка д 27/5-3 стр 5,"Малая Ордынка, д. 27/5-3, стр. 5",1,oks,Строится,"ООО ""ОРДЫНКА-ПЛАЗА""",ЦАО,Якиманка,55.7425825,37.6157213,district_centroid,approximate,True
малая тульская улица дом 2,"Малая Тульская улица, дом 2",1,oks,Строится,TASHIR,ЮАО,Даниловский,55.7110971,37.6190209,nominatim,fabric,True
маломосковская улица вл 14,"Маломосковская улица, вл. 14",1,rv,Введено,"АО ""МАЛОМОСКОВИЯ""",СВАО,Алексеевский,55.8099469,37.6429319,manual_exact,exact,True
малый кисловский переулок вл 4 стр 5,"Малый Кисловский переулок, вл. 4, стр. 5",1,oks,Строится,МИНКУЛЬТУРЫ РОССИИ,ЦАО,Пресненский,55.7580051,37.5654894,district_centroid,approximate,True
малый песчаный переулок дом 4а,"Малый Песчаный переулок, дом 4А",1,rv,Введено,КП УГС,САО,Сокол,55.80638795,37.4990888,manual_exact,exact,True
мантулинская ул вл 5,Мантулинская ул. вл. 5,1,oks,Строится,КИЕВСКАЯ ПЛОЩАДЬ,ЦАО,Пресненский,55.7566189,37.5476958,nominatim,residential,True
мартеновская ул вл 39,"Мартеновская ул., вл. 39",1,rv,Введено,ФОНД РЕНОВАЦИИ,ВАО,Новогиреево,55.7491465,37.8024271,nominatim,tertiary,True
марушкино дер (площадка 3),Марушкино дер. (площадка 3),1,oks,Строится,УК АТЛАНТ,НАО,Внуково,55.58975,37.26383705,district_centroid,approximate,True
марушкино дер (площадка №2),"Марушкино дер., (площадка №2)",1,oks,Строится,"ООО ""СЗ ""АНТЕЙ""",НАО,Внуково,55.58975,37.26383705,district_centroid,approximate,True
марушкинское кв-л № 63 двлд. 1 стр 1 2 3 4 5 6 7 8 9 10 11 14 15 17 18 19 20 21 22 23 24 25 27,"Марушкинское, кв-л № 63, двлд. 1, стр. 1; 2; 3; 4; 5; 6; 7; 8; 9; 10; 11; 14; 15; 17; 18; 19; 20; 21; 22; 23; 24; 25; 27",1,rv,Введено,"ООО ""ВНУКОВО ЛОГИСТИК""",НАО,Марушкинское,55.5778111,37.1097363,manual_exact,exact,True
марушкинское квартал 33 зу 3,"Марушкинское, квартал 33 з/у 3",1,oks,Строится,А101,НАО,Внуково,55.58975,37.26383705,district_centroid,approximate,True
марушкинское поселок кирпичного завода дом 4б строение 1,"Марушкинское, посёлок Кирпичного Завода, дом 4Б, строение 1",1,rv,Введено,"ООО ""МОСП""",НАО,Марушкинское,55.5778111,37.1097363,manual_exact,exact,True
маршала тимошенко вл 15,"Маршала Тимошенко, вл. 15",1,oks,Строится,УПРАВЛЕНИЕ ДЕЛАМИ ПРЕЗИДЕНТА РОССИЙСКОЙ ФЕДЕРАЦИИ,ЗАО,Кунцево,55.7420254,37.3936707,nominatim,residential,True
марьино,Марьино,1,rv,Введено,"ГКУ ""УДМС""",ЮВАО,Марьино,55.6500158,37.7431467,nominatim,station,True
масловка верхн. ул вл 1,"Масловка Верхн. ул., вл. 1",1,rv,Введено,ПРАВОСЛАВИЕ,САО,Аэропорт,55.80185185000001,37.5368174,manual_exact,exact,True
машкинское шоссе вл 23,"Машкинское шоссе, вл. 23",1,rv,Введено,"АНО ""ХОККЕЙНЫЙ КЛУБ ""СТАЛКЕР""",СЗАО,Куркино,55.9126355,37.389962,nominatim,secondary,True
машкова ул влд. 18,"Машкова ул., влд. 18",1,oks,Строится,АБ КАПИТАЛ,ЦАО,Басманный,55.7672809,37.6697732,district_centroid,approximate,True
между волоколамским шоссе и новотушинской улицей,между Волоколамским шоссе и Новотушинской улицей,1,oks,Строится,РЖД,СЗАО,Митино,55.8484195,37.3670608,district_centroid,approximate,True
между ул лобачевского и платформой матвеевская,"между ул. Лобачевского и платформой ""Матвеевская""",1,oks,Строится,ДОНСТРОЙ,ЗАО,Раменки,55.7010074,37.5041069,district_centroid,approximate,True
между ул лобачевского и платформой матвеевская квартал 3 1-я очередь корпус 1,"между ул. Лобачевского и платформой ""Матвеевская"", квартал 3, 1-я очередь, корпус 1",1,rv,Введено,ДОНСТРОЙ,ЗАО,Раменки,55.7010074,37.5041069,district_centroid,approximate,True
между ул лобачевского и платформой матвеевская квартал 9.1,"между ул. Лобачевского и платформой ""Матвеевская"", Квартал 9.1",1,rv,Введено,ДОНСТРОЙ,ЗАО,Раменки,55.7010074,37.5041069,district_centroid,approximate,True
между ул лобачевского и платформой матвеевское,между ул. Лобачевского и платформой «Матвеевское»,2,oks,Строится,ДОНСТРОЙ,ЗАО,Раменки,55.7010074,37.5041069,district_centroid,approximate,True
между ул лобачевского и платформой матвеевское 2-ая очередь квартал 10 корпус 2,"между ул. Лобачевского и платформой ""Матвеевское"", 2-ая очередь, квартал 10, корпус 2",1,rv,Введено,ДОНСТРОЙ,ЗАО,Раменки,55.7010074,37.5041069,district_centroid,approximate,True
между ул лобачевского и платформой матвеевское 3-я очередь квартал 10 корпус 3,"между ул. Лобачевского и платформой «Матвеевское», 3-я очередь, квартал 10, корпус 3",1,oks,Строится,ДОНСТРОЙ,ЗАО,Раменки,55.7010074,37.5041069,district_centroid,approximate,True
между ул лобачевского и платформой матвеевское кв. 2 корп 1,"между ул. Лобачевского и платформой ""Матвеевское"", кв. 2, корп. 1",1,rv,Введено,ДОНСТРОЙ,ЗАО,Раменки,55.7010074,37.5041069,district_centroid,approximate,True
между ул лобачевского и платформой матвеевское кв. 2 корп 2,"между ул. Лобачевского и платформой ""Матвеевское"", кв. 2, корп. 2",1,rv,Введено,ДОНСТРОЙ,ЗАО,Раменки,55.7010074,37.5041069,district_centroid,approximate,True
между ул лобачевского и платформой матвеевское квартал 2 корп 1 2,"между ул. Лобачевского и платформой «Матвеевское», квартал 2, корп. 1, 2",1,oks,Строится,ДОНСТРОЙ,ЗАО,Раменки,55.7010074,37.5041069,district_centroid,approximate,True
между ул лобачевского и платформой матвеевское квартал 4.2 (ул лобачевского зу 118б),"между ул. Лобачевского и платформой «Матвеевское», квартал 4.2 (ул. Лобачевского, з/у 118Б)",1,oks,Строится,ДОНСТРОЙ,ЗАО,Раменки,55.7010074,37.5041069,district_centroid,approximate,True
между уллобачевского и платформой матвеевское квартал 4.1,"между ул.Лобачевского и платформой «Матвеевское», квартал 4.1",1,rv,Введено,ДОНСТРОЙ,ЗАО,Раменки,55.7010074,37.5041069,district_centroid,approximate,True
менжинского улица вл 30 стр 1,"Менжинского улица, вл. 30, стр. 1",1,oks,Строится,ALVEK,СВАО,Бабушкинский,55.8661636,37.66230705,district_centroid,approximate,True
мерзляковский пер вл 22 стр 1 3,"Мерзляковский пер., вл. 22, стр. 1, 3",1,oks,Строится,PIONEER,ЦАО,Пресненский,55.7580051,37.5654894,district_centroid,approximate,True
металлургов ул вл 56,Металлургов ул. вл. 56,1,rv,Введено,ФОНД РЕНОВАЦИИ,ВАО,Перово,55.7591815,37.7911963,nominatim,tertiary,True
миклухо-маклая ул вл 16/10,Миклухо-Маклая ул. вл. 16/10,1,oks,Строится,ТЕХНОКОМ,ЮЗАО,Коньково,55.64880935,37.5488697,district_centroid,approximate,True
миклухо-маклая ул вл 23,"Миклухо-Маклая ул., вл. 23",1,rv,Введено,МИНОБРНАУКИ РОССИИ,ЮЗАО,Обручевский,55.6408196,37.5327474,nominatim,secondary,True
миклухо-маклая ул вл 8-10,Миклухо-Маклая ул. вл. 8-10,1,oks,Строится,МИНОБРНАУКИ РОССИИ,ЮЗАО,Обручевский,55.6384654,37.5415201,nominatim,secondary,True
миклухо-маклая ул д18 корп 3,"МИКЛУХО-МАКЛАЯ УЛ., Д.18, КОРП. 3",1,rv,Введено,"ОБЩЕСТВО С ОГРАНИЧЕННОЙ ОТВЕТСТВЕННОСТЬЮ УПРАВЛЯЮЩАЯ КОМПАНИЯ ""ФОНДОВЫЙ КОНТИНЕНТ""",ЮЗАО,Коньково,55.64880935,37.5488697,manual_exact,exact,True
микрорайон 6 района коньково зона 1.3 (введенского ул вл 9),"микрорайон 6 района Коньково, зона 1.3 (Введенского ул., вл. 9)",1,oks,Строится,ФОНД РЕНОВАЦИИ,ЮЗАО,Коньково,55.64880935,37.5488697,district_centroid,approximate,True
микрорайон в влд. 52а,"микрорайон «В», влд. 52А",1,oks,Строится,"ЖСК ""ЛЕСНОЙ""",ТАО,Троицк,55.5274153,37.2817736,district_centroid,approximate,True
миля авиаконструктора ул д 2 а,"МИЛЯ АВИАКОНСТРУКТОРА УЛ., Д. 2 А",1,rv,Введено,"ООО ""ФЕНИКС-ДОК""",ЮВАО,Выхино-Жулебино,55.7022001,37.81384715,manual_exact,exact,True
минаевский пер вл 2,Минаевский пер. вл. 2,1,oks,Строится,МИНТРАНС РОССИИ,СВАО,Марьина Роща,55.7894873,37.6013653,nominatim,residential,True
минская ул д 2,"МИНСКАЯ УЛ., Д. 2",1,rv,Введено,ДОНСТРОЙ,ЗАО,Раменки,55.7010074,37.5041069,manual_exact,exact,True
минская ул земельный участок 2м,"Минская ул. , земельный участок 2М",1,oks,Строится,"ООО ""Академия футбола ""Снегири""",ЗАО,Раменки,55.7010074,37.5041069,district_centroid,approximate,True
минская улица корп 1-26 1 очередь,"Минская улица, корп. 1-26, 1 очередь",1,rv,Введено,"ЧКОО ""С & Т ИНВЕСТМЕНТС ЛИМИТЕД""",ЗАО,Раменки,55.7010074,37.5041069,manual_exact,exact,True
минская улица корп 1-26 2 3 очереди,"Минская улица, корп. 1-26, 2,3 очереди",1,rv,Введено,"ЧКОО ""С & Т ИНВЕСТМЕНТС ЛИМИТЕД""",ЗАО,Раменки,55.7010074,37.5041069,manual_exact,exact,True
минусинская улица земельный участок 14а,"Минусинская улица, земельный участок 14А",1,oks,Строится,ФОНД РЕНОВАЦИИ,СВАО,Лосиноостровский,55.8641682,37.6872725,district_centroid,approximate,True
мира просп. вл 119 стр 220 486 491 493 494 495 498 499,"Мира просп. вл. 119 стр. 220, 486, 491, 493, 494, 495, 498, 499",1,rv,Введено,"ООО ""СОЛНЦЕ МОСКВЫ""",СВАО,Останкинский,55.8386265,37.6302466,manual_exact,exact,True
мира просп. вл 222/2,Мира просп. вл. 222/2,2,oks,Строится,ОСНОВА,СВАО,Ярославский,55.8653274,37.701726,district_centroid,approximate,True
мира просп. вл 8,"Мира просп., вл. 8",1,oks,Строится,"""ФОНД СВЯТОСЛАВА ФЕДОРОВА""",ЦАО,Мещанский,55.8436656,37.66707,nominatim,primary,True
мира просп. вл 81б,Мира просп. вл. 81Б,1,rv,Введено,ГОСКОРПОРАЦИЯ РОСАТОМ,СВАО,Останкинский,55.8386265,37.6302466,manual_exact,exact,True
мира проспект вл 186а,"Мира проспект, вл. 186А",1,oks,Строится,MR GROUP,СВАО,Алексеевский,55.8099469,37.6429319,district_centroid,approximate,True
мироновская земельный участок 32в/1,"Мироновская, земельный участок 32В/1",2,rv,Введено,ФОНД РЕНОВАЦИИ,ВАО,Соколиная Гора,55.7654052,37.7370939,manual_exact,exact,True
митино вблизи с. рождествено,"Митино, вблизи с. Рождествено",4,oks; rv,Строится; Введено,CAPITAL GROUP,СЗАО,Митино,55.8484195,37.3670608,district_centroid,approximate,True
митинская ул вл 57,Митинская ул. вл. 57,1,rv,Введено,"ООО ""АЛЬФА-СПРИНТ""",СЗАО,Митино,55.8474575,37.3587011,nominatim,secondary,True
митинская ул д 20,"МИТИНСКАЯ УЛ., Д. 20",1,rv,Введено,PIONEER,СЗАО,Митино,55.8484195,37.3670608,manual_exact,exact,True
митинская ул д 21 а,"МИТИНСКАЯ УЛ., Д. 21 А",1,rv,Введено,КП УГС,СЗАО,Митино,55.8484195,37.3670608,manual_exact,exact,True
митинская ул д 24а соор. 2,"МИТИНСКАЯ УЛ., Д. 24А, СООР. 2",1,rv,Введено,PIONEER,СЗАО,Митино,55.8484195,37.3670608,manual_exact,exact,True
митинская ул д 24а стр 1,"МИТИНСКАЯ УЛ., Д. 24А, СТР. 1",1,rv,Введено,PIONEER,СЗАО,Митино,55.8484195,37.3670608,manual_exact,exact,True
михайлова ул зу 30а/1,"Михайлова ул., з/у 30А/1",1,rv,Введено,ПИК,ЮВАО,Рязанский,55.722711000000004,37.777550000000005,geometry_permit,,True
михалковская ул вл 48,Михалковская ул. вл. 48,1,oks,Строится,РГ-ДЕВЕЛОПМЕНТ,САО,Головинский,55.8368189,37.53763,nominatim,secondary,True
михалковская ул вл 50,Михалковская ул. вл. 50,1,rv,Введено,ОСНОВА,САО,Головинский,55.8376768,37.5114605,nominatim,tertiary,True
михалковская улица вл 48,"Михалковская улица, вл. 48",2,rv,Введено,РГ-ДЕВЕЛОПМЕНТ,САО,Головинский,55.8368189,37.53763,nominatim,secondary,True
михалковская улица дом 48 корпус 3,"Михалковская улица, дом 48, корпус 3",1,rv,Введено,РГ-ДЕВЕЛОПМЕНТ,САО,Головинский,55.84324995,37.49734265,manual_exact,exact,True
мичуринский пр-т вл 13/1,"Мичуринский пр-т, вл. 13/1",1,rv,Введено,"ООО ""НАХИЧЕВАНЬ ИНВЕСТ""",ЗАО,Раменки,55.7010074,37.5041069,manual_exact,exact,True
мичуринский пр-т вл 15,"Мичуринский пр-т , вл. 15",1,rv,Введено,ПРАВОСЛАВИЕ,ЗАО,Очаково-Матвеевское,55.6907105,37.443805,manual_exact,exact,True
мичуринский просп. д27 корп4 стр1,"МИЧУРИНСКИЙ ПРОСП., Д.27, КОРП.4, СТР.1",1,rv,Введено,"ООО ""ТОРГПРОДУКТ""",ЗАО,Раменки,55.7010074,37.5041069,manual_exact,exact,True
мичуринский просп. олимпийская деревня д 2 стр 2 3 4 5,"МИЧУРИНСКИЙ ПРОСП., ОЛИМПИЙСКАЯ ДЕРЕВНЯ, Д. 2, СТР. 2, 3, 4, 5",1,rv,Введено,"КП ""БСА ""ЛУЖНИКИ""",ЗАО,Тропарево-Никулино,55.67133680000001,37.4655932,manual_exact,exact,True
мичуринский проспект вл 30-б,"Мичуринский проспект, вл. 30-Б",1,oks,Строится,TASHIR,ЗАО,Раменки,55.7010074,37.4986853,nominatim,apartments,True
мичуринский проспект вл 45,"Мичуринский проспект, вл. 45",1,oks,Строится,МОСИНЖПРОЕКТ,ЗАО,Раменки,55.6701433,37.4489097,nominatim,primary,True
мичуринский проспект д 10 корпус 1,"Мичуринский проспект, д. 10, корпус 1",1,rv,Введено,ЭТАЛОН,ЗАО,Тропарево-Никулино,55.67133680000001,37.4655932,manual_exact,exact,True
мичуринский проспект д 27,"МИЧУРИНСКИЙ ПРОСПЕКТ, Д. 27",1,rv,Введено,"ООО ""АВАНГАРД""",ЗАО,Раменки,55.7010074,37.5041069,manual_exact,exact,True
мичуринский проспект д15 корп2,"МИЧУРИНСКИЙ ПРОСПЕКТ, Д.15, КОРП.2",1,rv,Введено,КП УГС,ЗАО,Раменки,55.7010074,37.5041069,manual_exact,exact,True
мичуринский проспект дом 41,"Мичуринский проспект, дом 41",1,rv,Введено,ПРАВОСЛАВИЕ,ЗАО,Раменки,55.7010074,37.5041069,manual_exact,exact,True
мичуринский проспект корп 16 квартал 5-6,"Мичуринский проспект, корп. 16, квартал 5-6",1,rv,Введено,МОСКАПСТРОЙ,ЗАО,Раменки,55.7010074,37.5041069,manual_exact,exact,True
мкад 15-й земельный участок 1,МКАД 15-й Земельный участок 1,1,rv,Введено,ЛУКОЙЛ,ЮВАО,Капотня,56.0127537,37.1666193,manual_exact,exact,True
мкад 67 км вл 7,МКАД 67 км вл. 7,1,rv,Введено,"ЗАО ""КОМПАНИЯ ЛЕМА""",СЗАО,Строгино,55.794645,37.3863686,manual_exact,exact,True
мкр. 14 корп 101 марьинский парк,"мкр. 14, корп. 101, Марьинский парк""",1,rv,Введено,КИЕВСКАЯ ПЛОЩАДЬ,ЮВАО,Люблино,55.6681995,37.7454006,manual_exact,exact,True
мкр. 4 б-р яна райниса вл2 к 2 3,"мкр. 4, б-р Яна Райниса, вл.2, к 2,3",1,rv,Введено,ФОНД РЕНОВАЦИИ,СЗАО,Северное Тушино,55.8549291,37.43681055,manual_exact,exact,True
мкр.14 корп102 марьинский парк,"мкр.14 корп.102, Марьинский парк",1,oks,Строится,"ООО ""СМТ-3""",ЮВАО,Люблино,55.6681995,37.7454006,district_centroid,approximate,True
мневники нижн. ул зу 70,Мневники Нижн. ул. з/у 70,1,oks,Строится,МОСИНЖПРОЕКТ,СЗАО,Хорошёво-Мнёвники,55.765528,37.4972546,district_centroid,approximate,True
мневники нижн. ул уч 15,Мневники Нижн. ул. уч. 15,1,oks,Строится,"ООО ""МЕЖДУНАРОДНАЯ ХОККЕЙНАЯ АКАДЕМИЯ ИМ. А.М. ОВЕЧКИНА""",СЗАО,Хорошёво-Мнёвники,55.765528,37.4972546,district_centroid,approximate,True
мневниковская пойма район хорошево-мневники,"Мневниковская пойма, район Хорошёво-Мнёвники",1,oks,Строится,"ГКУ ""УДМС""",СЗАО,Хорошёво-Мнёвники,55.765528,37.4972546,district_centroid,approximate,True
многоквартирный жилой дом (корпус 12) подлежащий возведению на земельном участке расположенном по адресу: г. москва ул производственная вл 6 мфжк лучи,"Многоквартирный жилой дом (корпус 12), подлежащий возведению на земельном участке, расположенном по адресу: г. Москва, ул. Производственная, вл. 6, МФЖК ""Лучи""",1,rv,Введено,ЛСР,ЗАО,Солнцево,55.6521865,37.40060335,manual_exact,exact,True
многоэтажный жилой комплекс с подземной автостоянкой,Многоэтажный жилой комплекс с подземной автостоянкой,1,rv,Введено,TEKTA GROUP,СЗАО,Хорошево-Мневники,55.7601052,37.5183196,district_centroid,approximate,True
можайский 1-й туп. вл 8а стр 1,Можайский 1-й туп. вл. 8а стр. 1,1,oks,Строится,"АО ""СЗ ""ЭЛИТА-ЭКО""",ЗАО,Дорогомилово,55.7398697,37.5365271,district_centroid,approximate,True
можайский кв.95 корп34 35,"МОЖАЙСКИЙ, КВ.95, КОРП.34,35",1,rv,Введено,"ГУП Г. МОСКВЫ ""ДИРЕКЦИЯ ГАРАЖНОГО СТРОИТЕЛЬСТВА""",ЗАО,Можайский,55.7015105,37.3937955,manual_exact,exact,True
молдавская ул зу 1,"Молдавская ул., з/у 1",1,rv,Введено,UPSIDE DEVELOPMENT,ЗАО,Кунцево,55.7304433,37.4407096,nominatim,tertiary,True
молжаниновская земельный участок 7,"Молжаниновская, земельный участок 7",1,oks,Строится,САМОЛЕТ,САО,Молжаниновский,55.937452,37.3640185,geometry,,True
молжаниновский,Молжаниновский,2,rv,Введено,ФСК,САО,Молжаниновский,55.9367,37.377,nominatim,administrative,True
молжаниновский 1-я сестрорецкая ул д 6а,"Молжаниновский, 1-я Сестрорецкая ул., д. 6А",1,rv,Введено,"АНО ""РСИ""",САО,Молжаниновский,55.9437678,37.347018,nominatim,tertiary,True
молжаниновский р-н,Молжаниновский р-н,1,oks,Строится,РЖД,САО,Молжаниновский,55.9367,37.377,nominatim,administrative,True
молжаниновский район,Молжаниновский район,1,rv,Введено,ФСК,САО,Молжаниновский,55.9367,37.377,nominatim,administrative,True
молжаниновское ксхп химки,"Молжаниновское, КСХП ""Химки""",1,rv,Введено,САМОЛЕТ,САО,Молжаниновский,55.9367,37.377,manual_exact,exact,True
молодогвардейская улица,Молодогвардейская улица,1,rv,Введено,ПИК,ЗАО,Кунцево,55.74346005,37.39999495,manual_exact,exact,True
молодогвардейская улица дом. 44,"Молодогвардейская улица, дом. 44",1,rv,Введено,ФОНД РЕНОВАЦИИ,ЗАО,Кунцево,55.74346005,37.39999495,manual_exact,exact,True
молодцова ул вл 25/1,Молодцова ул. вл. 25/1,1,rv,Введено,ФОНД РЕНОВАЦИИ,СВАО,Южное Медведково,55.883743,37.6366379,manual_exact,exact,True
молодцова ул д 14 с 6,"Молодцова ул., д. 14 с 6",1,rv,Введено,"ООО ""ЛИГА АЛЬЯНС""",СВАО,Южное Медведково,55.8775144,37.6464079,nominatim,tertiary,True
монетчиковский 5-й пер вл 7-7а-9/10 стр 10,"Монетчиковский 5-й пер., вл. 7-7а-9/10, стр. 10",1,oks,Строится,ПЗП ЛЮБЛИНСКОЕ,ЦАО,Замоскворечье,55.7402846,37.6328629,district_centroid,approximate,True
монтажная ул вл 8/24 стр 1-5 7-13,"Монтажная ул., вл. 8/24, стр. 1-5, 7-13",1,oks,Строится,ФСК,ВАО,Гольяново,55.8073766,37.7566198,district_centroid,approximate,True
москва 1-й грайвороновский пр-д д 1,"Москва, 1-й Грайвороновский пр-д, д. 1",1,rv,Введено,ОСНОВА,ЮВАО,Текстильщики,55.719618,37.725135,manual_exact,exact,True
москва 1-й красногвардейский проезд д19,"Москва, 1-й Красногвардейский проезд, д.19",1,rv,Введено,БЕЛЛГЕЙТ КОНСТРАКШЕНЗ ЛИМИТЕД (АКОО),ЦАО,Пресненский,55.7580051,37.5654894,manual_exact,exact,True
москва 2-й грайвороновский проезд д 44 корпус 1,"Москва, 2-й Грайвороновский проезд, д. 44, корпус 1",1,rv,Введено,"ЗАО ""ВЕКТОРСТРОЙФИНАНС""",ЮВАО,Рязанский,55.722711,37.77755000000001,manual_exact,exact,True
москва 2-й грайвороновский проезд д38 корпус 3,"Москва, 2-й Грайвороновский проезд, д.38, корпус 3",1,rv,Введено,"ООО ""РДА-СТРОЙ""",ЮВАО,Рязанский,55.722711,37.77755000000001,manual_exact,exact,True
москва 2-й грайвороновский проезд д38 стр5,"Москва, 2-й Грайвороновский проезд, д.38, стр.5",1,rv,Введено,"ООО ""ВЫСОТА ИНЖИНИРИНГ""",ЮВАО,Рязанский,55.722711,37.77755000000001,manual_exact,exact,True
москва 3-я хорошевская ул д 23а,"Москва, 3-я Хорошевская, ул., д. 23А",1,rv,Введено,МОНАРХ,СЗАО,Хорошево-Мневники,55.7601052,37.5183196,manual_exact,exact,True
москва 3-я хорошевская улица д 21 строение 8,"Москва, 3-я Хорошевская улица, д. 21, строение 8",1,rv,Введено,МОНАРХ,СЗАО,Хорошево-Мневники,55.7601052,37.5183196,manual_exact,exact,True
москва 3-я хорошевская улица д 23 строение 3,"Москва, 3-я Хорошевская улица, д. 23, строение 3",1,rv,Введено,МОНАРХ,СЗАО,Хорошево-Мневники,55.7601052,37.5183196,manual_exact,exact,True
москва 3-я хорошевская улица дом 23 корпус 1 москва 3-я хорошевская улица дом 23 корпус 2,"Москва, 3-я Хорошевская улица, дом 23, корпус 1, Москва, 3-я Хорошевская улица дом 23, корпус 2",1,rv,Введено,МОНАРХ,СЗАО,Хорошево-Мневники,55.7601052,37.5183196,manual_exact,exact,True
москва автозаводская ул д 23а кор. 4,"Москва, Автозаводская ул., д. 23А, кор. 4",1,rv,Введено,ТЭН,ЮАО,Даниловский,55.711814,37.6597584,manual_exact,exact,True
москва аллея долгопрудная д 16,"Москва, аллея Долгопрудная, д. 16",1,rv,Введено,КП УГС,СВАО,Северный,55.92835525,37.5459852,manual_exact,exact,True
москва аминьевское ш д 6,"Москва, Аминьевское ш., д. 6",1,rv,Введено,TASHIR,ЗАО,Очаково-Матвеевское,55.6907105,37.443805,manual_exact,exact,True
москва б-р академика ландау д 1,"МОСКВА, Б-Р АКАДЕМИКА ЛАНДАУ, Д. 1",1,rv,Введено,ПИК,СВАО,Северный,55.92835525,37.5459852,manual_exact,exact,True
москва б-р академика ландау д 3,"МОСКВА, Б-Р АКАДЕМИКА ЛАНДАУ, Д. 3",1,rv,Введено,ПИК,СВАО,Северный,55.92835525,37.5459852,manual_exact,exact,True
москва байкальская ул д 42,"Москва, Байкальская ул., д. 42",1,rv,Введено,ФОНД ПЕНСИОННОГО И СОЦИАЛЬНОГО СТРАХОВАНИЯ РОССИЙСКОЙ ФЕДЕРАЦИИ,ВАО,Гольяново,55.8073766,37.7566198,manual_exact,exact,True
москва боровское шоссе д 10 а,"Москва, Боровское шоссе, д. 10 А",1,rv,Введено,МЕТРО КЭШ ЭНД КЕРРИ,ЗАО,Солнцево,55.6521865,37.40060335,manual_exact,exact,True
москва боровское шоссе д 28,"Москва, Боровское шоссе, д. 28",1,rv,Введено,"ООО УНИВЕРСАМ ""ЛИДЕР""",ЗАО,Ново-Переделкино,55.644386,37.3591625,manual_exact,exact,True
москва будайский пр д 5 стр 1,"Москва, Будайский пр., д. 5, стр. 1",1,rv,Введено,"ООО СК ""РИТМ""",САО,Ростокино,55.8328934,37.6506684,manual_exact,exact,True
москва бумажный проезд д 4,"Москва, Бумажный проезд, д. 4",1,rv,Введено,"ООО ""АНТТЕК""",САО,Беговой,55.7828983,37.563588,manual_exact,exact,True
москва вао гольяново иркутская ул вл 17 стр 8 14 16,"Москва, ВАО, Гольяново, Иркутская ул., вл. 17, стр. 8, 14, 16",1,rv,Введено,"ООО ""ТЕРМИНАЛ-17""",ВАО,Гольяново,55.8073766,37.7566198,manual_exact,exact,True
москва вао косино-ухтомский проектируемый пр 595 промзона руднево,"Москва, ВАО, Косино-Ухтомский, Проектируемый пр., 595 , промзона ""Руднево""",1,rv,Введено,"ПУБЛИЧНОЕ АКЦИОНЕРНОЕ ОБЩЕСТВО ""РОССИЙСКИЕ СЕТИ""",ВАО,Кожухово,55.722810325,37.8601839,manual_exact,exact,True
москва вао район гольяново амурская ул вл 2а стр 1,"Москва, ВАО, район Гольяново, Амурская ул. вл. 2А стр. 1",1,rv,Введено,ПИК,ВАО,Гольяново,55.8073766,37.7566198,manual_exact,exact,True
москва вао район гольяново амурская ул вл 3,"Москва, ВАО, район Гольяново, Амурская ул., вл. 3",1,rv,Введено,LEVEL GROUP,ВАО,Гольяново,55.8073766,37.7566198,manual_exact,exact,True
москва вао район косино-ухтомский ювао район выхино-жулебино,"Москва, ВАО, район Косино-Ухтомский, ЮВАО, район Выхино-Жулебино",1,oks,Строится,МОСКОВСКИЙ МЕТРОПОЛИТЕН,ВАО,Косино-Ухтомский,55.722810325,37.8601839,district_centroid,approximate,True
москва вао район соколиная гора ювао районы лефортово нижегородский,"Москва, ВАО, район Соколиная гора, ЮВАО, районы Лефортово, Нижегородский",1,rv,Введено,МОСИНЖПРОЕКТ,ВАО,Соколиная гора,55.7726786,37.7361436,manual_exact,exact,True
москва варшавское ш д141а стр7,"Москва, Варшавское ш, д.141А, стр.7",1,rv,Введено,"ООО ""ВОСТОК-ТЕХНИКА""",ЮАО,Южное Чертаново,55.64891065,37.65195075,manual_exact,exact,True
москва вн.тер. г. муниципальный округ филевский парк проезд береговой д3,"Москва, вн.тер. г. муниципальный округ Филевский Парк, проезд Береговой, д.3",1,rv,Введено,ГЛАВСТРОЙ,ЗАО,Филевский Парк,55.7499566,37.5151422,manual_exact,exact,True
москва внутригородская территория муниципальный округ бескудниковский бескудниковский бульвар д9а (здание) москва внутригородская территория муниципальный округ бескудниковский бескудниковский бульвар д9а строение 1 (кпп),"Москва, внутригородская территория, муниципальный округ Бескудниковский, Бескудниковский бульвар, д.9А (здание); Москва, внутригородская территория, муниципальный округ Бескудниковский, Бескудниковский бульвар, д.9А, строение 1 (КПП)",1,rv,Введено,КП УГС,САО,Бескудниковский,55.8725195,37.5462316,manual_exact,exact,True
москва внутригородская территория муниципальный округ даниловский 2-я рощинская улица дом 1,"Москва, внутригородская территория муниципальный округ Даниловский, 2-я Рощинская улица, дом 1",1,rv,Введено,UPSIDE DEVELOPMENT,ЮАО,Даниловский,55.711814,37.6597584,manual_exact,exact,True
москва внутригородская территория муниципальный округ даниловский летниковская улица дом 13,"Москва, внутригородская территория муниципальный округ Даниловский, Летниковская улица, дом 13",1,rv,Введено,ТРОЛЬ АСП,ЮАО,Даниловский,55.711814,37.6597584,manual_exact,exact,True
москва внутригородская территория муниципальный округ ивановское малый купавенский проезд дом 12 б,"Москва, внутригородская территория муниципальный округ Ивановское, Малый Купавенский проезд, дом 12 Б",1,rv,Введено,"ООО ""ВАССАЛ""",ВАО,Ивановское,55.75078515,37.8303221,manual_exact,exact,True
москва внутригородская территория муниципальный округ котловка нагорная ул д 6 нагорная ул д 6 стр 1,"Москва, внутригородская территория муниципальный округ Котловка, Нагорная ул., д. 6, Нагорная ул., д. 6, стр. 1",2,rv,Введено,КП УГС,ЮЗАО,Котловка,55.6845587,37.5919839,manual_exact,exact,True
москва внутригородская территория муниципальный округ люблино ул люблинская д 78 кор. 3,"Москва, Внутригородская территория муниципальный округ Люблино, ул. Люблинская, д. 78, кор. 3",1,rv,Введено,ПИК,ЮВАО,Люблино,55.6681995,37.7454006,manual_exact,exact,True
москва внутригородская территория муниципальный округ люблино ул люблинская д 80 кор. 4,"Москва, Внутригородская территория, муниципальный округ Люблино, ул. Люблинская, д. 80, кор. 4",1,rv,Введено,ПИК,ЮВАО,Люблино,55.6681995,37.7454006,manual_exact,exact,True
москва внутригородская территория муниципальный округ отрадное сигнальный проезд дом 5,"Москва, внутригородская территория муниципальный округ Отрадное, Сигнальный проезд, дом 5",1,rv,Введено,ФСК,СВАО,Отрадное,55.85055975,37.5782006,manual_exact,exact,True
москва внутригородская территория муниципальный округ печатники улица гурьянова дом 83а,"Москва, внутригородская территория муниципальный округ Печатники, улица Гурьянова, дом 83А",1,rv,Введено,КП УГС,ЮВАО,Печатники,55.6990676,37.6984857,manual_exact,exact,True
москва внутригородская территория муниципальный округ северное медведково ул широкая д 2а дом 2а стр1,"Москва, внутригородская территория муниципальный округ Северное Медведково, ул. Широкая, д. 2А; дом 2А, стр.1",1,rv,Введено,"ООО ""ДС-ГРУППА ЛТД""",СВАО,Северное Медведково,55.886639,37.6405375,manual_exact,exact,True
москва внутригородская территория муниципальный округ силино город зеленоград проезд 5557-й дом 2,"Москва, внутригородская территория муниципальный округ Силино, город Зеленоград, проезд 5557-й, дом 2",1,rv,Введено,"ООО ""ЛЕНКОН""",ЗелАО,Силино,56.0080842,37.1406636,manual_exact,exact,True
москва внутригородская территория муниципальный округ сокол ленинградское ш д 2 б стр 8,"Москва, внутригородская территория муниципальный округ Сокол, Ленинградское ш., д. 2 Б, стр. 8",1,rv,Введено,МОСКОВСКИЙ МЕТРОПОЛИТЕН,САО,Сокол,55.80638795,37.4990888,manual_exact,exact,True
москва внутригородская территория муниципальный округ сокол ленинградское шоссе д 2б стр 1,"Москва, внутригородская территория муниципальный округ Сокол, Ленинградское шоссе, д. 2Б, стр. 1",1,rv,Введено,МОСКОВСКИЙ МЕТРОПОЛИТЕН,САО,Сокол,55.80638795,37.4990888,manual_exact,exact,True
москва внутригородская территория муниципальный округ сокол ленинградское шоссе д 2б стр 4,"Москва, внутригородская территория муниципальный округ Сокол, Ленинградское шоссе, д. 2Б, стр. 4",1,rv,Введено,МОСКОВСКИЙ МЕТРОПОЛИТЕН,САО,Сокол,55.80638795,37.4990888,manual_exact,exact,True
москва внутригородская территория муниципальный округ сокол ленинградское шоссе д 2б стр 7,"Москва, внутригородская территория муниципальный округ Сокол, Ленинградское шоссе, д. 2Б, стр. 7",1,rv,Введено,МОСКОВСКИЙ МЕТРОПОЛИТЕН,САО,Сокол,55.80638795,37.4990888,manual_exact,exact,True
москва внутригородская территория муниципальный округ солнцево производственная улица дом 10а,"Москва, внутригородская территория, муниципальный округ Солнцево, Производственная улица, дом 10А",1,rv,Введено,ЛСР,ЗАО,Солнцево,55.6521865,37.40060335,manual_exact,exact,True
москва внутригородская территория муниципальный округ солнцево солнцевский проспект дом 16а/1,"Москва, внутригородская территория муниципальный округ Солнцево, Солнцевский проспект, дом 16А/1",1,rv,Введено,КП УГС,ЗАО,Солнцево,55.6521865,37.40060335,manual_exact,exact,True
москва внутригородская территория муниципальный округ таганский ул солженицына александра д 9а стр 1,"Москва,внутригородская территория муниципальный округ Таганский, ул. Солженицына Александра, д. 9А, стр. 1",1,rv,Введено,ШКОЛА СОТРУДНИЧЕСТВА,ЦАО,Таганский,55.75004445,37.6571372,manual_exact,exact,True
москва внутригородская территория муниципальный округ тропарево-никулино востряковское шоссе дом 7 строения 1 2 3 6,"Москва, внутригородская территория муниципальный округ Тропарёво-Никулино, Востряковское шоссе, дом 7, строения 1, 2, 3, 6",1,rv,Введено,АПСИС АКТИВ,ЗАО,Тропарево-Никулино,55.67133680000001,37.4655932,manual_exact,exact,True
москва внутригородская территория муниципальный округ хорошево-мневники шелепихинская набережная дом 34а строение 1,"Москва, внутригородская территория муниципальный округ Хорошёво-Мнёвники, Шелепихинская набережная, дом 34А, строение 1",1,rv,Введено,ДОНСТРОЙ,СЗАО,Хорошево-Мневники,55.7601052,37.5183196,manual_exact,exact,True
москва внутригородская территория пос новофедоровское ул генерала донскова д 29 корп 2,"Москва, внутригородская территория пос. Новофедоровское, ул. Генерала Донскова, д. 29, корп. 2",1,rv,Введено,"ООО ""АПРЕЛЕВКА С2""",ТАО,Новофедоровское,55.5099302,36.9243965,manual_exact,exact,True
москва внутригородская территория пос новофедоровское ул генерала донскова д 29 корп 4,"Москва, внутригородская территория пос. Новофедоровское, ул. Генерала Донскова, д. 29, корп. 4",1,rv,Введено,"ООО ""АПРЕЛЕВКА С2""",ТАО,Новофедоровское,55.5099302,36.9243965,manual_exact,exact,True
москва внутригородская территория поселение десеновское 3-я нововатутинская улица сооружение 6а,"Москва, внутригородская территория поселение Десеновское, 3-я Нововатутинская улица, сооружение 6А",1,rv,Введено,ИНВЕСТТРАСТ,НАО,Десеновское,55.5702958,37.3970203,manual_exact,exact,True
москва внутригородская территория поселение московский саларьевская улица д 12 стр 1,"Москва, внутригородская территория поселение Московский, Саларьевская улица д. 12, стр. 1",1,rv,Введено,ПИК,НАО,Московский,55.613434,37.415014,manual_exact,exact,True
москва внутригородская территория поселение московский саларьевская улица дом 11,"Москва, внутригородская территория поселение Московский, Саларьевская улица, дом 11",1,rv,Введено,ПИК,НАО,Московский,55.613434,37.415014,manual_exact,exact,True
москва внутригородская территория поселение московский саларьевская улица дом 13 корпус 1,"Москва, внутригородская территория поселение Московский, Саларьевская улица, дом 13, корпус 1",1,rv,Введено,ПИК,НАО,Московский,55.613434,37.415014,manual_exact,exact,True
москва внутригородская территория поселение московский саларьевская улица дом 13 корпус 2.,"Москва, внутригородская территория поселение Московский, Саларьевская улица, дом 13, корпус 2.",1,rv,Введено,ПИК,НАО,Московский,55.613434,37.415014,manual_exact,exact,True
москва внутригородская территория поселение московский саларьевская улица дом 13 корпус 3,"Москва, внутригородская территория поселение Московский, Саларьевская улица, дом 13, корпус 3",1,rv,Введено,ПИК,НАО,Московский,55.613434,37.415014,manual_exact,exact,True
москва внутригородская территория поселение сосенское деревня николо-хованское дом 1011в,"Москва, внутригородская территория поселение Сосенское, деревня Николо-Хованское, дом 1011В",1,rv,Введено,"ООО ""ТИС""",НАО,Сосенское,55.581794,37.417744,manual_exact,exact,True
москва внутригородская территория поселение сосенское деревня сосенки дом 1е,"Москва, внутригородская территория поселение Сосенское, деревня Сосенки, дом 1Е",1,rv,Введено,"АО ""КОММСЕРВИС""",НАО,Сосенское,55.581794,37.417744,manual_exact,exact,True
москва внутригородская территория поселение сосенское поселок коммунарка бачуринская улица дом 9а корпус 2,"Москва, внутригородская территория поселение Сосенское, посёлок Коммунарка, Бачуринская улица, дом 9А, корпус 2",1,rv,Введено,КОНЦЕРН КРОСТ,НАО,Сосенское,55.581794,37.417744,manual_exact,exact,True
москва внутригородская территория поселение сосенское поселок коммунарка ул сосенский стан д 8 стр 7,"Москва, внутригородская территория поселение Сосенское, поселок Коммунарка, ул. Сосенский Стан, д. 8, стр. 7",1,rv,Введено,ДЕПАРТАМЕНТ ГРАЖДАНСКОГО СТРОИТЕЛЬСТВА ГОРОДА МОСКВЫ,НАО,Сосенское,55.581794,37.417744,manual_exact,exact,True
москва внутригородское муниципальное образование лефортово шепелюгинский переулок земельный участок 7,"Москва, внутригородское муниципальное образование Лефортово, Шепелюгинский переулок, земельный участок 7",1,oks,Строится,ФОНД РЕНОВАЦИИ,ЮВАО,Лефортово,55.754854,37.70693,district_centroid,approximate,True
москва волоколамское ш д 142 строен. 10,"Москва, Волоколамское ш., д. 142, строен. 10",1,rv,Введено,ЮРВЕС,СЗАО,Митино,55.8484195,37.3670608,manual_exact,exact,True
москва волоколамское шоссе д71 корп 3,"Москва, Волоколамское шоссе, д.71, корп. 3",1,rv,Введено,ТУШИНО 2018,СЗАО,Покровское-Стрешнево,55.8192621,37.4415913,manual_exact,exact,True
москва воротынская ул д 12а стр 1,"Москва, Воротынская ул., д. 12А, стр. 1",1,rv,Введено,КП УГС,СЗАО,Куркино,55.8953035,37.384267,manual_exact,exact,True
москва г зеленоград ул александровка д 1 а д 1 а стр 1,"Москва, г Зеленоград,ул Александровка, д. 1 А, д. 1 А стр 1",1,rv,Введено,"НП МЖК ""ЗЕЛЕНОГРАД""",ЗелАО,Крюково,55.9658925,37.173983,manual_exact,exact,True
москва г. зеленоград внутригородское муниципальное образование савелки мкр.5а проезд 5253,"Москва, г. Зеленоград, внутригородское муниципальное образование «Савёлки», мкр.5А, проезд 5253",1,rv,Введено,АРЕНДА-ГРУПП,ЗелАО,Савелки,55.9868367,37.2348652,manual_exact,exact,True
москва г. зеленоград георгиевский пр-кт д 33 к 2,"Москва, г. Зеленоград, Георгиевский пр-кт, д. 33, к. 2",1,rv,Введено,ПИК,ЗелАО,Крюково,55.9658925,37.173983,manual_exact,exact,True
москва г. зеленоград георгиевский пр-кт д 33 к 3,"Москва, г. Зеленоград, Георгиевский пр-кт, д. 33, к. 3",1,rv,Введено,ПИК,ЗелАО,Крюково,55.9658925,37.173983,manual_exact,exact,True
москва г. зеленоград георгиевский пр-кт д 33 к 4,"Москва, г. Зеленоград, Георгиевский пр-кт, д. 33, к. 4",1,rv,Введено,ПИК,ЗелАО,Крюково,55.9658925,37.173983,manual_exact,exact,True
москва г. зеленоград панфиловский пр-кт к 1001б,"Москва, г. Зеленоград, Панфиловский пр-кт, к. 1001Б",1,rv,Введено,"ЗАО ""КАМЕНЬ""",ЗелАО,Силино,56.0080842,37.1406636,manual_exact,exact,True
москва г. зеленоград ул панфилова д 11,"Москва, г. Зеленоград, ул. Панфилова, д. 11",1,rv,Введено,"ООО ""АЛЬТСТРОЙ""",ЗелАО,Силино,56.0080842,37.1406636,manual_exact,exact,True
москва г. московский ул хабарова двлд. 15 стр 2,"Москва, г. Московский, ул. Хабарова, двлд. 15, стр. 2",1,rv,Введено,АБСОЛЮТ,НАО,Московский,55.613434,37.415014,manual_exact,exact,True
москва десна дер участок № 24,"Москва, Десна дер., участок № 24",1,rv,Введено,ИНВЕСТТРАСТ,НАО,Троицк,55.5274153,37.2817736,manual_exact,exact,True
москва дмитровское ш д 124а стр 1,"Москва, Дмитровское ш., д. 124А, стр. 1",1,rv,Введено,ПИК,СВАО,Северный,55.92835525,37.5459852,manual_exact,exact,True
москва жуков проезд д 21б,"Москва, Жуков проезд, д. 21Б",1,rv,Введено,"ООО ""ДЗС ГРУПП""",ЮАО,Даниловский,55.711814,37.6597584,manual_exact,exact,True
москва зао район кунцево вблизи мякининской поймы,"Москва, ЗАО, район Кунцево, вблизи Мякининской поймы",1,rv,Введено,ПИК,ЗАО,Кунцево,55.74346005,37.39999495,manual_exact,exact,True
москва зао район кунцево ул 3-я черепковская вл 15-а,"Москва, ЗАО, район Кунцево, ул. 3-я Черепковская, вл. 15-А",1,oks,Строится,МИНЗДРАВ РОССИИ,ЗАО,Кунцево,55.74346005,37.39999495,district_centroid,approximate,True
москва зао район можайский гжатская ул вл 9,"Москва, ЗАО, район Можайский, Гжатская ул. вл. 9",1,rv,Введено,PIONEER,ЗАО,Можайский,55.7015105,37.3937955,manual_exact,exact,True
москва зао район очаково-матвеевское веерная ул вл 26 а б,"Москва, ЗАО, район Очаково-Матвеевское, Веерная ул. вл. 26 А, Б",1,rv,Введено,ФОНД РЕНОВАЦИИ,ЗАО,Очаково-Матвеевское,55.6907105,37.443805,manual_exact,exact,True
москва зао район очаково-матвеевское очаково промзона проектируемый проезд № 2213,"Москва, ЗАО, район Очаково-Матвеевское, Очаково промзона, проектируемый проезд № 2213",1,rv,Введено,ГАЗПРОМ,ЗАО,Очаково-Матвеевское,55.6907105,37.443805,manual_exact,exact,True
москва зао район очаково-матвеевское промзона № 37 очаково прпр № 5320 (участок 2),"Москва, ЗАО район Очаково-Матвеевское,промзона № 37 «Очаково» пр.пр. № 5320 (участок 2)",1,rv,Введено,"ООО ""СТЕЛЛАСТРОЙ""",ЗАО,Очаково-Матвеевское,55.6907105,37.443805,manual_exact,exact,True
москва зао район солнцево ул 2-я карпатская земельный участок 2б,"Москва, ЗАО, район Солнцево, ул. 2-я Карпатская, земельный участок 2Б",1,oks,Строится,"ООО ""СИТИКОНСТРАКШЕН""",ЗАО,Солнцево,55.6521865,37.40060335,district_centroid,approximate,True
москва зао район филевский парк береговой пр д 4/6 стр 10,"Москва, ЗАО, район Филевский Парк, Береговой пр. д. 4/6 стр. 10",1,rv,Введено,ОЭК,ЗАО,Филевский Парк,55.7499566,37.5151422,manual_exact,exact,True
москва зао район филевский парк проезд береговой земельный участок 9/1,"Москва, ЗАО, район Филевский Парк, проезд Береговой, земельный участок 9/1",1,oks,Строится,ФОНД РЕНОВАЦИИ,ЗАО,Филёвский Парк,55.7504635,37.5074345,district_centroid,approximate,True
москва зао районы фили-давыдково очаково-матвеевское,"Москва, ЗАО, районы Фили-Давыдково, Очаково-Матвеевское",1,oks,Строится,РОСИМУЩЕСТВО,ЗАО,Очаково-Матвеевское,55.6907105,37.443805,district_centroid,approximate,True
москва зао тропарево-никулино проспект вернадского дом 86в,"Москва, ЗАО, Тропарево-Никулино, проспект Вернадского, дом 86В",1,rv,Введено,ПРЕДПРИЯТИЕ АЛЬМИРАЛ,ЗАО,Тропарево-Никулино,55.67133680000001,37.4655932,manual_exact,exact,True
москва зелао крюково д андреевка,"Москва, ЗелАО, Крюково, д. Андреевка",1,rv,Введено,ПИК,ЗелАО,Крюково,55.9658925,37.173983,manual_exact,exact,True
москва зелао район крюково д андреевка москва г. зеленоград георгиевский пр-кт д 39б строен. 1,"Москва, ЗелАО, район Крюково, д. Андреевка; Москва, г. Зеленоград, Георгиевский пр-кт, д. 39Б, строен. 1",1,rv,Введено,ПИК,ЗелАО,Крюково,55.9658925,37.173983,manual_exact,exact,True
москва зелао район савелки савелкинский пр корп 328,"Москва, ЗелАО, район Савелки, Савелкинский пр. корп. 328",1,rv,Введено,"ООО ""СЗ ""ОДА ПРЕМИУМ ПЛЮС""",ЗелАО,Савёлки,55.9868367,37.2348652,manual_exact,exact,True
москва зеленоград корп 353,"Москва, Зеленоград, корп. 353",1,rv,Введено,"ООО ""ОДА ПРЕМИУМ""",ЗелАО,Савелки,55.9868367,37.2348652,manual_exact,exact,True
москва зеленоград корп 353а,"Москва, Зеленоград, корп. 353А",1,rv,Введено,"ООО ""ОДА ПРЕМИУМ""",ЗелАО,Савелки,55.9868367,37.2348652,manual_exact,exact,True
москва зеленоград корп 354,"Москва, Зеленоград, корп. 354",1,rv,Введено,"ООО ""ОДА ПРЕМИУМ""",ЗелАО,Савелки,55.9868367,37.2348652,manual_exact,exact,True
москва зеленоград корп 354а,"Москва, Зеленоград, корп. 354А",1,rv,Введено,"ООО ""ОДА ПРЕМИУМ""",ЗелАО,Савелки,55.9868367,37.2348652,manual_exact,exact,True
москва зеленоград корп 355,"Москва, Зеленоград, корп. 355",1,rv,Введено,"ООО ""ОДА ПРЕМИУМ""",ЗелАО,Савелки,55.9868367,37.2348652,manual_exact,exact,True
москва зеленоград корп 360а,"Москва, Зеленоград, корп. 360А",1,rv,Введено,"ООО ""ОДА ПРЕМИУМ""",ЗелАО,Савелки,55.9868367,37.2348652,manual_exact,exact,True
москва касаткина ул вл 9,"Москва, Касаткина ул. вл. 9",1,rv,Введено,"ГБУ ""ДИРЕКЦИЯ РАЗВИТИЯ ОБЪЕКТОВ ЗДРАВООХРАНЕНИЯ ГОРОДА МОСКВЫ""",СВАО,Алексеевский,55.8241258,37.6636992,nominatim,residential,True
москва каширское ш д 23 корп 1б д 23 корп 1в д 23 корп 1 стр 6 д 23 корп 1 стр7,"Москва, Каширское ш., д. 23, корп. 1Б, д. 23, корп. 1В, , д. 23, корп. 1, стр. 6 д. 23, корп. 1, стр.7",1,rv,Введено,РОССИЙСКАЯ АКАДЕМИЯ НАУК,ЮАО,Нагатино-Садовники,55.6746117,37.6454806,manual_exact,exact,True
москва каширское шоссе вл 13а,"Москва, Каширское шоссе, вл. 13А",1,oks,Строится,РОСИМУЩЕСТВО,ЮАО,Нагатино-Садовники,55.652042,37.6547811,nominatim,primary,True
москва каширское шоссе ореховый бульвар,"Москва, Каширское шоссе, Ореховый бульвар",1,rv,Введено,"ЗАО ХК ""АВТОБАН И КО""",ЮАО,Орехово-Борисово Южное,55.6135333,37.7444387,manual_exact,exact,True
москва ленинградский пр-кт д 36 стр 40,"Москва, Ленинградский пр-кт, д. 36, стр. 40",1,rv,Введено,ВТБ,САО,Аэропорт,55.80185185000001,37.5368174,manual_exact,exact,True
москва ленинградский пр-т д 36 стр 41,"Москва, Ленинградский пр-т, д. 36, стр. 41",1,rv,Введено,ВТБ,САО,Аэропорт,55.80185185000001,37.5368174,manual_exact,exact,True
москва марьинский бульвар д 8 корп 2,"Москва, Марьинский бульвар, д. 8, корп. 2",1,rv,Введено,"ООО ""МОСБИНК""",ЮВАО,Марьино,55.6518099,37.719279,manual_exact,exact,True
москва машкинское ш 2-й км,"Москва, Машкинское ш., 2-й км",1,rv,Введено,"ООО ""БИЗНЕСПОТЕНЦИАЛ""",СЗАО,Куркино,55.8953035,37.384267,manual_exact,exact,True
москва мосфильмовская ул д 1а,"Москва, Мосфильмовская ул., д. 1А",1,rv,Введено,AB DEVELOPMENT,ЗАО,Раменки,55.7010074,37.5041069,manual_exact,exact,True
москва мрузовский пер д 11 строение 2,"Москва, Мрузовский пер., д. 11, строение 2",1,rv,Введено,МОСГАЗ,ЦАО,Басманный,55.7672809,37.6697732,manual_exact,exact,True
москва муниципальный округ кунцево вн. тер г. ул академика павлова д 28,"Москва, муниципальный округ Кунцево, вн. тер г., ул. Академика Павлова, д. 28",1,rv,Введено,ПИК,ЗАО,Кунцево,55.74346005,37.39999495,manual_exact,exact,True
москва муниципальный округ орехово-борисово южное ясеневая улица дом 12 корпус 5,"Москва, муниципальный округ Орехово-Борисово Южное, Ясеневая улица, дом 12, корпус 5",1,rv,Введено,ПИК,ЮАО,Орехово-Борисово Южное,55.6135333,37.7444387,manual_exact,exact,True
москва муниципальный округ отрадное ул отрадная д 4 а ул отрадная д 4 а сооружение 1,"Москва, муниципальный округ Отрадное, ул. Отрадная, д. 4 А, ул. Отрадная, д. 4 А, сооружение 1",1,rv,Введено,КОНЦЕРН КРОСТ,СВАО,Отрадное,55.85055975,37.5782006,manual_exact,exact,True
москва муниципальный округ южное медведково внутригородская территория ул полярная д 27 корп 1,"Москва, муниципальный округ Южное Медведково внутригородская территория, ул. Полярная, д. 27, корп. 1",1,rv,Введено,ПИК,СВАО,Медведково,55.883743,37.6366379,manual_exact,exact,True
москва нао п. сосенское дер николо-хованское,"Москва, НАО, п. Сосенское, дер. Николо-Хованское",1,rv,Введено,"ООО ""СФЕРА ВИН""",НАО,Сосенское,55.581794,37.417744,manual_exact,exact,True
москва нао п. филимонковское вблизи д середнево уч № viii-1/4/1,"Москва, НАО, п. Филимонковское, вблизи д. Середнево, уч. № VIII-1/4/1",1,rv,Введено,"ООО ""ТОЛЛАН""",НАО,Филимонковское,55.5465808,37.3050386,manual_exact,exact,True
москва нао пос сосенское п. коммунарка ул сосенский стан д 8б,"Москва, НАО, пос. Сосенское, п. Коммунарка, ул. Сосенский стан, д. 8Б",1,rv,Введено,МОСИНЖПРОЕКТ,НАО,Сосенское,55.581794,37.417744,manual_exact,exact,True
москва нао пос филимонковское дер верхнее валуево вл 1,"Москва, НАО, пос. Филимонковское, дер. Верхнее Валуево, вл. 1",1,rv,Введено,АБСОЛЮТ,НАО,Филимонковское,55.5465808,37.3050386,manual_exact,exact,True
москва нао район московский в районе деревни румянцево,"Москва, НАО, район Московский, в районе деревни Румянцево",1,rv,Введено,ТЕТРАЭКОНОМАЛЬЯНС,НАО,Московский,55.613434,37.415014,manual_exact,exact,True
москва нао район московский саларьево дер,"Москва, НАО, район Московский, Саларьево дер.",1,rv,Введено,ПИК,НАО,Московский,55.613434,37.415014,manual_exact,exact,True
москва нао район сосенское столбово дер уч 40/1,"Москва, НАО, район Сосенское, Столбово дер. уч. 40/1",1,oks,Строится,САМОЛЕТ,НАО,Коммунарка,55.581794,37.448441,district_centroid,approximate,True
москва нао сосенское п. николо-хованское дер уч 9/1-1,"Москва, НАО, Сосенское п., Николо-Хованское дер., уч. 9/1-1",1,rv,Введено,"ООО ""ПРОКВЕСТ""",НАО,Сосенское,55.581794,37.417744,manual_exact,exact,True
москва нао сосенское поселение сосенское новомосковский административный округ города москвы,"Москва, НАО, Сосенское, поселение Сосенское, Новомосковский административный округ города Москвы",1,rv,Введено,"ГКУ ""УДМС""",НАО,Сосенское,55.581794,37.417744,manual_exact,exact,True
москва п. десеновское,"Москва, п. Десеновское",1,rv,Введено,ИНВЕСТТРАСТ,НАО,Троицк,55.5274153,37.2817736,manual_exact,exact,True
москва п. мосрентген п. завода мосрентген ул героя россии соломатина,"Москва, п. Мосрентген, п. завода Мосрентген, ул. Героя России Соломатина",1,rv,Введено,"ООО ""КОРУНД""",НАО,Мосрентген,55.5702958,37.3970203,manual_exact,exact,True
москва п. первомайское д ивановское ул семена гордого д 7,"Москва, п. Первомайское, д. Ивановское, ул. Семёна Гордого, д. 7",1,rv,Введено,НЕБОСКРЕБ ГБ,ТАО,Первомайское,55.522078,37.2128965,manual_exact,exact,True
москва п. рязановское п. ерино,"Москва, п. Рязановское, п. Ерино",1,rv,Введено,"ООО""АКСОН""",НАО,Рязановское,55.49523050000001,37.518144,manual_exact,exact,True
москва п. сосенское в районе дер николо-хованское,"Москва, п. Сосенское, в районе дер. Николо-Хованское",1,rv,Введено,А101,НАО,Сосенское,55.581794,37.417744,manual_exact,exact,True
москва п. сосенское в районе пос мамыри,"Москва, п. Сосенское, в районе пос. Мамыри",1,rv,Введено,КИЕВСКАЯ ПЛОЩАДЬ,НАО,Сосенское,55.581794,37.417744,manual_exact,exact,True
москва п. сосенское кв-л. № 7 д1 стр 1,"Москва, п. Сосенское, кв-л. № 7, д.1 , стр. 1",1,rv,Введено,ПИК,НАО,Сосенское,55.581794,37.417744,manual_exact,exact,True
москва п. сосенское п. коммунарка,"Москва, п. Сосенское, п. Коммунарка",1,rv,Введено,"ГКУ ""УДМС""",НАО,Коммунарка,55.581794,37.448441,manual_exact,exact,True
москва п. щаповское вблизи п. курилово,"Москва, п. Щаповское, вблизи п. Курилово",1,rv,Введено,"ООО ""РРМ-ЛОГИСТИК""",ТАО,Щаповское,55.50185,37.1284207,manual_exact,exact,True
москва п.сосенское в районе пос мамыри,"Москва, п.Сосенское, в районе пос. Мамыри",1,rv,Введено,КИЕВСКАЯ ПЛОЩАДЬ,НАО,Сосенское,55.581794,37.417744,manual_exact,exact,True
москва пер 2-ой троицкий дом 6а. стр 5,"Москва, пер. 2-ой Троицкий, дом 6А. стр. 5",1,rv,Введено,ИНДИВИДУАЛЬНЫЕ ПРЕДПРИНИМАТЕЛИ,ЦАО,Мещанский,55.7816543,37.6340098,manual_exact,exact,True
москва пер николоворобинский б. д 9 корп 1,"Москва, пер. Николоворобинский Б., д. 9, корп. 1",1,rv,Введено,STATE DEVELOPMENT,ЦАО,Таганский,55.75004445,37.6571372,manual_exact,exact,True
москва первомайское 41 км + 200 м киевского шоссе (левая сторона),"Москва, Первомайское, 41 км + 200 м Киевского шоссе (левая сторона)",1,rv,Введено,АРЕНДА-ГРУПП,ТАО,Первомайское,55.522078,37.2128965,district_centroid,approximate,True
москва пос внуковское в районе дер изварино,"Москва, пос. Внуковское, в районе дер. Изварино",1,rv,Введено,ИЗВАРИНО ФАРМА,НАО,Внуковское,55.63048275,37.33501749999999,manual_exact,exact,True
москва пос внуковское ул летчика ульянина д 3а,"Москва, пос. Внуковское, ул. Лётчика Ульянина, д. 3А",1,rv,Введено,"ПУБЛИЧНОЕ АКЦИОНЕРНОЕ ОБЩЕСТВО ""ПИК-СПЕЦИАЛИЗИРОВАННЫЙ ЗАСТРОЙЩИК""",НАО,Внуковское,55.63048275,37.33501749999999,manual_exact,exact,True
москва пос десеновское вблизи дер десна,"Москва, пос. Десеновское, вблизи дер. Десна",1,rv,Введено,"ООО ""СЗ ""ВАЛУЕВСКИЙ ПАРК""",НАО,Десеновское,55.5702958,37.3970203,manual_exact,exact,True
москва пос десеновское ул 3-я нововатутинская д 8,"Москва, пос. Десеновское, ул. 3-я Нововатутинская, д. 8",1,rv,Введено,ИНВЕСТТРАСТ,НАО,Десеновское,55.5702958,37.3970203,manual_exact,exact,True
москва пос марушкинское д давыдково,"Москва, пос. Марушкинское, д. Давыдково",1,rv,Введено,"ООО ""ВНУКОВО ЛОГИСТИК""",НАО,Марушкинское,55.5778111,37.1097363,manual_exact,exact,True
москва пос московский саларьевская ул д 16 к2,"Москва, пос. Московский, Саларьевская ул, д. 16, к.2",3,rv,Введено,ПИК,НАО,Московский,55.613434,37.415014,manual_exact,exact,True
москва пос московский саларьевская ул д 16 стр 6,"Москва, пос. Московский, Саларьевская ул, д. 16, стр. 6",1,rv,Введено,ПИК,НАО,Московский,55.613434,37.415014,manual_exact,exact,True
москва пос московский ул татьянин парк д 19 к 1 д 19 к 2 д 19 к 3,"Москва, пос. Московский, ул. Татьянин Парк, д. 19, к. 1; д. 19, к. 2; д. 19, к. 3",1,rv,Введено,САМОЛЕТ,НАО,Московский,55.613434,37.415014,manual_exact,exact,True
москва пос мосрентген пос завода мосрентген 44-й км мкад (внешняя сторона) вл 1 стр 2,"Москва, пос. ""Мосрентген"", пос. Завода Мосрентген, 44-й км МКАД (внешняя сторона), вл. 1, стр. 2",1,rv,Введено,"ООО ""АЛЮМИНИЕВЫЕ СИСТЕМЫ""",НАО,Мосрентген,55.5702958,37.3970203,manual_exact,exact,True
москва пос новофедоровское ул генерала донскова д 23,"Москва, пос. Новофедоровское, ул. Генерала Донскова, д. 23",1,rv,Введено,"ООО ""АПРЕЛЕВКА С2""",ТАО,Новофедоровское,55.5099302,36.9243965,manual_exact,exact,True
москва пос сосенское дер николо-хованское уч 9/1-3,"Москва, пос. Сосенское, дер. Николо-Хованское, уч. 9/1-3",1,rv,Введено,"ООО ""ЛОГИСТИКА 21 ВЕК""",НАО,Сосенское,55.581794,37.417744,manual_exact,exact,True
москва пос сосенское п. коммунарка ул александры монаховой д 82а стр 2,"Москва, пос. Сосенское, п. Коммунарка, ул. Александры Монаховой, д. 82А, стр. 2",1,rv,Введено,"ООО ""ЭНЕРГИЯ ОМ""",НАО,Сосенское,55.581794,37.417744,manual_exact,exact,True
москва пос сосенское п. коммунарка ул александры монаховой д 84 к 3,"Москва, пос. Сосенское, п. Коммунарка, ул. Александры Монаховой, д. 84, к. 3",1,rv,Введено,"ПУБЛИЧНОЕ АКЦИОНЕРНОЕ ОБЩЕСТВО ""ПИК-СПЕЦИАЛИЗИРОВАННЫЙ ЗАСТРОЙЩИК""",НАО,Сосенское,55.581794,37.417744,manual_exact,exact,True
москва пос сосенское п. коммунарка ул александры монаховой д 84 к 4,"Москва, пос. Сосенское, п. Коммунарка, ул. Александры Монаховой, д. 84, к. 4",1,rv,Введено,"ПУБЛИЧНОЕ АКЦИОНЕРНОЕ ОБЩЕСТВО ""ПИК-СПЕЦИАЛИЗИРОВАННЫЙ ЗАСТРОЙЩИК""",НАО,Сосенское,55.581794,37.417744,manual_exact,exact,True
москва пос сосенское п. коммунарка ул александры монаховой д 96а,"Москва, пос. Сосенское, п. Коммунарка, ул. Александры Монаховой, д. 96А",1,rv,Введено,ПИК,НАО,Сосенское,55.581794,37.417744,manual_exact,exact,True
москва пос сосенское п. коммунарка ул лазурная д 2,"Москва, пос. Сосенское, п. Коммунарка, ул. Лазурная, д. 2",1,rv,Введено,ПРАВОСЛАВИЕ,НАО,Сосенское,55.581794,37.417744,manual_exact,exact,True
москва пос сосенское п. коммунарка ул липовый парк д 7,"Москва, пос. Сосенское, п. Коммунарка, ул. Липовый парк д. 7",1,rv,Введено,А101,НАО,Сосенское,55.581794,37.417744,manual_exact,exact,True
москва пос сосенское скандинавский б-р д 23 корп 1 корп 2 ,"Москва, пос. Сосенское, Скандинавский б-р, д. 23, корп. 1, корп. 2;",1,rv,Введено,А101,НАО,Сосенское,55.581794,37.417744,district_centroid,approximate,True
москва пос сосенское скандинавский б-р д 3 к3,"Москва, пос. Сосенское, Скандинавский б-р, д. 3, к.3",1,rv,Введено,А101,НАО,Сосенское,55.581794,37.417744,manual_exact,exact,True
москва пос сосенское скандинавский б-р д 8,"Москва, пос. Сосенское, Скандинавский б-р, д. 8",1,rv,Введено,А101,НАО,Сосенское,55.581794,37.417744,manual_exact,exact,True
москва пос сосенское скандинавский б-р д1 к2,"Москва, пос. Сосенское, Скандинавский б-р, д.1, к.2",1,rv,Введено,А101,НАО,Сосенское,55.581794,37.417744,manual_exact,exact,True
москва пос сосенское скандинавский бульвар дом 2 корпус 7 корпус 8,"Москва, пос. Сосенское, Скандинавский бульвар, дом 2 корпус 7, корпус 8",2,rv,Введено,А101,НАО,Сосенское,55.581794,37.417744,manual_exact,exact,True
москва пос филимонковское дер середнево уч viii-1/4/1,"Москва, пос. Филимонковское, дер. Середнево, уч. VIII-1/4/1",1,rv,Введено,"ООО ""ТОЛЛАН""",НАО,Филимонковское,55.5465808,37.3050386,manual_exact,exact,True
москва пос филимонковское ул харлампиева д 2 к2 москва пос филимонковское ул харлампиева д 22 к 1,"Москва, пос. Филимонковское, ул. Харлампиева, д. 2, к.2; Москва, пос. Филимонковское, ул. Харлампиева, д. 22, к. 1",1,rv,Введено,"ООО ""СТРОЙ РЕСУРС""",НАО,Филимонковское,55.5465808,37.3050386,manual_exact,exact,True
москва пос филимонковское ул харлампиева д 30 к 1 москва пос филимонковское ул харлампиева д 30 к 2,"Москва, пос. Филимонковское, ул. Харлампиева, д. 30, к. 1; Москва, пос. Филимонковское, ул. Харлампиева, д. 30, к. 2",1,rv,Введено,СЕЛМИНОС ХОЛДИНГС ЛТД,НАО,Филимонковское,55.5465808,37.3050386,manual_exact,exact,True
москва пос филимонковское ул харлампиева д18 к1 д18 к2 д20 к1 д20 к2 д20 к3 д20 к4 д20 к5 д20 к6,"Москва, пос. Филимонковское, ул. Харлампиева, д.18, к.1; д.18, к.2; д.20, к.1; д.20, к.2; д.20, к.3; д.20, к.4; д.20, к.5; д.20, к.6",1,rv,Введено,"ООО""МАРЬИНОСТРОЙГРУПП""",НАО,Филимонковское,55.5465808,37.3050386,manual_exact,exact,True
москва пос филимонковское ул харлампиева д24 к1 д24 к2 д24 к3 д24 к4 д24 к5 д24 к6 д24 к7 д24 к8,"Москва, пос. Филимонковское, ул. Харлампиева, д.24, к.1; д.24, к.2; д.24, к.3; д.24, к.4; д.24, к.5; д.24, к.6; д.24, к.7; д.24, к.8",1,rv,Введено,"ООО""МАРЬИНОСТРОЙГРУПП""",НАО,Филимонковское,55.5465808,37.3050386,manual_exact,exact,True
москва пос щаповское п. щапово д 36а,"Москва, пос. Щаповское, п. Щапово, д. 36А",1,rv,Введено,"АО ""КАПСТРОЙСИТИ""",ТАО,Щаповское,55.50185,37.1284207,manual_exact,exact,True
москва поселение краснопахорское поселок подсобного хозяйства минзаг,"Москва, поселение Краснопахорское, поселок подсобного хозяйства Минзаг",1,rv,Введено,"ООО ""БАРБУС""",ТАО,Краснопахорское,55.50185,37.1284207,manual_exact,exact,True
москва поселение первомайское,"Москва, поселение Первомайское",3,rv,Введено,"АО ""КАПСТРОЙСИТИ""",ТАО,Троицк,55.5213396,37.1592874,nominatim,service,True
москва поселение сосенское дер сосенки ул ясеневая д 3 корп 1,"Москва, поселение Сосенское, дер. Сосенки, ул. Ясеневая, д. 3 корп. 1",1,rv,Введено,"ООО ""ДУБРОВКА ДЕВЕЛОПМЕНТ""",НАО,Сосенское,55.581794,37.417744,manual_exact,exact,True
москва поселение сосенское проспект магеллана дом 2,"Москва, поселение Сосенское, проспект Магеллана, дом 2",1,rv,Введено,А101,НАО,Сосенское,55.581794,37.417744,manual_exact,exact,True
москва поселение сосенское ул зименковская д 3 стр 2 д 3 стр 3 д 3 стр 6,"Москва, поселение Сосенское, ул. Зимёнковская, д. 3, стр. 2; д. 3 стр. 3; д. 3, стр. 6",1,rv,Введено,ФИНАНСОВЫЙ РЕСУРС,НАО,Сосенское,55.581794,37.417744,manual_exact,exact,True
москва поселение сосенское южнее деревни сосенки вблизи примыкания автодороги на поселок воскресенское к калужскому шоссе,"Москва, поселение Сосенское, южнее деревни Сосенки, вблизи примыкания автодороги на поселок Воскресенское к Калужскому шоссе",1,rv,Введено,ИНТЕР РАО ЕЭС,НАО,Коммунарка,55.581794,37.448441,manual_exact,exact,True
москва пр-кт лихачева д 10 внутригородская территория муниципальный округ даниловский,"Москва, пр-кт Лихачева, д. 10, внутригородская территория муниципальный округ Даниловский",1,rv,Введено,"ООО СЗ ""НАГАТИНСКИЙ ПАРК""",ЮАО,Даниловский,55.711814,37.6597584,manual_exact,exact,True
москва проезд нагорный внутригородская территория (внутригородское муниципальное образование) города федерального значения муниципальный округ нагорный,"Москва, проезд Нагорный, Внутригородская территория, (внутригородское муниципальное образование) города федерального значения муниципальный округ Нагорный",1,rv,Введено,"АО ""МКЖД""",ЮАО,Нагорный,55.67199305,37.6133392,manual_exact,exact,True
москва проезд проектируемый 185-й юзао южное бутово промзона бутово стр 1 стр 2 стр 3 стр 4 стр 5 стр 6,"Москва, проезд Проектируемый 185-й, ЮЗАО, Южное Бутово, промзона Бутово, стр. 1, стр. 2, стр. 3, стр. 4, стр. 5, стр. 6",1,rv,Введено,"АО ""ДРСУ""",ЮЗАО,Южное Бутово,55.54729475,37.5747165,manual_exact,exact,True
москва проезд студеный д 1а стр 1 стр 2 стр 3,"Москва, проезд Студёный, д. 1А, стр. 1, стр. 2, стр. 3",1,rv,Введено,"КП ""БСА ""ЛУЖНИКИ""",СВАО,Северное Медведково,55.886639,37.6405375,manual_exact,exact,True
москва проезд шокальского вл 9-9а,"Москва, проезд Шокальского, вл. 9-9а",1,rv,Введено,"ООО ""ИНЖСТРОЙПРОЕКТ""",СВАО,Южное Медведково,55.883743,37.6366379,manual_exact,exact,True
москва промзона руднево (кожухово) пр пр № 45 и пр пр № 42 (вао косино-ухтомский),"Москва, промзона Руднево (Кожухово), пр. пр. № 45 и пр. пр. № 42 (ВАО, Косино-Ухтомский)",1,rv,Введено,"ПУБЛИЧНОЕ АКЦИОНЕРНОЕ ОБЩЕСТВО ""РОССИЙСКИЕ СЕТИ""",ВАО,Косино-Ухтомский,55.722810325,37.8601839,manual_exact,exact,True
москва район косино-ухтомский восточный административный округ города москвы район некрасовка юго-восточный административный округ города москвы московская область г. реутов г.о. балашиха включая г. железнодорожный микрорайоны павлино и салтыковка,"Москва, район Косино-Ухтомский, Восточный административный округ города Москвы, район Некрасовка, Юго-Восточный административный округ города Москвы, Московская область, г. Реутов, г.о. Балашиха, включая г. Железнодорожный, микрорайоны Павлино и Салтыковка",1,oks,Строится,"ПУБЛИЧНОЕ АКЦИОНЕРНОЕ ОБЩЕСТВО ""РОССИЙСКИЕ СЕТИ""",ВАО,Косино-Ухтомский,55.722810325,37.8601839,district_centroid,approximate,True
москва районы выхино-жулебино лефортово нижегородский рязанский,"Москва, районы Выхино-Жулебино, Лефортово, Нижегородский, Рязанский",1,rv,Введено,МОСКОВСКИЙ МЕТРОПОЛИТЕН,ЮВАО,Выхино-Жулебино,55.7022001,37.81384715,manual_exact,exact,True
москва рогожский вал ул вл 12,"Москва, Рогожский Вал ул., вл. 12",1,rv,Введено,"ООО ""СПЕКТРСТРОЙ""",ЦАО,Таганский,55.75004445,37.6571372,manual_exact,exact,True
москва рязанский пр-кт д1 стр1,"Москва, Рязанский пр-кт, д.1, стр.1",1,rv,Введено,МОСКОВСКИЙ МЕТРОПОЛИТЕН,ЮВАО,Нижегородский,55.7297194,37.7095577,manual_exact,exact,True
москва рязанский проспект д3б,"Москва, Рязанский проспект, д.3Б",1,rv,Введено,"ООО ""АРТ-ГРАФИК""",ЮВАО,Нижегородский,55.7297194,37.7095577,manual_exact,exact,True
москва сао аэропорт ильюшина академика ул д 21 стр 1-4,"Москва, САО, Аэропорт, Ильюшина академика ул. д. 21 стр. 1-4",1,oks,Строится,СТРОЙ МИР,САО,Аэропорт,55.80185185000001,37.5368174,district_centroid,approximate,True
москва сао войковский 6-й новоподмосковный пер д 5а,"Москва, САО, Войковский, 6-й Новоподмосковный пер., д. 5А",1,rv,Введено,ПРАВОСЛАВИЕ,САО,Войковский,55.8223248,37.50493375,manual_exact,exact,True
москва сао левобережный ленинградское шоссе вл 69,"Москва, САО, Левобережный, Ленинградское шоссе вл. 69",1,oks,Строится,WAINBRIDGE,САО,Левобережный,55.8692475,37.4578945,district_centroid,approximate,True
москва сао молжаниновский район,"Москва, САО, Молжаниновский район",2,oks,Строится,ФСК,САО,Молжаниновский,55.9367,37.377,district_centroid,approximate,True
москва сао район войковский старопетровский пр (сао войковский),"Москва, САО, район Войковский, Старопетровский пр. (САО, Войковский)",1,oks,Строится,LEVEL GROUP,САО,Войковский,55.8223248,37.50493375,district_centroid,approximate,True
москва сао район ховрино ул левобережная вл 6/б,"Москва, САО,район Ховрино, ул. Левобережная, вл. 6/Б",1,oks,Строится,АФИНАСТРОЙ,САО,Ховрино,55.8643521,37.50288,district_centroid,approximate,True
москва сао район хорошевский викторенко ул вл 11,"Москва, САО, район Хорошевский, Викторенко ул. вл. 11",1,rv,Введено,"ООО ""АТЛАНТИК""",САО,Хорошёвский,55.7801228,37.5325428,manual_exact,exact,True
москва сао район хорошевский ленинградский просп. вл 37,"Москва, САО, район Хорошевский, Ленинградский просп. вл. 37",1,rv,Введено,OPTIMA DEVELOPMENT,САО,Хорошёвский,55.7801228,37.5325428,manual_exact,exact,True
москва свао алексеевский 1-й рижский пер домовладение 2г,"Москва, СВАО, Алексеевский, 1-й Рижский пер., домовладение 2Г",1,oks,Строится,"АО ""СЕРВИНКОМ""",СВАО,Алексеевский,55.8099469,37.6429319,district_centroid,approximate,True
москва свао марьина роща марьиной рощи 12-й пр вл 11 стр 1,"Москва, СВАО, Марьина роща, Марьиной рощи 12-й пр. вл. 11 стр. 1",1,oks,Строится,ENKA,СВАО,Марьина Роща,55.798009,37.6064327,district_centroid,approximate,True
москва свао останкинский район сельскохозяйственная ул вл 35,"Москва, СВАО, Останкинский район, Сельскохозяйственная ул. вл. 35",1,rv,Введено,ПИК,СВАО,Останкинский,55.8386265,37.6302466,manual_exact,exact,True
москва свао отрадное декабристов ул д 45,"Москва, СВАО, Отрадное, Декабристов ул. д. 45",1,oks,Строится,"ООО ""ПРОМИНВЕСТ""",СВАО,Отрадное,55.85055975,37.5782006,district_centroid,approximate,True
москва свао район отрадное отрадная ул вл 2,"Москва, СВАО, район Отрадное, Отрадная ул., вл. 2",1,rv,Введено,"АО ""МОТЕК-Ц""",СВАО,Отрадное,55.85055975,37.5782006,manual_exact,exact,True
москва свао северный дмитровское шоссе вл 120 стр 1,"Москва, СВАО, Северный, Дмитровское шоссе вл. 120 стр. 1",1,oks,Строится,ПРАВОСЛАВИЕ,СВАО,Северный,55.92835525,37.5459852,district_centroid,approximate,True
москва свао северный дмитровское шоссе вл 165е кв. 9,"Москва, СВАО, Северный, Дмитровское шоссе вл. 165Е кв. 9",1,oks,Строится,ПРАВОСЛАВИЕ,СВАО,Северный,55.92835525,37.5459852,district_centroid,approximate,True
москва сзао район хорошево-мневники ул берзарина вл 15 корп 1,"Москва, СЗАО, район Хорошево-Мневники, ул. Берзарина, вл. 15, корп. 1",1,rv,Введено,ПРАВОСЛАВИЕ,СЗАО,Хорошево-Мневники,55.7601052,37.5183196,manual_exact,exact,True
москва сзао хорошево-мневники глаголева генерала ул д 5 корп 3,"Москва, СЗАО, Хорошево-Мневники, Глаголева генерала ул. д. 5 корп. 3",1,oks,Строится,"АНО ""РСИ""",СЗАО,Хорошёво-Мнёвники,55.7804445,37.458757500000004,geometry,,True
москва сзао южное тушино ул василия петушкова вл 3 (напротив),"Москва, СЗАО, Южное Тушино, ул. Василия Петушкова, вл. 3 (напротив)",1,rv,Введено,ПРАВОСЛАВИЕ,СЗАО,Южное Тушино,55.8406297,37.447248,manual_exact,exact,True
москва сосенское вблизи д николо-хованское,"Москва, Сосенское, вблизи д. Николо-Хованское",1,rv,Введено,ДЕПАРТАМЕНТ РАЗВИТИЯ НОВЫХ ТЕРРИТОРИЙ ГОРОДА МОСКВЫ,НАО,Сосенское,55.581794,37.417744,manual_exact,exact,True
москва ставропольский проезд д 7,"Москва, Ставропольский проезд, д. 7",1,rv,Введено,"ООО ""АПБ ""ДЕЛЬТА""",ЮВАО,Люблино,55.6681995,37.7454006,manual_exact,exact,True
москва тао краснопахорское раево дер 77:22:0020330:590,"Москва, ТАО, Краснопахорское, Раево дер. 77:22:0020330:590",1,rv,Введено,МОСКОВСКИЙ ФОНД ЗАЩИТЫ ПРАВ ДОЛЬЩИКОВ,ТАО,Краснопахорский,55.3943301,37.0617999,manual_exact,exact,True
москва тао п. киевский пос киевский,"Москва, ТАО, п. Киевский, пос. Киевский",1,rv,Введено,"ООО ""ДТЗ""",ТАО,Киевский,55.4154899,36.8690227,manual_exact,exact,True
москва территория инновационного центра сколково ул сикорского д 4,"МОСКВА ТЕРРИТОРИЯ ИННОВАЦИОННОГО ЦЕНТРА ""СКОЛКОВО"", УЛ. СИКОРСКОГО, Д. 4",1,rv,Введено,"ПУБЛИЧНОЕ АКЦИОНЕРНОЕ ОБЩЕСТВО ""РОССИЙСКИЕ СЕТИ""",ЗАО,Можайский,55.7015105,37.3937955,manual_exact,exact,True
москва территория инновационного центра сколково. большая бульвар д46 стр1,"Москва территория инновационного центра ""Сколково"". Большая бульвар, д.46, стр.1",1,oks,Строится,ФОНД ММК,ЗАО,Можайский,55.7015105,37.3937955,district_centroid,approximate,True
москва технический пер д 2. стр 1 2 3,"Москва, Технический пер. д. 2. стр. 1, 2, 3",1,rv,Введено,СЛЕДСТВЕННЫЙ КОМИТЕТ,ЦАО,Басманный,55.7672809,37.6697732,manual_exact,exact,True
москва тушинская ул д 16а д 16а строение 1,"Москва, Тушинская ул., д. 16А, д. 16А, строение 1",1,rv,Введено,"КП ""БСА ""ЛУЖНИКИ""",СЗАО,Покровское-Стрешнево,55.8192621,37.4415913,manual_exact,exact,True
москва ул авиамоторная д39 1-ая ул энтузиастов д 4,"Москва, ул. Авиамоторная, д.39; 1-ая ул. Энтузиастов, д. 4",1,oks,Строится,МОСКОВСКИЙ МЕТРОПОЛИТЕН,ЮВАО,Лефортово,55.754854,37.70693,district_centroid,approximate,True
москва ул автозаводская вл 24 корп 1,"Москва, ул. Автозаводская, вл. 24, корп. 1",1,oks,Строится,РКС ДЕВЕЛОПМЕНТ,ЮАО,Даниловский,55.711814,37.6597584,district_centroid,approximate,True
москва ул автозаводская д 26 стр 1,"Москва, ул. Автозаводская, д. 26, стр. 1",1,rv,Введено,ПИК,ЮАО,Даниловский,55.711814,37.6597584,manual_exact,exact,True
москва ул адмирала лазарева д 76а,"Москва, ул. Адмирала Лазарева, д. 76А",1,rv,Введено,МОСИНЖПРОЕКТ,ЮЗАО,Южное Бутово,55.54729475,37.5747165,manual_exact,exact,True
москва ул академика пилюгина д 8а,"Москва, ул. Академика Пилюгина, д. 8А",1,rv,Введено,"ООО ""РОСТИНВЕСТ""",ЮЗАО,Ломоносовский,55.6984105,37.5842389,manual_exact,exact,True
москва ул арсюкова д11,"Москва, ул. Арсюкова, д.11",1,rv,Введено,"КП ""БСА ""ЛУЖНИКИ""",СВАО,Северный,55.92835525,37.5459852,manual_exact,exact,True
москва ул б. лубянка д 19 стр 4,"Москва, ул. Б. Лубянка, д. 19, стр. 4",1,rv,Введено,"ООО ""ПМ ""ТОЧКА СБОРКИ""",ЦАО,Мещанский,55.7816543,37.6340098,manual_exact,exact,True
москва ул барвихинская напротив 10-16,"Москва, ул. Барвихинская, напротив 10-16",1,rv,Введено,"ООО ""НАРМА""",ЗАО,Можайский,55.7015105,37.3937955,manual_exact,exact,True
москва ул бартеневская д 14,"Москва, ул. Бартеневская, д. 14",1,rv,Введено,"ООО ""СТРОЙ-ИНВЕСТ""",ЮЗАО,Южное Бутово,55.54729475,37.5747165,manual_exact,exact,True
москва ул барышиха д 39а,"Москва, ул. Барышиха, д. 39А",1,rv,Введено,"ООО ""РОТОН""",СЗАО,Митино,55.8484195,37.3670608,manual_exact,exact,True
москва ул бегичева д 13а,"Москва, ул. Бегичева, д. 13А",1,rv,Введено,ИНСТИТУТ ЭКОНОМИКИ И УПРАВЛЕНИЯ В ПРОМЫШЛЕННОСТИ,СВАО,Алтуфьевский,55.87853345,37.5826882,manual_exact,exact,True
москва ул белореченская д14,"Москва, ул. Белореченская, д.14",1,rv,Введено,"ООО ""ГРАЦИЯ""",ЮВАО,Люблино,55.6681995,37.7454006,manual_exact,exact,True
москва ул бирюлевская д 43,"Москва, ул. Бирюлевская, д. 43",1,rv,Введено,"АО ""НАРОДНАЯ ТОРГОВАЯ СЕТЬ""",ЮАО,Бирюлево Восточное,55.6234134,37.7935045,manual_exact,exact,True
москва ул борисовские пруды д 5а,"Москва, ул Борисовские пруды, д. 5А",1,rv,Введено,"ООО ""АВ-ИНВЕСТ""",ЮАО,Москворечье-Сабурово,55.6457793,37.6342936,manual_exact,exact,True
москва ул братиславская д 15а,"Москва, ул. Братиславская, д. 15А",1,rv,Введено,ИНДИВИДУАЛЬНЫЕ ПРЕДПРИНИМАТЕЛИ,ЮВАО,Марьино,55.6518099,37.719279,manual_exact,exact,True
москва ул вертолетчиков д 4 корп 1,"Москва, ул. Вертолетчиков, д. 4, корп. 1",1,rv,Введено,АВЕСТА-СТРОЙ,ЮВАО,Некрасовка,55.6883621,37.9289173,manual_exact,exact,True
москва ул вертолетчиков д 4 корп 3,"Москва, ул. Вертолетчиков, д. 4 корп. 3",1,rv,Введено,АВЕСТА-СТРОЙ,ЮВАО,Некрасовка,55.6883621,37.9289173,manual_exact,exact,True
москва ул вертолетчиков д 4 корп 4,"Москва, ул. Вертолетчиков, д. 4 корп. 4",1,rv,Введено,АВЕСТА-СТРОЙ,ЮВАО,Некрасовка,55.6883621,37.9289173,manual_exact,exact,True
москва ул вертолетчиков д 4 корп 5,"Москва, ул. Вертолетчиков, д. 4 корп. 5",1,rv,Введено,АВЕСТА-СТРОЙ,ЮВАО,Некрасовка,55.6883621,37.9289173,manual_exact,exact,True
москва ул верхние поля д 48б стр 1,"Москва, ул. Верхние Поля, д. 48Б, стр. 1",1,rv,Введено,ТРЕВИСКАПИТАЛ,ЮВАО,Капотня,56.0127537,37.1666193,manual_exact,exact,True
москва ул верхние поля д 48б стр 2,"Москва, ул. Верхние Поля, д. 48Б, стр. 2",1,rv,Введено,ТРЕВИСКАПИТАЛ,ЮВАО,Капотня,56.0127537,37.1666193,manual_exact,exact,True
москва ул вешняковская д 10,"Москва, ул. Вешняковская, д. 10",1,rv,Введено,ЭТАЛОН,ВАО,Вешняки,55.7118014,37.6067824,manual_exact,exact,True
москва ул вешняковская д 12,"Москва, ул. Вешняковская, д. 12",1,rv,Введено,"ООО ""ЭКОФЕРМА +""",ВАО,Вешняки,55.7118014,37.6067824,manual_exact,exact,True
москва ул гурьянова д 32 стр 1 москва ул гурьянова д 32 соор. 2,"Москва, ул. Гурьянова, д. 32, стр. 1, Москва; ул. Гурьянова, д. 32, соор. 2",1,rv,Введено,"ООО ""ВМ-СТРОЙ""",ЮВАО,Печатники,55.6990676,37.6984857,manual_exact,exact,True
москва ул домостроительная д4а. муниципальный округ солнцево,"Москва, ул. Домостроительная, д.4А. муниципальный округ Солнцево",1,rv,Введено,ПИК,ЗАО,Солнцево,55.6521865,37.40060335,manual_exact,exact,True
москва ул донецкая д34 корп 2,"Москва, ул. Донецкая, д.34, корп. 2",1,rv,Введено,ГРУППА ПСН,ЮВАО,Марьино,55.6518099,37.719279,manual_exact,exact,True
москва ул донецкая д34 корп1,"Москва, ул. Донецкая, д.34, корп.1",1,rv,Введено,ГРУППА ПСН,ЮВАО,Марьино,55.6518099,37.719279,manual_exact,exact,True
москва ул дорожная,"Москва, ул. Дорожная",1,rv,Введено,"АО ""БМТО МИНАТОМА""",ЮАО,Чертаново Южное,55.58849015,37.5972518,manual_exact,exact,True
москва ул ибрагимова д 28 стр 1,"Москва, ул. Ибрагимова, д. 28, стр. 1",1,rv,Введено,"ЗАО ""КТ""",ВАО,Соколиная гора,55.7726786,37.7361436,manual_exact,exact,True
москва ул исаковского д 29 к 1а,"Москва, ул. Исаковского, д. 29, к. 1А",1,rv,Введено,КП УГС,СЗАО,Строгино,55.794645,37.3863686,manual_exact,exact,True
москва ул кавказский бульвар д 60 стр 1,"Москва, ул. Кавказский бульвар д. 60, стр. 1",1,rv,Введено,"АО ""ЗАВОД ХУДОЖЕСТВЕННЫХ ИЗДЕЛИЙ""",ЮАО,Царицыно,55.6267611,37.6571114,manual_exact,exact,True
москва ул камова д 2а,"Москва, ул. Камова, д. 2А",1,rv,Введено,ПРАВОСЛАВИЕ,ВАО,Косино-Ухтомский,55.722810325,37.8601839,manual_exact,exact,True
москва ул кировоградская д 22 б.,"Москва, ул. Кировоградская, д. 22 Б.",1,rv,Введено,"ООО ""АГИС К""",ЮАО,Чертаново Центральное,55.6170863,37.5959994,manual_exact,exact,True
москва ул корабельная д 13а,"Москва, ул. Корабельная, д. 13А",1,rv,Введено,РЕЧНИКОВ ИНВЕСТ,ЮАО,Нагатинский Затон,55.6820448,37.6907376,manual_exact,exact,True
москва ул корабельная д 6,"Москва, ул. Корабельная, д. 6",1,rv,Введено,РЕЧНИКОВ ИНВЕСТ,ЮАО,Нагатинский Затон,55.6820448,37.6907376,manual_exact,exact,True
москва ул корабельная д 6а стр 1,"Москва, ул. Корабельная, д. 6А, стр. 1",1,rv,Введено,РЕЧНИКОВ ИНВЕСТ,ЮАО,Нагатинский Затон,55.6820448,37.6907376,manual_exact,exact,True
москва ул красноказарменная д14а к1,"Москва, ул. Красноказарменная, д.14А, к.1",1,rv,Введено,АПЕКС,ЮВАО,Лефортово,55.754854,37.70693,manual_exact,exact,True
москва ул красноказарменная д14а к5,"Москва, ул. Красноказарменная, д.14А, к.5",1,rv,Введено,АМЖ ГРУПП,ЮВАО,Лефортово,55.754854,37.70693,manual_exact,exact,True
москва ул ландышевая д 3,"Москва, ул. Ландышевая, д. 3",1,rv,Введено,ФАВОРИТ,СЗАО,Куркино,55.8953035,37.384267,manual_exact,exact,True
москва ул лобачевского д 120 корп5,"Москва, ул. Лобачевского, д. 120, корп.5",1,rv,Введено,ЭТАЛОН,ЗАО,Раменки,55.7010074,37.5041069,manual_exact,exact,True
москва ул лужники д 24 строен. 24,"Москва, ул. Лужники, д. 24, строен. 24",1,rv,Введено,"ООО ""ЦХГ ЛУЖНИКИ""",ЦАО,Хамовники,55.72162725,37.5633727,manual_exact,exact,True
москва ул матросская тишина д 18 стр 20,"Москва, ул. Матросская Тишина, д. 18, стр. 20",1,rv,Введено,МОНАРХ,ВАО,Сокольники,55.7884326,37.6690908,manual_exact,exact,True
москва ул мосфильмовская 1 а строение 1 строение 2,"Москва, ул. Мосфильмовская,1 А, строение 1, строение 2",1,rv,Введено,АЛЬТЕРА КАПИТАЛ,ЗАО,Раменки,55.7010074,37.5041069,manual_exact,exact,True
москва ул новокосинская д 13а стр 1,"Москва, ул. Новокосинская, д. 13А, стр. 1",1,rv,Введено,ДЕПАРТАМЕНТ ГРАЖДАНСКОГО СТРОИТЕЛЬСТВА ГОРОДА МОСКВЫ,ВАО,Новокосино,55.708353,37.8780636,manual_exact,exact,True
москва ул новослободская д 24а стр 3,"Москва, ул. Новослободская, д. 24А, стр. 3",1,rv,Введено,SMINEX,ЦАО,Тверской,55.7787255,37.5996357,manual_exact,exact,True
москва ул образцова д 19 стр 3,"Москва, ул. Образцова, д. 19, стр. 3",1,rv,Введено,"ООО ""ГЕОПРОФИЛЬ""",СВАО,Марьина Роща,55.798009,37.6064327,manual_exact,exact,True
москва ул олеко дундича д 2 ул олеко дундича д 2 стр 1,"Москва, ул. Олеко Дундича, д. 2; ул. Олеко Дундича, д. 2, стр. 1",1,rv,Введено,ПРАВОСЛАВИЕ,ЗАО,Филевский Парк,55.7499566,37.5151422,manual_exact,exact,True
москва ул паршина д 10,"Москва, ул. Паршина, д. 10",1,rv,Введено,SMINEX (ранее INGRAD),СЗАО,Хорошево-Мневники,55.7601052,37.5183196,manual_exact,exact,True
москва ул печорская д 1а,"Москва, ул. Печорская, д. 1А",1,rv,Введено,ДЕПАРТАМЕНТ ГРАЖДАНСКОГО СТРОИТЕЛЬСТВА ГОРОДА МОСКВЫ,СВАО,Бабушкинский,55.8661636,37.66230705,manual_exact,exact,True
москва ул плющиха д 37 стр 1,"Москва, ул. Плющиха, д. 37, стр. 1",1,rv,Введено,VESPER,ЦАО,Хамовники,55.72162725,37.5633727,manual_exact,exact,True
москва ул подольских курсантов вл 5б,"Москва, ул. Подольских курсантов, вл. 5Б",1,rv,Введено,ГАЗПРОМ,ЮАО,Чертаново Центральное,55.6170863,37.5959994,manual_exact,exact,True
москва ул покровская д 24,"Москва, ул. Покровская д. 24",1,rv,Введено,ПРАВОСЛАВИЕ,ЮВАО,Некрасовка,55.6883621,37.9289173,manual_exact,exact,True
москва ул полярная д 27 корп 4,"Москва, ул. Полярная, д. 27, корп. 4",1,rv,Введено,ПИК,СВАО,Южное Медведково,55.883743,37.6366379,manual_exact,exact,True
москва ул родниковая д3 стр8,"Москва, ул. Родниковая, д.3, стр.8",1,rv,Введено,МОСКОВСКИЙ МЕТРОПОЛИТЕН,ЗАО,Солнцево,55.6521865,37.40060335,manual_exact,exact,True
москва ул рябиновая д 3 строение 2а,"Москва, ул. Рябиновая, д. 3, строение 2А",1,rv,Введено,SMINEX (ранее INGRAD),ЗАО,Можайский,55.7015105,37.3937955,manual_exact,exact,True
москва ул садовническая д 9 а,"Москва, ул. Садовническая, д. 9 А",1,rv,Введено,"ООО ""КАН-ПРОЕКТ""",ЦАО,Замоскворечье,55.7402846,37.6328629,manual_exact,exact,True
москва ул саляма адиля вл 2/44 строение 4,"Москва, ул. Саляма Адиля, вл. 2/44, строение 4",1,rv,Введено,"ГБУ ""ДИРЕКЦИЯ РАЗВИТИЯ ОБЪЕКТОВ ЗДРАВООХРАНЕНИЯ ГОРОДА МОСКВЫ""",СЗАО,Хорошево-Мневники,55.7601052,37.5183196,manual_exact,exact,True
москва ул саянская вл 7б,"Москва, ул. Саянская, вл. 7Б",1,rv,Введено,"ООО ""СК""ЭЛИТСТРОЙ""",ВАО,Ивановское,55.75078515,37.8303221,manual_exact,exact,True
москва ул синичкина 2-я вл 7 зу 1 ( лефортово кв. 3 корп 6),"Москва, ул. Синичкина 2-я, вл. 7, з/у 1 ( Лефортово, кв. 3, корп. 6)",1,rv,Введено,КП УГС,ЮВАО,Лефортово,55.754854,37.70693,manual_exact,exact,True
москва ул софьи ковалевской д 7 стр 3,"Москва, ул. Софьи Ковалевской, д. 7, стр. 3",1,rv,Введено,ПРАВОСЛАВИЕ,САО,Дмитровский,55.88855115,37.53574255,manual_exact,exact,True
москва ул ставропольская вл 25,"Москва, ул. Ставропольская, вл. 25",2,oks,Строится,ПРАВОСЛАВИЕ,ЮВАО,Люблино,55.6827857,37.7639623,nominatim,service,True
москва ул ставропольская д 43,"Москва, ул. Ставропольская, д. 43",1,rv,Введено,"ООО ""ОНИКС""",ЮВАО,Люблино,55.6681995,37.7454006,manual_exact,exact,True
москва ул староалексеевская д 20,"Москва, ул. Староалексеевская, д. 20",1,rv,Введено,"ООО ""КАНЬОН-2""",СВАО,Алексеевский,55.8099469,37.6429319,manual_exact,exact,True
москва ул удальцова владение 87 стр 1,"Москва, ул. Удальцова, владение 87, стр. 1",1,rv,Введено,"ООО ""НОВЫЙ МИР""",ЗАО,Раменки,55.7010074,37.5041069,manual_exact,exact,True
москва ул ферганская вл 8,"Москва, ул. Ферганская, вл. 8",1,rv,Введено,"ООО ""ВЕРТИКАЛЬ""",ЮВАО,Выхино-Жулебино,55.7022001,37.81384715,manual_exact,exact,True
москва ул филевская б. д3 корп 1,"Москва, ул. Филёвская Б., д.3, корп. 1",1,rv,Введено,ПИК,ЗАО,Филевский Парк,55.7499566,37.5151422,manual_exact,exact,True
москва ул филевская м. д 34 корп 2 строен. 4,"Москва, ул. Филёвская М., д. 34, корп. 2, строен. 4",1,rv,Введено,"КП ""БСА ""ЛУЖНИКИ""",ЗАО,Фили-Давыдково,55.7212366,37.4622918,manual_exact,exact,True
москва ул чертановская д 20 сооружение 3,"Москва, ул. Чертановская, д. 20, сооружение 3",1,rv,Введено,"АО ""УПРАВЛЯЮЩАЯ КОМПАНИЯ ""ЮГ-ИНВЕСТ""",ЮАО,Чертаново Северное,55.62381185,37.61200049999999,manual_exact,exact,True
москва ул эльдара рязанова д 4,"Москва, ул. Эльдара Рязанова, д. 4",1,rv,Введено,РЕМСТРОЙТРЕСТ,ЮЗАО,Обручевский,55.6575505,37.5383225,manual_exact,exact,True
москва ул яблочкова д 3а стр 1 ул яблочкова д 3а стр2,"Москва, ул. Яблочкова, д. 3А, стр. 1; ул. Яблочкова, д. 3А, стр.2",1,rv,Введено,"ООО ""НОВЫЕ СТРОИТЕЛЬНЫЕ ТЕХНОЛОГИИ""",СВАО,Бутырский,55.8116348,37.596868,manual_exact,exact,True
москва цао район басманный вао район перово ювао район лефортово,"Москва, ЦАО, район Басманный, ВАО, район Перово, ЮВАО, район Лефортово",1,rv,Введено,МОСИНЖПРОЕКТ,ЦАО,Басманный,55.7672809,37.6697732,manual_exact,exact,True
москва цао район басманный вао районы сокольники,"Москва, ЦАО, район Басманный, ВАО, районы Сокольники",1,rv,Введено,МОСИНЖПРОЕКТ,ЦАО,Басманный,55.7672809,37.6697732,manual_exact,exact,True
москва цао район замоскворечье ул кожевническая вл 15 стр 2 4 7 8,"Москва, ЦАО, район Замоскворечье, ул. Кожевническая, вл. 15, стр. 2,4,7,8",1,oks,Строится,"ООО ""МАНОР""",ЦАО,Замоскворечье,55.7402846,37.6328629,district_centroid,approximate,True
москва цао район пресненский краснопресненская наб. вл 16 уч 6 2 3,"Москва, ЦАО, район Пресненский, Краснопресненская наб., вл. 16, уч. 6, 2, 3",1,rv,Введено,"ГУП ГОРОДА МОСКВЫ ""ЦЕНТР-СИТИ""",ЦАО,Пресненский,55.7580051,37.5654894,manual_exact,exact,True
москва цао район пресненский краснопресненская набережная ммдц москва - сити,"Москва, ЦАО, район Пресненский, Краснопресненская набережная, ММДЦ «Москва - Сити»",1,rv,Введено,"ГУП ГОРОДА МОСКВЫ ""ЦЕНТР-СИТИ""",ЦАО,Пресненский,55.7580051,37.5654894,manual_exact,exact,True
москва цао район пресненский краснопресненская набережная участок № 4 ммдц москва-сити,"Москва, ЦАО, район Пресненский, Краснопресненская набережная, участок № 4 ММДЦ ""Москва-Сити""",1,oks,Строится,SEZAR GROUP,ЦАО,Пресненский,55.7580051,37.5654894,district_centroid,approximate,True
москва цао район хамовники гагаринский переулок д24/7 стр2,"Москва, ЦАО, район Хамовники, Гагаринский переулок,д.24/7, стр.2",1,rv,Введено,"ООО ""ОЛИМПРОЕКТ-ГЕО""",ЦАО,Хамовники,55.72162725,37.5633727,manual_exact,exact,True
москва цао район хамовники усачева ул вл 11,"Москва, ЦАО, район Хамовники, Усачева ул. вл. 11",1,rv,Введено,SMINEX,ЦАО,Хамовники,55.72162725,37.5633727,manual_exact,exact,True
москва цао район якиманка мытная ул вл 40-44,"Москва, ЦАО, район Якиманка, Мытная ул. вл. 40-44",1,rv,Введено,CAPITAL GROUP,ЦАО,Якиманка,55.7425825,37.6157213,manual_exact,exact,True
москва цао таганский,"Москва, ЦАО, Таганский",1,oks,Строится,МОСКОВСКИЙ МЕТРОПОЛИТЕН,ЦАО,Таганский,55.75004445,37.6571372,district_centroid,approximate,True
москва шоссе энтузиастов д 44,"Москва, шоссе Энтузиастов, д. 44",1,rv,Введено,ПРАВОСЛАВИЕ,ВАО,Перово,55.7468432,37.7887908,manual_exact,exact,True
москва электролитный пр д 2,"Москва, Электролитный пр., д. 2",1,rv,Введено,ПРАВОСЛАВИЕ,ЮАО,Нагорный,55.67199305,37.6133392,manual_exact,exact,True
москва юао район братеево бесединское шоссе вл 17,"Москва, ЮАО, район Братеево, Бесединское шоссе, вл. 17",1,rv,Введено,МОСИНЖПРОЕКТ,ЮАО,Братеево,55.625639,37.755701,manual_exact,exact,True
москва юао район даниловский ул автозаводская вл 23/71 (юао даниловский),"Москва, ЮАО, район Даниловский, ул Автозаводская, вл. 23/71 (ЮАО, Даниловский)",1,oks,Строится,ЭТАЛОН,ЮАО,Даниловский,55.711814,37.6597584,district_centroid,approximate,True
москва юао чертаново северное ул кировоградская д 9 корп 4,"Москва, ЮАО, Чертаново Северное, ул. Кировоградская, д. 9, корп. 4",1,rv,Введено,"ООО ""ГК ""КАПИТАЛСТРОЙ""",ЮАО,Северное Чертаново,55.62381185,37.61200049999999,manual_exact,exact,True
москва ювао капотня 2-й квартал вл 1,"Москва, ЮВАО, Капотня, 2-й квартал, вл. 1",1,rv,Введено,ГАЗПРОМ,ЮВАО,Капотня,56.0127537,37.1666193,manual_exact,exact,True
москва ювао капотня кв. 2 д 1 корп 3,"Москва, ЮВАО, Капотня, кв. 2, д. 1, корп. 3",1,rv,Введено,ГАЗПРОМ,ЮВАО,Капотня,56.0127537,37.1666193,manual_exact,exact,True
москва ювао печатники ул южнопортовая д 7а,"Москва, ЮВАО, Печатники, ул. Южнопортовая, д. 7А",1,rv,Введено,ССД,ЮВАО,Печатники,55.6990676,37.6984857,manual_exact,exact,True
москва ювао р-н печатники улюжнопортовая д7а,"Москва, ЮВАО, р-н Печатники, ул.Южнопортовая, д.7А",1,rv,Введено,ССД,ЮВАО,Печатники,55.6990676,37.6984857,manual_exact,exact,True
москва юго-восточный административный округ район текстильщики ул шкулева вл 2 б стр1,"Москва, Юго-Восточный административный округ, район Текстильщики, ул. Шкулева, вл. 2 Б, стр.1",1,rv,Введено,"ГКУ ""МГПСС""",ЮВАО,Текстильщики,55.719618,37.725135,manual_exact,exact,True
москва юзао район черемушки нахимовский просп. вл 59а,"Москва, ЮЗАО, район Черемушки, Нахимовский просп., вл. 59А",1,rv,Введено,"ООО ""ИНЖСТРОЙПРОЕКТ""",ЮЗАО,Черемушки,55.6635403,37.5610662,manual_exact,exact,True
москва юзао северное бутово глушко академика ул пересечение с бульваром дмитрия донского,"Москва, ЮЗАО, Северное Бутово, Глушко академика ул. пересечение с бульваром Дмитрия Донского",3,oks,Строится,ПРАВОСЛАВИЕ,ЮЗАО,Северное Бутово,55.5692452,37.5794073,district_centroid,approximate,True
москва юзао ул бунинская аллея д 9а,"Москва, ЮЗАО, ул. Бунинская Аллея, д. 9А",1,rv,Введено,"ООО ""СК ИНЖЕНЕРНЫЙ ЦЕНТР""",ЮЗАО,Южное Бутово,55.54729475,37.5747165,manual_exact,exact,True
москва юзао черемушки наметкина ул вл 10,"Москва, ЮЗАО, Черёмушки, Наметкина ул. вл. 10",1,oks,Строится,ОСНОВА,ЮЗАО,Черёмушки,55.6711698,37.5566241,district_centroid,approximate,True
москва юзао южное бутово жилой комплекс г (д потапово),"Москва, ЮЗАО, Южное Бутово, жилой комплекс ""Г"", (д. Потапово)",1,rv,Введено,"ООО ""КСК ""ФМ""",ЮЗАО,Южное Бутово,55.54729475,37.5747165,manual_exact,exact,True
москва юзао южное бутово ул бунинская аллея мкр. 5,"Москва, ЮЗАО, Южное Бутово, ул. Бунинская аллея, мкр. 5",1,rv,Введено,"ООО ""СИНТРА""",ЮЗАО,Южное Бутово,55.54729475,37.5747165,manual_exact,exact,True
москворечье ул вл 1 стр 3 (ул москворечье земельный участок 1/2),"Москворечье ул. вл. 1, стр. 3 (ул. Москворечье, земельный участок 1/2)",1,oks,Строится,МИНЗДРАВ РОССИИ,ЮАО,Москворечье-Сабурово,55.6457793,37.6342936,district_centroid,approximate,True
москворечье ул вл 19 корп 2,Москворечье ул. вл. 19 корп. 2,1,rv,Введено,МИНОБРНАУКИ РОССИИ,ЮАО,Москворечье-Сабурово,55.6457793,37.6342936,manual_exact,exact,True
москворечье-сабурово мкр. 1а корп 138,"Москворечье-Сабурово, мкр. 1А, корп. 138",1,oks,Строится,,ЮАО,Москворечье-Сабурово,55.6457793,37.6342936,district_centroid,approximate,True
московский г. учм9,"МОСКОВСКИЙ Г., УЧ.М9",1,rv,Введено,АБСОЛЮТ,НАО,Московский,55.613434,37.415014,district_centroid,approximate,True
московский д лапшинка д 8д,"Московский, д. Лапшинка, д. 8Д",1,rv,Введено,"ООО ""КОМПАНИЯ РУМЯНЦЕВО""",НАО,Московский,55.613434,37.415014,manual_exact,exact,True
московский пос д картмазово уч№16/1,"Московский пос., д. Картмазово, уч.№16/1",1,oks,Строится,SMINEX (ранее INGRAD),НАО,Коммунарка,55.581794,37.448441,district_centroid,approximate,True
московский. третий микрорайон. квартал 3 корпуса 1,"Московский. Третий микрорайон. Квартал 3, Корпуса 1",1,oks,Строится,АБСОЛЮТ,НАО,Филимонковский,55.5500805,37.314627,district_centroid,approximate,True
московский. третий микрорайон. квартал 3 корпуса 2,"Московский. Третий микрорайон. Квартал 3, Корпуса 2",1,oks,Строится,АБСОЛЮТ,НАО,Филимонковский,55.5500805,37.314627,district_centroid,approximate,True
мосрентген земельный участок 5б,"Мосрентген, земельный участок 5Б",1,oks,Строится,"ООО ""КОМПАНИЯ ССА""",НАО,Коммунарка,55.581794,37.448441,district_centroid,approximate,True
мосрентген пос завода мосрентген,"Мосрентген, пос. завода Мосрентген",1,rv,Введено,СЕВИНВЕСТ,НАО,Коммунарка,55.6223111,37.476584,nominatim,garages,True
мосфильмовская ул,Мосфильмовская ул.,2,rv,Введено,МИНКУЛЬТУРЫ РОССИИ,ЗАО,Раменки,55.7176233,37.5190845,nominatim,secondary,True
мосфильмовская ул 74б,"МОСФИЛЬМОВСКАЯ УЛ., 74Б",1,rv,Введено,МКПП (Р),ЗАО,Раменки,55.7010074,37.5041069,manual_exact,exact,True
мосфильмовская ул вл 51а,"Мосфильмовская ул., вл. 51А",3,oks,Строится,"ООО ""ИНТЕРМЕД""",ЗАО,Раменки,55.7010074,37.5041069,district_centroid,approximate,True
мосфильмовская ул вл 80,Мосфильмовская ул. вл. 80,1,rv,Введено,ПРАВОСЛАВИЕ,ЗАО,Раменки,55.7086905,37.498808,nominatim,place_of_worship,True
мосфильмовская ул д 42 стр 1 2,"Мосфильмовская ул. д. 42 стр. 1, 2",1,rv,Введено,МИД РОССИИ,ЗАО,Раменки,55.7010074,37.5041069,manual_exact,exact,True
мосфильмовская ул д 88 к 1,"МОСФИЛЬМОВСКАЯ УЛ., Д. 88, К. 1",1,rv,Введено,ФСБ РОССИИ,ЗАО,Раменки,55.7010074,37.5041069,manual_exact,exact,True
мосфильмовская ул д 88 корп 5,"МОСФИЛЬМОВСКАЯ УЛ., Д. 88, КОРП. 5",1,rv,Введено,ФСБ РОССИИ,ЗАО,Раменки,55.7010074,37.5041069,manual_exact,exact,True
муниципальный округ коммунарка квартал 226 земельный участок 3/3,"муниципальный округ Коммунарка, квартал 226, земельный участок 3/3",1,oks,Строится,А101,НАО,Коммунарка,55.595963,37.428412,geometry_permit,,True
муниципальный округ краснопахорский,муниципальный округ Краснопахорский,1,oks,Строится,"ООО ""ЮНИКЕН""",ТАО,Краснопахорский,55.3943301,37.0617999,district_centroid,approximate,True
муравская земельный участок 38б,"Муравская, земельный участок 38Б",1,rv,Введено,ПИК,СЗАО,Митино,55.8484195,37.3670608,manual_exact,exact,True
мытная ул вл 40-44,Мытная ул. вл. 40-44,2,oks; rv,Строится; Введено,CAPITAL GROUP,ЦАО,Якиманка,55.7425825,37.6157213,district_centroid,approximate,True
на пересечении дмитровского и коровинского шоссе с селигерской и пяловской улицами,На пересечении Дмитровского и Коровинского шоссе с Селигерской и Пяловской улицами,1,oks,Строится,TASHIR,САО,Дмитровский,55.88855115,37.53574255,district_centroid,approximate,True
на территории рождествено р-н митино,"на территории Рождествено, р-н Митино",1,oks,Строится,"АНО ""РСИ""",СЗАО,Митино,55.8484195,37.3670608,district_centroid,approximate,True
наб. космодамианская вл 28 стр 1,"наб. Космодамианская, вл. 28, стр. 1",1,rv,Введено,"ЗАО ""РЕАЛ-АВТО""",ЦАО,Замоскворечье,55.7402846,37.6328629,manual_exact,exact,True
наб. симоновская,наб. Симоновская,2,rv,Введено,SMINEX (ранее INGRAD),ЮАО,Даниловский,55.7183355,37.6597584,nominatim,secondary,True
набережная академика туполева земельный участок 15,"Набережная Академика Туполева, земельный участок 15",2,oks,Строится,"ООО ""ВОСХОД""",ЦАО,Басманный,55.7672809,37.6697732,district_centroid,approximate,True
набережная космодамианская земельный участок 4/22/9,"набережная Космодамианская, земельный участок 4/22/9",1,rv,Введено,ГАЛС,ЦАО,Замоскворечье,55.7402846,37.6328629,manual_exact,exact,True
набережная краснопресненская земельный участок 14,"набережная Краснопресненская, земельный участок 14",1,rv,Введено,CAPITAL GROUP,ЦАО,Мещанский,55.7816543,37.6340098,manual_exact,exact,True
набережная марка шагала зу 15,"набережная Марка Шагала, з/у 15",1,rv,Введено,ЭТАЛОН,ЮАО,Даниловский,55.711814,37.6597584,manual_exact,exact,True
набережная новикова-прибоя земельный участок 6/2 (новикова прибоя наб. вл 6 корп2 корп3),"набережная Новикова-Прибоя, земельный участок 6/2 (Новикова Прибоя наб., вл. 6, корп.2, корп.3)",1,oks,Строится,ФОНД РЕНОВАЦИИ,СЗАО,Хорошёво-Мнёвники,55.765528,37.4972546,district_centroid,approximate,True
набережная покровская земельный участок 16,"набережная Покровская, земельный участок 16",1,rv,Введено,ТУШИНО 2018,СЗАО,Покровское-Стрешнево,55.8192621,37.4415913,manual_exact,exact,True
набережная симоновская земельный участок 1/25б,"набережная Симоновская, земельный участок 1/25Б",1,oks,Строится,Талан,ЮАО,Даниловский,55.711814,37.6597584,district_centroid,approximate,True
нагатино-садовники,Нагатино-Садовники,5,rv,Введено,"ГКУ ""УДМС""; МОСКОВСКИЙ МЕТРОПОЛИТЕН",ЮАО,Москворечье-Сабурово,55.6746117,37.6454806,nominatim,administrative,True
нагатино-садовники мкр. 1 29б,"Нагатино-Садовники, мкр. 1, 29Б",1,rv,Введено,ФСБ РОССИИ,ЮАО,Нагатино-Садовники,55.6746117,37.6454806,manual_exact,exact,True
нагатинская наб. земельный участок 74 земельный участок 76,"Нагатинская наб., земельный участок 74, земельный участок 76",3,rv,Введено,МОСГОРТРАНС,ЮАО,Нагатинский Затон,55.6820448,37.6907376,manual_exact,exact,True
нагатинская набережная уч 10а,"Нагатинская набережная,уч. 10А",1,rv,Введено,LEVEL GROUP,ЮАО,Нагатино-Садовники,55.6892451,37.6829999,nominatim,tertiary,True
нагатинская пойма пр пр 4062 вл6 (стр 3 7 9-13 22 23 28-31) корпус 2.3,"Нагатинская пойма, пр. пр. 4062, вл.6 (стр. 3, 7, 9-13, 22, 23, 28-31) Корпус 2.3",1,rv,Введено,"ООО СЗ ""НАГАТИНСКИЙ ПАРК""",ЮАО,Даниловский,55.711814,37.6597584,manual_exact,exact,True
нагатинская пойма пр пр 4062 вл6 (стр 3 7 9-13 22 23 28-31) корпус 4.2,"Нагатинская пойма, пр. пр. 4062, вл.6 (стр. 3, 7, 9-13, 22, 23, 28-31) Корпус 4.2",1,rv,Введено,"ООО СЗ ""НАГАТИНСКИЙ ПАРК""",ЮАО,Даниловский,55.711814,37.6597584,manual_exact,exact,True
нагатинская пойма участок № 2,"Нагатинская пойма, участок № 2",1,oks,Строится,РЕГИОНЫ-ДЕВЕЛОПМЕНТ,ЮАО,Нагатинский Затон,55.6820448,37.6907376,district_centroid,approximate,True
нагатинская пойма участок №1,"Нагатинская пойма, участок №1",1,rv,Введено,"ООО ""ПАРК РАЗВЛЕЧЕНИЙ""",ЮАО,Нагатинский Затон,55.6820448,37.6907376,manual_exact,exact,True
нагатинская пойма участок №2,"Нагатинская пойма, участок №2",2,oks; rv,Строится; Введено,РЕГИОНЫ-ДЕВЕЛОПМЕНТ,ЮАО,Нагатинский Затон,55.6820448,37.6907376,district_centroid,approximate,True
нагатинская ул вл 1,"Нагатинская ул., вл. 1",1,oks,Строится,ХАНТ-ХОЛДИНГ,ЮАО,Нагатино-Садовники,55.6783778,37.6505927,nominatim,tertiary,True
нагатинская ул вл1,"Нагатинская ул, вл.1",1,rv,Введено,ФОНД РЕНОВАЦИИ,ЮАО,Нагатино-Садовники,55.6783778,37.6505927,nominatim,tertiary,True
нагатинский 1-й пр вл 8,"Нагатинский 1-й пр., вл. 8",1,oks,Строится,"ООО ""НЬЮТОН ДЕВЕЛОПМЕНТ""",ЮАО,Нагатино-Садовники,55.6746117,37.6454806,district_centroid,approximate,True
нагатинский 2-й по зу 2/3,"Нагатинский 2-й по, З/У 2/3",1,rv,Введено,ПИК,ЮАО,Нагатино-Садовники,55.6746117,37.6454806,manual_exact,exact,True
нагатинский 2-й пр вл 2/2,Нагатинский 2-й пр. вл. 2/2,1,rv,Введено,ПИК,ЮАО,Нагатино-Садовники,55.6746117,37.6454806,manual_exact,exact,True
нагатинский затон,Нагатинский затон,1,rv,Введено,МОСКОВСКИЙ МЕТРОПОЛИТЕН,ЮАО,Нагатинский Затон,55.682346,37.705917,nominatim,administrative,True
нагатинский затон ул речников вл 18-20,"Нагатинский Затон, ул. Речников, вл. 18-20",1,rv,Введено,ФОНД РЕНОВАЦИИ,ЮАО,Нагатинский Затон,55.6820448,37.6907376,manual_exact,exact,True
нагорный,Нагорный,1,oks,Строится,КИЕВСКАЯ ПЛОЩАДЬ,ЮАО,Нагорный,55.670368,37.61636,nominatim,administrative,True
нагорный проезд вл 2 вл 3 стр 2-7 9-13,"Нагорный проезд, вл. 2, вл. 3, стр. 2-7, 9-13",1,oks,Строится,АКВИЛОН,ЮАО,Нагорный,55.67199305,37.6133392,district_centroid,approximate,True
нао поселение воскресенское воскресенское дом отдыха архангельское уч№ 5ю/1,"НАО, поселение Воскресенское, Воскресенское, ""Дом отдыха ""Архангельское"", уч.№ 5ю/1",1,oks,Строится,УПРАВЛЕНИЕ ДЕЛАМИ ПРЕЗИДЕНТА РОССИЙСКОЙ ФЕДЕРАЦИИ,НАО,Коммунарка,55.581794,37.448441,district_centroid,approximate,True
нарвская ул вл 2а,"Нарвская ул., вл. 2А",1,oks,Строится,"ООО ""ТЕМБР""",САО,Коптево,55.8421092,37.5032811,nominatim,tertiary,True
нарвская ул зу 5/1,"Нарвская ул.,з/у 5/1",1,rv,Введено,ФОНД РЕНОВАЦИИ,САО,Войковский,55.8223248,37.50493375,manual_exact,exact,True
народного ополчения ул вл 13 корп 3 4,"Народного ополчения ул. вл. 13 корп. 3,4",1,rv,Введено,КОНЦЕРН КРОСТ,СЗАО,Хорошёво-Мнёвники,55.765528,37.4972546,manual_exact,exact,True
народного ополчения ул уч 3/2 влд. 9 к 5 6,"Народного ополчения ул. уч. 3/2 влд. 9, к. 5, 6",1,rv,Введено,"АНОО ""ХОРОШЕВСКАЯ ШКОЛА""",СЗАО,Хорошёво-Мнёвники,55.765528,37.4972546,manual_exact,exact,True
насосная станция второго подъема,Насосная станция второго подъема,1,rv,Введено,"ГКУ ""МОСКВОРЕЧЬЕ""",НАО,Троицк,55.5274153,37.2817736,district_centroid,approximate,True
наставнический пер вл 12,"Наставнический пер., вл. 12",1,oks,Строится,"ООО ""СТРОИТЕЛЬНАЯ КОМПАНИЯ ""КОРУНД ХХI""",ЦАО,Таганский,55.7504261,37.6642739,nominatim,unclassified,True
научный пр рядом с владением 6,"Научный пр., рядом с владением 6",1,oks,Строится,"ООО ""БМВС""",ЮЗАО,Черёмушки,55.6711698,37.5566241,district_centroid,approximate,True
нахимовский пр-т зу 17/2 (зона 1.2),"Нахимовский пр-т, з/у 17/2 (зона 1.2)",1,oks,Строится,ФОНД РЕНОВАЦИИ,ЮЗАО,Зюзино,55.6528725,37.5867464,district_centroid,approximate,True
нахимовский просп. вл 31 (площадка 10),Нахимовский просп. вл. 31 (площадка 10),1,rv,Введено,ФЛЭТ И КО,ЮЗАО,Черемушки,55.6635403,37.5610662,manual_exact,exact,True
нахимовский просп. д 73,"НАХИМОВСКИЙ ПРОСП., Д. 73",2,rv,Введено,ПИ,ЮЗАО,Ломоносовский,55.6984105,37.5842389,manual_exact,exact,True
недорубова ул д 5а,"НЕДОРУБОВА УЛ., Д. 5А",1,rv,Введено,КП УГС,ЮВАО,Некрасовка,55.6883621,37.9289173,manual_exact,exact,True
некрасовка кв. 14,"Некрасовка, кв. 14",2,rv,Введено,КП УГС,ЮВАО,Некрасовка,55.6883621,37.9289173,manual_exact,exact,True
некрасовка кв. 17 з\уч 13,"Некрасовка, кв. 17, з\у 13",1,rv,Введено,КП УГС,ЮВАО,Некрасовка,55.6883621,37.9289173,manual_exact,exact,True
некрасовка кв. 17 з\уч 19,"Некрасовка, кв. 17, з\у 19",4,rv,Введено,КП УГС,ЮВАО,Некрасовка,55.6883621,37.9289173,manual_exact,exact,True
некрасовка кв. 17 зу 5,"Некрасовка кв. 17, з/у 5",1,rv,Введено,КП УГС,ЮВАО,Некрасовка,55.6883621,37.9289173,manual_exact,exact,True
некрасовка кв. 17 уч 21,Некрасовка кв. 17 уч. 21,1,rv,Введено,КП УГС,ЮВАО,Некрасовка,55.6883621,37.9289173,manual_exact,exact,True
некрасовка российская федерация город внутригородская территория муниципальный округ некрасовка улица вертолетчиков земельный участок 26,"Некрасовка Российская Федерация, город , внутригородская территория муниципальный округ Некрасовка, улица Вертолётчиков, земельный участок 26",1,rv,Введено,КП УГС,ЮВАО,Некрасовка,55.6883621,37.9289173,manual_exact,exact,True
некрасовка ул 2-я вольская д 11а,"Некрасовка, ул. 2-я Вольская, д. 11А",1,rv,Введено,СК ЛЮБЕРЕЦКИЙ,ЮВАО,Некрасовка,55.6883621,37.9289173,manual_exact,exact,True
некрасовка ювао кв. 6,"Некрасовка, ЮВАО, кв. 6",1,rv,Введено,КП УГС,ЮВАО,Некрасовка,55.6883621,37.9289173,manual_exact,exact,True
нижегородская ул 105,Нижегородская ул. 105,1,rv,Введено,МОСКОВСКИЙ МЕТРОПОЛИТЕН,ЮВАО,Нижегородский,55.7371923,37.6907772,nominatim,primary,True
нижегородская ул вл 94 корп 4,Нижегородская ул. вл. 94 корп. 4,1,rv,Введено,ФОНД РЕНОВАЦИИ,ЮВАО,Нижегородский,55.7297194,37.7095577,manual_exact,exact,True
нижегородская ул д76 к 1,"Нижегородская ул., д.76, к. 1",1,rv,Введено,ФОНД РЕНОВАЦИИ,ЮВАО,Нижегородский,55.7297194,37.7095577,manual_exact,exact,True
нижегородская улица земельный участок 92а (зона 2.4),"Нижегородская улица, земельный участок 92А (зона 2.4)",1,oks,Строится,ФОНД РЕНОВАЦИИ,ЮВАО,Нижегородский,55.7297194,37.7095577,district_centroid,approximate,True
нижегородский фрезерная 1-я ул вл 2/1,"Нижегородский, Фрезерная 1-я ул., вл. 2/1",1,rv,Введено,"ООО ""БЭСТ ХОЛДИНГ""",ЮВАО,Нижегородский,55.7297194,37.7095577,manual_exact,exact,True
нижнелихоборский 3-й пр вл 1,Нижнелихоборский 3-й пр. вл. 1,2,rv,Введено,ПИК,САО,Тимирязевский,55.8452897,37.5620884,manual_exact,exact,True
нижние поля ул вл 27а стр 1 2 3 4 5,"Нижние поля ул. вл. 27А стр. 1, 2, 3, 4, 5",1,rv,Введено,"ООО ""АНГАР-14""",ЮВАО,Марьино,55.6518099,37.719279,manual_exact,exact,True
никитинская улица земельный участок 19/1/2,"Никитинская улица, земельный участок 19/1/2",1,oks,Строится,ФОНД РЕНОВАЦИИ,ВАО,Измайлово,55.797943,37.7736403,district_centroid,approximate,True
никитинская улица земельный участок 21/1/3,"Никитинская улица, земельный участок 21/1/3",1,rv,Введено,ФОНД РЕНОВАЦИИ,ВАО,Измайлово,55.797943,37.7736403,manual_exact,exact,True
никитский бульвар вл 6/20,"Никитский бульвар, вл. 6/20",1,oks,Строится,"ООО ""СЗ ТРЕТИЙ РИМ""",ЦАО,Арбат,55.7537935,37.6026918,district_centroid,approximate,True
никло-хованская ул д 28 стр 5,"НИКЛО-ХОВАНСКАЯ УЛ., Д. 28, СТР. 5",1,rv,Введено,SEZAR GROUP,НАО,Сосенское,55.581794,37.417744,manual_exact,exact,True
николая старостина ул зу 8а,"Николая Старостина ул., з/у 8А",1,rv,Введено,КП УГС,ВАО,Косино-Ухтомский,55.722810325,37.8601839,manual_exact,exact,True
николо-хованское дер,Николо-Хованское дер.,3,rv,Введено,"А101; АО ""ВИКА МЕРА""",НАО,Коммунарка,55.581794,37.448441,manual_exact,exact,True
николо-хованское дер уч 2а,Николо-Хованское дер. уч. 2А,1,oks,Строится,ИНДИВИДУАЛЬНЫЕ ПРЕДПРИНИМАТЕЛИ,НАО,Коммунарка,55.581794,37.448441,district_centroid,approximate,True
николо-хованское дер уч 9/1-1,Николо-Хованское дер. уч. 9/1-1,1,rv,Введено,ИНДИВИДУАЛЬНЫЕ ПРЕДПРИНИМАТЕЛИ,НАО,Коммунарка,55.581794,37.448441,manual_exact,exact,True
никулинская ул мкр. 2а,"Никулинская ул. , мкр. 2А",1,oks,Строится,УЭЗ,ЗАО,Тропарёво-Никулино,55.668625500000005,37.466507500000006,geometry_address,,True
никулинская улица мкр. 2а,"Никулинская улица, мкр. 2А",1,rv,Введено,УЭЗ,ЗАО,Тропарёво-Никулино,55.668625500000005,37.466507500000006,geometry_permit,,True
новаторов ул вл 3 стр 1 2 3,"Новаторов ул. вл. 3 стр. 1, 2, 3",1,rv,Введено,"ГБУ ""ДИРЕКЦИЯ РАЗВИТИЯ ОБЪЕКТОВ ЗДРАВООХРАНЕНИЯ ГОРОДА МОСКВЫ""",ЮЗАО,Обручевский,55.6575505,37.5383225,manual_exact,exact,True
новаторов ул д 22а,"НОВАТОРОВ УЛ., Д. 22А",1,rv,Введено,РЕМСТРОЙТРЕСТ,ЮЗАО,Обручевский,55.6575505,37.5383225,manual_exact,exact,True
новикова-прибоя наб. вл 6/3/1,Новикова-Прибоя наб. вл. 6/3/1,1,rv,Введено,ФОНД РЕНОВАЦИИ,СЗАО,Хорошёво-Мнёвники,55.765528,37.4972546,manual_exact,exact,True
новоалексеевская ул,Новоалексеевская ул.,1,rv,Введено,ЭТАЛОН,СВАО,Алексеевский,55.8080468,37.6429319,nominatim,tertiary,True
новоалексеевская ул вл 16,"Новоалексеевская ул., вл. 16",1,rv,Введено,ЭТАЛОН,СВАО,Алексеевский,55.8080468,37.6429319,nominatim,tertiary,True
нововатутинский проспект дом 6,"Нововатутинский проспект, дом 6",1,rv,Введено,"ООО ""СОЛНЕЧНОЕ 14""",НАО,Троицк,55.5165748,37.3485434,nominatim,tertiary,True
нововладыкинский проезд вл 15,"Нововладыкинский проезд, вл. 15",3,oks,Строится,БУДДИЗМ,СВАО,Отрадное,55.850911,37.5777854,nominatim,unclassified,True
новогиреевская ул вл 5,"Новогиреевская ул. ,вл. 5",1,rv,Введено,"АО ""МОСОТДЕЛСТРОЙ № 1""",ВАО,Перово,55.7582982,37.7953554,nominatim,secondary,True
новогиреевская ул зу 30/1,"Новогиреевская ул., з/у 30/1",1,oks,Строится,"АНО ""РСИ""",ВАО,Перово,55.7468432,37.7887908,district_centroid,approximate,True
новоданиловская д8,"Новоданиловская, д.8",1,rv,Введено,САМОЛЕТ,ЮАО,Донской,55.6972971,37.6244931,nominatim,residential,True
новодачное шоссе д 32 стр 1 стр 2,"Новодачное шоссе, д. 32, стр. 1, стр. 2",1,rv,Введено,КП УГС,СВАО,Северный,55.92835525,37.5459852,manual_exact,exact,True
новодевичий проезд вл 6 стр 2,"Новодевичий проезд, вл. 6, стр. 2",1,oks,Строится,ДОНСТРОЙ,ЦАО,Хамовники,55.72162725,37.5633727,district_centroid,approximate,True
новодмитровская б. ул д 63,Новодмитровская Б. ул. д. 63,1,rv,Введено,КП УГС,СВАО,Бутырский,55.8045981,37.5844367,nominatim,unclassified,True
новодмитровская ул д 2 кор. 4,"НОВОДМИТРОВСКАЯ УЛ.,Д. 2, КОР. 4",1,rv,Введено,MR GROUP,СВАО,Бутырский,55.8116348,37.596868,manual_exact,exact,True
новодмитровская ул д 2 кор. 6,"НОВОДМИТРОВСКАЯ УЛ.,Д. 2, КОР. 6",1,rv,Введено,MR GROUP,СВАО,Бутырский,55.8116348,37.596868,manual_exact,exact,True
новодмитровская ул д 2 корп 1а,"Новодмитровская ул., д. 2, корп. 1А",1,rv,Введено,MR GROUP,СВАО,Бутырский,55.8116348,37.596868,manual_exact,exact,True
новодмитровская ул д 2 корп 5,"НОВОДМИТРОВСКАЯ УЛ., Д. 2, КОРП. 5",1,rv,Введено,MR GROUP,СВАО,Бутырский,55.8116348,37.596868,manual_exact,exact,True
новозаводская ул вл 18,Новозаводская ул. вл. 18,3,oks,Строится,ГОСКОРПОРАЦИЯ РОСКОСМОС,ЗАО,Филёвский Парк,55.7572759,37.4815968,nominatim,industrial,True
новолужнецкий пр-д д 3 стр1,"Новолужнецкий пр-д, д. 3, стр.1",1,rv,Введено,"АО ""УКС ИКС И Д""",ЦАО,Хамовники,55.72162725,37.5633727,manual_exact,exact,True
новолужнецкий проезд д9 стр2,"НОВОЛУЖНЕЦКИЙ ПРОЕЗД, Д.9 СТР.2",1,rv,Введено,ОЛИМПИЙСКИЙ КОМПЛЕКС ЛУЖНИКИ,ЦАО,Хамовники,55.72162725,37.5633727,manual_exact,exact,True
новолужнецкий проезд д9 стр3,"НОВОЛУЖНЕЦКИЙ ПРОЕЗД, Д.9 СТР.3",1,rv,Введено,ОЛИМПИЙСКИЙ КОМПЛЕКС ЛУЖНИКИ,ЦАО,Хамовники,55.72162725,37.5633727,manual_exact,exact,True
новомещерский проезд д 9 стр 1,"Новомещерский проезд, д. 9, стр. 1",1,oks,Строится,"АО ""МОСГОРБУМТОРГ""",ЗАО,Солнцево,55.6521865,37.40060335,district_centroid,approximate,True
новоорловская ул д 3 строен. 8,"НОВООРЛОВСКАЯ УЛ., Д. 3, СТРОЕН. 8",1,rv,Введено,"ООО ""РУЛОГ""",ЗАО,Ново-Переделкино,55.644386,37.3591625,manual_exact,exact,True
новоорловская ул д 7а,"НОВООРЛОВСКАЯ УЛ., Д. 7А",1,rv,Введено,"ООО ""СТРОЙСПЕЦСИЛА""",ЗАО,Ново-Переделкино,55.644386,37.3591625,manual_exact,exact,True
новопетровская ул д6,"НОВОПЕТРОВСКАЯ УЛ., Д.6",1,rv,Введено,"АО ""АТЛАНТИС""",САО,Коптево,55.8305705,37.5234607,manual_exact,exact,True
новоподрезково дер верескино - река сходня,"Новоподрезково, дер. Верескино - река Сходня",1,oks,Строится,"ООО ""ФИНАНСТЕХНОКОМПЛЕКТ""",САО,Молжаниновский,55.9367,37.377,district_centroid,approximate,True
новослободская ул вл 30-32,"Новослободская ул., вл. 30-32",1,oks,Строится,"ОБЩЕСТВО С ОГРАНИЧЕННОЙ ОТВЕТСТВЕННОСТЬЮ ""КИЕВСКАЯ ПЛОЩАДЬ""",ЦАО,Тверской,55.7787255,37.5996357,district_centroid,approximate,True
новосущевский пер д 6 строение 1 ул новосущевская д 24 строения 1 2 2-й вышеславцев пер д 17,"Новосущевский пер., д. 6, строение 1; ул. Новосущевская, д. 24, строения 1, 2; 2-й Вышеславцев пер., д. 17",1,oks,Строится,МИНТРАНС РОССИИ,СВАО,Марьина Роща,55.798009,37.6064327,district_centroid,approximate,True
новосходненское шоссе земельный участок 5а,"Новосходненское шоссе, земельный участок 5А",1,oks,Строится,"ООО ""СТРАНА МАИП""",САО,Молжаниновский,55.9367,37.377,district_centroid,approximate,True
новоухтомское шоссе вл 5,"Новоухтомское шоссе, вл. 5",1,rv,Введено,"ООО ""ВЕБ""",ВАО,Косино-Ухтомский,55.7066131,37.854964,nominatim,tertiary,True
новоухтомское шоссе д 2а,"Новоухтомское шоссе, д. 2А",1,rv,Введено,"ООО ""СТРОЙ ИНВЕСТ""",ВАО,Косино-Ухтомский,55.722810325,37.8601839,manual_exact,exact,True
новофедоровское д зверево уч 100,"НОВОФЕДОРОВСКОЕ, Д. ЗВЕРЕВО, УЧ.100",1,rv,Введено,"ООО ""АПРЕЛЕВКА С2""",ТАО,Новофедоровское,55.5099302,36.9243965,manual_exact,exact,True
новофедоровское деревня яковлевское д 29 строение 1,"Новофедоровское, деревня Яковлевское, д. 29, строение 1",1,rv,Введено,"АО ""ТУКС-2""",НАО,Новофедоровское,55.5099302,36.9243965,manual_exact,exact,True
новофедоровское пос новофедоровское д зверево уч 101,"Новофёдоровское, пос. Новофедоровское, д. Зверево, уч.101",1,rv,Введено,"ООО ""АПРЕЛЕВКА С2""",ТАО,Бекасово,55.50185,36.9304823,manual_exact,exact,True
новохорошевский пр-д вл 6/1,"Новохорошевский пр-д, вл. 6/1",1,oks,Строится,ФОНД РЕНОВАЦИИ,СЗАО,Хорошёво-Мнёвники,55.765528,37.4972546,district_centroid,approximate,True
новохорошевский пр-д влд. 24/3/1,"Новохорошевский пр-д, влд. 24/3/1",1,oks,Строится,ФОНД РЕНОВАЦИИ,СЗАО,Хорошёво-Мнёвники,55.765528,37.4972546,district_centroid,approximate,True
новохорошевский проезд вл 16,"Новохорошевский проезд, вл. 16",2,rv,Введено,ИНДИВИДУАЛЬНЫЕ ПРЕДПРИНИМАТЕЛИ,СЗАО,Хорошёво-Мнёвники,55.778248,37.4972546,nominatim,residential,True
новохохловская ул вл 23 стр 3,Новохохловская ул. вл. 23 стр. 3,1,oks,Строится,"ООО ""АЛЬЯНС""",ЮВАО,Нижегородский,55.7297194,37.7095577,district_centroid,approximate,True
новохохловская ул вл 25 ул новохохловская вл 25 зу 1,"Новохохловская ул., вл. 25; ул. Новохохловская, вл. 25, з/у 1",2,oks,Строится,РОСИМУЩЕСТВО,ЮВАО,Нижегородский,55.7297194,37.7095577,district_centroid,approximate,True
новочеремушкинская ул вл 35,"Новочеремушкинская ул., вл. 35",1,rv,Введено,ФОНД РЕНОВАЦИИ,ЮЗАО,Академический,55.6738872,37.570587,nominatim,tertiary,True
новочеремушкинская ул д 58 а стр 1,"НОВОЧЕРЕМУШКИНСКАЯ УЛ., Д. 58 А, СТР. 1",1,rv,Введено,ПРАВОСЛАВИЕ,ЮЗАО,Черемушки,55.6635403,37.5610662,manual_exact,exact,True
новочеркасский бульвар вл 6-8,"Новочеркасский бульвар, вл. 6-8",1,oks,Строится,ПРАВОСЛАВИЕ,ЮВАО,Марьино,55.646607,37.7139188,nominatim,place_of_worship,True
новоясеневский просп. вл 1-в стр 1,Новоясеневский просп. вл. 1-В стр. 1,1,rv,Введено,"ООО ""СНАРК-СЕВЕР""",ЮЗАО,Ясенево,55.6051985,37.5284064,manual_exact,exact,True
новоясеневский просп. вл 3,Новоясеневский просп. вл. 3,1,rv,Введено,"ООО ""СЗ ""СПАРТАК""",ЮЗАО,Ясенево,55.6071079,37.5284064,nominatim,secondary,True
новоясеневский просп. профсоюзная ул (пересечение),"НОВОЯСЕНЕВСКИЙ ПРОСП., ПРОФСОЮЗНАЯ УЛ. (ПЕРЕСЕЧЕНИЕ)",1,rv,Введено,"АО ""КСЯ""",ЮЗАО,Ясенево,55.6051985,37.5284064,manual_exact,exact,True
новоясеневский проспект д 26,"Новоясеневский проспект, д. 26",1,rv,Введено,АНО РСИО,ЮЗАО,Ясенево,55.6051985,37.5373052,nominatim,secondary,True
новые черемушки кв. 10с корп 8,"Новые Черемушки, кв. 10С, корп. 8",1,rv,Введено,"ООО ""ГПУ""",ЮЗАО,Академический,55.6895237,37.57025695,manual_exact,exact,True
новый зыковский пр зу 4,"Новый Зыковский пр., з/у 4",1,oks,Строится,МИНЗДРАВ РОССИИ,САО,Аэропорт,55.80185185000001,37.5368174,district_centroid,approximate,True
нутригородское муниципальное образование савелки мкр. 5а проезд 5253,"нутригородское муниципальное образование ""Савёлки"", мкр. 5А, проезд 5253",1,rv,Введено,АРЕНДА-ГРУПП,ЗелАО,Савёлки,55.9868367,37.2348652,manual_exact,exact,True
оао марьинская птицефабрика,"ОАО ""Марьинская птицефабрика""",5,oks; rv,Строится; Введено,САМОЛЕТ; ПИК,НАО,Филимонковский,55.5500805,37.314627,district_centroid,approximate,True
оао марьинская птицефабрика (квартал № 23 дом 4 корпус 1),"ОАО ""Марьинская птицефабрика"" (квартал № 23, дом 4, корпус 1)",1,oks,Строится,САМОЛЕТ,НАО,Филимонковский,55.5500805,37.314627,district_centroid,approximate,True
оао марьинская птицефабрика (квартал № 23 дом 4 корпус 2),"ОАО ""Марьинская птицефабрика"" (квартал № 23, дом 4, корпус 2)",1,oks,Строится,САМОЛЕТ,НАО,Филимонковский,55.5500805,37.314627,district_centroid,approximate,True
оао марьинская птицефабрика (квартал № 23 дом 4 корпус 3),"ОАО ""Марьинская птицефабрика"" (квартал № 23, дом 4, корпус 3)",1,oks,Строится,САМОЛЕТ,НАО,Филимонковский,55.5500805,37.314627,district_centroid,approximate,True
оао марьинская птицефабрика (квартал № 23 дом 4 корпус 4),"ОАО ""Марьинская птицефабрика"" (квартал № 23, дом 4, корпус 4)",1,oks,Строится,САМОЛЕТ,НАО,Филимонковский,55.5500805,37.314627,district_centroid,approximate,True
оао марьинская птицефабрика (квартал № 23 дом 4 корпус 5),"ОАО ""Марьинская птицефабрика"" (квартал № 23, дом 4, корпус 5)",1,oks,Строится,САМОЛЕТ,НАО,Филимонковский,55.5500805,37.314627,district_centroid,approximate,True
оао марьинская птицефабрика вблизи д середнево уч viii-1/1,"ОАО ""Марьинская птицефабрика"", вблизи д. Середнево, уч. VIII-1/1",2,rv,Введено,ПИК,НАО,Филимонковский,55.5500805,37.314627,manual_exact,exact,True
оао марьинская птицефабрика вблизи д середнево уч № 8-1/1,"ОАО ""Марьинская птицефабрика"", вблизи д. Середнево, уч. № 8-1/1",1,rv,Введено,ПИК,НАО,Филимонковский,55.5500805,37.314627,manual_exact,exact,True
обручева ул вл 23,Обручева ул. вл. 23,1,rv,Введено,TEKTA GROUP,ЮЗАО,Обручевский,55.6517779,37.5491259,nominatim,secondary,True
обручева ул вл 27 корп 2 3 4 5,"Обручева ул. вл. 27 корп. 2, 3, 4, 5",1,oks,Строится,"АО ""СПЕЦИАЛИЗИРОВАННЫЙ ЗАСТРОЙЩИК ""ОБРУЧЕВА""",ЮЗАО,Обручевский,55.6575505,37.5383225,district_centroid,approximate,True
обручева ул вл 30,Обручева ул. вл. 30,1,oks,Строится,ЛСР,ЮЗАО,Коньково,55.6517779,37.5491259,nominatim,secondary,True
обручева ул д28а к 1,"ОБРУЧЕВА УЛ., Д.28А, К. 1",1,rv,Введено,КП УГС,ЮЗАО,Обручевский,55.6575505,37.5383225,manual_exact,exact,True
обручевский кв. 38а корп 9,"Обручевский, кв. 38А, корп. 9",1,rv,Введено,РЕМСТРОЙТРЕСТ,ЮЗАО,Обручевский,55.6575505,37.5383225,manual_exact,exact,True
обручевский кв. 38а корп 9а,Обручевский кв. 38А корп. 9А,1,rv,Введено,РЕМСТРОЙТРЕСТ,ЮЗАО,Обручевский,55.6575505,37.5383225,manual_exact,exact,True
обручевский р-н кв.38а корп1,"Обручевский р-н, кв.38А, корп.1",1,rv,Введено,РЕМСТРОЙТРЕСТ,ЮЗАО,Обручевский,55.6575505,37.5383225,manual_exact,exact,True
обуха пер зу 3,"Обуха пер., з/у 3",1,oks,Строится,SUN Development,ЦАО,Таганский,55.7525248,37.6535459,nominatim,unclassified,True
общественная зона вдоль варшавского шоссе (участок 2),общественная зона вдоль Варшавского шоссе (участок 2),1,rv,Введено,КП УГС,ЮЗАО,Южное Бутово,55.54729475,37.5747165,manual_exact,exact,True
огородный земельный участок 16/1,"Огородный, земельный участок 16/1",1,rv,Введено,PIONEER,СВАО,Бутырский,55.8116348,37.596868,manual_exact,exact,True
огородный пр д 20,Огородный пр. д. 20,2,oks,Строится,БРУСНИКА,СВАО,Бутырский,55.8170783,37.596868,nominatim,secondary,True
огородный пр уч 16/1,Огородный пр. уч. 16/1,3,rv,Введено,PIONEER,СВАО,Бутырский,55.8116348,37.596868,manual_exact,exact,True
огородный проезд земельный участок 4/3,"Огородный проезд, земельный участок 4/3",1,oks,Строится,UPSIDE DEVELOPMENT,СВАО,Бутырский,55.812605500000004,37.608303,geometry,,True
огородный проезд зу 20а/2,"Огородный проезд, з/у 20А/2",1,oks,Строится,"ООО ""СЗ ""БЦ АПСАЙД ОСТАНКИНО""",СВАО,Бутырский,55.8116348,37.596868,district_centroid,approximate,True
огородный проезд зу 4/2,"Огородный проезд, з/у 4/2",1,rv,Введено,UPSIDE DEVELOPMENT,СВАО,Бутырский,55.8116348,37.596868,manual_exact,exact,True
огородный проезд зу 4/7,"Огородный проезд, з/у 4/7",2,oks,Строится,UPSIDE DEVELOPMENT,СВАО,Бутырский,55.8116348,37.596868,district_centroid,approximate,True
одесская ул вл 10,Одесская ул. вл. 10,1,rv,Введено,ФОНД РЕНОВАЦИИ,ЮЗАО,Зюзино,55.6537901,37.5885692,nominatim,residential,True
одесская улица земельный участок 5 (зона 1.3),"Одесская улица, земельный участок 5 (зона 1.3)",1,oks,Строится,ФОНД РЕНОВАЦИИ,ЮЗАО,Зюзино,55.6528725,37.5867464,district_centroid,approximate,True
озерковская наб. вл14 стр1,"ОЗЕРКОВСКАЯ НАБ., ВЛ.14, СТР.1",1,rv,Введено,"РОО ""ЦЕНТР ИССЛЕДОВАНИЙ АРХИТЕКТУРНОГО НАСЛЕДИЯ""",ЦАО,Замоскворечье,55.7402846,37.6328629,manual_exact,exact,True
озерковская набережная д6,"Озерковская набережная, д.6",1,rv,Введено,"ООО ""ДЕЛЬТА""",ЦАО,Замоскворечье,55.7402846,37.6328629,manual_exact,exact,True
озерная зу 1,Озерная з/у 1,1,oks,Строится,LEVEL GROUP,ЗАО,Очаково-Матвеевское,55.5080336,37.2205281,nominatim,service,True
озерная ул,Озерная ул.,2,rv,Введено,"ПУБЛИЧНОЕ АКЦИОНЕРНОЕ ОБЩЕСТВО ""ПИК-СПЕЦИАЛИЗИРОВАННЫЙ ЗАСТРОЙЩИК""",ЗАО,Очаково-Матвеевское,55.670695,37.4468038,nominatim,tertiary,True
озерная ул 44,Озерная ул. 44,1,rv,Введено,"ПУБЛИЧНОЕ АКЦИОНЕРНОЕ ОБЩЕСТВО ""ПИК-СПЕЦИАЛИЗИРОВАННЫЙ ЗАСТРОЙЩИК""",ЗАО,Очаково-Матвеевское,55.6681932,37.4409591,nominatim,apartments,True
озерная ул вл42,"Озерная ул., вл.42",1,oks,Строится,СТРАНА ДЕВЕЛОПМЕНТ,ЗАО,Очаково-Матвеевское,55.6674057,37.4432988,nominatim,primary,True
озерная ул д 9,"ОЗЕРНАЯ УЛ., Д. 9",1,rv,Введено,ФСБ РОССИИ,ЗАО,Очаково-Матвеевское,55.6907105,37.443805,manual_exact,exact,True
округ печатники улица шоссейная земельный участок 90/9,"округ Печатники, улица Шоссейная, земельный участок 90/9",1,oks,Строится,САМОЛЕТ,ЮВАО,Печатники,55.6990676,37.6984857,district_centroid,approximate,True
окружная улица 2а,"Окружная улица, 2А",1,rv,Введено,ФОНД РЕНОВАЦИИ,СЗАО,Южное Тушино,55.8433402,37.4020013,nominatim,parking,True
окружной проезд дом 10б,"Окружной проезд, дом 10Б",1,rv,Введено,НОВАЯ ЖИЗНЬ,ВАО,Соколиная гора,55.7726786,37.7361436,manual_exact,exact,True
октябрьский пр 33,"Октябрьский пр., 33",1,rv,Введено,"ООО ""АКАДЕМПРОЕКТ""",ТАО,Троицк,55.481493,37.298714000000004,geometry_permit,,True
октябрьский пр-кт д 5,"Октябрьский пр-кт, д. 5",1,oks,Строится,"АО ""ТУКС-2""",ТАО,Троицк,55.5274153,37.2817736,district_centroid,approximate,True
олимпийская деревня вл 4,"Олимпийская деревня, вл. 4",2,rv,Введено,"ООО ""СЗ ""ЗАПАД ДЕВЕЛОПМЕНТ""",ЗАО,Тропарёво-Никулино,55.6740481,37.4646789,nominatim,neighbourhood,True
олимпийский вл 10,"Олимпийский, вл. 10",1,rv,Введено,"ООО ""ЕВРОФАРМАКОЛ""",ЦАО,Мещанский,55.7816543,37.6234521,nominatim,secondary,True
олимпийский просп. вл 16 стр 2,Олимпийский просп. вл. 16 стр. 2,1,oks,Строится,КИЕВСКАЯ ПЛОЩАДЬ,ЦАО,Мещанский,55.7816543,37.6340098,district_centroid,approximate,True
олимпийский просп. вл 16 стр 4,Олимпийский просп. вл. 16 стр. 4,1,oks,Строится,КИЕВСКАЯ ПЛОЩАДЬ,ЦАО,Мещанский,55.7816543,37.6340098,district_centroid,approximate,True
олимпийский проспект влд. 16,"Олимпийский проспект, влд. 16",2,oks,Строится,КИЕВСКАЯ ПЛОЩАДЬ,ЦАО,Мещанский,55.7816543,37.6340098,district_centroid,approximate,True
омская ул д 14 корп 1 2 3,"ОМСКАЯ УЛ., Д. 14, КОРП. 1, 2, 3",1,rv,Введено,САМОЛЕТ,НАО,Внуковское,55.63048275,37.33501749999999,manual_exact,exact,True
омская ул д 15 15 17 18,"ОМСКАЯ УЛ., Д. 15, 15, 17, 18",1,rv,Введено,САМОЛЕТ,НАО,Внуковское,55.63048275,37.33501749999999,manual_exact,exact,True
омская ул д 8 9 10,"ОМСКАЯ УЛ., Д. 8, 9, 10",1,rv,Введено,САМОЛЕТ,НАО,Внуковское,55.63048275,37.33501749999999,manual_exact,exact,True
онежская ул вл 35 корп 5,Онежская ул. вл. 35 корп. 5,1,rv,Введено,КП УГС,САО,Головинский,55.84324995,37.49734265,manual_exact,exact,True
оно опх толстопальцево,"ОНО ""ОПХ ""Толстопальцево""",3,oks; rv,Строится; Введено,МОНАРХ; РЭМ,НАО,Внуково,55.58975,37.26383705,district_centroid,approximate,True
оно толстопальцево,ОНО «Толстопальцево»,1,rv,Введено,МОНАРХ,НАО,Внуково,55.58975,37.26383705,manual_exact,exact,True
орджоникидзе ул д 1,"ОРДЖОНИКИДЗЕ УЛ., Д. 1",1,rv,Введено,КОРПОРАЦИЯ БАРКЛИ,ЮАО,Донской,55.6976942,37.58841435,manual_exact,exact,True
орехово-борисово южное ясеневая ул,"Орехово-Борисово Южное, Ясеневая ул.",1,rv,Введено,ПИК,ЮАО,Орехово-Борисово Южное,55.6032534,37.7312047,nominatim,secondary,True
ореховый бульв. вл 26 зу 1,Ореховый бульв. вл. 26 з/у 1,1,rv,Введено,"ООО ""ТЕРЕМЪ""",ЮАО,Зябликово,55.6178373,37.7671258,manual_exact,exact,True
ореховый бульв. вл 28,Ореховый бульв. вл. 28,2,rv,Введено,МИНЗДРАВ РОССИИ,ЮАО,Зябликово,55.6178373,37.7671258,manual_exact,exact,True
ореховый бульвар вл 28,"Ореховый бульвар, вл. 28",1,rv,Введено,МИНЗДРАВ РОССИИ,ЮАО,Зябликово,55.6178373,37.7671258,nominatim,garages,True
ореховый бульвар д 24 корп 1,"Ореховый бульвар, д. 24, корп. 1",1,rv,Введено,ДОНСТРОЙ,ЮАО,Зябликово,55.6178373,37.7671258,manual_exact,exact,True
ореховый бульвар д24 корп2 корп3 корп 4,"Ореховый бульвар, д.24, корп.2, корп.3, корп. 4",1,rv,Введено,ДОНСТРОЙ,ЮАО,Зябликово,55.6178373,37.7671258,manual_exact,exact,True
ореховый проезд владение 41 (напротив),"Ореховый проезд, владение 41 (напротив)",1,rv,Введено,ПРАВОСЛАВИЕ,ЮАО,Зябликово,55.6178373,37.7671258,manual_exact,exact,True
оршанская улица дом 10 корпус 3,"Оршанская улица, дом 10, корпус 3",1,rv,Введено,КП УГС,ЗАО,Кунцево,55.74346005,37.39999495,manual_exact,exact,True
осенний бульвар вл 8а,"Осенний бульвар, вл. 8А",1,rv,Введено,"ООО ""ГЕРА - К""",ЗАО,Крылатское,55.7554366,37.4078477,nominatim,tertiary,True
останкинский мкр.15-16 корп93,"Останкинский, мкр.15-16, корп.93",1,oks,Строится,КП УГС,СВАО,Останкинский,55.8386265,37.6302466,district_centroid,approximate,True
остаповский проезд вл 22 стр 4,"Остаповский проезд, вл. 22, стр. 4",1,rv,Введено,СПЕЦЭЛЕКТРОМОНТАЖ,ЮВАО,Нижегородский,55.7297194,37.7095577,manual_exact,exact,True
остафьево,Остафьево,1,rv,Введено,САМОЛЕТ,НАО,Щербинка,55.5124056,37.5067191,nominatim,aerodrome,True
остафьево с.,ОСТАФЬЕВО С.,1,rv,Введено,"ООО ""ДЖЕТАЭРОКОНЦЕПТ""",НАО,Рязановское,55.49523050000001,37.518144,manual_exact,exact,True
остафьевская ул д 41 соор.1,"Остафьевская ул., д. 41, соор.1",1,rv,Введено,МОСКАПСТРОЙ,ЮЗАО,Южное Бутово,55.54729475,37.5747165,manual_exact,exact,True
осташковская ул вл 9/2,Осташковская ул. вл. 9/2,1,rv,Введено,ФОНД РЕНОВАЦИИ,СВАО,Бабушкинский,55.8921608,37.6739772,nominatim,secondary,True
от ст. зил - до ст. крымская,"от ст. ""ЗИЛ"" - до ст. ""Крымская""",1,rv,Введено,МОСКОВСКИЙ МЕТРОПОЛИТЕН,ЮАО,Даниловский,55.711814,37.6597584,manual_exact,exact,True
от ул нижние мневники д62 до проспекта маршала жукова.,От ул. Нижние Мневники д.62 до проспекта Маршала Жукова.,1,rv,Введено,РОСИМУЩЕСТВО,СЗАО,Хорошево-Мневники,55.7601052,37.5183196,manual_exact,exact,True
от улкаспийской до 1-го котляковского пер 2 этап,от ул.Каспийской до 1-го Котляковского пер. 2 Этап,1,rv,Введено,"ГКУ ""УДМС""",ЮАО,Москворечье-Сабурово,55.6457793,37.6342936,manual_exact,exact,True
открытое ш земельный участок 14д/2,"Открытое ш., земельный участок 14Д/2",1,rv,Введено,ФОНД РЕНОВАЦИИ,ВАО,Богородское,55.81164245,37.7153353,manual_exact,exact,True
открытое ш зу вл 18/1,"Открытое ш., з/у вл. 18/1",1,oks,Строится,ПИК,ВАО,Метрогородок,55.8171965,37.7595835,district_centroid,approximate,True
открытое шоссе вл 18/1 корпус 1.1,"Открытое шоссе, вл. 18/1, корпус 1.1",1,rv,Введено,ПИК,ВАО,Метрогородок,55.8171965,37.7595835,manual_exact,exact,True
открытое шоссе вл 18/1 корпус 1.3,"Открытое шоссе, вл. 18/1, корпус 1.3",1,rv,Введено,ПИК,ВАО,Метрогородок,55.8171965,37.7595835,manual_exact,exact,True
открытое шоссе вл 18/1 корпус 1.4,"Открытое шоссе, вл. 18/1, корпус 1.4",1,rv,Введено,ПИК,ВАО,Метрогородок,55.8171965,37.7595835,manual_exact,exact,True
открытое шоссе вл 28/3,Открытое шоссе вл. 28/3,1,rv,Введено,ФОНД РЕНОВАЦИИ,ВАО,Метрогородок,55.8171965,37.7595835,manual_exact,exact,True
открытое шоссе вл 32 корп 6 влад. 32,Открытое шоссе вл. 32 корп. 6; влад. 32,1,rv,Введено,ЦЕНТРАЛЬНАЯ БАЗОВАЯ ТАМОЖНЯ,ВАО,Метрогородок,55.8171965,37.7595835,manual_exact,exact,True
открытое шоссе земельные участки 9/14а 9/14 9/1 9/1/1,"Открытое шоссе, земельные участки 9/14А, 9/14, 9/1, 9/1/1",2,oks,Строится,МАНГАЗЕЯ,ВАО,Богородское,55.81164245,37.7153353,district_centroid,approximate,True
открытое шоссе земельный участок 18,"Открытое шоссе, земельный участок 18",2,rv,Введено,ПИК,ВАО,Метрогородок,55.8171965,37.7595835,manual_exact,exact,True
открытое шоссе земельный участок 18 земельный участок 20/1,"Открытое шоссе, земельный участок 18, земельный участок 20/1",1,oks,Строится,ПИК,ВАО,Метрогородок,55.8171965,37.7595835,district_centroid,approximate,True
открытое шоссе земельный участок 18/1,"Открытое шоссе, земельный участок 18/1",1,oks,Строится,ПИК,ВАО,Метрогородок,55.817086,37.7478865,geometry,,True
открытое шоссе земельный участок 26/3 номер зоны - 4.5 (жу-5),"Открытое шоссе земельный участок 26/3, номер зоны - 4.5 (ЖУ-5)",1,rv,Введено,ФОНД РЕНОВАЦИИ,ВАО,Метрогородок,55.8171965,37.7595835,manual_exact,exact,True
открытое шоссе земельный участок 27/6/7 (участок 11.2),"Открытое шоссе, земельный участок 27/6/7 (участок 11.2)",1,oks,Строится,ФОНД РЕНОВАЦИИ,ВАО,Метрогородок,55.8171965,37.7595835,district_centroid,approximate,True
открытое шоссе зу владение 18/1,Открытое шоссе з/у владение 18/1,1,rv,Введено,ПИК,ВАО,Метрогородок,55.8171965,37.7595835,manual_exact,exact,True
отрадный пр земельный участок 6/1,"Отрадный пр., земельный участок 6/1",1,rv,Введено,ФОНД РЕНОВАЦИИ,СВАО,Отрадное,55.85055975,37.5782006,manual_exact,exact,True
офисное здание с подземной автостоянкой,Офисное здание с подземной автостоянкой,1,oks,Строится,"ООО ""СПЕЦИАЛИЗИРОВАННЫЙ ЗАСТРОЙЩИК ""ВОСХОД""",ЗАО,Очаково-Матвеевское,55.6907105,37.443805,district_centroid,approximate,True
офицерская ул влд. 2,"Офицерская ул., влд. 2",3,oks,Строится,ИНДИВИДУАЛЬНЫЕ ПРЕДПРИНИМАТЕЛИ,НАО,Коммунарка,55.581794,37.448441,district_centroid,approximate,True
очаково-матвеевское,Очаково-Матвеевское,1,oks,Строится,МОСКОВСКИЙ МЕТРОПОЛИТЕН,ЗАО,Очаково-Матвеевское,55.690291,37.4406611,nominatim,administrative,True
очаково-матвеевское ул озерная корпуса 2.3-2.6,"Очаково-Матвеевское, ул. Озерная Корпуса 2.3-2.6",2,rv,Введено,"ПУБЛИЧНОЕ АКЦИОНЕРНОЕ ОБЩЕСТВО ""ПИК-СПЕЦИАЛИЗИРОВАННЫЙ ЗАСТРОЙЩИК""",ЗАО,Очаково-Матвеевское,55.6907105,37.443805,manual_exact,exact,True
очаковская б. ул вл 1,"Очаковская Б., ул. вл. 1",1,oks,Строится,ФПК ГАРАНТ-ИНВЕСТ,ЗАО,Очаково-Матвеевское,55.6919632,37.467544,nominatim,neighbourhood,True
очаковская б. ул вл 2,Очаковская Б. ул. вл. 2,1,rv,Введено,ПИК,ЗАО,Очаково-Матвеевское,55.6907105,37.46687,geometry_address,,True
очаковская б. ул вл 35а,Очаковская Б. ул. вл. 35А,1,rv,Введено,ФОНД РЕНОВАЦИИ,ЗАО,Очаково-Матвеевское,55.6907105,37.443805,manual_exact,exact,True
очаковское ш,Очаковское ш,1,rv,Введено,ПИК,ЗАО,Очаково-Матвеевское,55.6880217,37.4361078,nominatim,tertiary,True
очаковское ш зу 3а,Очаковское ш. з/у 3а,1,rv,Введено,ПИК,ЗАО,Очаково-Матвеевское,55.6907105,37.443805,manual_exact,exact,True
очаковское ш зу 5а/16,"Очаковское ш., з/у 5А/16",1,rv,Введено,ПИК,ЗАО,Очаково-Матвеевское,55.6931485,37.4582415,geometry_permit,,True
очаковское шоссе,Очаковское шоссе,2,oks,Строится,ПИК,ЗАО,Очаково-Матвеевское,55.6931485,37.4582415,geometry_address,,True
очаковское шоссе 1 этап: корпуса 4.1 (и пристройки 1 2) 4.2 4.3 (и пристройка 3 4) 4.7 (и пристройка 7) 4.8 и подземная автостоянка. срок действия до 14.06.2028,"Очаковское шоссе 1 этап: Корпуса 4.1 (и пристройки 1, 2), 4.2, 4.3 (и пристройка 3, 4), 4.7 (и пристройка 7), 4.8 и подземная автостоянка. Срок действия до 14.06.2028",1,oks,Строится,ПИК,ЗАО,Очаково-Матвеевское,55.6907105,37.443805,district_centroid,approximate,True
очаковское шоссе влд. 3а 5а,"Очаковское шоссе, влд. 3А, 5А",1,rv,Введено,ФОНД РЕНОВАЦИИ,ЗАО,Очаково-Матвеевское,55.6907105,37.443805,manual_exact,exact,True
очаковское шоссе влд.3а 5а,"Очаковское шоссе, влд.3А, 5А",3,oks,Строится,ПИК,ЗАО,Очаково-Матвеевское,55.6907105,37.443805,district_centroid,approximate,True
очаковское шоссе зу 3а/12,"Очаковское шоссе, З/У 3А/12",2,rv,Введено,ПИК,ЗАО,Очаково-Матвеевское,55.6907105,37.443805,manual_exact,exact,True
оэз алабушево,"ОЭЗ ""Алабушево""",7,rv,Введено,Р-ФАРМ,ЗелАО,Силино,56.0080842,37.1406636,manual_exact,exact,True
п коммунарка ул александры монаховой 90 к3,"п Коммунарка, ул Александры Монаховой 90, К3",1,rv,Введено,"ПУБЛИЧНОЕ АКЦИОНЕРНОЕ ОБЩЕСТВО ""ПИК-СПЕЦИАЛИЗИРОВАННЫЙ ЗАСТРОЙЩИК""",НАО,Сосенское,55.581794,37.417744,manual_exact,exact,True
п коммунарка ул сосенский стан 8 стр 1,"п Коммунарка, ул Сосенский Стан 8, Стр 1",1,rv,Введено,ДЕПАРТАМЕНТ ГРАЖДАНСКОГО СТРОИТЕЛЬСТВА ГОРОДА МОСКВЫ,НАО,Сосенское,55.581794,37.417744,manual_exact,exact,True
п шишкин лес 21 к1,"п Шишкин Лес 21, К1",1,rv,Введено,ФОНД РЕНОВАЦИИ,ТАО,Михайлово-Ярцевское,55.3943301,37.0617999,manual_exact,exact,True
п шишкин лес 9 к1,"п Шишкин Лес 9, К1",1,rv,Введено,ФОНД РЕНОВАЦИИ,ТАО,Михайлово-Ярцевское,55.3943301,37.0617999,manual_exact,exact,True
п. валуево,п. Валуево,1,oks,Строится,МОСВОДОКАНАЛ,НАО,Филимонковский,55.5500805,37.314627,district_centroid,approximate,True
п. внуковское кв-л 6 вл 2,"п. Внуковское, кв-л 6, вл. 2",1,rv,Введено,РАЙДЕКС,НАО,Внуково,55.58975,37.26383705,district_centroid,approximate,True
п. внуковское квартал 6 вл 1,"п. Внуковское, квартал 6, вл. 1",3,oks,Строится,МЕСТНАЯ РЕЛИГИОЗНАЯ ОРГАНИЗАЦИЯ ПРАВОСЛАВНЫЙ ПРИХОД ХРАМА РОЖДЕСТВА ХРИСТОВА В РОЖДЕСТВЕННО ГОР. МОСКВЫ МОСКОВСКОЙ ЕПАРХИИ РУССКОЙ ПРАВОСЛАВНОЙ ЦЕРКВИ (МОСКОВСКИЙ ПАТРИАРХАТ); МЕСТНАЯ РЕЛИГИОЗНАЯ ОРГАНИЗАЦИЯ ПРАВОСЛАВНЫЙ ПРИХОД ХРАМА СВТ. НИКОЛАЯ ЧУДОТВОРЦА В КУВЕКИНО ГОР. МОСКВЫ МОСКОВСКОЙ ЕПАРХИИ РУССКОЙ ПРАВОСЛАВНОЙ ЦЕРКВИ (МОСКОВСКИЙ ПАТРИАРХАТ),НАО,Коммунарка,55.581794,37.448441,district_centroid,approximate,True
п. вороновское вороновское лесничество земли подольского лесокомбината квартал №24,"П. ВОРОНОВСКОЕ, ВОРОНОВСКОЕ ЛЕСНИЧЕСТВО, ЗЕМЛИ ПОДОЛЬСКОГО ЛЕСОКОМБИНАТА, КВАРТАЛ №24",1,rv,Введено,"ГУП ""РЭМ""",ТАО,Троицк,55.5274153,37.2817736,manual_exact,exact,True
п. вороновское с. вороново,"п. Вороновское, с. Вороново",1,rv,Введено,ИНДИВИДУАЛЬНЫЕ ПРЕДПРИНИМАТЕЛИ,ТАО,Вороновское,55.323827,37.3468956,manual_exact,exact,True
п. воскресенское вл 20а/1,"п. Воскресенское, вл. 20А/1",1,rv,Введено,"АО ""ТУКС-2""",НАО,Воскресенское,55.5268,37.4425805,geometry_permit,,True
п. воскресенское вл 67а,"п. Воскресенское, вл. 67А",1,rv,Введено,"АО ""КАПСТРОЙСИТИ""",НАО,Коммунарка,55.581794,37.448441,manual_exact,exact,True
п. воскресенское уч № 17ю,"п. Воскресенское, уч. № 17ю",1,oks,Строится,ИНДИВИДУАЛЬНЫЕ ПРЕДПРИНИМАТЕЛИ,НАО,Коммунарка,55.581794,37.448441,district_centroid,approximate,True
п. воскресенское чечерский пр д 122 корп 1,"П. ВОСКРЕСЕНСКОЕ, ЧЕЧЕРСКИЙ ПР., Д. 122, КОРП. 1",1,rv,Введено,МД ГРУПП,НАО,Воскресенское,55.5268,37.4425805,manual_exact,exact,True
п. десеновское 2-я нововатутинская ул д 2,"П. ДЕСЁНОВСКОЕ, 2-Я НОВОВАТУТИНСКАЯ УЛ., Д. 2",1,rv,Введено,ИНВЕСТТРАСТ,НАО,Десеновское,55.5702958,37.3970203,manual_exact,exact,True
п. десеновское вблизи д десна корпус 4/3,"п. Десеновское, вблизи д. Десна, корпус 4/3",2,rv,Введено,ИНВЕСТТРАСТ,НАО,Десеновское,55.5702958,37.3970203,manual_exact,exact,True
п. десеновское кв-л 18,"п. Десеновское, кв-л 18",2,rv,Введено,А101,ТАО,Троицк,55.5274153,37.2817736,manual_exact,exact,True
п. десеновское квартал 23,"п. Десеновское, квартал 23",1,oks,Строится,А101,НАО,Коммунарка,55.581794,37.448441,district_centroid,approximate,True
п. десеновское мкр. десна,"п. Десеновское, мкр. ""Десна""",1,oks,Строится,СТРОЙКОМ,НАО,Троицк,55.533491,37.379444500000005,geometry,,True
п. десеновское проект 54 квартал № 5,"п. Десёновское, проект 54, квартал № 5",1,rv,Введено,СТРОЙКОМ,НАО,Коммунарка,55.581794,37.448441,district_centroid,approximate,True
п. десеновское ш калужское вл 52б 35 км,"п. Десёновское, ш. Калужское, вл. 52Б, 35 км",1,rv,Введено,САМОЛЕТ,НАО,Троицк,55.5274153,37.2817736,manual_exact,exact,True
п. знамя октября,п. Знамя Октября,1,oks,Строится,"ООО ""ИС""",НАО,Щербинка,55.49523050000001,37.518144,district_centroid,approximate,True
п. знамя октября влд. 3 (поселение рязановское пос знамя октября около д3),"п. Знамя Октября, влд. 3 (поселение Рязановское, пос. Знамя Октября, около д.3)",1,rv,Введено,ФОНД РЕНОВАЦИИ,НАО,Щербинка,55.49523050000001,37.518144,manual_exact,exact,True
п. коммунарка,п. Коммунарка,5,oks; rv,Строится; Введено,"ПРАВОСЛАВИЕ; ООО ""ПМ ""ТОЧКА СБОРКИ""; АО ""ТУКС-2""; А101",НАО,Коммунарка,55.5674906,37.4803816,nominatim,bus_stop,True
п. коммунарка д столбово,"п. Коммунарка, д. Столбово",5,rv,Введено,"ПУБЛИЧНОЕ АКЦИОНЕРНОЕ ОБЩЕСТВО ""ПИК-СПЕЦИАЛИЗИРОВАННЫЙ ЗАСТРОЙЩИК""",НАО,Коммунарка,55.581794,37.448441,manual_exact,exact,True
п. коммунарка ул александры монаховой зу 88а/1,"п. Коммунарка, ул. Александры Монаховой, з/у 88А/1",1,oks,Строится,UNIKEY,НАО,Коммунарка,55.581794,37.448441,district_centroid,approximate,True
п. коммунарка ул александры монаховой зу 88а/2,"п. Коммунарка, ул. Александры Монаховой, з/у 88А/2",1,oks,Строится,UNIKEY,НАО,Коммунарка,55.581794,37.448441,district_centroid,approximate,True
п. коммунарка ул александры монаховой зу 88а/3,"п. Коммунарка, ул. Александры Монаховой, з/у 88А/3",1,oks,Строится,UNIKEY,НАО,Коммунарка,55.581794,37.448441,district_centroid,approximate,True
п. коммунарка ул бачуринская д 11а корп 2 (корпус 5) д 11 соор. 2 (тп-3) д 15 соор. 1 (тп-4) д 15 соор. 3 (кнс),"п. Коммунарка, ул. Бачуринская, д. 11А, корп. 2 (корпус 5); д. 11, соор. 2 (ТП-3), д. 15, соор. 1 (ТП-4); д. 15, соор. 3 (КНС)",1,rv,Введено,КОНЦЕРН КРОСТ,НАО,Сосенское,55.581794,37.417744,manual_exact,exact,True
п. коммунарка ул потаповская роща корпус 2.1,"п. Коммунарка, ул. Потаповская Роща, корпус 2.1",1,rv,Введено,А101,НАО,Сосенское,55.581794,37.417744,manual_exact,exact,True
п. коммунарка ул сосенский стан вл10/1,"п. Коммунарка, ул. Сосенский Стан, вл.10/1",1,rv,Введено,КП УГС,НАО,Коммунарка,55.581794,37.448441,manual_exact,exact,True
п. коммунарка уч-22ю,"п. Коммунарка, уч-22ю",1,oks,Строится,"ООО ""ВИТА-СЕРВИС""",НАО,Коммунарка,55.581794,37.448441,district_centroid,approximate,True
п. краснопахорское вблизи д поляны,"п. Краснопахорское, вблизи д. Поляны",1,rv,Введено,"ООО ""ТЕРРИТОРИЯ ЗАБОТЫ""",ТАО,Краснопахорский,55.3943301,37.0617999,manual_exact,exact,True
п. краснопахорское дер раево,"п. Краснопахорское, дер. Раево",1,rv,Введено,МОСКОВСКИЙ ФОНД ЗАЩИТЫ ПРАВ ДОЛЬЩИКОВ,ТАО,Краснопахорский,55.3943301,37.0617999,manual_exact,exact,True
п. краснопахорское кв-л. 92 вл 1,"п. Краснопахорское, кв-л. 92, вл. 1",5,rv,Введено,АНО РСИО,ТАО,Краснопахорский,55.3943301,37.0617999,manual_exact,exact,True
п. краснопахорское с. былово,"п. Краснопахорское, с. Былово",1,rv,Введено,"ООО ""ГК ""ЭТАЖИ""",ТАО,Краснопахорское,55.50185,37.1284207,manual_exact,exact,True
п. курилово ул центральная д 2б,"п. Курилово, ул. Центральная, д. 2Б",1,rv,Введено,"АО ""ТУКС-2""",ТАО,Щаповское,55.50185,37.1284207,manual_exact,exact,True
п. курилово ул центральная зу 17а/2,"п. Курилово, ул. Центральная, з/у 17А/2",1,oks,Строится,ИНДИВИДУАЛЬНЫЕ ПРЕДПРИНИМАТЕЛИ,ТАО,Коммунарка,55.581794,37.448441,district_centroid,approximate,True
п. марушинское пос совхоза крекшино 18а,"П. МАРУШИНСКОЕ, ПОС. СОВХОЗА ""КРЁКШИНО"", 18А",1,rv,Введено,"ГБУ ""ДИРЕКЦИЯ РАЗВИТИЯ ОБЪЕКТОВ ЗДРАВООХРАНЕНИЯ ГОРОДА МОСКВЫ""",НАО,Марушкинское,55.5778111,37.1097363,manual_exact,exact,True
п. марушкинское зао крекшино,"П. МАРУШКИНСКОЕ, ЗАО ""КРЕКШИНО""",1,rv,Введено,КОРПОРАЦИЯ БАРКЛИ,НАО,Марушкинское,55.5778111,37.1097363,manual_exact,exact,True
п. марьино,п. Марьино,2,oks,Строится,ИНДИВИДУАЛЬНЫЕ ПРЕДПРИНИМАТЕЛИ,НАО,Филимонковский,55.5489065,37.3194905,geometry_address,,True
п. московский г. московский,"п. Московский, г. Московский",3,rv,Введено,ДЕПАРТАМЕНТ РАЗВИТИЯ НОВЫХ ТЕРРИТОРИЙ ГОРОДА МОСКВЫ; АБСОЛЮТ,НАО,Московский,55.613434,37.415014,manual_exact,exact,True
п. московский д картмазово уч 16/1,"п. Московский, д. Картмазово, уч. 16/1",1,oks,Строится,SMINEX (ранее INGRAD),НАО,Коммунарка,55.581794,37.448441,district_centroid,approximate,True
п. московский д румянцево вл 17е,"п. Московский, д. Румянцево, вл. 17Е",1,rv,Введено,LEXION DEVELOPMENT,НАО,Коммунарка,55.581794,37.448441,manual_exact,exact,True
п. московский северо-западнее деревни говорово,"п. Московский, северо-западнее деревни Говорово",1,oks,Строится,САМОЛЕТ,НАО,Внуково,55.58975,37.26383705,district_centroid,approximate,True
п. московский ул татьянин парк д 11,"П. МОСКОВСКИЙ, УЛ. ТАТЬЯНИН ПАРК, Д. 11",1,rv,Введено,САМОЛЕТ,НАО,Московский,55.613434,37.415014,manual_exact,exact,True
п. московский ул татьянин парк д 13 корп 1,"П. МОСКОВСКИЙ, УЛ. ТАТЬЯНИН ПАРК, Д. 13, КОРП. 1",1,rv,Введено,САМОЛЕТ,НАО,Московский,55.613434,37.415014,manual_exact,exact,True
п. московский ул татьянин парк д 13 корп 2,"П. МОСКОВСКИЙ, УЛ. ТАТЬЯНИН ПАРК, Д. 13, КОРП. 2",1,rv,Введено,САМОЛЕТ,НАО,Московский,55.613434,37.415014,manual_exact,exact,True
п. московский ул татьянин парк д 15 корп 1,"П. МОСКОВСКИЙ, УЛ. ТАТЬЯНИН ПАРК, Д. 15, КОРП. 1",1,rv,Введено,САМОЛЕТ,НАО,Московский,55.613434,37.415014,manual_exact,exact,True
п. московский ул татьянин парк д 15 корп 2,"П. МОСКОВСКИЙ, УЛ. ТАТЬЯНИН ПАРК, Д. 15, КОРП. 2",1,rv,Введено,САМОЛЕТ,НАО,Московский,55.613434,37.415014,manual_exact,exact,True
п. московсккий ул татьянин парк 12 корп 1 2,"П. МОСКОВСККИЙ, УЛ. ТАТЬЯНИН ПАРК, 12 КОРП. 1, 2",1,rv,Введено,САМОЛЕТ,НАО,Московский,55.613434,37.415014,manual_exact,exact,True
п. московсккий ул татьянин парк 12 корп 3 4,"П. МОСКОВСККИЙ, УЛ. ТАТЬЯНИН ПАРК, 12 КОРП. 3, 4",1,rv,Введено,САМОЛЕТ,НАО,Московский,55.613434,37.415014,manual_exact,exact,True
п. московсккий ул татьянин парк 12 корп 5 6 7,"П. МОСКОВСККИЙ, УЛ. ТАТЬЯНИН ПАРК, 12 КОРП. 5, 6, 7",1,rv,Введено,САМОЛЕТ,НАО,Московский,55.613434,37.415014,manual_exact,exact,True
п. московсккий ул татьянин парк 14 кор.2,"П. МОСКОВСККИЙ, УЛ. ТАТЬЯНИН ПАРК, 14, КОР.2",1,rv,Введено,САМОЛЕТ,НАО,Московский,55.613434,37.415014,manual_exact,exact,True
п. московсккий ул татьянин парк 16 кор.2,"П. МОСКОВСККИЙ, УЛ. ТАТЬЯНИН ПАРК, 16, КОР.2",1,rv,Введено,САМОЛЕТ,НАО,Московский,55.613434,37.415014,manual_exact,exact,True
п. новофедоровское дер зверево уч 101,"п. Новофёдоровское, дер. Зверево, уч.101",1,rv,Введено,"ООО ""АПРЕЛЕВКА С2""",ТАО,Бекасово,55.50185,36.9304823,manual_exact,exact,True
п. первомайское,п. Первомайское,4,oks; rv,Строится; Введено,"ООО ""УК ""ЦЕНТР МЕНЕДЖМЕНТ""; АО ""ТУКС-2""",ТАО,Филимонковский,55.5500805,37.314627,district_centroid,approximate,True
п. птичное,п. Птичное,2,rv,Введено,ИНДИВИДУАЛЬНЫЕ ПРЕДПРИНИМАТЕЛИ,ТАО,Троицк,55.5150555,37.2243355,nominatim,bus_stop,True
п. роговское вблизи п. рогово,"п. Роговское, вблизи п. Рогово",1,rv,Введено,ИНВАСТА КАПИТАЛ,ТАО,Вороново,55.323827,37.3468956,manual_exact,exact,True
п. рязановское щербинка,"п. Рязановское, Щербинка",1,rv,Введено,"ГКУ ""МОСКВОРЕЧЬЕ""",НАО,Воскресенское,55.5268,37.4425805,manual_exact,exact,True
п. совхоза крекшино позиция 24,"п. совхоза ""Крекшино"", позиция 24",2,oks,Строится,"ООО ""СЗ ""НАРАСТРОЙ-М""",НАО,Внуково,55.58975,37.26383705,district_centroid,approximate,True
п. сосенское,п. Сосенское,1,rv,Введено,ГРАНЕЛЬ,НАО,Сосенское,55.581794,37.477031,nominatim,government,True
п. сосенское б-р веласкеса д1 корп1 и корп2,"П. СОСЕНСКОЕ, Б-Р ВЕЛАСКЕСА Д.1 КОРП.1 И КОРП.2",1,rv,Введено,А101,НАО,Сосенское,55.581794,37.417744,manual_exact,exact,True
п. сосенское бульвар веласкеса д 7 8,"п. Сосенское, бульвар Веласкеса, д. 7,8",1,rv,Введено,А101,НАО,Сосенское,55.581794,37.417744,manual_exact,exact,True
п. сосенское вблизи д николо-хованское,"п. Сосенское, вблизи д. Николо-Хованское",2,rv,Введено,ПИК,НАО,Коммунарка,55.581794,37.448441,manual_exact,exact,True
п. сосенское вблизи д николо-хованское (viii очередь) строение 1,"п. Сосенское, вблизи д. Николо-Хованское, (VIII очередь) Строение 1",1,rv,Введено,ПИК,НАО,Коммунарка,55.581794,37.448441,manual_exact,exact,True
п. сосенское д николо-хованское,"п. Сосенское, д. Николо-Хованское",2,rv,Введено,"ИНДИВИДУАЛЬНЫЕ ПРЕДПРИНИМАТЕЛИ; ООО ""НОРДПЛАСТ""",НАО,Сосенское,55.581794,37.417744,manual_exact,exact,True
п. сосенское д столбово,"п. Сосенское, д. Столбово",2,rv,Введено,"ПУБЛИЧНОЕ АКЦИОНЕРНОЕ ОБЩЕСТВО ""ПИК-СПЕЦИАЛИЗИРОВАННЫЙ ЗАСТРОЙЩИК""",НАО,Коммунарка,55.581794,37.448441,manual_exact,exact,True
п. сосенское д столбово зу 41/1г,"п. Сосенское, д. Столбово, з/у 41/1Г",2,rv,Введено,А101,НАО,Коммунарка,55.581794,37.448441,manual_exact,exact,True
п. сосенское д столбово к17,"п. Сосенское, д. Столбово, к.17",1,rv,Введено,САМОЛЕТ,НАО,Коммунарка,55.581794,37.448441,manual_exact,exact,True
п. сосенское дер столбово зу 3/3,"п. Сосенское, дер. Столбово, з/у 3/3",1,oks,Строится,"ПУБЛИЧНОЕ АКЦИОНЕРНОЕ ОБЩЕСТВО ""ПИК-СПЕЦИАЛИЗИРОВАННЫЙ ЗАСТРОЙЩИК""",НАО,Коммунарка,55.581794,37.448441,district_centroid,approximate,True
п. сосенское дер столбово уч 40/1,"п. Сосенское, дер. Столбово, уч. 40/1",1,rv,Введено,САМОЛЕТ,НАО,Коммунарка,55.581794,37.448441,manual_exact,exact,True
п. сосенское пос коммунарка д 9.1,"п. Сосенское, пос. Коммунарка, д. 9.1",1,rv,Введено,А101,НАО,Сосенское,55.581794,37.417744,manual_exact,exact,True
п. сосенское уч 12 вблизи дер николо-хованское,"п. Сосенское, уч. 12, вблизи дер. Николо-Хованское",1,oks,Строится,А101,НАО,Коммунарка,55.581794,37.448441,district_centroid,approximate,True
п. сосенское6 д николо-хованское,П. СОСЕНСКОЕ6 Д. НИКОЛО-ХОВАНСКОЕ,1,rv,Введено,А101,НАО,Сосенское,55.581794,37.417744,manual_exact,exact,True
п. столбово уч 27 корпус 1.2/1,"п. Столбово, уч. 27, корпус 1.2/1",1,rv,Введено,"ПУБЛИЧНОЕ АКЦИОНЕРНОЕ ОБЩЕСТВО ""ПИК-СПЕЦИАЛИЗИРОВАННЫЙ ЗАСТРОЙЩИК""",НАО,Сосенское,55.581794,37.417744,manual_exact,exact,True
п. столбово уч 27 корпус 1.2/2,"п. Столбово, уч. 27, корпус 1.2/2",1,rv,Введено,"ПУБЛИЧНОЕ АКЦИОНЕРНОЕ ОБЩЕСТВО ""ПИК-СПЕЦИАЛИЗИРОВАННЫЙ ЗАСТРОЙЩИК""",НАО,Сосенское,55.581794,37.417744,manual_exact,exact,True
п. филимонковское д староселье д середнево,"п. Филимонковское, д. Староселье, д. Середнево",2,oks,Строится,САМОЛЕТ,НАО,Коммунарка,55.581794,37.448441,district_centroid,approximate,True
п. филимонковское кв-л 25,"п. Филимонковское, кв-л 25",1,rv,Введено,ПИК,НАО,Филимонковский,55.569365,37.288799499999996,geometry_permit,,True
п. филимонковское квартал 110 земельный участок 2/4,"п. Филимонковское, квартал 110, земельный участок 2/4",1,oks,Строится,"АО ""КС ""ВАЛУЕВО""",НАО,Коммунарка,55.581794,37.448441,district_centroid,approximate,True
п. филимонковское квартал 110 зу 2/4,"п. Филимонковское, квартал 110, з/у 2/4",1,oks,Строится,"АО ""КС ""ВАЛУЕВО""",НАО,Филимонковский,55.5500805,37.314627,district_centroid,approximate,True
п. филимонковское пос марьино учiii-1/3б,"п. Филимонковское, пос. Марьино, уч.III-1/3Б",1,rv,Введено,СЕЛМИНОС ХОЛДИНГС ЛТД,НАО,Филимонковское,55.5465808,37.3050386,manual_exact,exact,True
п. шишкин лес зу 30,"п. Шишкин Лес, з/у 30",1,oks,Строится,"ООО ""ШИШКИН ЛЕС ХОЛДИНГ""",ТАО,Краснопахорский,55.3943301,37.0617999,district_centroid,approximate,True
п. щапово улсадовый квартал вл 5а,"п. Щапово, ул.Садовый квартал, вл. 5А",1,rv,Введено,"ООО ""ГЕОГРАНД""",ТАО,Краснопахорский,55.3943301,37.0617999,manual_exact,exact,True
п. щаповское вблизи д троицкое,"п. Щаповское, вблизи д. Троицкое",1,oks,Строится,"ООО ""МПТО""",ТАО,Краснопахорский,55.3943301,37.0617999,district_centroid,approximate,True
п. щаповское вблизи д шаганино кв. 73 зу 1,"п. Щаповское, вблизи д. Шаганино, кв. 73, з/у 1",1,oks,Строится,КОНЦЕРН КРОСТ,ТАО,Краснопахорский,55.3943301,37.0617999,district_centroid,approximate,True
п. щаповское уч 21/1,п. Щаповское уч. 21/1,1,rv,Введено,"АНО ""РСИ""",ТАО,Троицк,55.4186915,37.4121565,geometry_permit,,True
п.. ватутинки уч № 110ю и уч № 111ю,"п.. Ватутинки, уч. № 110ю и уч. № 111ю",2,rv,Введено,ГРУППА РОДИНА,НАО,Троицк,55.5274153,37.2817736,manual_exact,exact,True
п.внуковское ул анны ахматовой д 11 корп 1,"п.Внуковское, ул. Анны Ахматовой, д. 11, корп. 1",1,rv,Введено,ТПУ РАССКАЗОВКА,НАО,Внуковское,55.6341565,37.3311795,geometry_permit,,True
п.московский квартал no4,"п.Московский, квартал No4",2,rv,Введено,"АО ""ДСК ""ГОВОРОВО""",НАО,Московский,55.613434,37.415014,manual_exact,exact,True
п.совхоза крекшино улюжная вл23г,"п.Совхоза Крекшино, ул.Южная, вл.23г",1,oks,Строится,"ООО ""ГЕС""",НАО,Внуково,55.58975,37.26383705,district_centroid,approximate,True
п.сосенское,п.Сосенское,1,rv,Введено,А101,НАО,Коммунарка,55.581794,37.477031,nominatim,government,True
п.сосенское квартал №7 дом 3 корп5,"п.Сосенское, квартал №7, дом 3, корп.5",1,rv,Введено,ПИК,НАО,Коммунарка,55.581794,37.448441,manual_exact,exact,True
п.сосенское квартал №7 дом 3 корпус 6,"п.Сосенское, квартал №7, дом 3, корпус 6",1,rv,Введено,ПИК,НАО,Коммунарка,55.581794,37.448441,manual_exact,exact,True
павелецкая наб. вл 8 зу 6,Павелецкая наб. вл. 8 З/У 6,1,rv,Введено,AFI DEVELOPMENT,ЮАО,Даниловский,55.711814,37.6597584,manual_exact,exact,True
павелецкая набережная вл 8,"Павелецкая набережная, вл. 8",1,rv,Введено,AFI DEVELOPMENT,ЮАО,Даниловский,55.711814,37.6597584,manual_exact,exact,True
павлова академика ул,Павлова академика ул.,1,rv,Введено,ПИК,ЗАО,Кунцево,55.7427825,37.398042,nominatim,post_office,True
панфилова ул вл 20,Панфилова ул. вл. 20,1,oks,Строится,МИНОБРНАУКИ РОССИИ,САО,Сокол,55.8067699,37.4948453,nominatim,yes,True
панфиловский пр-т к1841,"Панфиловский пр-т, к.1841",1,rv,Введено,ИНДИВИДУАЛЬНЫЕ ПРЕДПРИНИМАТЕЛИ,ЗелАО,Крюково,55.9658925,37.173983,manual_exact,exact,True
панфиловский просп. зу 18,"Панфиловский просп., з/у 18",1,rv,Введено,"АНО ""РСИ""",ЗелАО,Крюково,55.9772066,37.1566603,nominatim,primary,True
панфиловский проспект зу 927 (зеленоград вл 927),"Панфиловский проспект, з/у 927 (Зеленоград, вл. 927)",1,oks,Строится,ФОНД РЕНОВАЦИИ,ЗелАО,Старое Крюково,55.7915987,37.5489196,district_centroid,approximate,True
паперника ул вл 12,Паперника ул. вл. 12,1,rv,Введено,ФОНД РЕНОВАЦИИ,ЮВАО,Рязанский,55.720513,37.7888417,nominatim,secondary,True
парковая 11-я ул уч 57,"Парковая 11-я ул., уч. 57",1,oks,Строится,ФОНД РЕНОВАЦИИ,ВАО,Северное Измайлово,55.8065524,37.7977201,district_centroid,approximate,True
парковая 16-я ул д 12,Парковая 16-я ул. д. 12,1,rv,Введено,ФОНД РЕНОВАЦИИ,ВАО,Восточное Измайлово,55.7432518,37.7201206,manual_exact,exact,True
парковая 5-я ул д62б,"ПАРКОВАЯ 5-Я УЛ., Д.62Б",1,rv,Введено,КП УГС,ВАО,Северное Измайлово,55.8065524,37.7977201,manual_exact,exact,True
парковая ул вл 7 (зона № 2.1),"Парковая ул., вл. 7 (зона № 2.1)",1,rv,Введено,ФОНД РЕНОВАЦИИ,СЗАО,Митино,55.8484195,37.3670608,manual_exact,exact,True
партизанская ул д28 партизанская ул д30,"ПАРТИЗАНСКАЯ УЛ., Д.28, ПАРТИЗАНСКАЯ УЛ., Д.30",1,rv,Введено,КП УГС,ЗАО,Кунцево,55.74346005,37.39999495,manual_exact,exact,True
паустовского ул вл 6 корп 2,Паустовского ул. вл. 6 корп. 2,1,rv,Введено,АНО РСИО,ЮЗАО,Ясенево,55.6051985,37.5284064,manual_exact,exact,True
пер 4-й лихачевский вл 2,"пер. 4-й Лихачевский, вл 2",1,oks,Строится,,САО,Головинский,55.84324995,37.49734265,district_centroid,approximate,True
пер б. полуярославский д 18 (полуярославский б. пер вл 18 стр 1 3 4 5 9),"пер. Б. Полуярославский, д. 18 (Полуярославский Б. пер., вл. 18, стр. 1,3,4,5,9)",1,oks,Строится,"АО ""КОНРЭЙС""",ЦАО,Таганский,55.75004445,37.6571372,district_centroid,approximate,True
пер котляковский 2-й вл 1/1,"пер. Котляковский 2-й, вл. 1/1",1,rv,Введено,PIONEER,ЮАО,Москворечье-Сабурово,55.6457793,37.6342936,manual_exact,exact,True
пер нижний кисловский,пер. Нижний Кисловский,1,oks,Строится,SENSE,ЦАО,Арбат,55.7537935,37.6026918,nominatim,residential,True
пер огородная слобода д7 стр2 - ул мясницкая д 40 стр 18.,"пер. Огородная Слобода, д.7, стр.2 - ул. Мясницкая, д. 40, стр. 18.",1,oks,Строится,ИУДАИЗМ,ЦАО,Басманный,55.7672809,37.6697732,district_centroid,approximate,True
пер посланников д18 строен.5,"пер. Посланников, д.18, строен.5",1,rv,Введено,ФОНД РЕНОВАЦИИ,ЦАО,Басманный,55.7672809,37.6697732,manual_exact,exact,True
пер холодильный 4,пер Холодильный 4,1,rv,Введено,"ООО ""КС-ПРО""",ЮАО,Даниловский,55.711814,37.6597584,manual_exact,exact,True
пер1-й земельный влад. 7/2 стр 1-2,"пер.1-й Земельный, влад. 7/2, стр. 1-2",1,rv,Введено,ХОРТЕКС,ЦАО,Пресненский,55.7580051,37.5654894,manual_exact,exact,True
первомайская нижняя ул д 60,"ПЕРВОМАЙСКАЯ НИЖНЯЯ УЛ., Д. 60",1,rv,Введено,КП УГС,ВАО,Восточное Измайлово,55.7432518,37.7201206,manual_exact,exact,True
переведеновский пер вл 13 стр 11 12,"Переведеновский пер. вл. 13 стр. 11,12",1,oks,Строится,ОРТИГА ДЕВЕЛОПМЕНТ,ЦАО,Басманный,55.7672809,37.6697732,district_centroid,approximate,True
перерва ул вл 11 стр 1 2 11 14 27 28,"Перерва ул. вл. 11 стр. 1,2,11,14,27,28",2,rv,Введено,"АО ""СТАЛЬМОНТАЖ-ОПТИМ""",ЮВАО,Марьино,55.6518099,37.719279,manual_exact,exact,True
перерва ул д 53,ПЕРЕРВА УЛ. Д. 53,1,rv,Введено,"ЗАО ""ТЕХПРОМЦЕНТР""",ЮВАО,Марьино,55.6518099,37.719279,manual_exact,exact,True
пересветов пер вл 5,Пересветов пер. вл. 5,1,rv,Введено,ФОНД РЕНОВАЦИИ,ЮАО,Даниловский,55.7148642,37.6619499,nominatim,residential,True
пересечение 2-ой бауманской уд. и бригадирского пер,пересечение 2-ой Бауманской уд. и Бригадирского пер.,2,rv,Введено,АНО РСИО,ЦАО,Басманный,55.7672809,37.6697732,manual_exact,exact,True
пересечение 3-й песчаной ул и ул авиаконструктора микояна,пересечение 3-й Песчаной ул. и ул. Авиаконструктора Микояна,1,oks,Строится,"АНО ""РСИ""",САО,Хорошёвский,55.7801228,37.5325428,district_centroid,approximate,True
пересечение аминьевского шоссе с киевским направлением московской железной дороги,пересечение Аминьевского шоссе с Киевским направлением Московской железной дороги,2,rv,Введено,SMINEX,ЗАО,Очаково-Матвеевское,55.6907105,37.443805,manual_exact,exact,True
пересечение боровского шоссе и ул чоботовская,пересечение Боровского шоссе и ул. Чоботовская,2,oks,Строится,"АО СЗ ""ЦЕНТР-ИНВЕСТ""",ЗАО,Ново-Переделкино,55.644386,37.3591625,geometry,,True
пересечение бульв. дмитрия донского и ул академика глушко,пересечение бульв. Дмитрия Донского и ул. Академика Глушко,1,rv,Введено,"ООО ""ЭВЕРЕСТ""",ЮЗАО,Южное Бутово,55.54729475,37.5747165,manual_exact,exact,True
пересечение кутузовского проспекта и улицы кульнева,пересечение Кутузовского проспекта и улицы Кульнева,1,oks,Строится,СБЕРБАНК,ЗАО,Дорогомилово,55.7398697,37.5365271,district_centroid,approximate,True
пересечение кутузовского шоссе и проектируемого пр-д 809,пересечение Кутузовского шоссе и проектируемого пр-д 809,1,rv,Введено,АНО РСИО,ЗелАО,Крюково,55.9658925,37.173983,manual_exact,exact,True
пересечение пр-та ак. сахарова и садовой-спасской ул,пересечение пр-та ак. Сахарова и Садовой-Спасской ул,1,rv,Введено,ОСНОВА,ЦАО,Красносельский,55.7778643,37.6749192,manual_exact,exact,True
пересечение пролетарского проспекта и ул кантемировской (пр проезд № 6216),пересечение Пролетарского проспекта и ул. Кантемировской (пр. проезд № 6216),1,rv,Введено,ПРАВОСЛАВИЕ,ЮАО,Москворечье-Сабурово,55.6457793,37.6342936,manual_exact,exact,True
пересечение проспекта андропова с нагатинской улицей,пересечение проспекта Андропова с Нагатинской улицей,1,oks,Строится,МИНСТРОЙ РОССИИ,ЮАО,Нагатино-Садовники,55.6746117,37.6454806,district_centroid,approximate,True
пересечение сколковского шоссе и мкад,пересечение Сколковского шоссе и МКАД,7,oks; rv,Строится; Введено,TASHIR,ЗАО,Можайский,55.7015105,37.3950995,geometry_permit,,True
пересечение ул березовая аллея и ул сельскохозяйственная,пересечение ул. Березовая аллея и ул. Сельскохозяйственная,3,rv,Введено,"ООО ""Д-ИНВЕСТ""",СВАО,Останкинский,55.8386265,37.6302466,manual_exact,exact,True
пересечение ул каховка и ул азовской,пересечение ул. Каховка и ул. Азовской,1,rv,Введено,ПРАВОСЛАВИЕ,ЮЗАО,Зюзино,55.6528725,37.5867464,manual_exact,exact,True
пересечение ул минской с киевским направлением московской железной дороги в пойме реки раменки,пересечение ул. Минской с Киевским направлением Московской железной дороги в пойме реки Раменки,1,oks,Строится,"АНО ""РСИ""",ЗАО,Раменки,55.715561,37.500068,geometry,,True
пересечение ул севанской и ул бехтерева,пересечение ул. Севанской и ул. Бехтерева,2,oks,Строится,ПРАВОСЛАВИЕ,ЮАО,Царицыно,55.6267611,37.6571114,district_centroid,approximate,True
пересечение ул шипиловской и орехового проезда,пересечение ул. Шипиловской и Орехового проезда,1,rv,Введено,АНО РСИО,ЮАО,Зябликово,55.6178373,37.7671258,manual_exact,exact,True
пересечение улиц белореченской и перервы,пересечение улиц Белореченской и Перервы,1,rv,Введено,ПРАВОСЛАВИЕ,ЮВАО,Люблино,55.6681995,37.7454006,manual_exact,exact,True
пересечение улицы минской с киевским направлением мжд в пойме реки раменки,пересечение улицы Минской с Киевским направлением МЖД в пойме реки Раменки,2,oks; rv,Строится; Введено,SMINEX,ЗАО,Раменки,55.7010074,37.5041069,district_centroid,approximate,True
пересечение улминской с киевским направлением московской железной дороги в пойме реки раменки (тд волынская),"пересечение ул.Минской с Киевским направлением Московской железной дороги в пойме реки Раменки (ТД ""Волынская"")",2,rv,Введено,УЭЗ,ЗАО,Раменки,55.7010074,37.5041069,manual_exact,exact,True
переулок 1-й казачий земельный участок 10/1,"переулок 1-й Казачий, земельный участок 10/1",1,oks,Строится,"ООО ""СЗ ""КАЗАЧИЙ""",ЦАО,Якиманка,55.7425825,37.6157213,district_centroid,approximate,True
переулок 3-й добрынинский земельный участок 4/2,"переулок 3-й Добрынинский, земельный участок 4/2",1,oks,Строится,ГАЗПРОМ,ЦАО,Якиманка,55.7425825,37.6157213,district_centroid,approximate,True
переулок 3-й михалковский земельный участок 17/19/1,"переулок 3-й Михалковский, земельный участок 17/19/1",1,rv,Введено,ФОНД РЕНОВАЦИИ,САО,Коптево,55.8305705,37.5234607,manual_exact,exact,True
переулок любучанский зу 2,"переулок Любучанский, зу 2",1,oks,Строится,САМОЛЕТ,НАО,Щербинка,55.5003045,37.528354500000006,geometry,,True
переулок пыжевский,переулок Пыжевский,1,oks,Строится,"ООО ""Tekta Group""",ЦАО,Якиманка,55.7391807,37.6219197,nominatim,residential,True
переулок тессинский земельный участок 5/1,"переулок Тессинский, земельный участок 5/1",1,oks,Строится,"ООО ""СЗ ""ЦЕНТР НА ТЕССИНСКОМ""",ЦАО,Таганский,55.75004445,37.6571372,district_centroid,approximate,True
пермская ул вл 5 зу 1,Пермская ул. вл. 5 зу1,2,rv,Введено,"АО ""ЧМПЗ""",ВАО,Метрогородок,55.8171965,37.7595835,manual_exact,exact,True
перовская ул вл 66г,Перовская ул. вл. 66Г,1,oks,Строится,"ООО ""ЮЛСЕРВИС""",ВАО,Новогиреево,55.7491465,37.8024271,district_centroid,approximate,True
перовская ул д 40а,Перовская ул. д. 40А,1,rv,Введено,ФОНД РЕНОВАЦИИ,ВАО,Перово,55.7446949,37.8111035,nominatim,secondary,True
перовская ул д 6а,"Перовская ул., д. 6А",1,rv,Введено,ФОНД РЕНОВАЦИИ,ВАО,Перово,55.7446949,37.8111035,nominatim,secondary,True
перовская ул зу 36 к 1 (зона 4.1),"Перовская ул., з/у 36, к. 1 (зона 4.1)",1,oks,Строится,ФОНД РЕНОВАЦИИ,ВАО,Перово,55.7468432,37.7887908,district_centroid,approximate,True
перовское земельный участок 2,"Перовское, земельный участок 2",1,rv,Введено,ПИК,ЮВАО,Нижегородский,55.7297194,37.7095577,manual_exact,exact,True
перовское шоссе влд. 21,"Перовское шоссе, влд. 21",1,oks,Строится,LEVEL GROUP,ЮВАО,Нижегородский,55.7297194,37.7095577,district_centroid,approximate,True
перовское шоссе земельный участок 2,"Перовское шоссе, земельный участок 2",1,rv,Введено,ПИК,ЮВАО,Нижегородский,55.7347583,37.7421318,nominatim,tertiary,True
перовское шоссе уч 2,Перовское шоссе уч. 2,1,rv,Введено,ПИК,ЮВАО,Нижегородский,55.7347583,37.7421318,nominatim,tertiary,True
петра кончаловского земельный участок 7 (автозаводская ул вл 23/70),"Петра Кончаловского, земельный участок 7 (Автозаводская ул., вл. 23/70)",1,rv,Введено,ЭТАЛОН,ЮАО,Даниловский,55.711814,37.6597584,manual_exact,exact,True
петра кончаловского ул зу 7 (автозаводская ул вл 23/70),"Петра Кончаловского ул., з/у 7 (Автозаводская ул., вл. 23/70)",1,rv,Введено,ЭТАЛОН,ЮАО,Даниловский,55.711814,37.6597584,manual_exact,exact,True
петровка ул д 17 стр 19,Петровка ул. д. 17 стр. 19,1,rv,Введено,УПРАВЛЕНИЕ ДЕЛАМИ ПРЕЗИДЕНТА РОССИЙСКОЙ ФЕДЕРАЦИИ,ЦАО,Тверской,55.7787255,37.5996357,manual_exact,exact,True
петрозаводская улица дом 19а строение 1,"Петрозаводская улица, дом 19А, строение 1",1,rv,Введено,КП УГС,САО,Ховрино,55.8643521,37.50288,manual_exact,exact,True
пехорская улица земельный участок 1б,"Пехорская улица, земельный участок 1Б",1,rv,Введено,ОЭЗ ТЕХНОПОЛИС МОСКВА,ВАО,Косино-Ухтомский,55.722810325,37.8601839,manual_exact,exact,True
пехотная ул д3 стр 16,"ПЕХОТНАЯ УЛ., Д.3, СТР. 16",1,rv,Введено,КП УГС,СЗАО,Щукино,55.8051302,37.4803087,manual_exact,exact,True
пз алабушево проезд № 5371,"ПЗ «Алабушево», проезд № 5371",1,oks,Строится,"ООО ""ИНВЕСТЛИДЕР""",ЗелАО,Силино,56.0080842,37.1406636,district_centroid,approximate,True
пз руднево пр пр 287 265 уч № 2 3,"ПЗ Руднево, пр. пр. 287, 265, уч. № 2, 3",1,rv,Введено,ОЭЗ ТЕХНОПОЛИС МОСКВА,ВАО,Косино-Ухтомский,55.722810325,37.8601839,manual_exact,exact,True
пз руднево пр пр 287 пр пр внутреннего использования уч № 4 5,"ПЗ Руднево, пр. пр. 287, пр. пр. внутреннего использования, уч. № 4, 5",6,rv,Введено,ОЭЗ ТЕХНОПОЛИС МОСКВА,ВАО,Косино-Ухтомский,55.722810325,37.8601839,manual_exact,exact,True
пз руднево пр пр 597 уч № 6,"ПЗ Руднево, пр. пр. 597, уч. № 6",1,rv,Введено,ОЭЗ ТЕХНОПОЛИС МОСКВА,ВАО,Косино-Ухтомский,55.722810325,37.8601839,manual_exact,exact,True
пивченков ул вл14,"Пивченков ул., вл.14",1,oks,Строится,ФОНД РЕНОВАЦИИ,ЗАО,Фили-Давыдково,55.7212366,37.4622918,district_centroid,approximate,True
пикассо ул зу 1,"Пикассо ул., з/у 1",1,rv,Введено,А101,НАО,Коммунарка,55.581794,37.448441,manual_exact,exact,True
пироговская м. ул вл 14 стр 2 6,"Пироговская М. ул. вл. 14 стр. 2, 6",1,rv,Введено,ЭЛБЕРТ ИНВЕСТМЕНТ,ЦАО,Хамовники,55.72162725,37.5633727,manual_exact,exact,True
пл. курского вокзала,пл. Курского вокзала,1,rv,Введено,IKON DEVELOPMENT,ЦАО,Басманный,55.7578519,37.6596806,nominatim,unclassified,True
пл. малая сухаревская вл 6 стр 2 3 4,"пл. Малая Сухаревская, вл 6, стр. 2, 3, 4",2,oks,Строится,SENSE,ЦАО,Мещанский,55.7816543,37.6340098,district_centroid,approximate,True
плеханова ул зу 24а,"Плеханова ул., з/у 24А",1,oks,Строится,ФОНД РЕНОВАЦИИ,ВАО,Перово,55.7468432,37.7887908,district_centroid,approximate,True
площадка алабушево,"площадка ""Алабушево""",3,rv,Введено,"ООО ""ВЕЛФАРМ-М""; ГЕНЕРИУМ",ЗелАО,Силино,56.0080842,37.1406636,district_centroid,approximate,True
площадь викторио кодовильи,площадь Викторио Кодовильи,1,rv,Введено,ПРАВОСЛАВИЕ,ВАО,Северное Измайлово,55.8033987,37.7803633,nominatim,tertiary,True
поварская ул д8 корп 1,"ПОВАРСКАЯ УЛ., Д.8, КОРП. 1",1,rv,Введено,ГАЛС,ЦАО,Арбат,55.7537935,37.6026918,manual_exact,exact,True
погодинская ул д 10 с. 3,"Погодинская ул., д. 10, с. 3",1,oks,Строится,МИНОБРНАУКИ РОССИИ,ЦАО,Хамовники,55.72162725,37.5633727,district_centroid,approximate,True
погонный пр вл 7,Погонный пр. вл. 7,1,rv,Введено,Посольство Республики Беларусь в Российской Федерации,ВАО,Богородское,55.818342,37.7033373,nominatim,residential,True
погонный проезд вл 3-1,"Погонный проезд, вл. 3-1",1,oks,Строится,ПРАВОСЛАВИЕ,ВАО,Богородское,55.81164245,37.7153353,district_centroid,approximate,True
погонный проезд д 13,"Погонный проезд, д. 13",1,rv,Введено,ФОНД РЕНОВАЦИИ,ВАО,Богородское,55.818342,37.7033373,nominatim,residential,True
подвойского ул вл 2,Подвойского ул. вл. 2,1,rv,Введено,КП УГС,ЦАО,Пресненский,55.7601522,37.5358704,nominatim,tertiary,True
подольское шоссе 3,"Подольское шоссе, 3",1,rv,Введено,SENSE,ЮАО,Даниловский,55.7120155,37.6230032,nominatim,primary,True
пожарский пер вл 5/12 стр 1 вл 3,"Пожарский пер., вл. 5/12, стр. 1; вл. 3",1,rv,Введено,"ООО ""ЭЛЕКТРА""",ЦАО,Хамовники,55.72162725,37.5633727,manual_exact,exact,True
поклонная ул вл 9,Поклонная ул. вл. 9,1,rv,Введено,ANT DEVELOPMENT,ЗАО,Дорогомилово,55.7369374,37.5311391,nominatim,unclassified,True
покровская ул д 12,"ПОКРОВСКАЯ УЛ., Д. 12",1,rv,Введено,АВЕСТА-СТРОЙ,ЮВАО,Некрасовка,55.6883621,37.9289173,manual_exact,exact,True
покровская ул д 20,"ПОКРОВСКАЯ УЛ., Д. 20",1,rv,Введено,АВЕСТА-СТРОЙ,ЮВАО,Некрасовка,55.6883621,37.9289173,manual_exact,exact,True
покровский бульв. вл 4/17 стр 11,Покровский бульв. вл. 4/17 стр. 11,1,oks,Строится,"АО ""ИНТЕЛКОМ""",ЦАО,Басманный,55.7672809,37.6697732,district_centroid,approximate,True
полбина ул д39,"ПОЛБИНА УЛ., Д.39",1,rv,Введено,"ООО ""ТРЕЙД МАСТЕР""",ЮВАО,Печатники,55.6990676,37.6984857,manual_exact,exact,True
полесский пр вл 16/2,Полесский пр. вл. 16/2,1,oks,Строится,"ООО ""БОРАЛЕКС""",СЗАО,Покровское-Стрешнево,55.8192621,37.4415913,district_centroid,approximate,True
полковая ул вл 1,"Полковая ул., вл. 1",1,oks,Строится,PIONEER,СВАО,Марьина Роща,55.798181,37.6064327,nominatim,tertiary,True
полковая улица вл 1,"Полковая улица, вл. 1",1,rv,Введено,PIONEER,СВАО,Марьина Роща,55.798181,37.6064327,nominatim,tertiary,True
полянка б. ул вл 33/41,Полянка Б. ул. вл. 33/41,1,rv,Введено,КП УГС,ЦАО,Якиманка,55.7425825,37.6157213,manual_exact,exact,True
поляны ул пересечение с ул скобелевская,"Поляны ул., пересечение с ул. Скобелевская",1,rv,Введено,ПИК,ЮЗАО,Южное Бутово,55.54729475,37.5747165,manual_exact,exact,True
полярная земельный участок 39/1 земельный участок 39/3,"Полярная, земельный участок 39/1, земельный участок 39/3",1,rv,Введено,ПИК,СВАО,Северное Медведково,55.886639,37.6405375,manual_exact,exact,True
полярная ул 1 к 2,"ПОЛЯРНАЯ УЛ. 1, К. 2",1,rv,Введено,КП УГС,СВАО,Южное Медведково,55.883743,37.6366379,manual_exact,exact,True
полярная ул вл 16,"Полярная ул., вл. 16",1,rv,Введено,ФОНД РЕНОВАЦИИ,СВАО,Южное Медведково,55.8753208,37.6366379,nominatim,residential,True
полярная ул вл 25,Полярная ул. вл. 25,3,rv,Введено,ПИК,СВАО,Южное Медведково,55.883742999999996,37.6376855,geometry_address,,True
полярная ул д 13 корп 2,"ПОЛЯРНАЯ УЛ., Д. 13, КОРП. 2",1,rv,Введено,КП УГС,СВАО,Южное Медведково,55.883743,37.6366379,manual_exact,exact,True
полярная ул д22,"ПОЛЯРНАЯ УЛ., Д.22",1,rv,Введено,КП УГС,СВАО,Северное Медведково,55.886639,37.6405375,manual_exact,exact,True
полярная ул зу 17/1,"Полярная ул., з/у 17/1",1,rv,Введено,ФОНД РЕНОВАЦИИ,СВАО,Южное Медведково,55.883743,37.6366379,manual_exact,exact,True
полярная улица вл25,"Полярная улица, вл.25",2,rv,Введено,ПИК,СВАО,Южное Медведково,55.883742999999996,37.6376855,geometry_address_match,,True
поморская ул земельный участок 50/5,Поморская ул. земельный участок 50/5,1,oks,Строится,МВД РОССИИ,СВАО,Алтуфьевский,55.87853345,37.5826882,district_centroid,approximate,True
поречная ул пересечение с перервинским бульваром,Поречная ул. пересечение с Перервинским бульваром,1,rv,Введено,ПРАВОСЛАВИЕ,ЮВАО,Марьино,55.6518099,37.719279,manual_exact,exact,True
пос варшавское 64-й км д 1а стр 2,"пос. Варшавское, 64-й км, д. 1А, стр. 2",1,rv,Введено,РАЗВИТИЕ АКТИВОВ,ТАО,Вороново,55.323827,37.3468956,district_centroid,approximate,True
пос ватутинки уч 110ю и уч 111ю,"пос. Ватутинки, уч. 110ю и уч. 111ю",4,rv,Введено,ГРУППА РОДИНА,НАО,Троицк,55.5274153,37.2817736,manual_exact,exact,True
пос внуково центральная ул,"пос. Внуково, Центральная ул.",1,rv,Введено,ИНДИВИДУАЛЬНЫЕ ПРЕДПРИНИМАТЕЛИ,НАО,Внуково,55.6135316,37.2024361,nominatim,residential,True
пос внуковское дер рассказовка квартал 8,"пос. Внуковское, дер. Рассказовка, квартал 8",6,rv,Введено,АБСОЛЮТ,НАО,Внуковское,55.63048275,37.33501749999999,manual_exact,exact,True
пос внуковское кв-л 88 зу 1,"пос. Внуковское, кв-л 88, з/у 1",1,rv,Введено,ПИК,НАО,Внуково,55.622875,37.310447999999994,geometry_permit,,True
пос вороновское,пос. Вороновское,1,rv,Введено,ДЕПАРТАМЕНТ РАЗВИТИЯ НОВЫХ ТЕРРИТОРИЙ ГОРОДА МОСКВЫ,ТАО,Вороновское,55.50185,37.1284207,manual_exact,exact,True
пос воскресенское,пос. Воскресенское,1,rv,Введено,МД ГРУПП,НАО,Воскресенское,55.5064798,37.432444,nominatim,yes,True
пос десеновское 6-я нововатутинская ул д 3 к 2,"ПОС. ДЕСЕНОВСКОЕ, 6-Я НОВОВАТУТИНСКАЯ УЛ., Д. 3, К. 2",1,rv,Введено,ИНВЕСТТРАСТ,НАО,Десеновское,55.5702958,37.3970203,manual_exact,exact,True
пос десеновское в районе д яковлево,"пос. Десёновское, в районе д. Яковлево",1,oks,Строится,МОНАРХ,ТАО,Троицк,55.5274153,37.2817736,district_centroid,approximate,True
пос десеновское квартал 2/2,"пос. Десеновское, квартал 2/2",1,rv,Введено,СТРОЙКОМ,НАО,Коммунарка,55.581794,37.448441,manual_exact,exact,True
пос десеновское квартал 23,"пос. Десеновское, квартал 23",1,oks,Строится,А101,ТАО,Троицк,55.5274153,37.2817736,manual_exact,exact,True
пос десеновское проект 46/а квартал 14,"пос. Десеновское, проект 46/А, квартал 14",1,rv,Введено,СТРОЙКОМ,НАО,Десеновское,55.5702958,37.3970203,manual_exact,exact,True
пос десеновское проект 46/а участок 39,"пос. Десеновское, проект 46/А, участок 39",1,rv,Введено,"ООО ""СТРОЙДОМСЕРВИС""",НАО,Десеновское,55.5702958,37.3970203,manual_exact,exact,True
пос десеновское проект 46/а участок №39,"пос. Десеновское, проект 46/А, участок №39",1,rv,Введено,"ООО ""СПЕЦСТРОЙМОНТАЖ""",НАО,Десеновское,55.5702958,37.3970203,manual_exact,exact,True
пос десеновское проект № 50 участок № 25,"пос. Десеновское, проект № 50, участок № 25",1,rv,Введено,ИНВЕСТТРАСТ,НАО,Троицк,55.516594,37.34376,geometry_permit,,True
пос десеновское ул буковая аллея д 9,"пос. Десеновское, ул. Буковая аллея, д. 9",1,rv,Введено,"ООО ""ТОРГТЕХНОМАШ""",НАО,Десеновское,55.5702958,37.3970203,manual_exact,exact,True
пос десеновское ул нильса бора д 16,"пос. Десеновское, ул. Нильса Бора, д. 16",1,rv,Введено,"ООО ""ТОРГТЕХНОМАШ""",НАО,Десеновское,55.5702958,37.3970203,manual_exact,exact,True
пос десеновское футбольная ул д 17,"ПОС. ДЕСЕНОВСКОЕ, ФУТБОЛЬНАЯ УЛ., Д. 17",1,rv,Введено,ИНВЕСТТРАСТ,НАО,Десеновское,55.5702958,37.3970203,manual_exact,exact,True
пос дубровицкое,пос. Дубровицкое,2,rv,Введено,"ГКУ ""МОСКВОРЕЧЬЕ""",НАО,Щербинка,55.49523050000001,37.518144,district_centroid,approximate,True
пос киевский р.п. киевский д3б,"пос. Киевский, р.п. Киевский, д.3Б",1,rv,Введено,"АО ""ТУКС-2""",ТАО,Киевский,55.4154899,36.8690227,nominatim,service,True
пос киевский рядом с домом №25,"пос. Киевский, рядом с домом №25",1,rv,Введено,ИНДИВИДУАЛЬНЫЕ ПРЕДПРИНИМАТЕЛИ,ТАО,Бекасово,55.50185,36.9304823,manual_exact,exact,True
пос кокошкино дер санино,"пос. Кокошкино, дер. Санино",5,rv,Введено,САМОЛЕТ,НАО,Внуково,55.58975,37.26383705,manual_exact,exact,True
пос кокошкино ул школьная вл 3,"пос. Кокошкино, ул. Школьная, вл. 3",1,rv,Введено,"ООО ""ПМ ""ТОЧКА СБОРКИ""",НАО,Кокошкино,55.5702958,37.3970203,manual_exact,exact,True
пос коммунарка,пос. Коммунарка,1,rv,Введено,А101,НАО,Коммунарка,55.563380499999994,37.488333,geometry_address,,True
пос коммунарка жилые дома №1,"пос. Коммунарка, жилые дома №1",1,rv,Введено,А101,НАО,Сосенское,55.581794,37.417744,manual_exact,exact,True
пос коммунарка жилые дома №6,"пос. Коммунарка, жилые дома №6",1,rv,Введено,А101,НАО,Сосенское,55.581794,37.417744,manual_exact,exact,True
пос коммунарка квартал 133,"пос. Коммунарка, квартал 133",1,oks,Строится,"ООО ""КОМПАНИЯ ""ЭНЕРГОСТРОЙКОМПЛЕКТ""",НАО,Коммунарка,55.5448963,37.448441,nominatim,yes,True
пос коммунарка поселение сосенское,"пос. Коммунарка, поселение Сосенское",1,rv,Введено,КП УГС,НАО,Коммунарка,55.581794,37.448441,manual_exact,exact,True
пос коммунарка ппт 2-3 участок №34.1,пос. Коммунарка ППТ 2-3 участок №34.1,1,rv,Введено,А101,НАО,Коммунарка,55.581794,37.448441,manual_exact,exact,True
пос коммунарка уч 18 д 1,"пос. Коммунарка, уч. 18, д. 1",1,rv,Введено,А101,НАО,Сосенское,55.581794,37.417744,manual_exact,exact,True
пос коммунарка уч 31 (ппт 2-3),"пос. Коммунарка, уч. 31 (ППТ 2-3)",1,rv,Введено,А101,НАО,Сосенское,55.581794,37.417744,manual_exact,exact,True
пос коммунарка уч 33,"пос. Коммунарка, уч. 33",1,rv,Введено,А101,НАО,Сосенское,55.581794,37.417744,manual_exact,exact,True
пос коммунарка уч 34 дом № 17 (корп4),"пос. Коммунарка, уч. 34, дом № 17 (корп.4)",1,rv,Введено,А101,НАО,Коммунарка,55.581794,37.448441,manual_exact,exact,True
пос коммунарка участок 25 (ппт 2-3),"пос. Коммунарка, участок 25 (ППТ 2-3)",1,rv,Введено,А101,НАО,Сосенское,55.581794,37.417744,manual_exact,exact,True
пос коммунарка №15,пос. Коммунарка №15,1,rv,Введено,А101,НАО,Коммунарка,55.5606952,37.4640957,nominatim,secondary,True
пос красная пахра влд. 23-1,"пос. Красная Пахра, влд. 23-1",1,rv,Введено,"АО ""ТУКС-2""",ТАО,Краснопахорский,55.3943301,37.0617999,manual_exact,exact,True
пос марушкинское д большое покровское,"пос. Марушкинское, д. Большое Покровское",1,rv,Введено,ИНДИВИДУАЛЬНЫЕ ПРЕДПРИНИМАТЕЛИ,НАО,Внуково,55.58975,37.26383705,manual_exact,exact,True
пос марушкинское д большое свинорье,"пос. Марушкинское, д. Большое Свинорье",1,oks,Строится,САМОЛЕТ,НАО,Внуково,55.58975,37.26383705,district_centroid,approximate,True
пос марушкинское кл-л 63 двлд. 1 стр 33 34 35 35 32 31 29 40 39 38 37 28,"ПОС. МАРУШКИНСКОЕ, КЛ-Л 63, ДВЛД. 1, СТР. 33, 34, 35, 35, 32, 31, 29, 40, 39, 38, 37, 28",1,rv,Введено,"ООО ""ВНУКОВО ЛОГИСТИК""",НАО,Марушкинское,55.5778111,37.1097363,manual_exact,exact,True
пос марушкинское крекшино,"пос. Марушкинское , ""Крекшино""",1,rv,Введено,КОРПОРАЦИЯ БАРКЛИ,НАО,Марушкинское,55.5778111,37.1097363,manual_exact,exact,True
пос марушкинское ул медовая долина д 3 к 2,"пос. Марушкинское, ул. Медовая Долина, д. 3, к. 2",2,rv,Введено,КОРПОРАЦИЯ БАРКЛИ,НАО,Марушкинское,55.5778111,37.1097363,manual_exact,exact,True
пос марьино,пос. Марьино,1,oks,Строится,ИНДИВИДУАЛЬНЫЕ ПРЕДПРИНИМАТЕЛИ,НАО,Филимонковский,55.5465808,37.3050386,nominatim,bus_stop,True
пос марьино участок № iii-1/3в,"пос. Марьино, участок № III-1/3в",1,rv,Введено,ИНДИВИДУАЛЬНЫЕ ПРЕДПРИНИМАТЕЛИ,НАО,Филимонковский,55.5500805,37.314627,manual_exact,exact,True
пос михайлово-ярцевское,пос. Михайлово-Ярцевское,2,rv,Введено,"АБ КАПИТАЛ; ООО ""МОСП""",ТАО,Краснопахорский,55.3943301,37.0617999,nominatim,hamlet,True
пос московский,пос. Московский,1,rv,Введено,АБСОЛЮТ,НАО,Внуково,55.6044305,37.3735,geometry_permit,,True
пос московский д румянцево,"пос. Московский, д. Румянцево",1,oks,Строится,SMINEX (ранее INGRAD),НАО,Внуково,55.58975,37.26383705,district_centroid,approximate,True
пос московский кв-л 32 вл 17б/1,"пос. Московский, кв-л 32, вл. 17Б/1",1,oks,Строится,Борисик Ольга Вячеславовна,НАО,Внуково,55.58975,37.26383705,district_centroid,approximate,True
пос московский кв-л 32 двлд. 16 стр 1 2 5 6,"ПОС. МОСКОВСКИЙ, КВ-Л 32, ДВЛД. 16, СТР. 1, 2, 5, 6",1,rv,Введено,"ООО ""АСТОР ЭСТЕЙТС ЛТД""",НАО,Московский,55.613434,37.415014,manual_exact,exact,True
пос московский кв. 53 вл 12,"пос. Московский, кв. 53, вл. 12",1,oks,Строится,"ООО ""МИР""",ЗАО,Ново-Переделкино,55.644386,37.3591625,district_centroid,approximate,True
пос московский тепличный комбинат №1,"пос. Московский, тепличный комбинат №1",1,rv,Введено,АБСОЛЮТ,НАО,Коммунарка,55.581794,37.448441,district_centroid,approximate,True
пос мосрентген,пос. Мосрентген,1,rv,Введено,"ООО ""ОРИОН""",НАО,Коммунарка,55.6058135,37.4702135,geometry_address,,True
пос мосрентген дер дудкино корпуса 1.1 1.2 1.3,"пос. Мосрентген, дер. Дудкино, корпуса 1.1,1.2,1.3",3,rv,Введено,САМОЛЕТ,НАО,Мосрентген,55.5702958,37.3970203,manual_exact,exact,True
пос мосрентген кв. 24 вл 2,"пос. Мосрентген, кв. 24, вл. 2",1,rv,Введено,"ООО ""АКАДЕМПРОЕКТ""",НАО,Коммунарка,55.6058135,37.4702135,geometry_permit,,True
пос некрасовка,пос. Некрасовка,4,rv,Введено,САМОЛЕТ,ЮВАО,Некрасовка,55.6841084,37.922905,nominatim,village,True
пос некрасовка зем.участок с кадастровым номером 77:16:0010105:8283,"пос. Некрасовка, зем.участок с кадастровым номером 77:16:0010105:8283",1,rv,Введено,САМОЛЕТ,ЮВАО,Некрасовка,55.6883621,37.9289173,manual_exact,exact,True
пос новофедоровское д зверево ул 100 жилые дома № 149 180 182 183 184 185 186 194 195 196 197 199,"ПОС. НОВОФЕДОРОВСКОЕ, Д. ЗВЕРЕВО, УЛ. 100 ЖИЛЫЕ ДОМА № 149, 180, 182, 183, 184, 185, 186, 194, 195, 196, 197, 199",1,rv,Введено,"ООО ""АПРЕЛЕВКА С2""",ТАО,Новофедоровское,55.5099302,36.9243965,manual_exact,exact,True
пос новофедоровское д зверево уч 101,"пос. Новофедоровское, д. Зверево, уч.101",7,rv,Введено,"ООО ""АПРЕЛЕВКА С2""",ТАО,Бекасово,55.50185,36.9304823,manual_exact,exact,True
пос первомайское дер бараново,"пос. Первомайское, дер. Бараново",1,oks,Строится,КОНЦЕРН КРОСТ,ТАО,Филимонковский,55.5500805,37.314627,district_centroid,approximate,True
пос потапово пересечение улицы остафьевской с улицей академика понтрягина,"пос. Потапово, пересечение улицы Остафьевской с улицей Академика Понтрягина",1,oks,Строится,ПРАВОСЛАВИЕ,ЮЗАО,Южное Бутово,55.54729475,37.5747165,district_centroid,approximate,True
пос рогово,пос. Рогово,1,rv,Введено,ДЕПАРТАМЕНТ РАЗВИТИЯ НОВЫХ ТЕРРИТОРИЙ ГОРОДА МОСКВЫ,ТАО,Роговское,55.9669325,37.1592379,manual_exact,exact,True
пос северный мкр. 1-б.1 1-б.2 1-б.3 и 2 д 10,"пос. Северный, мкр. 1-Б.1, 1-Б.2, 1-Б.3 и 2, д. 10",1,rv,Введено,ПИК,СВАО,Северный,55.92835525,37.5459852,district_centroid,approximate,True
пос северный мкр. 1-б.1 1-б.2 1-б.3 и 2 д9,"пос. Северный, мкр. 1-Б.1, 1-Б.2, 1-Б.3 и 2, д.9",1,rv,Введено,ПИК,СВАО,Северный,55.92835525,37.5459852,district_centroid,approximate,True
пос сосенское,пос. Сосенское,2,rv,Введено,А101,НАО,Коммунарка,55.581794,37.477031,nominatim,public_service,True
пос сосенское вблизи д николо-хованское,"пос. Сосенское, вблизи д. Николо-Хованское",2,oks,Строится,А101,НАО,Коммунарка,55.581794,37.448441,district_centroid,approximate,True
пос сосенское вблизи дер бачурино,"пос. Сосенское, вблизи дер. Бачурино",4,rv,Введено,А101,НАО,Коммунарка,55.581794,37.448441,manual_exact,exact,True
пос сосенское вблизи дер прокшино,"пос. Сосенское, вблизи дер. Прокшино",4,oks,Строится,А101,НАО,Коммунарка,55.581794,37.448441,district_centroid,approximate,True
пос сосенское вблизи дер столбово корп4,"пос. Сосенское, вблизи дер. Столбово, корп.4",1,rv,Введено,ГРАНЕЛЬ,НАО,Сосенское,55.581794,37.417744,manual_exact,exact,True
пос сосенское д николо-хованское уч 36,"пос. Сосенское, д. Николо-Хованское, уч. 36",1,rv,Введено,"ООО ""АС ""ШАХТЕР""",НАО,Сосенское,55.581794,37.417744,manual_exact,exact,True
пос сосенское дер николо-хованское №10,"пос. Сосенское, дер. Николо-Хованское, №10",1,rv,Введено,А101,НАО,Сосенское,55.581794,37.417744,manual_exact,exact,True
пос сосенское зу 1-152,"пос. Сосенское, з/у 1-152",1,oks,Строится,А101,НАО,Коммунарка,55.581794,37.448441,district_centroid,approximate,True
пос сосенское квартал 26 земельный участок 3/3,"пос. Сосенское, квартал 26, земельный участок 3/3",1,rv,Введено,А101,НАО,Коммунарка,55.595963,37.428412,geometry_address_match,,True
пос сосенское квартал 35 земельный участок 12/8,"пос. Сосенское, квартал 35, земельный участок 12/8",1,oks,Строится,А101,НАО,Коммунарка,55.581794,37.448441,manual_exact,exact,True
пос сосенское п. газопровод,"пос. Сосенское, п. Газопровод",1,oks,Строится,3S GROUP,НАО,Коммунарка,55.581794,37.448441,district_centroid,approximate,True
пос сосенское п. коммунарка,"пос. Сосенское,п. Коммунарка",1,rv,Введено,А101,НАО,Коммунарка,55.581794,37.448441,manual_exact,exact,True
пос сосенское пос коммунарка,"пос. Сосенское, пос. Коммунарка",1,rv,Введено,А101,НАО,Сосенское,55.581794,37.417744,manual_exact,exact,True
пос сосенское пос коммунарка к 10.1,"пос. Сосенское, пос. Коммунарка, к. 10.1",1,rv,Введено,А101,НАО,Сосенское,55.581794,37.417744,manual_exact,exact,True
пос сосенское пос коммунарка к 10.2,"пос. Сосенское, пос. Коммунарка, к. 10.2",1,rv,Введено,А101,НАО,Сосенское,55.581794,37.417744,manual_exact,exact,True
пос сосенское пос коммунарка к 12,"пос. Сосенское, пос. Коммунарка, к. 12",1,rv,Введено,А101,НАО,Сосенское,55.581794,37.417744,manual_exact,exact,True
пос сосенское пос коммунарка к 21,"пос. Сосенское, пос. Коммунарка, к. 21",1,rv,Введено,А101,НАО,Сосенское,55.581794,37.417744,manual_exact,exact,True
пос сосенское скандинавский б-р д 4а,"пос. Сосенское, Скандинавский б-р, д 4А",1,rv,Введено,А101,НАО,Сосенское,55.581794,37.417744,manual_exact,exact,True
пос сосенсоке вблизи д летово,"пос. Сосенсоке, вблизи д. Летово",1,rv,Введено,LEVEL GROUP,НАО,Сосенское,55.581794,37.417744,manual_exact,exact,True
пос филимонковское,пос. Филимонковское,1,rv,Введено,"ООО ""СТРОИТЕЛЬНАЯ КОМПАНИЯ ВЕЛЕСЪ""",НАО,Филимонковский,55.5489065,37.3194905,geometry_permit,,True
пос филимонковское д марьино,"пос. Филимонковское, д. Марьино",7,rv,Введено,"ООО ""МАРЬИНОСТРОЙ""",НАО,Филимонковское,55.5465808,37.3050386,manual_exact,exact,True
пос филимонковское д марьино д17,"пос. Филимонковское, д. Марьино, д.17",1,rv,Введено,"ООО ""МАРЬИНОСТРОЙ""",НАО,Филимонковское,55.5465808,37.3050386,manual_exact,exact,True
пос филимонковское д марьино д18,"пос. Филимонковское, д. Марьино, д.18",1,rv,Введено,"ООО ""МАРЬИНОСТРОЙ""",НАО,Филимонковское,55.5465808,37.3050386,manual_exact,exact,True
пос филимонковское д марьино д19,"пос. Филимонковское, д. Марьино, д.19",1,rv,Введено,"ООО ""МАРЬИНОСТРОЙ""",НАО,Филимонковское,55.5465808,37.3050386,manual_exact,exact,True
пос филимонковское д марьино д20,"пос. Филимонковское, д. Марьино, д.20",1,rv,Введено,"ООО ""МАРЬИНОСТРОЙ""",НАО,Филимонковское,55.5465808,37.3050386,manual_exact,exact,True
пос филимонковское д марьино д21,"пос. Филимонковское, д. Марьино, д.21",1,rv,Введено,"ООО ""МАРЬИНОСТРОЙ""",НАО,Филимонковское,55.5465808,37.3050386,manual_exact,exact,True
пос филимонковское д марьино д22,"пос. Филимонковское, д. Марьино, д.22",1,rv,Введено,"ООО ""МАРЬИНОСТРОЙ""",НАО,Филимонковское,55.5465808,37.3050386,manual_exact,exact,True
пос шишкин лес дом 1,"пос. Шишкин Лес, дом 1",1,rv,Введено,МОСВОДОКАНАЛ,ТАО,Краснопахорский,55.3943301,37.0617999,manual_exact,exact,True
посдесеновское ул чароитовая д 1 корп 5,"пос.Десеновское, ул. Чароитовая, д. 1, корп. 5",1,rv,Введено,САМОЛЕТ,НАО,Десеновское,55.5702958,37.3970203,manual_exact,exact,True
поселение внуковское,поселение Внуковское,2,rv,Введено,"ГКУ ""МОСКВОРЕЧЬЕ""",НАО,Филимонковский,55.6156891,37.2661999,nominatim,memorial,True
поселение внуковское д рассказовка уч № 13/1,"поселение Внуковское, д. Рассказовка, уч. № 13/1",8,oks,Строится,АБСОЛЮТ,НАО,Внуково,55.58975,37.26383705,district_centroid,approximate,True
поселение внуковское д рассказовка уч№ 13/1.,"поселение Внуковское, д. Рассказовка, уч.№ 13/1.",5,oks,Строится,АБСОЛЮТ,НАО,Внуково,55.58975,37.26383705,district_centroid,approximate,True
поселение внуковское рассказовка дом 5,"поселение Внуковское, Рассказовка, дом 5",1,rv,Введено,SEZAR GROUP,НАО,Внуковское,55.63048275,37.33501749999999,manual_exact,exact,True
поселение вороновское пос лмс,"поселение Вороновское, пос. ЛМС",1,rv,Введено,ИНДИВИДУАЛЬНЫЕ ПРЕДПРИНИМАТЕЛИ,ТАО,Вороново,55.323827,37.3468956,manual_exact,exact,True
поселение воскресенское,поселение Воскресенское,1,oks,Строится,КВАТРА НЕДВИЖИМОСТЬ,НАО,Коммунарка,55.5064798,37.432444,nominatim,yes,True
поселение воскресенское квартал 100 зу 2,"поселение Воскресенское, квартал 100, з/у 2",1,oks,Строится,САМОЛЕТ,НАО,Щербинка,55.49523050000001,37.518144,district_centroid,approximate,True
поселение десеновское,поселение Десеновское,2,oks,Строится,ПРАВОСЛАВИЕ,НАО,Троицк,55.534667999999996,37.3750085,geometry_address,,True
поселение десеновское квартал 121 зу 1,"поселение Десеновское, квартал 121, з/у 1",4,oks,Строится,ПИК,НАО,Троицк,55.5274153,37.2817736,district_centroid,approximate,True
поселение десеновское квартал 23,"поселение Десеновское, квартал 23",1,rv,Введено,А101,ТАО,Троицк,55.5274153,37.2817736,manual_exact,exact,True
поселение десеновское квартал 23 (тао троицк),"поселение Десеновское, квартал 23 (ТАО, Троицк)",1,oks,Строится,А101,ТАО,Коммунарка,55.581794,37.448441,district_centroid,approximate,True
поселение десеновское квартал 23 зу 1а,"поселение Десеновское, квартал 23, зу 1А",3,oks,Строится,А101,НАО,Коммунарка,55.581794,37.448441,district_centroid,approximate,True
поселение десеновское квартал 61 зу 13,"поселение Десеновское, квартал 61, з/у 13",1,oks,Строится,"ООО ""СК АЛГОРИТМ""",НАО,Троицк,55.5274153,37.2817736,district_centroid,approximate,True
поселение десеновское квартал 9,"поселение Десеновское, квартал 9",3,rv,Введено,СТРОЙКОМ,НАО,Коммунарка,55.581794,37.448441,manual_exact,exact,True
поселение десеновское улица 1-я ватутинская дом 14 строение 3,"Поселение Десеновское, Улица 1-я Ватутинская Дом 14 Строение 3",1,rv,Введено,ГРУППА РОДИНА,НАО,Коммунарка,55.581794,37.448441,manual_exact,exact,True
поселение десеновское уч 19ю,"поселение Десеновское, уч. 19ю",1,oks,Строится,"ООО ""ЭСТА""",НАО,Коммунарка,55.581794,37.448441,district_centroid,approximate,True
поселение десеновское чароитовая улица дом 1 корпус 3,"поселение Десеновское, Чароитовая улица, дом 1, корпус 3",1,rv,Введено,САМОЛЕТ,НАО,Десеновское,55.5702958,37.3970203,manual_exact,exact,True
поселение киевский квартал № 75,"поселение Киевский, квартал № 75",1,oks,Строится,"ООО ""ПРОМ ТЕХ""",ТАО,Коммунарка,55.581794,37.448441,district_centroid,approximate,True
поселение киевский квартал № 76,"поселение Киевский, квартал № 76",1,oks,Строится,"ООО ""ПРОМ ТЕХ""",ТАО,Коммунарка,55.581794,37.448441,district_centroid,approximate,True
поселение киевский рабочий поселок киевский земельный участок 13а,"Поселение Киевский, Рабочий поселок Киевский Земельный участок 13А",5,oks,Строится,МОСВОДОКАНАЛ,ТАО,Бекасово,55.50185,36.9304823,district_centroid,approximate,True
поселение кленовское село кленово,"Поселение Кленовское, Село Кленово",1,rv,Введено,МОСВОДОКАНАЛ,ТАО,Вороново,55.323827,37.3468956,manual_exact,exact,True
поселение кокошкино,поселение Кокошкино,1,rv,Введено,МОСВОДОКАНАЛ,НАО,Внуково,55.5930926,37.2052197,nominatim,post_office,True
поселение кокошкино дачный поселок кокошкино улица труда земельный участок 1 (ул труда вл1 2 3 4),"поселение Кокошкино, дачный поселок Кокошкино, улица Труда, земельный участок 1 (ул. Труда, вл.1, 2, 3, 4)",2,oks,Строится,ФОНД РЕНОВАЦИИ,НАО,Внуково,55.58975,37.26383705,district_centroid,approximate,True
поселение кокошкино кв-л 39 зу 1,"поселение Кокошкино, кв-л 39, з/у 1",1,oks,Строится,САМОЛЕТ,НАО,Внуково,55.58975,37.26383705,district_centroid,approximate,True
поселение краснопахорское,поселение Краснопахорское,1,rv,Введено,ПИК,ТАО,Краснопахорский,55.3943301,37.0617999,manual_exact,exact,True
поселение краснопахорское городской округ троицк,"поселение Краснопахорское, городской округ Троицк",1,oks,Строится,"ГКУ ""МОСКВОРЕЧЬЕ""",ТАО,Краснопахорский,55.3943301,37.0617999,district_centroid,approximate,True
поселение краснопахорское кв-л 61 зу 1,"поселение Краснопахорское, кв-л 61, з/у 1",1,rv,Введено,ПИК,ТАО,Краснопахорский,55.3943301,37.0617999,manual_exact,exact,True
поселение краснопахорское квартал 147 з\уч 1д,"поселение Краснопахорское, квартал 147, з\у 1Д",1,oks,Строится,ВАЙЛДБЕРРИЗ,ТАО,Краснопахорский,55.3943301,37.0617999,district_centroid,approximate,True
поселение марушкинское д давыдково,"поселение Марушкинское, д. Давыдково",2,rv,Введено,"ООО ""ЛОГИСТИЧЕСКИЙ ПАРТНЁР""",НАО,Внуково,55.58975,37.26383705,manual_exact,exact,True
поселение марушкинское кв-л 33,"поселение Марушкинское, кв-л 33",1,oks,Строится,А101,НАО,Внуково,55.58975,37.26383705,district_centroid,approximate,True
поселение марушкинское квартал 33 земельный участок 3,"поселение Марушкинское, квартал 33, земельный участок 3",1,oks,Строится,А101,НАО,Внуково,55.58975,37.26383705,district_centroid,approximate,True
поселение марушкинское квартал 63,"поселение Марушкинское, квартал 63",11,rv,Введено,ПИК,НАО,Марушкинское,55.5778111,37.1097363,manual_exact,exact,True
поселение марушкинское квартал 70 зу 1,"поселение Марушкинское, квартал 70, з/у 1",1,oks,Строится,"ООО ""ТЕРРА-КОМ""",НАО,Коммунарка,55.581794,37.448441,district_centroid,approximate,True
поселение марушкинское квартал 76,"поселение Марушкинское, квартал 76",2,oks,Строится,САМОЛЕТ,НАО,Коммунарка,55.581794,37.448441,district_centroid,approximate,True
поселение марушкинское оно опхтолстопальцево уч-к 19,"поселение Марушкинское, ОНО ОПХ""Толстопальцево"", уч-к 19",4,oks,Строится,ВТБ,НАО,Филимонковский,55.5500805,37.314627,district_centroid,approximate,True
поселение марушкинское оно опхтолстопальцево уч-к 19.,"поселение Марушкинское, ОНО ОПХ""Толстопальцево"", уч-к 19.",6,oks,Строится,ВТБ,НАО,Внуково,55.58975,37.26383705,district_centroid,approximate,True
поселение марушкинское п. совхоза крекшино позиция 26,"поселение Марушкинское, п. совхоза ""Крекшино"", позиция 26",1,oks,Строится,"ООО ""СЗ ""НАРАСТРОЙ-М""",НАО,Внуково,55.58975,37.26383705,district_centroid,approximate,True
поселение михайлово-ярцевское,поселение Михайлово-Ярцевское,15,oks; rv,Строится; Введено,"АБ КАПИТАЛ; ООО ""ШЛ 5""",ТАО,Краснопахорский,55.3943301,37.0617999,nominatim,hamlet,True
поселение михайлово-ярцевское пос армейский,"поселение Михайлово-Ярцевское, пос. Армейский",5,oks,Строится,МОСГАЗ,ТАО,Краснопахорский,55.3943301,37.0617999,district_centroid,approximate,True
поселение московский г. московский,"поселение Московский, г. Московский",3,oks,Строится,АБСОЛЮТ,НАО,Филимонковский,55.5500805,37.314627,district_centroid,approximate,True
поселение московский кв-л 70 зу 78/3,"поселение Московский, кв-л 70, з/у 78/3",1,oks,Строится,ФСК,НАО,Коммунарка,55.581794,37.448441,district_centroid,approximate,True
поселение московский квартал 35 земельный участок 15,"поселение Московский, квартал 35, земельный участок 15",1,oks,Строится,"ООО ""АКЭЛ""",НАО,Коммунарка,55.581794,37.448441,district_centroid,approximate,True
поселение московский квартал 75 зу 6,"поселение Московский, квартал 75, з/у 6",1,oks,Строится,ПИК,НАО,Коммунарка,55.581794,37.448441,district_centroid,approximate,True
поселение московский северо-западнее дер говорово,"ПОСЕЛЕНИЕ МОСКОВСКИЙ, СЕВЕРО-ЗАПАДНЕЕ ДЕР. ГОВОРОВО",1,rv,Введено,САМОЛЕТ,НАО,Московский,55.613434,37.415014,manual_exact,exact,True
поселение мосрентген,поселение Мосрентген,1,rv,Введено,"ГКУ ""МОСКВОРЕЧЬЕ""",НАО,Коммунарка,55.6058135,37.4702135,geometry_address_match,,True
поселение мосрентген 44 км мкад,"поселение Мосрентген, 44 км МКАД",1,oks,Строится,КОРПОРАЦИЯ АВТОКАПИТАЛ,НАО,Коммунарка,55.581794,37.448441,district_centroid,approximate,True
поселение мосрентген кв-л № 24 влд. 3,"поселение Мосрентген, кв-л № 24, влд. 3",1,oks,Строится,"АО ""ТУКС-2""",НАО,Коммунарка,55.581794,37.448441,district_centroid,approximate,True
поселение мосрентген квартал 24 земельный участок 1а,"Поселение Мосрентген, Квартал 24 Земельный участок 1А",1,oks,Строится,ФСК,НАО,Коммунарка,55.581794,37.448441,district_centroid,approximate,True
поселение мосрентген квартал 25 земельный участок 1,"поселение Мосрентген, квартал 25, земельный участок 1",1,oks,Строится,ФСК,НАО,Коммунарка,55.581794,37.448441,district_centroid,approximate,True
поселение рязановское,Поселение Рязановское,1,rv,Введено,САМОЛЕТ,НАО,Щербинка,55.49523050000001,37.518144,manual_exact,exact,True
поселение рязановское (д алхимово ул сосновая дом 5),"поселение Рязановское (д. Алхимово, ул. Сосновая, дом 5)",2,oks,Строится,САМОЛЕТ,НАО,Коммунарка,55.581794,37.448441,district_centroid,approximate,True
поселение рязановское вблизи д ерино,"поселение Рязановское, вблизи д. Ерино",1,oks,Строится,"ПУБЛИЧНОЕ АКЦИОНЕРНОЕ ОБЩЕСТВО ""ГРУППА КОМПАНИЙ ""САМОЛЕТ""",НАО,Коммунарка,55.581794,37.448441,district_centroid,approximate,True
поселение рязановское д алхимово,"Поселение Рязановское, д. Алхимово",1,oks,Строится,САМОЛЕТ,НАО,Щербинка,55.4752275,37.51936,geometry,,True
поселение рязановское квартал 72 земельный участок 5,"поселение Рязановское, квартал 72, земельный участок 5",2,oks,Строится,"ПУБЛИЧНОЕ АКЦИОНЕРНОЕ ОБЩЕСТВО ""ГРУППА КОМПАНИЙ ""САМОЛЕТ""",НАО,Коммунарка,55.581794,37.448441,district_centroid,approximate,True
поселение рязановское с. остафьево,"поселение Рязановское, с. Остафьево",5,oks; rv,Строится; Введено,САМОЛЕТ,НАО,Коммунарка,55.581794,37.448441,district_centroid,approximate,True
поселение сосенское,поселение Сосенское,7,oks; rv,Строится; Введено,"ГКУ ""УДМС""; АКВИЛОН",НАО,Коммунарка,55.581794,37.477031,nominatim,public_service,True
поселение сосенское вблизи д бачурино уч 31 д 7,"поселение Сосенское, вблизи д. Бачурино, уч. 31, д. 7",1,rv,Введено,А101,НАО,Коммунарка,55.581794,37.448441,manual_exact,exact,True
поселение сосенское вблизи д бачурино уч 31 д 8,"поселение Сосенское, вблизи д. Бачурино, уч. 31, д. 8",1,rv,Введено,А101,НАО,Коммунарка,55.581794,37.448441,manual_exact,exact,True
поселение сосенское вблизи д летово уч №20-3,"поселение Сосенское, вблизи д. Летово, уч. №20-3",1,oks,Строится,LEVEL GROUP,НАО,Коммунарка,55.581794,37.448441,district_centroid,approximate,True
поселение сосенское вблизи дер бачурино уч 31,"поселение Сосенское, вблизи дер. Бачурино, уч. 31",1,rv,Введено,А101,НАО,Коммунарка,55.581794,37.448441,manual_exact,exact,True
поселение сосенское д столбово проспект куприна зу 30/9,"поселение Сосенское, д. Столбово, проспект Куприна, з/у 30/9",1,oks,Строится,САМОЛЕТ,НАО,Коммунарка,55.5429855,37.456072000000006,geometry,,True
поселение сосенское дер столбово зу 3/3,"поселение Сосенское, дер. Столбово, з/у 3/3",1,rv,Введено,"ПУБЛИЧНОЕ АКЦИОНЕРНОЕ ОБЩЕСТВО ""ПИК-СПЕЦИАЛИЗИРОВАННЫЙ ЗАСТРОЙЩИК""",НАО,Коммунарка,55.581794,37.448441,manual_exact,exact,True
поселение сосенское деревня николо-хованское,"ПОСЕЛЕНИЕ СОСЕНСКОЕ, ДЕРЕВНЯ НИКОЛО-ХОВАНСКОЕ",1,rv,Введено,"ООО ""ФОРС-АВТО""",НАО,Сосенское,55.581794,37.417744,manual_exact,exact,True
поселение сосенское кв-л 160,"поселение Сосенское, кв-л 160",2,oks,Строится,А101,НАО,Коммунарка,55.581794,37.448441,district_centroid,approximate,True
поселение сосенское кв-л 190,"поселение Сосенское, кв-л 190",1,oks,Строится,А101,,,55.581794,37.417744,district_centroid_address,approximate,True
поселение сосенское квартал 15 земельный участок 1б,"поселение Сосенское, квартал 15, земельный участок 1Б",1,oks,Строится,А101,НАО,Коммунарка,55.581794,37.448441,district_centroid,approximate,True
поселение сосенское квартал 183 зу 1,"поселение Сосенское, квартал 183, з/у 1",1,oks,Строится,ПИК,НАО,Коммунарка,55.581794,37.448441,district_centroid,approximate,True
поселение сосенское квартал 26 земельный участок 3/3,"поселение Сосенское, квартал 26, земельный участок 3/3",2,oks,Строится,А101,НАО,Коммунарка,55.595963,37.428412,geometry_address,,True
поселение сосенское квартал 28 зу 1,"поселение Сосенское, квартал 28, з/у 1",1,rv,Введено,ПИК,НАО,Коммунарка,55.581794,37.448441,manual_exact,exact,True
поселение сосенское квартал 39 земельный участок 1к,"поселение Сосенское, квартал 39, земельный участок 1К",2,rv,Введено,"ГКУ ""УДМС""",НАО,Коммунарка,55.581794,37.448441,manual_exact,exact,True
поселение сосенское квартал № 150 земельный участок 1д,"поселение Сосенское, квартал № 150, земельный участок 1Д",1,oks,Строится,"ООО ""СПЕЦИАЛИЗИРОВАННЫЙ ЗАСТРОЙЩИК ""КОММУНАРКА 12""",НАО,Коммунарка,55.581794,37.448441,district_centroid,approximate,True
поселение сосенское квартал № 28 д 2 корп 3,"поселение Сосенское, квартал № 28, д. 2, корп. 3",1,rv,Введено,ПИК,НАО,Сосенское,55.581794,37.417744,manual_exact,exact,True
поселение сосенское квартал № 28 дом 2 корпус 2,"поселение Сосенское, квартал № 28, дом 2, корпус 2",1,rv,Введено,ПИК,НАО,Сосенское,55.581794,37.417744,manual_exact,exact,True
поселение сосенское квартал № 28 дом 2 корпус 4,"поселение Сосенское, квартал № 28, дом 2, корпус 4",1,rv,Введено,ПИК,НАО,Сосенское,55.581794,37.417744,manual_exact,exact,True
поселение сосенское муниципальный округ коммунарка квартал 226 земельный участок 3/3,"поселение Сосенское, муниципальный округ Коммунарка, квартал 226, земельный участок 3/3",1,oks,Строится,А101,НАО,Коммунарка,55.581794,37.448441,district_centroid,approximate,True
поселение сосенское подзона №2,"поселение Сосенское, подзона №2",1,oks,Строится,А101,НАО,Коммунарка,55.581794,37.448441,district_centroid,approximate,True
поселение сосенское пос коммунарка,"поселение Сосенское, пос. Коммунарка",1,rv,Введено,А101,НАО,Коммунарка,55.581794,37.448441,manual_exact,exact,True
поселение сосенское ул василия ощепкова д 3,"поселение Сосенское, ул. Василия Ощепкова, д. 3",1,rv,Введено,ГРАНЕЛЬ,НАО,Столбово,55.581794,37.417744,manual_exact,exact,True
поселение троицк,поселение Троицк,1,oks,Строится,"ГКУ ""УДМС""",ТАО,Троицк,55.5183487,37.3456478,nominatim,post_office,True
поселение филимонковское,поселение Филимонковское,1,rv,Введено,САМОЛЕТ,НАО,Филимонковский,55.5765148,37.3531081,nominatim,government,True
поселение филимонковское д староселье,"поселение Филимонковское, д. Староселье",1,oks,Строится,САМОЛЕТ,НАО,Филимонковский,55.5500805,37.314627,district_centroid,approximate,True
поселение филимонковское кв-л 176 зу 2,"поселение Филимонковское, кв-л 176, з/у 2",1,oks,Строится,САМОЛЕТ,НАО,Филимонковский,55.5500805,37.314627,district_centroid,approximate,True
поселение филимонковское квартал 25 зу 1,"поселение Филимонковское, квартал 25, з/у 1",1,rv,Введено,ПИК,НАО,Филимонковский,55.5500805,37.314627,manual_exact,exact,True
поселение филимонковское оао марьинская птицефабрика вблизи д середнево учviii-1/1,"поселение Филимонковское, ОАО «Марьинская птицефабрика», вблизи д. Середнево, уч.VIII-1/1",2,rv,Введено,ПИК,НАО,Филимонковский,55.5500805,37.314627,manual_exact,exact,True
поселение филимонковское поселок марьино,"поселение Филимонковское, поселок Марьино",1,rv,Введено,"ООО ""СТРОИТЕЛЬНАЯ КОМПАНИЯ ВЕЛЕСЪ""",НАО,Филимонковский,55.5500805,37.314627,manual_exact,exact,True
поселение щаповское д троицкое,"поселение Щаповское, д. Троицкое",1,oks,Строится,ИНДИВИДУАЛЬНЫЕ ПРЕДПРИНИМАТЕЛИ,ТАО,Краснопахорский,55.3943301,37.0617999,district_centroid,approximate,True
поселение щаповское квартал 399 земельный участок 1а,"Поселение Щаповское, Квартал 399 Земельный участок 1А",1,oks,Строится,БРУСНИКА,ТАО,Коммунарка,55.581794,37.448441,district_centroid,approximate,True
поселение щаповское квартал 401 земельный участок 8/1,"поселение Щаповское, квартал 401, земельный участок 8/1",9,oks,Строится,"ООО ""ВНУКОВО ЛОГИСТИК""",ТАО,Краснопахорский,55.3943301,37.0617999,district_centroid,approximate,True
поселение щербинка овражная улица д 3,"поселение Щербинка, Овражная улица, д. 3",1,oks,Строится,БРОД-ЭСТЕЙТ,НАО,Щербинка,55.49523050000001,37.518144,district_centroid,approximate,True
поселения десеновское филимонковское,"поселения Десеновское, Филимонковское",1,oks,Строится,"ГКУ ""МОСКВОРЕЧЬЕ""",НАО,Троицк,55.5274153,37.2817736,district_centroid,approximate,True
поселок армейский зу 11,"поселок Армейский, з/у 11",2,oks,Строится,МОСГАЗ,ТАО,Краснопахорский,55.3943301,37.0617999,district_centroid,approximate,True
поселок ватутинки,поселок Ватутинки,4,rv,Введено,"ООО ""ДЕВЕЛОПМЕНТ-М""",ТАО,Троицк,55.6010762,37.1570656,nominatim,tertiary,True
поселок внуково ул полевая дом 4 стр 1,"поселок Внуково, ул. Полевая, дом 4, стр. 1",1,rv,Введено,"АО ""ТУКС-2""",НАО,Внуковское,55.63048275,37.33501749999999,manual_exact,exact,True
поселок воскресенское,поселок Воскресенское,1,oks,Строится,"ООО ""ЖИЛСТРОЙ""",НАО,Коммунарка,55.5319156,37.446206,nominatim,village,True
поселок газопровод улица лесные поляны 5-я земельный участок 20а,"поселок Газопровод, улица Лесные Поляны 5-я, земельный участок 20А",2,oks,Строится,"ООО ""СЗ ""ГОРАКС""",НАО,Коммунарка,55.581794,37.448441,district_centroid,approximate,True
поселок завода мосрентген дом 38а,Поселок завода Мосрентген Дом 38А,1,rv,Введено,"АО ""ТУКС-2""",НАО,Мосрентген,55.5702958,37.3970203,manual_exact,exact,True
поселок знамя октября д40 стр1,"поселок Знамя Октября, д.40, стр.1",1,rv,Введено,"ООО ""РЕМПРОМСТРОЙ""",НАО,Рязановское,55.49523050000001,37.518144,manual_exact,exact,True
поселок коммунарка бачуринская улица дом 9а корпус 1,"посёлок Коммунарка, Бачуринская улица, дом 9А, корпус 1",1,rv,Введено,КОНЦЕРН КРОСТ,НАО,Сосенское,55.581794,37.417744,manual_exact,exact,True
поселок коммунарка улица александры монаховой земельный участок 87,"поселок Коммунарка, улица Александры Монаховой, земельный участок 87",1,rv,Введено,"ПУБЛИЧНОЕ АКЦИОНЕРНОЕ ОБЩЕСТВО ""ПИК-СПЕЦИАЛИЗИРОВАННЫЙ ЗАСТРОЙЩИК""",НАО,Коммунарка,55.547793999999996,37.4900845,geometry_permit,,True
поселок коммунарка уч 281ю (лазурная ул дом 2 строение 2),"поселок Коммунарка, уч.281ю (Лазурная ул., дом 2 строение 2)",1,oks,Строится,ПРАВОСЛАВИЕ,НАО,Коммунарка,55.581794,37.448441,district_centroid,approximate,True
поселок коммунарка уч 29,поселок Коммунарка уч. 29,1,rv,Введено,А101,НАО,Сосенское,55.581794,37.417744,manual_exact,exact,True
поселок коммунарка участок 29,"поселок Коммунарка, участок 29",1,rv,Введено,А101,НАО,Коммунарка,55.581794,37.448441,manual_exact,exact,True
поселок мосрентген кв-л №23 влд. 1,"поселок Мосрентген, кв-л №23, влд. 1",1,rv,Введено,"ООО ""СК ""ВЕЛЕСЪ""""",НАО,Коммунарка,55.581794,37.448441,manual_exact,exact,True
поселок остафьево,посёлок Остафьево,1,oks,Строится,"ООО ""МАГСТРОЙИНВЕСТ""",НАО,Щербинка,55.4996755,37.4870944,nominatim,hamlet,True
поселок станции крекшино ул производственная уч 4,"поселок станции Крекшино, ул. Производственная, уч. 4",1,oks,Строится,"ООО ""КЕМИКАЛ""",НАО,Внуково,55.58975,37.26383705,district_centroid,approximate,True
поселок шишкин лес,поселок Шишкин Лес,1,oks,Строится,РОЙС-РУД,ТАО,Краснопахорский,55.3943301,37.0617999,district_centroid,approximate,True
поселок шишкин лес дом 35а,"посёлок Шишкин Лес, дом 35А",1,rv,Введено,"АО ""КАПСТРОЙСИТИ""",ТАО,Краснопахорский,55.3943301,37.0617999,manual_exact,exact,True
поселок шишкин лес земельный участок 5 (пос шишкин лес зона 6.2),"поселок Шишкин Лес, земельный участок 5 (пос. Шишкин Лес, зона 6.2)",2,oks,Строится,ФОНД РЕНОВАЦИИ,ТАО,Краснопахорский,55.3943301,37.0617999,district_centroid,approximate,True
поселок шишкин лес квартал 92 земельный участок 2,"поселок Шишкин Лес, квартал 92, земельный участок 2",1,oks,Строится,ФОНД РЕНОВАЦИИ,ТАО,Краснопахорский,55.3943301,37.0617999,district_centroid,approximate,True
поселок щапово,поселок Щапово,1,rv,Введено,"ООО ""ВОСТОРГ""",ТАО,Краснопахорский,55.1608038,38.1826659,nominatim,hamlet,True
походный проезд земельный участок 2г,"Походный проезд, земельный участок 2Г",3,rv,Введено,КОНЦЕРН КРОСТ,СЗАО,Покровское-Стрешнево,55.8192621,37.4415913,manual_exact,exact,True
почтовая м. ул вл 12 стр 2 3 4 5 7 9 11 вл 12 соор. 6,"Почтовая М. ул. вл. 12 стр. 2 , 3, 4, 5, 7, 9, 11, вл. 12, соор. 6",1,rv,Введено,ГРАНЕЛЬ,ЦАО,Басманный,55.7672809,37.6697732,manual_exact,exact,True
пр вернадского влд. 10 10а,"пр. Вернадского, влд. 10, 10А",1,oks,Строится,CAPITAL GROUP,ЗАО,Раменки,55.7010074,37.5041069,district_centroid,approximate,True
пр каширский вл 25/2,"пр. Каширский, вл. 25/2",1,oks,Строится,PIONEER,ЮАО,Москворечье-Сабурово,55.6457793,37.6342936,district_centroid,approximate,True
пр ореховый пр вл 41 (напротив),"пр. Ореховый пр., вл. 41 (напротив)",1,oks,Строится,ПРАВОСЛАВИЕ,ЮАО,Зябликово,55.6178373,37.7671258,district_centroid,approximate,True
пр шоссейный вл 30 строен. 1,"пр. Шоссейный, вл. 30, строен. 1",1,oks,Строится,"ООО ""КАСКАД-2""",ЮВАО,Печатники,55.6990676,37.6984857,district_centroid,approximate,True
пр-д 2-й иртышский,пр-д 2-й Иртышский,2,oks,Строится,ПИК,ВАО,Гольяново,55.8073766,37.7566198,district_centroid,approximate,True
пр-д береговой 1а,пр-д Береговой 1А,1,rv,Введено,КП УГС,ЗАО,Филевский Парк,55.7499566,37.5151422,manual_exact,exact,True
пр-д дежнева д 26,"ПР-Д ДЕЖНЕВА, Д. 26",1,rv,Введено,КП УГС,СВАО,Южное Медведково,55.883743,37.6366379,manual_exact,exact,True
пр-д донской 2-й вл 10 и вл 10 стр 4 ул орджоникидзе вл 10,"пр-д Донской 2-й, вл. 10 и вл. 10 , стр. 4, ул. Орджоникидзе, вл. 10",1,oks,Строится,PIONEER,ЮАО,Донской,55.6976942,37.58841435,district_centroid,approximate,True
пр-д перовский,пр-д Перовский,2,oks,Строится,"ООО ""СЗ ""ГЛОРАКС-МСК РИМСКАЯ""",ЮВАО,Нижегородский,55.7297194,37.7095577,district_centroid,approximate,True
пр-д русанова к 50 (участок 80),"пр-д Русанова, к. 50 (участок 80)",1,rv,Введено,КП УГС,СВАО,Свиблово,55.855593999999996,37.640637,geometry_permit,,True
пр-д черского земельный участок 21б,"пр-д Черского, земельный участок 21Б",1,rv,Введено,ФОНД РЕНОВАЦИИ,СВАО,Алтуфьевский,55.87853345,37.5826882,manual_exact,exact,True
пр-кт 40 лет октября д 7 стр1,"пр-кт 40 лет Октября, д. 7, стр.1",1,rv,Введено,РАСЦВЕТАЙ,ЮВАО,Люблино,55.6681995,37.7454006,manual_exact,exact,True
пр-кт андропова,пр-кт Андропова,1,oks,Строится,ЭТАЛОН,ЮАО,Даниловский,55.711814,37.6597584,district_centroid,approximate,True
пр-кт андропова вл 18/9/1,"пр-кт Андропова, вл. 18/9/1",1,rv,Введено,ЭТАЛОН,ЮАО,Даниловский,55.711814,37.6597584,manual_exact,exact,True
пр-кт андропова вл 9/2,"пр-кт Андропова, вл. 9/2",1,rv,Введено,РЕГИОНЫ-ДЕВЕЛОПМЕНТ,ЮАО,Нагатинский Затон,55.6820448,37.6907376,manual_exact,exact,True
пр-кт вернадского 84,"пр-кт Вернадского, 84",1,oks,Строится,ПРАВИТЕЛЬСТВО РОССИЙСКОЙ ФЕДЕРАЦИИ,ЗАО,Тропарёво-Никулино,55.67133680000001,37.4655932,district_centroid,approximate,True
пр-кт вернадского вл 78-3,"пр-кт Вернадского, вл. 78-3",1,oks,Строится,МИНОБРНАУКИ РОССИИ,ЗАО,Тропарёво-Никулино,55.67133680000001,37.4655932,district_centroid,approximate,True
пр-кт волгоградский 103а,пр-кт Волгоградский 103А,1,rv,Введено,КП УГС,ЮВАО,Кузьминки,55.7097739,37.7688408,manual_exact,exact,True
пр-кт волгоградский 105а,пр-кт Волгоградский 105А,1,rv,Введено,КП УГС,ЮВАО,Кузьминки,55.7097739,37.7688408,manual_exact,exact,True
пр-кт волгоградский 161а,пр-кт Волгоградский 161А,1,rv,Введено,ФОНД РЕНОВАЦИИ,ЮВАО,Кузьминки,55.7097739,37.7688408,manual_exact,exact,True
пр-кт волгоградский вл 32/4,"пр-кт Волгоградский, вл 32/4",1,oks,Строится,MR GROUP,ЮВАО,Южнопортовый,55.719082,37.6918585,geometry,,True
пр-кт георгиевский зу 31,"пр-кт Георгиевский, з/у 31",1,rv,Введено,ПРАВОСЛАВИЕ,ЗелАО,Крюково,55.9658925,37.173983,manual_exact,exact,True
пр-кт зеленый 27а,пр-кт Зелёный 27А,1,rv,Введено,ФОНД РЕНОВАЦИИ,ВАО,Перово,55.7468432,37.7887908,manual_exact,exact,True
пр-кт зеленый 93а,пр-кт Зелёный 93А,1,rv,Введено,КП УГС,ВАО,Ивановское,55.75078515,37.8303221,manual_exact,exact,True
пр-кт зеленый 97а,пр-кт Зелёный 97А,1,rv,Введено,КП УГС,ВАО,Ивановское,55.75078515,37.8303221,manual_exact,exact,True
пр-кт ленинградский вл 37,"пр-кт Ленинградский, вл. 37",1,rv,Введено,OPTIMA DEVELOPMENT,САО,Хорошёвский,55.7801228,37.5325428,manual_exact,exact,True
пр-кт ленинский д 107 корп 1,"ПР-КТ ЛЕНИНСКИЙ, Д. 107, КОРП. 1",1,rv,Введено,РЕМСТРОЙТРЕСТ,ЮЗАО,Обручевский,55.6575505,37.5383225,manual_exact,exact,True
пр-кт ленинский д 107 корп 2,"ПР-КТ ЛЕНИНСКИЙ, Д. 107, КОРП. 2",1,rv,Введено,РЕМСТРОЙТРЕСТ,ЮЗАО,Обручевский,55.6575505,37.5383225,manual_exact,exact,True
пр-кт магеллана 3,пр-кт Магеллана 3,1,rv,Введено,А101,НАО,Сосенское,55.581794,37.417744,manual_exact,exact,True
пр-кт мичуринский 56,пр-кт Мичуринский 56,1,rv,Введено,"ООО ""АНТТЕК""",ЗАО,Раменки,55.7010074,37.5041069,manual_exact,exact,True
пр-кт мичуринский 72 к3,"пр-кт Мичуринский 72, К3",1,rv,Введено,ТРАНССТРОЙИНВЕСТ,ЗАО,Очаково-Матвеевское,55.6907105,37.443805,manual_exact,exact,True
пр-кт рязанский,пр-кт Рязанский,1,oks,Строится,"ООО ""СЗ ""ЭС АЙ ЭС ДЕВЕЛОПМЕНТ""",ЮВАО,Рязанский,55.722711,37.77755000000001,district_centroid,approximate,True
пр-кт свободный вл 33,"пр-кт Свободный, вл. 33",1,rv,Введено,"ООО ""РЭЯ""",ВАО,Новогиреево,55.7491465,37.8024271,manual_exact,exact,True
пр-кт севастопольский д 13а,"пр-кт Севастопольский, д. 13А",1,rv,Введено,"ООО ""КРАСИВЫЙ ДОМ""",ЮЗАО,Котловка,55.6845587,37.5919839,manual_exact,exact,True
пр-кт федеративный 1а стр 1,"пр-кт Федеративный 1А, Стр 1",1,rv,Введено,КП УГС,ВАО,Перово,55.7468432,37.7887908,manual_exact,exact,True
пр-т. генерала алексеева вл 5,"пр-т. Генерала Алексеева, вл. 5",1,oks,Строится,"АО ""СИТРОНИКС КЛАУД""",ЗелАО,Матушкино,55.9658925,37.14866195,district_centroid,approximate,True
правды ул дом 1а,"Правды ул., дом 1А",1,rv,Введено,"АНО ""РСИ""",САО,Беговой,55.7848788,37.5741181,geometry_permit,,True
преображенское,Преображенское,1,oks,Строится,РЖД,ВАО,Преображенское,55.7938235,37.7113174,nominatim,administrative,True
пресненская наб. д 12,"ПРЕСНЕНСКАЯ НАБ., Д. 12",1,rv,Введено,"АО ""БФ""",ЦАО,Пресненский,55.7580051,37.5654894,manual_exact,exact,True
пресненский район,Пресненский район,1,oks,Строится,"АНО ""Агентство Творческих Программ""",ЦАО,Пресненский,55.7622146,37.5606576,nominatim,administrative,True
причальный пр вл 7 стр 1 стр 1/1,"Причальный пр. вл. 7 стр. 1 , стр. 1/1",1,rv,Введено,КП УГС,ЦАО,Пресненский,55.759426500000004,37.5178365,geometry_permit,,True
причальный пр вл 8,"Причальный пр., вл. 8",1,rv,Введено,LEVEL GROUP,СЗАО,Хорошёво-Мнёвники,55.7601052,37.5183196,nominatim,tertiary,True
причальный пр д8,"Причальный пр., д.8",1,rv,Введено,LEVEL GROUP,СЗАО,Хорошево-Мневники,55.7601052,37.5183196,nominatim,tertiary,True
причальный проезд дом 8 строение 13,"Причальный проезд, дом 8, строение 13",1,rv,Введено,LEVEL GROUP,СЗАО,Хорошево-Мневники,55.7601052,37.5183196,manual_exact,exact,True
проез чечерский д 28а,"проез Чечёрский, д. 28А",1,rv,Введено,КП УГС,ЮЗАО,Южное Бутово,55.54729475,37.5747165,manual_exact,exact,True
проезд 1-й грайвороновский вл3,проезд 1-й Грайвороновский вл.3,1,rv,Введено,ПИК,ЮВАО,Текстильщики,55.719618,37.725135,manual_exact,exact,True
проезд 1-й грайвороновский зу 13,"проезд 1-й Грайвороновский, з/у 13",4,rv,Введено,ПИК,ЮВАО,Текстильщики,55.719618,37.725135,manual_exact,exact,True
проезд 1-й грайвороновский зу 2/2,"проезд 1-й Грайвороновский, з/у 2/2",1,oks,Строится,3S GROUP,ЮВАО,Текстильщики,55.719618,37.725135,district_centroid,approximate,True
проезд 1-й дорожный д 5 корп2 стр1,"Проезд 1-й Дорожный д. 5, корп.2,стр.1",1,oks,Строится,"ООО ""Н.ПРОМТЕХСВЯЗИ""",ЮАО,Чертаново Центральное,55.6170863,37.5959994,district_centroid,approximate,True
проезд 1-й красногвардейский 22 стр 1,"проезд 1-й Красногвардейский 22, Стр 1",1,rv,Введено,ДЕСНА ГАЙРИМЕНКУЛЬ ЯТЫРЫМ,ЦАО,Пресненский,55.7580051,37.5654894,manual_exact,exact,True
проезд 1-й красногорский,проезд 1-й Красногорский,1,oks,Строится,ПИК,СЗАО,Щукино,55.8051302,37.4803087,district_centroid,approximate,True
проезд 1-й силикатный земельный участок 13/1,"проезд 1-й Силикатный, земельный участок 13/1",1,oks,Строится,ГРАНЕЛЬ,СЗАО,Хорошёво-Мнёвники,55.765528,37.4972546,district_centroid,approximate,True
проезд 1-й силикатный земельный участок 13/2 сзао хорошево-мневники,"проезд 1-й Силикатный, земельный участок 13/2, СЗАО, Хорошево-Мневники",1,oks,Строится,ГРАНЕЛЬ,СЗАО,Хорошёво-Мнёвники,55.765528,37.4972546,district_centroid,approximate,True
проезд 1-й стрелецкий 18,проезд 1-й Стрелецкий 18,1,rv,Введено,ФОНД РЕНОВАЦИИ,СВАО,Марьина Роща,55.798009,37.6064327,manual_exact,exact,True
проезд 12-й марьиной рощи дом 8 строение 3,Проезд 12-й Марьиной Рощи Дом 8 Строение 3,1,oks,Строится,МЕТМЕДМЕБЕЛЬ,СВАО,Марьина Роща,55.798009,37.6064327,district_centroid,approximate,True
проезд 2-й иртышский,проезд 2-й Иртышский,1,oks,Строится,ПИК,ВАО,Гольяново,55.8192198,37.7804658,nominatim,bus_stop,True
проезд 2-й нагатинский земельный участок 6/2 зу 6а,"проезд 2-й Нагатинский, земельный участок 6/2, з/у 6А",1,rv,Введено,ПИК,ЮАО,Нагатино-Садовники,55.6746117,37.6454806,manual_exact,exact,True
проезд 2-й тушинский земельный участок 1,"проезд 2-й Тушинский, земельный участок 1",1,rv,Введено,ПИК,СЗАО,Покровское-Стрешнево,55.8192621,37.4415913,manual_exact,exact,True
проезд 2-й хорошевский земельный участок 7/7,проезд 2-й Хорошёвский Земельный участок 7/7,3,oks,Строится,SEZAR GROUP,САО,Хорошёвский,55.7801228,37.5325428,district_centroid,approximate,True
проезд 3-й красногорский земельный участок 2,"проезд 3-й Красногорский, земельный участок 2",1,rv,Введено,ПИК,СЗАО,Щукино,55.8051302,37.4803087,manual_exact,exact,True
проезд 3-й подбельского дом 26 строение 1,Проезд 3-й Подбельского Дом 26 Строение 1,1,rv,Введено,РЖД,ВАО,Богородское,55.81164245,37.7153353,manual_exact,exact,True
проезд 3-й силикатный земельный участок 10/12 земельный участок 10/2,"проезд 3-й Силикатный, земельный участок 10/12, земельный участок 10/2",1,oks,Строится,MR GROUP,СЗАО,Хорошёво-Мнёвники,55.765528,37.4972546,district_centroid,approximate,True
проезд 4806,проезд 4806,1,rv,Введено,ЮВИСАН,ЗелАО,Крюково,55.7570001,37.6175175,nominatim,restaurant,True
проезд 5-й рощинский 1,проезд 5-й Рощинский 1,1,rv,Введено,ФОНД РЕНОВАЦИИ,ЮАО,Даниловский,55.711814,37.6597584,manual_exact,exact,True
проезд n 4806,Проезд N 4806,1,rv,Введено,ЮВИСАН,ЗелАО,Старое Крюково,55.7915987,37.5489196,nominatim,unclassified,True
проезд автомобильный вл 8,"проезд Автомобильный , вл. 8",7,oks,Строится,"ООО ""ХОЛДЕКС ГРУПП""",ЮВАО,Нижегородский,55.7282991,37.7079134,nominatim,tertiary,True
проезд астрадамский 9,проезд Астрадамский 9,1,rv,Введено,ФОНД РЕНОВАЦИИ,САО,Тимирязевский,55.8452897,37.5620884,manual_exact,exact,True
проезд боенский вл 11,"проезд Боенский, вл. 11",1,oks,Строится,Индивидуальный предприниматель ЖУКОВ ЕВГЕНИЙ ФЕДОРОВИЧ,ЮВАО,Нижегородский,55.7340719,37.6988427,nominatim,tertiary,True
проезд булатниковский 16б,проезд Булатниковский 16Б,1,rv,Введено,ФОНД РЕНОВАЦИИ,ЮАО,Бирюлево Западное,55.5897898,37.630707,manual_exact,exact,True
проезд дежнева 8,проезд Дежнёва 8,1,rv,Введено,ФОНД РЕНОВАЦИИ,СВАО,Северное Медведково,55.886639,37.6405375,manual_exact,exact,True
проезд дежнева вл 30 корп 3,"проезд Дежнева, вл. 30, корп. 3",1,rv,Введено,ФОНД РЕНОВАЦИИ,СВАО,Южное Медведково,55.883743,37.6366379,manual_exact,exact,True
проезд дежнева вл 32,"проезд Дежнева, вл. 32",1,rv,Введено,ФОНД РЕНОВАЦИИ,СВАО,Южное Медведково,55.870873,37.6365503,nominatim,secondary,True
проезд дорожный 1-й вл 1а/2,"проезд Дорожный 1-й, вл. 1А/2",1,oks,Строится,"ООО ""ВУКЛЭР""",ЮАО,Чертаново Центральное,55.6170863,37.5959994,district_centroid,approximate,True
проезд досфлота,проезд Досфлота,1,oks,Строится,"АО ""СК СТАРТ""",СЗАО,Южное Тушино,55.8406297,37.4572435,nominatim,residential,True
проезд досфлота вл 2,"проезд Досфлота, вл. 2",1,rv,Введено,ФОНД РЕНОВАЦИИ,СЗАО,Южное Тушино,55.8406297,37.4572435,nominatim,residential,True
проезд досфлота д 12,"проезд Досфлота, д. 12",1,rv,Введено,"АО СЗ ""КАПИТАЛ-ИНВЕСТ""",СЗАО,Южное Тушино,55.8406297,37.4572435,nominatim,residential,True
проезд жуков вл 21,"проезд Жуков, вл. 21",1,oks,Строится,"ООО СЗ ""СПЕЙС""",ЮАО,Даниловский,55.7222097,37.6462251,nominatim,tertiary,True
проезд западный 3-й вл 17 стр 1 2 4 5 6,"проезд Западный 3-й, вл 17, стр 1, 2, 4, 5, 6",1,oks,Строится,"ООО ""СЗ ""АЙГРИН""",ЗелАО,Силино,56.0080842,37.1406636,district_centroid,approximate,True
проезд измайловский 5а,проезд Измайловский 5А,1,rv,Введено,ПИК,ВАО,Измайлово,55.797943,37.7736403,manual_exact,exact,True
проезд ильменский 14 к7,"проезд Ильменский 14, К7",1,rv,Введено,MR GROUP,САО,Западное Дегунино,55.8710935,37.5304893,manual_exact,exact,True
проезд ильменский вл 12,"проезд Ильменский, вл. 12",1,rv,Введено,LEVEL GROUP,САО,Западное Дегунино,55.8581505,37.547069,nominatim,tertiary,True
проезд ильменский вл8 к3 зу 8а зу 10/1,"проезд Ильменский, вл.8, к.3, з/у 8А, з/у 10/1",1,oks,Строится,LEVEL GROUP,САО,Западное Дегунино,55.8710935,37.5304893,district_centroid,approximate,True
проезд ильменский земельный участок 11/1,"проезд Ильменский, земельный участок 11/1",1,oks,Строится,ПИК,САО,Западное Дегунино,55.8710935,37.5304893,district_centroid,approximate,True
проезд ильменский земельный участок 13/8,"проезд Ильменский, земельный участок 13/8",1,oks,Строится,ПИК,САО,Западное Дегунино,55.8710935,37.5304893,district_centroid,approximate,True
проезд красковский 1-й вл 38а,"проезд Красковский 1-й, вл. 38А",1,rv,Введено,ИЛКОН,ВАО,Косино-Ухтомский,55.722810325,37.8601839,manual_exact,exact,True
проезд красковский 1-й вл38а,"проезд Красковский 1-й, вл.38А",1,oks,Строится,ИЛКОН,ВАО,Косино-Ухтомский,55.722810325,37.8601839,manual_exact,exact,True
проезд мукомольный 2,проезд Мукомольный 2,1,rv,Введено,КП УГС,ЦАО,Пресненский,55.7580051,37.5654894,manual_exact,exact,True
проезд нагатинский 2-й вл 2/2,"проезд Нагатинский 2-й, вл. 2/2",1,rv,Введено,ПИК,ЮАО,Нагатино-Садовники,55.6746117,37.6454806,manual_exact,exact,True
проезд нагатинский 2-й зу 2/1,"проезд Нагатинский 2-й, з/у 2/1",1,rv,Введено,ПИК,ЮАО,Нагатино-Садовники,55.677645999999996,37.640307,geometry_permit,,True
проезд нансена земельный участок 8,"проезд Нансена, земельный участок 8",1,rv,Введено,ФОНД РЕНОВАЦИИ,СВАО,Свиблово,55.85444735,37.65271355,manual_exact,exact,True
проезд нижнелихоборский 3-й,проезд Нижнелихоборский 3-й,2,rv,Введено,ПИК,САО,Тимирязевский,55.8472002,37.5728654,nominatim,government,True
проезд огородный вл 25/20 строение 1,"проезд Огородный, вл. 25/20, строение 1",1,oks,Строится,ПРАВОСЛАВИЕ,СВАО,Бутырский,55.8116348,37.596868,district_centroid,approximate,True
проезд огородный дом 16/1,Проезд Огородный Дом 16/1,1,rv,Введено,PIONEER,СВАО,Бутырский,55.8116348,37.596868,manual_exact,exact,True
проезд огородный земельный участок 16/1,"проезд Огородный, земельный участок 16/1",1,rv,Введено,PIONEER,СВАО,Бутырский,55.8116348,37.596868,manual_exact,exact,True
проезд огородный земельный участок 6/1,Проезд Огородный Земельный участок 6/1,1,oks,Строится,UPSIDE DEVELOPMENT,СВАО,Бутырский,55.8116348,37.596868,district_centroid,approximate,True
проезд саперный земельный участок 14,"проезд Саперный, земельный участок 14",1,oks,Строится,ФОНД РЕНОВАЦИИ,ВАО,Ивановское,55.75078515,37.8303221,district_centroid,approximate,True
проезд серебрякова вл 11-13,"проезд Серебрякова, вл. 11-13",1,rv,Введено,AFI DEVELOPMENT,СВАО,Свиблово,55.85444735,37.65271355,manual_exact,exact,True
проезд сигнальный земельный участок 12,"проезд Сигнальный, земельный участок 12",1,oks,Строится,АКВИЛОН,СВАО,Отрадное,55.85055975,37.5782006,district_centroid,approximate,True
проезд старый петровско разумовский земельный участок 1/23,"проезд Старый Петровско Разумовский, земельный участок 1/23",1,rv,Введено,РГ-ДЕВЕЛОПМЕНТ,САО,Савёловский,55.75312215,37.5957454,manual_exact,exact,True
проезд стройкомбината,проезд Стройкомбината,1,oks,Строится,ПИК,ЗАО,Очаково-Матвеевское,55.6872338,37.4539844,nominatim,unclassified,True
проезд стройкомбината вл 1,"проезд Стройкомбината, вл. 1",1,oks,Строится,ПИК,ЗАО,Очаково-Матвеевское,55.6838693,37.4494727,nominatim,yes,True
проезд стройкомбината земельный участок 1/22,"проезд Стройкомбината, земельный участок 1/22",1,rv,Введено,ПИК,ЗАО,Очаково-Матвеевское,55.6907105,37.443805,manual_exact,exact,True
проезд черского дом 13 строение 4,"Проезд Черского дом 13, строение 4",1,oks,Строится,"ООО ""МАГМА""",СВАО,Алтуфьевский,55.87853345,37.5826882,district_centroid,approximate,True
проезд чечерский 14 к3,"проезд Чечёрский 14, К3",1,rv,Введено,РОССИЙСКАЯ АКАДЕМИЯ НАУК,ЮЗАО,Южное Бутово,55.54729475,37.5747165,manual_exact,exact,True
проезд чечерский 14 к4,"проезд Чечёрский 14, К4",1,rv,Введено,РОССИЙСКАЯ АКАДЕМИЯ НАУК,ЮЗАО,Южное Бутово,55.54729475,37.5747165,manual_exact,exact,True
проезд чечерский 14 к5,"проезд Чечёрский 14, К5",1,rv,Введено,РОССИЙСКАЯ АКАДЕМИЯ НАУК,ЮЗАО,Южное Бутово,55.54729475,37.5747165,manual_exact,exact,True
проезд шокальского вл 33,"Проезд Шокальского, вл. 33",1,rv,Введено,КП УГС,СВАО,Северное Медведково,55.886639,37.6405375,manual_exact,exact,True
проезд электролитный д 14а,"проезд Электролитный, д. 14А",1,rv,Введено,"ООО ""НЕОПАЛИМОВСКИЙ""",ЮАО,Нагорный,55.67199305,37.6133392,manual_exact,exact,True
проезд энтузиастов дом 11,Проезд Энтузиастов Дом 11,1,rv,Введено,"ООО ""С.М.-АУДИТ Ф""",ВАО,Соколиная Гора,55.7595442,37.7194095,nominatim,residential,True
проезд № 4807 зу 7/2 (пз восточная пересечение сосновой аллеи и фирсановского шоссе),"проезд № 4807, з/у 7/2 (ПЗ ""Восточная"", пересечение Сосновой аллеи и Фирсановского шоссе)",1,oks,Строится,"ООО ""СЭНДТРЕККЕР""",ЗелАО,Савёлки,55.9868367,37.2348652,district_centroid,approximate,True
проезд № 607 вл 12 к 4 г. москва ул маршала воробьева вл 12 корп 3.,"проезд № 607, вл. 12, к. 4, г. Москва, ул. Маршала Воробьева, вл. 12, корп. 3.",1,oks,Строится,"ООО ""СЗ ""ЛУЧ""",СЗАО,Строгино,55.794645,37.3863686,district_centroid,approximate,True
проезд № 684 дом 4а территория алабушево,"проезд № 684, дом 4А, территория Алабушево",3,oks,Строится,"ООО ""ГРИНГО""",ЗелАО,Силино,56.0080842,37.1406636,district_centroid,approximate,True
проект 46а квартал 15,"проект 46А, квартал 15",3,rv,Введено,СТРОЙКОМ,НАО,Коммунарка,55.581794,37.448441,district_centroid,approximate,True
проектируемый пр n 5082,Проектируемый пр. N 5082,1,oks,Строится,"ООО ""МАШУК""",САО,Молжаниновский,56.0078483,37.1541452,nominatim,works,True
проектируемый пр n 5082 вл 8,Проектируемый пр. N 5082 вл. 8,1,rv,Введено,"ООО ""МИРИДА ФИНАНС""",САО,Молжаниновский,55.9367,37.377,manual_exact,exact,True
проектируемый пр n 5112,Проектируемый пр. N 5112,1,rv,Введено,"ГБУ ""МАЦ""",ЮВАО,Печатники,56.0078483,37.1541452,nominatim,works,True
проектируемый пр № 5489 вл 14,"Проектируемый пр. № 5489, вл. 14",1,rv,Введено,"ООО ""АЛЬФАТРЕЙД""",САО,Хорошевский,55.7953866,37.504053,district_centroid,approximate,True
проектируемый проезд 4062 вл6 корпус 5,"Проектируемый проезд 4062, вл.6, корпус 5",1,rv,Введено,"ООО СЗ ""НАГАТИНСКИЙ ПАРК""",ЮАО,Даниловский,55.711814,37.6597584,manual_exact,exact,True
проектируемый проезд 658 зу 1 зелао крюково,"проектируемый проезд 658, з/у 1, ЗелАО, Крюково",1,rv,Введено,ПИК,ЗелАО,Крюково,55.9658925,37.173983,manual_exact,exact,True
проектируемый проезд № 4875,Проектируемый проезд № 4875,1,oks,Строится,AFI DEVELOPMENT,СВАО,Отрадное,55.8602261,37.5786158,nominatim,unclassified,True
проектируемый проезд № 661 № 1113 вл1,"Проектируемый проезд № 661, № 1113, вл.1",1,rv,Введено,"ГКУ ""МОСКВОРЕЧЬЕ""",ЮЗАО,Южное Бутово,55.54729475,37.5747165,manual_exact,exact,True
проектируемый проезд №5082,Проектируемый проезд №5082,1,oks,Строится,"ООО ""ВАШУТИНО""",САО,Краснопахорский,56.0078483,37.1541452,nominatim,works,True
производственная зона №11 огородный проезд,"Производственная зона №11 ""Огородный проезд""",1,oks,Строится,КОНЦЕРН КРОСТ,СВАО,Бутырский,55.8116348,37.596868,district_centroid,approximate,True
производственная зона №42 тушино,"Производственная зона №42 ""Тушино""",2,oks,Строится,LEVEL GROUP,СЗАО,Южное Тушино,55.8406297,37.447248,district_centroid,approximate,True
производственная зу 17а/21б,"Производственная, зу 17А/21Б",1,rv,Введено,ЛСР,ЗАО,Солнцево,55.6521865,37.40060335,manual_exact,exact,True
производственная зу 19а,Производственная зу 19А,2,rv,Введено,ЛСР,ЗАО,Солнцево,55.6521865,37.40060335,manual_exact,exact,True
производственная ул вл 6,Производственная ул. вл. 6,1,rv,Введено,ЛСР,ЗАО,Солнцево,55.6521865,37.3875304,nominatim,secondary,True
производственная ул д 4а (производственная ул вл6),"Производственная ул., д. 4А (Производственная ул., вл.6)",1,rv,Введено,ЛСР,ЗАО,Солнцево,55.6521865,37.40060335,manual_exact,exact,True
производственная ул д12 к 1 к 2,"ПРОИЗВОДСТВЕННАЯ УЛ., Д.12, К. 1, К. 2",1,rv,Введено,ЛСР,ЗАО,Солнцево,55.6521865,37.40060335,manual_exact,exact,True
производственная улица земельный участок 25/1,"Производственная улица, земельный участок 25/1",2,oks,Строится,ЛСР,ЗАО,Солнцево,55.6521865,37.40060335,district_centroid,approximate,True
пролетарский просп. вл 16/3,Пролетарский просп. вл. 16/3,1,rv,Введено,ФОНД РЕНОВАЦИИ,ЮАО,Царицыно,55.6267611,37.6571114,manual_exact,exact,True
пролетарский просп. д30,"ПРОЛЕТАРСКИЙ ПРОСП., Д.30",1,rv,Введено,АШАН,ЮАО,Царицыно,55.6267611,37.6571114,manual_exact,exact,True
пролетарский проспект земельный участок 24/2/1,"Пролетарский проспект, земельный участок 24/2/1",2,oks,Строится,"АНО ""РСИ""",ЮАО,Царицыно,55.6267611,37.6571114,district_centroid,approximate,True
промзона солнечная корп 3 (ул 2-я карпатская зу 2б),"промзона ""Солнечная"", корп. 3 (ул. 2-я Карпатская, з/у 2Б)",1,oks,Строится,"ООО ""СИТИКОНСТРАКШЕН""",ЗАО,Солнцево,55.6521865,37.40060335,district_centroid,approximate,True
промзона циэ,промзона ЦИЭ,4,rv,Введено,ПИК,ЗелАО,Крюково,55.964671,37.1733845,geometry_permit,,True
промзона № 37 очаково пр пр 1901,"промзона № 37 «Очаково», пр. пр. 1901",1,oks,Строится,"ООО ""ВЕНТА""",ЗАО,Очаково-Матвеевское,55.6907105,37.443805,district_centroid,approximate,True
промышленная,Промышленная,7,rv,Введено,ТОРГОВО-ПРОМЫШЛЕННАЯ ПАЛАТА РОССИЙСКОЙ ФЕДЕРАЦИИ,ТАО,Троицк,55.8072287,37.4983079,nominatim,college,True
промышленная зона руднево,"Промышленная зона ""Руднево""",14,rv,Введено,ОЭЗ ТЕХНОПОЛИС МОСКВА,ВАО,Косино-Ухтомский,55.4346692,36.9674509,manual_exact,exact,True
промышленная ул (г.троицк),Промышленная ул. (г.Троицк),1,oks,Строится,"ООО ""ЭКОДОМ""",ТАО,Троицк,55.5274153,37.2817736,district_centroid,approximate,True
промышленная улица вл 6,"Промышленная улица, вл. 6",1,oks,Строится,ГЛАВСТРОЙ,ЮАО,Царицыно,55.6337969,37.6428646,nominatim,unclassified,True
промышленная улица земельный участок 1а,"Промышленная улица, земельный участок 1А",1,oks,Строится,"ООО ""ТЕХНОСПАРК ДЕВЕЛОПМЕНТ""",ТАО,Троицк,55.5274153,37.2817736,district_centroid,approximate,True
промышленный проезд вл 5 стр 1 2 3 4,"Промышленный проезд, вл. 5, стр. 1, 2, 3, 4",1,oks,Строится,"АО ""ФОРП""",ЗАО,Филёвский Парк,55.7504635,37.5074345,district_centroid,approximate,True
просп. ленинградский вл 37,"просп. Ленинградский, вл. 37",2,oks,Строится,OPTIMA DEVELOPMENT,САО,Хорошёвский,55.7801228,37.5775666,nominatim,primary,True
просп. ломоносовский вл 36 ,"просп. Ломоносовский, вл. 36,",1,rv,Введено,ЭТАЛОН,ЗАО,Раменки,55.7064699,37.5137637,nominatim,secondary,True
просп. рязанский вл 2,"просп. Рязанский, вл. 2",1,oks,Строится,1,ЮВАО,Нижегородский,55.7258386,37.7610357,nominatim,primary,True
проспект 40 лет октября земельный участок 18/13,"проспект 40 лет Октября, земельный участок 18/13",1,oks,Строится,ФОНД РЕНОВАЦИИ,ЮВАО,Люблино,55.6681995,37.7454006,district_centroid,approximate,True
проспект андропова,проспект Андропова,2,oks; rv,Строится; Введено,А101; ЭТАЛОН,ЮАО,Даниловский,55.6749376,37.6626816,nominatim,primary,True
проспект андропова вл 9/1,"проспект Андропова, вл. 9/1",1,rv,Введено,РЕГИОНЫ-ДЕВЕЛОПМЕНТ,ЮАО,Нагатинский затон,55.6761679,37.6638898,nominatim,primary,True
проспект андропова земельный участок 11/1,"проспект Андропова, земельный участок 11/1",1,rv,Введено,РЕГИОНЫ-ДЕВЕЛОПМЕНТ,ЮАО,Нагатинский Затон,55.6820448,37.6907376,manual_exact,exact,True
проспект буденного вл 51,"проспект Будённого, вл. 51",1,oks,Строится,"АНО ""РСИ""",ВАО,Соколиная Гора,55.7605356,37.7370939,nominatim,secondary,True
проспект буденного земельный участок 49,"проспект Буденного, земельный участок 49",1,oks,Строится,ФОНД РЕНОВАЦИИ,ВАО,Соколиная Гора,55.7654052,37.7370939,district_centroid,approximate,True
проспект вернадского 12 б,Проспект Вернадского 12 Б,1,rv,Введено,КП УГС,ЗАО,Раменки,55.6768257,37.5002093,nominatim,administrative,True
проспект вернадского вл 10,"проспект Вернадского, вл. 10",1,rv,Введено,ФСО РОССИИ,ЗАО,Проспект Вернадского,55.6768257,37.5002093,nominatim,administrative,True
проспект вернадского вл 41.,"Проспект Вернадского, вл. 41.",1,rv,Введено,"ООО ""КАРВЕН""",ЗАО,Проспект Вернадского,55.6729,37.5060646,manual_exact,exact,True
проспект вернадского вл 6в,"проспект Вернадского, вл. 6В",1,oks,Строится,АБСОЛЮТ,ЗАО,Раменки,55.7010074,37.5041069,district_centroid,approximate,True
проспект вернадского вл 76,"проспект Вернадского, вл. 76",1,rv,Введено,МИД РОССИИ,ЗАО,Проспект Вернадского,55.6729,37.5060646,manual_exact,exact,True
проспект вернадского вл 78 участок №2,"проспект Вернадского, вл. 78, участок №2",1,rv,Введено,МОСКОВСКИЙ ФОНД ЗАЩИТЫ ПРАВ ДОЛЬЩИКОВ,ЗАО,Тропарёво-Никулино,55.67133680000001,37.4655932,manual_exact,exact,True
проспект вернадского вл 82,"проспект Вернадского, вл. 82",1,oks,Строится,ПРАВИТЕЛЬСТВО РОССИЙСКОЙ ФЕДЕРАЦИИ,ЗАО,Тропарёво-Никулино,55.6768257,37.5002093,nominatim,administrative,True
проспект вернадского вл4,"проспект Вернадского, вл.4",1,rv,Введено,"АО ""ИЭ ЖКХ""",ЗАО,Раменки,55.6768257,37.5002093,nominatim,administrative,True
проспект вернадского д 58,"ПРОСПЕКТ ВЕРНАДСКОГО, Д. 58",1,rv,Введено,КП УГС,ЗАО,Проспект Вернадского,55.6729,37.5060646,manual_exact,exact,True
проспект вернадского земельный участок 12б/7,"проспект Вернадского, земельный участок 12Б/7",1,oks,Строится,SEZAR GROUP,ЗАО,Раменки,55.7010074,37.5041069,district_centroid,approximate,True
проспект вернадского земельный участок 8б,"проспект Вернадского, земельный участок 8Б",3,rv,Введено,LEVEL GROUP,ЗАО,Раменки,55.691544,37.518328999999994,geometry_permit,,True
проспект вернадского зу 12б,"проспект Вернадского, з/у 12Б",1,rv,Введено,КП УГС,ЗАО,Раменки,55.6880225,37.510892,geometry_address_match,,True
проспект вернадского зу 75/2,"Проспект Вернадского, з/у 75/2",1,rv,Введено,ФОНД РЕНОВАЦИИ,ЗАО,Проспект Вернадского,55.6729,37.5060646,manual_exact,exact,True
проспект вернадского кв. 32-33 корп77-1,"проспект Вернадского, кв. 32-33, корп.77-1",1,rv,Введено,КП УГС,ЗАО,Проспект Вернадского,55.6729,37.5060646,manual_exact,exact,True
проспект вернадского ленинский проспект земельный участок 108/2,"Проспект Вернадского, Ленинский проспект, земельный участок 108/2",1,oks,Строится,"ООО ФИРМА ""ЛАМА""",ЗАО,Проспект Вернадского,55.6729,37.5060646,district_centroid,approximate,True
проспект вернадского пересечение рижского направления и малого кольца московской железной дороги,"Проспект Вернадского, пересечение Рижского направления и Малого кольца Московской железной дороги",1,oks,Строится,РЖД,ЗАО,Проспект Вернадского,55.6729,37.5060646,district_centroid,approximate,True
проспект вернадского у станции метроюго-западная,"Проспект Вернадского, у станции метро""Юго-Западная""",1,rv,Введено,SEZAR GROUP,ЗАО,Тропарёво-Никулино,55.67133680000001,37.4655932,manual_exact,exact,True
проспект генерала алексеева вл 17-19,"проспект Генерала Алексеева, вл. 17-19",7,rv,Введено,ПИК,ЗелАО,Силино,56.0080842,37.1406636,manual_exact,exact,True
проспект куприна,проспект Куприна,4,rv,Введено,А101,НАО,Коммунарка,55.5393001,37.4709778,nominatim,secondary,True
проспект куприна земельный участок 2б,"проспект Куприна, земельный участок 2Б",1,oks,Строится,САМОЛЕТ,НАО,Коммунарка,55.581794,37.448441,district_centroid,approximate,True
проспект куприна земельный участок 3,"проспект Куприна, земельный участок 3",4,rv,Введено,А101,НАО,Коммунарка,55.5382184,37.4564006,nominatim,secondary,True
проспект куприна земельный участок 40,"проспект Куприна, земельный участок 40",1,rv,Введено,САМОЛЕТ,НАО,Коммунарка,55.581794,37.448441,manual_exact,exact,True
проспект куприна зу 24/1,"проспект Куприна, З/У 24/1",1,rv,Введено,"ПУБЛИЧНОЕ АКЦИОНЕРНОЕ ОБЩЕСТВО ""ПИК-СПЕЦИАЛИЗИРОВАННЫЙ ЗАСТРОЙЩИК""",НАО,Коммунарка,55.5460505,37.4783415,geometry_permit,,True
проспект куприна зу 3,"проспект Куприна, з/у 3",1,rv,Введено,А101,НАО,Коммунарка,55.5382184,37.4564006,nominatim,secondary,True
проспект кутузовский д 37 стр 1,"проспект Кутузовский, д. 37 стр. 1",2,oks,Строится,РЖД,ЦАО,Пресненский,55.7514562,37.5654894,nominatim,hotel,True
проспект ленинградский дом 34а,Проспект Ленинградский Дом 34А,1,rv,Введено,ALCON,САО,Беговой,55.7828983,37.563588,manual_exact,exact,True
проспект лихачева дом 15,"проспект Лихачева, дом 15",1,rv,Введено,ФИН-ПАРТНЕР,ЮАО,Даниловский,55.6995137,37.6408847,nominatim,unclassified,True
проспект мира вл 119 свао останкинский,"проспект мира вл. 119, СВАО, Останкинский",1,oks,Строится,"АО ""ВДНХ""",СВАО,Останкинский,55.8386265,37.6302466,district_centroid,approximate,True
проспект мира вл 119 стр 19,"проспект Мира, вл. 119, стр. 19",1,rv,Введено,ГОСКОРПОРАЦИЯ РОСАТОМ,СВАО,Останкинский,55.8386265,37.6302466,manual_exact,exact,True
проспект мира вл 127-129,"проспект Мира, вл. 127-129",1,oks,Строится,"ООО ""ЮДЖИН-ЭСТЕЙТ""",СВАО,Ростокино,55.8328934,37.6506684,district_centroid,approximate,True
проспект мира вл105,"проспект Мира, вл.105",1,rv,Введено,ТРАНССТРОЙИНВЕСТ,СВАО,Останкинский,55.8386265,37.6605677,nominatim,primary,True
проспект мира д 135а,"проспект Мира, д. 135А",1,rv,Введено,ФОНД РЕНОВАЦИИ,СВАО,Ростокино,55.8328934,37.6506684,manual_exact,exact,True
проспект мира д 95,"проспект Мира, д. 95",1,rv,Введено,НОВАРД,СВАО,Останкинский,55.8386265,37.6302466,manual_exact,exact,True
проспект мира дом 119,"проспект Мира, дом 119",1,rv,Введено,"КП ""ВДНХ""",СВАО,Останкинский,55.8333762,37.6346337,nominatim,yes,True
проспект рязанский,проспект Рязанский,1,rv,Введено,"ООО ""СЗ ""ЭС АЙ ЭС ДЕВЕЛОПМЕНТ""",ЮВАО,Рязанский,55.7187625,37.7859233,nominatim,post_office,True
проспект рязанский вл 2,"проспект Рязанский, вл. 2",1,oks,Строится,АКВИЛОН,ЮВАО,Нижегородский,55.7257698,37.7624491,nominatim,tertiary,True
пудовкина ул вл 4а,Пудовкина ул. вл. 4а,1,rv,Введено,МИНЭКОНОМРАЗВИТИЯ РОССИИ,ЗАО,Раменки,55.7261041,37.5286959,nominatim,residential,True
пулковская ул вл 3,Пулковская ул. вл. 3,1,rv,Введено,ФОНД РЕНОВАЦИИ,САО,Головинский,55.843845,37.4809539,nominatim,residential,True
пыхтино дер уч 6/1,"ПЫХТИНО ДЕР., уч.6/1",1,rv,Введено,ПИК,НАО,Внуковское,55.63048275,37.33501749999999,manual_exact,exact,True
пятницкая ул вл 24 стр 4,"Пятницкая ул., вл. 24, стр. 4",1,oks,Строится,ИНДИВИДУАЛЬНЫЕ ПРЕДПРИНИМАТЕЛИ,ЦАО,Замоскворечье,55.7402846,37.6328629,district_centroid,approximate,True
пятницкое шоссе земельный участок 4,"Пятницкое шоссе, земельный участок 4",1,oks,Строится,ИНДИВИДУАЛЬНЫЕ ПРЕДПРИНИМАТЕЛИ,СЗАО,Митино,55.8484195,37.3670608,district_centroid,approximate,True
р-н крюково промзона циэ,"р-н Крюково, Промзона ЦИЭ",2,oks,Строится,ПИК,ЗелАО,Крюково,55.9658925,37.173983,district_centroid,approximate,True
р-н левобережный мкр.1б корп 39а,"р-н Левобережный, мкр.1Б, корп. 39А",1,rv,Введено,СК ЛЮБЕРЕЦКИЙ,САО,Левобережный,55.8692475,37.4578945,manual_exact,exact,True
р-н москворечье-сабурово р-н царицыно,"р-н Москворечье-Сабурово, р-н Царицыно",1,rv,Введено,"ГКУ ""УДМС""",ЮАО,Москворечье-Сабурово,55.6457793,37.6342936,manual_exact,exact,True
р-н московский говорово дер,"р-н Московский, Говорово дер.",1,oks,Строится,"ООО ""ВОЗРОЖДЕНИЕ""",НАО,Солнцево,55.6521865,37.40060335,district_centroid,approximate,True
р-н ново-переделкино пересечение боровского шоссе и ул чоботовская,"р-н Ново-Переделкино, пересечение Боровского шоссе и ул. Чоботовская",1,rv,Введено,"АО СЗ ""ЦЕНТР-ИНВЕСТ""",ЗАО,Ново-Переделкино,55.644386,37.3591625,geometry_permit,,True
р-н останкинский березовая аллея,"р-н Останкинский, Березовая аллея",1,oks,Строится,"ООО ""Д-ИНВЕСТ""",СВАО,Останкинский,55.8484734,37.6212401,nominatim,secondary,True
р-н печатники,р-н Печатники,3,rv,Введено,РЖД,ЮВАО,Печатники,55.6849592,37.7236236,nominatim,administrative,True
р-н таганский котельническая наб. вл 21,"р-н Таганский, Котельническая наб., вл. 21",1,rv,Введено,СК-207,ЦАО,Таганский,55.7470449,37.6407555,nominatim,primary,True
р. бескудиновский западное дегунино тимирязевский марфино,"Р. БЕСКУДИНОВСКИЙ, ЗАПАДНОЕ ДЕГУНИНО, ТИМИРЯЗЕВСКИЙ, МАРФИНО",1,rv,Введено,МОСКОВСКИЙ МЕТРОПОЛИТЕН,"САО, СВАО","Бескудиноский, Западное Дегунино, Тимирязевский, Марфино",55.8452897,37.5620884,manual_exact,exact,True
радиальная 6-я ул вл 7 корп 27 28 29,"Радиальная 6-я ул. вл. 7 корп. 27,28,29",1,rv,Введено,"АО ""МОСОТДЕЛСТРОЙ № 1""",ЮАО,Бирюлёво Восточное,55.6234134,37.7935045,manual_exact,exact,True
радиальная 6-я ул вл 7 корп 5.1,Радиальная 6-я ул. вл. 7 корп. 5.1,1,rv,Введено,"АО ""МОСОТДЕЛСТРОЙ № 1""",ЮАО,Бирюлёво Восточное,55.6234134,37.7935045,manual_exact,exact,True
радиальная 6-я ул вл 7 корп28/29,Радиальная 6-я ул. вл. 7 корп.28/29,1,rv,Введено,"АО ""МОСОТДЕЛСТРОЙ № 1""",ЮАО,Бирюлёво Восточное,55.6234134,37.7935045,manual_exact,exact,True
радиальная 6-я ул вл7 участок 20,"Радиальная 6-я ул., вл.7, участок 20",1,oks,Строится,"АНО ""РСИ""",ЮАО,Бирюлёво Восточное,55.6234134,37.7935045,district_centroid,approximate,True
радиаторская 3-я ул вл 17 17/1,"Радиаторская 3-я ул. вл. 17, 17/1",1,oks,Строится,ПРАВИТЕЛЬСТВО РОССИЙСКОЙ ФЕДЕРАЦИИ,САО,Войковский,55.8223248,37.50493375,district_centroid,approximate,True
радужная ул вл 14 стр 2,Радужная ул. вл. 14 стр. 2,1,rv,Введено,ФОНД РЕНОВАЦИИ,СВАО,Бабушкинский,55.8661636,37.66230705,manual_exact,exact,True
радужная улица земельный участок 15/3,"Радужная улица, земельный участок 15/3",1,rv,Введено,ФОНД РЕНОВАЦИИ,СВАО,Бабушкинский,55.8661636,37.66230705,manual_exact,exact,True
развитиежелезнодорожнойинфраструктуры московской железнойдороги на курском направлении. iii и ivглавные пути москва-пассажирская-курская- люблино строительство о.п.новохохловская (первоочередные работы),«Развитиежелезнодорожнойинфраструктуры Московской железнойдороги на Курском направлении. III и IVглавные пути Москва-Пассажирская-Курская- Люблино» строительство о.п.Новохохловская (первоочередные работы)»,1,rv,Введено,РЖД,ЮВАО,Нижегородский,55.7297194,37.7095577,manual_exact,exact,True
район бескудниковский мкр. 6 корп 16,"район Бескудниковский, мкр. 6, корп. 16",1,rv,Введено,КП УГС,САО,Бескудниковский,55.8725195,37.5462316,manual_exact,exact,True
район братеево (бесединское шоссе вл17),"район Братеево (Бесединское шоссе, вл.17)",1,rv,Введено,МОСКОВСКИЙ МЕТРОПОЛИТЕН,ЮАО,Братеево,55.6190274,37.7778924,nominatim,primary,True
район д мамыри уч 77/2,"район д. Мамыри, уч. 77/2",1,oks,Строится,"ООО ""АВТОРУСЬ ТТК""",НАО,Коммунарка,55.581794,37.448441,district_centroid,approximate,True
район даниловский,район Даниловский,2,oks; rv,Строится; Введено,"ГКУ ""УДМС""",ЮАО,Даниловский,55.7175334,37.6433584,nominatim,station,True
район дорогомилово,район Дорогомилово,3,oks,Строится,РЖД,ЗАО,Дорогомилово,55.7398697,37.5365271,nominatim,administrative,True
район зюзино,район Зюзино,1,rv,Введено,МОСКОВСКИЙ МЕТРОПОЛИТЕН,ЮЗАО,Зюзино,55.6531418,37.5867464,nominatim,administrative,True
район коньково промзона 35 воронцово участок 2,"район Коньково, промзона 35 ""Воронцово"", участок 2",1,oks,Строится,ПРАВИТЕЛЬСТВО РОССИЙСКОЙ ФЕДЕРАЦИИ,ЮЗАО,Коньково,55.64880935,37.5488697,district_centroid,approximate,True
район крюково,район Крюково,5,oks; rv,Строится; Введено,"РЖД; ГКУ ""УДМС""",ЗелАО,Крюково,55.9763429,37.1596291,nominatim,administrative,True
район кунцево,район Кунцево,1,oks,Строится,ИНВЕСТИЦИОННАЯ КОМПАНИЯ ЛИДЕР,ЗАО,Кунцево,55.7426325,37.3974723,nominatim,administrative,True
район кунцево квартал 120,"район Кунцево, квартал 120",1,oks,Строится,"АО ""РУБЛЕВО-АРХАНГЕЛЬСКОЕ""",ЗАО,Кунцево,55.8029211,37.3477553,nominatim,quarter,True
район кунцево мкад 59 км,"район Кунцево, МКАД 59 км",1,oks,Строится,"ООО ФИРМА ""МИКСТРЕЙД""",ЗАО,Кунцево,55.7537627,37.3685925,nominatim,bus_stop,True
район лосиноостровский ул изумрудная земельный участок 28а,"район Лосиноостровский, ул. Изумрудная, земельный участок 28А",1,oks,Строится,ФОНД РЕНОВАЦИИ,СВАО,Лосиноостровский,55.8641682,37.6872725,district_centroid,approximate,True
район марфино,район Марфино,1,rv,Введено,"ГКУ ""УДМС""",СВАО,Марфино,55.8309084,37.5914584,nominatim,administrative,True
район марьина роща,район Марьина Роща,1,oks,Строится,"ООО ""СЗ ""МАРЬИНА РОЩА""",СВАО,Марьина Роща,55.797837,37.6109903,nominatim,administrative,True
район марьино,район Марьино,1,oks,Строится,"ГКУ ""УДМС""",ЮВАО,Марьино,55.650711,37.7353743,nominatim,administrative,True
район митино,район Митино,1,oks,Строится,РЖД,СЗАО,Митино,55.8454574,37.3670608,nominatim,administrative,True
район московский,район Московский,1,rv,Введено,АБСОЛЮТ,НАО,Филимонковский,55.7022972,37.5317977,nominatim,university,True
район некрасовка кв. 13,"район Некрасовка, кв. 13",1,rv,Введено,КП УГС,ЮВАО,Некрасовка,55.6883621,37.9289173,manual_exact,exact,True
район некрасовка кв. 17 ул маресьева дом 12а,"район Некрасовка, кв. 17, ул. Маресьева Дом 12А",1,rv,Введено,КП УГС,ЮВАО,Некрасовка,55.6883621,37.9289173,manual_exact,exact,True
район обручевский зу 23а,"район Обручевский, з/у 23А",1,rv,Введено,TEKTA GROUP,ЮЗАО,Обручевский,55.6575505,37.5383225,district_centroid,approximate,True
район пресненский,район Пресненский,3,oks,Строится,РЖД,ЗАО,Солнцево,55.7493807,37.5385448,nominatim,commercial,True
район силино,район Силино,1,oks,Строится,"ООО ""ВЕЛФАРМ-М""",ЗелАО,Силино,56.0017567,37.1688978,nominatim,administrative,True
район соколиная гора,район Соколиная Гора,1,oks,Строится,,ВАО,Соколиная Гора,55.7654052,37.7370939,district_centroid,approximate,True
район солнцево,район Солнцево,1,rv,Введено,КП УГС,ЗАО,Солнцево,55.647305,37.400799,nominatim,administrative,True
район солнцево квартал 32 земельный участок 17б/3,"район Солнцево, квартал 32, земельный участок 17Б/3",1,oks,Строится,"ООО ""АТИК КОНСТРАКШН""",ЗАО,Солнцево,55.6521865,37.40060335,district_centroid,approximate,True
район строгино проезд № 607 вл 21,"район Строгино, проезд № 607, вл. 21",1,oks,Строится,"ООО ""СИТИ СТРОГИНО""",СЗАО,Строгино,55.7893448,37.3826211,nominatim,tertiary,True
район тепличного комбината № 1 третий микрорайон квартал 1,"район тепличного комбината № 1, третий микрорайон, квартал 1",1,rv,Введено,АБСОЛЮТ,НАО,Коммунарка,55.604071,37.3762295,geometry_permit,,True
район филевский парк,район Филевский Парк,1,oks,Строится,"ГКУ ""УДМС""",ЗАО,Филёвский Парк,55.747055,37.49218,nominatim,administrative,True
район черемушки,район Черемушки,1,rv,Введено,МОСКОВСКИЙ МЕТРОПОЛИТЕН,ЮЗАО,Черемушки,55.6635403,37.5610662,nominatim,administrative,True
район южное бутово мкр. б-1 корп 28 г-5,"район Южное Бутово, мкр. Б-1, корп. 28, Г-5",1,oks,Строится,"ООО ""СВИТЛАЙН""",ЮЗАО,Южное Бутово,55.54729475,37.5747165,district_centroid,approximate,True
районы марьино люблино печатники,"районы Марьино, Люблино, Печатники",5,oks,Строится,"ГКУ ""УДМС""",ЮВАО,Печатники,55.6990676,37.6984857,district_centroid,approximate,True
районы москворечье-сабурово нагатино-садовники нагорный,"районы Москворечье-Сабурово, Нагатино-Садовники, Нагорный",1,oks,Строится,"ГКУ ""УДМС""",ЮАО,Москворечье-Сабурово,55.6457793,37.6342936,district_centroid,approximate,True
районы обручевский проспект вернадского коньково теплый стан мосрентген сосенское,"районы Обручевский, Проспект Вернадского, Коньково, Теплый стан, Мосрентген, Сосенское",1,oks,Строится,,ЮЗАО,Обручевский,55.6575505,37.5383225,district_centroid,approximate,True
раменки,Раменки,1,rv,Введено,ДОНСТРОЙ,ЗАО,Раменки,55.7018348,37.5041069,nominatim,administrative,True
раменский бульвар дом 1,"Раменский бульвар, дом 1",1,rv,Введено,КП УГС,ЗАО,Раменки,55.6949765,37.5073707,nominatim,tertiary,True
раменский бульвар дом 1 строение 1,"Раменский бульвар, дом 1, строение 1",1,rv,Введено,ФОНД РАЗВИТИЯ МОСКОВСКОГО УНИВЕРСИТЕТА,ЗАО,Раменки,55.7010074,37.5041069,manual_exact,exact,True
рассказовка дер,Рассказовка дер.,1,rv,Введено,SEZAR GROUP,НАО,Внуково,55.58975,37.26383705,manual_exact,exact,True
рассказовка дер уч 13/2,Рассказовка дер. уч. 13/2,1,rv,Введено,АБСОЛЮТ,НАО,Внуково,55.58975,37.26383705,manual_exact,exact,True
рассказовка дер уч № 13/4 кв. 17,"Рассказовка дер., уч. № 13/4, кв. 17",4,rv,Введено,АБСОЛЮТ,НАО,Внуково,55.58975,37.26383705,manual_exact,exact,True
рассказовская ул напротив д 30,"Рассказовская ул. , напротив д. 30",1,oks,Строится,ПРАВОСЛАВИЕ,ЗАО,Внуково,55.58975,37.26383705,district_centroid,approximate,True
резервный 11а,Резервный 11А,1,rv,Введено,"ООО ""ВОСТОК""",ЗАО,Дорогомилово,55.7406035,37.5521096,nominatim,commercial,True
речников ул вл 22,Речников ул. вл. 22,1,rv,Введено,ФОНД РЕНОВАЦИИ,ЮАО,Нагатинский Затон,55.6804731,37.6907376,nominatim,tertiary,True
рогачевский пер вл 3а,Рогачевский пер. вл. 3А,1,rv,Введено,"ГБУ ""ДИРЕКЦИЯ РАЗВИТИЯ ОБЪЕКТОВ ЗДРАВООХРАНЕНИЯ ГОРОДА МОСКВЫ""",САО,Бескудниковский,55.8681401,37.5545426,nominatim,residential,True
рогово пос,Рогово пос.,2,rv,Введено,"ЖСК ""РОГОВСКИЙ""",ТАО,Вороново,55.323827,37.3468956,manual_exact,exact,True
родниковая ул влд. 4/1,"Родниковая ул., влд. 4/1",1,rv,Введено,ФОНД РЕНОВАЦИИ,ЗАО,Солнцево,55.6521865,37.40060335,manual_exact,exact,True
родниковая улица влд. 5а,"Родниковая улица, влд. 5А",1,rv,Введено,ФОНД РЕНОВАЦИИ,ЗАО,Солнцево,55.6521865,37.40060335,manual_exact,exact,True
рождествено с. (вблизи),Рождествено с. (вблизи),2,oks,Строится,ПИК,СЗАО,Митино,55.8484195,37.3670608,district_centroid,approximate,True
рождествено участок №7,"Рождествено, участок №7",1,rv,Введено,АКВИЛОН,СЗАО,Митино,55.8484195,37.3670608,manual_exact,exact,True
российская федерация внутригородская территория муниципальный округ некрасовка улица вертолетчиков земельный участок 26,"Российская Федерация, , , внутригородская территория муниципальный округ Некрасовка, улица Вертолетчиков, земельный участок 26",2,rv,Введено,КП УГС,ЮВАО,Некрасовка,55.6883621,37.9289173,manual_exact,exact,True
российская федерация внутригородская территория муниципальный округ очаково-матвеевское рябиновая улица дом 40в,"Российская Федерация, , внутригородская территория муниципальный округ Очаково-Матвеевское, Рябиновая улица, дом 40В",1,rv,Введено,САТУРН-ШБС-3,ЗАО,Очаково-Матвеевское,55.6907105,37.443805,manual_exact,exact,True
российская федерация город внутригородская территория поселение вороновское варшавское шоссе 64-й километр дом 1 строение 11,"Российская Федерация, город , внутригородская территория поселение Вороновское, Варшавское шоссе, 64-й километр, дом 1, строение 11",1,rv,Введено,"ГБУ ""МИГРАЦИОННЫЙ ЦЕНТР""",ТАО,Вороново,55.323827,37.3468956,manual_exact,exact,True
российская федерация город москва внутригородская территория муниципальный округ московречье-сабурово 1-й котляковский переулок дом 2б,"Российская Федерация, город Москва, внутригородская территория муниципальный округ Московречье-Сабурово, 1-й Котляковский переулок, дом 2Б",1,rv,Введено,PIONEER,ЮАО,Москворечье-Сабурово,55.6457793,37.6342936,manual_exact,exact,True
российская федерация город москва набережная космодамианская д 22 стр 1 1а,"Российская Федерация, город Москва, набережная Космодамианская, д. 22, стр. 1, 1А",1,rv,Введено,УЭЗ,ЦАО,Замоскворечье,55.7402846,37.6328629,manual_exact,exact,True
россия москва западный административный округ,"Россия, Москва, Западный административный округ",1,oks,Строится,РЖД,ЦАО,Пресненский,55.7580051,37.5654894,district_centroid,approximate,True
рублевское шоссе вл 105,"Рублевское шоссе, вл. 105",1,rv,Введено,ПИК,ЗАО,Кунцево,55.74346005,37.39999495,manual_exact,exact,True
рублевское шоссе вл 135,"Рублевское шоссе, вл. 135",1,oks,Строится,МИНЗДРАВ РОССИИ,ЗАО,Кунцево,55.7359767,37.4395034,nominatim,residential,True
рублевское шоссе вл 54,"Рублевское шоссе, вл. 54",3,oks; rv,Строится; Введено,ПРАВОСЛАВИЕ,ЗАО,Крылатское,55.7604208,37.3894104,nominatim,primary,True
рублевское шоссе вл 68-70,"Рублевское шоссе, вл. 68-70",1,oks,Строится,"ООО ""СТРОЙ ВЕСТ""",ЗАО,Крылатское,55.7493698,37.4120281,district_centroid,approximate,True
рублевское шоссе д 70 к 2,"РУБЛЕВСКОЕ ШОССЕ, Д. 70, К. 2",1,rv,Введено,"ООО ""СТРОЙ ВЕСТ""",ЗАО,Крылатское,55.7493698,37.4120281,manual_exact,exact,True
рублевское шоссе д 70 к 6 7 соор. 8 10,"РУБЛЕВСКОЕ ШОССЕ, Д. 70, К. 6, 7, СООР. 8, 10",1,rv,Введено,"ООО ""СТРОЙ ВЕСТ""",ЗАО,Крылатское,55.7493698,37.4120281,manual_exact,exact,True
рублевское шоссе д 70 стр4,"Рублевское шоссе, д. 70, стр.4",1,rv,Введено,"ООО ""СТРОЙВЕСТ""",ЗАО,Крылатское,55.7493698,37.4120281,manual_exact,exact,True
рублевское шоссе д22 к 2,"РУБЛЕВСКОЕ ШОССЕ, Д.22, К. 2",1,rv,Введено,"ГСК ""ГАРАНТ""",ЗАО,Кунцево,55.74346005,37.39999495,manual_exact,exact,True
рублевское шоссе земельный участок 66,"Рублевское шоссе, земельный участок 66",9,oks,Строится,MR GROUP,ЗАО,Крылатское,55.7493698,37.4120281,nominatim,bus_stop:fallback,True
рубцовская наб. вл 2/18,"Рубцовская наб., вл. 2/18",2,oks,Строится,МИНОБРНАУКИ РОССИИ,ЦАО,Басманный,55.7672809,37.6697732,district_centroid,approximate,True
румянцево дер вл 17е,Румянцево дер. вл. 17Е,1,rv,Введено,LEXION DEVELOPMENT,НАО,Московский,55.613434,37.415014,manual_exact,exact,True
руновский переулок вл 14,"Руновский переулок, вл. 14",1,oks,Строится,ZIGGURAT,ЦАО,Замоскворечье,55.7425507,37.6337752,nominatim,residential,True
русаковская ул вл 6,Русаковская ул. вл. 6,1,rv,Введено,КП УГС,ЦАО,Красносельский,55.788178,37.6795642,nominatim,primary,True
руставели ул вл14/2 зу 14/3,"Руставели ул. вл.14/2, з/у 14/3",1,rv,Введено,ПИК,СВАО,Бутырский,55.8116348,37.596868,manual_exact,exact,True
рф г. москва капотня 2-й квартал вл1,"РФ, г. Москва, Капотня, 2-й квартал, вл.1",1,rv,Введено,ГАЗПРОМ,ЮВАО,Капотня,56.0127537,37.1666193,manual_exact,exact,True
рябиновая 39,"Рябиновая, 39",1,rv,Введено,МОНАРХ,ЗАО,Очаково-Матвеевское,55.5159365,37.3099699,nominatim,house,True
рябиновая вл 55 стр 29 30,"Рябиновая, вл. 55, стр. 29,30",1,rv,Введено,"ООО ""АГРАМ""",ЗАО,Очаково-Матвеевское,55.6907105,37.443805,manual_exact,exact,True
рябиновая ул вл 45,Рябиновая ул. вл. 45,1,rv,Введено,"ООО ""ТЕРМИНАЛЬНЫЙ КОМПЛЕКС""",ЗАО,Очаково-Матвеевское,55.6997799,37.4215355,nominatim,secondary,True
рябиновая ул вл48,"РЯБИНОВАЯ УЛ., ВЛ.48",1,rv,Введено,"ООО ""ПАРУС АБС""",ЗАО,Очаково-Матвеевское,55.6907105,37.443805,manual_exact,exact,True
рябиновая ул вл55 стр 5 6 7 8 9 10 11 13,"РЯБИНОВАЯ УЛ., ВЛ.55, СТР. 5, 6, 7, 8, 9, 10, 11, 13",1,rv,Введено,"АО ""КУНЦЕВСКОЕ""",ЗАО,Очаково-Матвеевское,55.6907105,37.443805,manual_exact,exact,True
рябиновая ул д14а,"РЯБИНОВАЯ УЛ., Д.14А",1,rv,Введено,"ООО ""ВТОРР""",ЗАО,Можайский,55.7015105,37.3937955,manual_exact,exact,True
рязановское пос вблизи далхимово,"Рязановское пос., вблизи д.Алхимово",2,oks,Строится,"ПУБЛИЧНОЕ АКЦИОНЕРНОЕ ОБЩЕСТВО ""ГРУППА КОМПАНИЙ ""САМОЛЕТ""",НАО,Коммунарка,55.581794,37.448441,district_centroid,approximate,True
рязанский вл 4а газгольдерная ул вл 10а,"Рязанский, вл. 4А, Газгольдерная ул., вл. 10А",1,oks,Строится,ГРАНЕЛЬ,ЮВАО,Нижегородский,55.7297194,37.7095577,district_centroid,approximate,True
рязанский пр,Рязанский пр.,1,rv,Введено,РТГ,ЮВАО,Рязанский,55.7737949,37.6542453,nominatim,tertiary,True
рязанский пр-т вл 17,"Рязанский пр-т, вл. 17",1,oks,Строится,ФОНД РЕНОВАЦИИ,ЮВАО,Нижегородский,55.7297194,37.7095577,district_centroid,approximate,True
рязанский пр-т вл 26,"Рязанский пр-т, вл. 26",3,oks,Строится,ГЛАВСТРОЙ,ЮВАО,Рязанский,55.722711,37.77755000000001,district_centroid,approximate,True
рязанский пр-т вл 6а,"Рязанский пр-т, вл. 6А",1,rv,Введено,ФОНД РЕНОВАЦИИ,ЮВАО,Рязанский,55.722711,37.77755000000001,manual_exact,exact,True
рязанский просп.,Рязанский просп.,1,oks,Строится,"ООО ""СЗ ""ЭС АЙ ЭС ДЕВЕЛОПМЕНТ""",ЮВАО,Рязанский,55.716947,37.7933151,nominatim,station,True
рязанский просп. вл 2,"Рязанский просп., вл. 2",2,rv,Введено,АКВИЛОН,ЮВАО,Нижегородский,55.7309225,37.7396615,nominatim,primary,True
рязанский просп. вл 26 зу 1,Рязанский просп. вл. 26 з/у 1,1,rv,Введено,ГЛАВСТРОЙ,ЮВАО,Рязанский,55.722711,37.77755000000001,manual_exact,exact,True
рязанский просп. вл 26/1,Рязанский просп. вл. 26/1,1,oks,Строится,ГЛАВСТРОЙ,ЮВАО,Рязанский,55.722711,37.77755000000001,district_centroid,approximate,True
рязанский просп. вл 6а,"Рязанский просп., вл. 6А",1,rv,Введено,"ЗАО ""ВЕКТОРСТРОЙФИНАНС""",ЮВАО,Рязанский,55.7257698,37.7624491,nominatim,tertiary,True
рязанский просп. д75б стр 2,"РЯЗАНСКИЙ ПРОСП., Д.75Б, СТР. 2",1,rv,Введено,"ООО ""ДЕНТАЛ МАСТЕР""",ЮВАО,Рязанский,55.722711,37.77755000000001,manual_exact,exact,True
рязанский просп. уч 2/25,Рязанский просп. уч. 2/25,1,oks,Строится,АКВИЛОН,ЮВАО,Нижегородский,55.7297194,37.7095577,district_centroid,approximate,True
рязанский проспект,Рязанский проспект,1,oks,Строится,"ООО ""СЗ ""ЭС АЙ ЭС ДЕВЕЛОПМЕНТ""",ЮВАО,Рязанский,55.716947,37.7933151,nominatim,station,True
рязанский проспект вл 2,"Рязанский проспект, вл. 2",3,oks; rv,Строится; Введено,"КП УГС; ГРУППА ПСН; ООО ""ТРЕЗОР""",ЮВАО,Нижегородский,55.7257698,37.7624491,nominatim,tertiary,True
рязанский проспект вл 39,"Рязанский проспект, вл. 39",2,rv,Введено,ТРАНССТРОЙИНВЕСТ,ЮВАО,Рязанский,55.7257698,37.7624491,nominatim,tertiary,True
рязанский проспект вл 99.,"Рязанский проспект, вл. 99.",1,oks,Строится,МИНОБРНАУКИ РОССИИ,ЮВАО,Выхино-Жулебино,55.7313461,37.7330252,nominatim,primary,True
рязанский проспект влд. 20 стр 1 2 3,"Рязанский проспект, влд. 20, стр. 1, 2, 3",1,oks,Строится,КИЕВСКАЯ ПЛОЩАДЬ,ЮВАО,Рязанский,55.722711,37.77755000000001,district_centroid,approximate,True
рязанский проспект д2/1 к3,"Рязанский проспект, д.2/1, к.3",1,rv,Введено,ГРУППА ПСН,ЮВАО,Нижегородский,55.7297194,37.7095577,manual_exact,exact,True
рязанский проспект зу 49а,"Рязанский проспект, з/у 49А",1,rv,Введено,ФОНД РЕНОВАЦИИ,ЮВАО,Рязанский,55.722711,37.77755000000001,manual_exact,exact,True
с. кленово вл 65а,"с. Кленово, вл. 65А",1,rv,Введено,"АО ""ТУКС-2""",ТАО,Вороново,55.323827,37.3468956,manual_exact,exact,True
с. кленово кленовское 43в,"с. Кленово, Кленовское 43В",1,oks,Строится,"ООО ""БИЗНЕС ИНВЕСТ""",ТАО,Вороново,55.323827,37.3468956,district_centroid,approximate,True
с. красная пахра д 22,"с. Красная Пахра, д. 22",1,rv,Введено,"АО ""ИНЖИНИРИНГОВАЯ КОМПАНИЯ ""РГП""",ТАО,Краснопахорское,55.50185,37.1284207,manual_exact,exact,True
с. ознобишино,с. Ознобишино,1,oks,Строится,"ООО ""ВОРТЕКС ПЛЮС""",ТАО,Краснопахорский,55.4011662,37.449447,nominatim,bus_stop,True
с. ознобишино д 27б стр 1,"с. Ознобишино, д. 27Б, стр. 1",1,rv,Введено,"ПК ""ПОДОЛЬСКОЕ ГОРПО""",ТАО,Щаповское,55.50185,37.1284207,manual_exact,exact,True
с. остафьево,с. Остафьево,11,oks; rv,Строится; Введено,САМОЛЕТ,НАО,Щербинка,55.495230500000005,37.518144,geometry_address,,True
с. остафьево корпус 11.2,с. Остафьево Корпус 11.2,1,rv,Введено,САМОЛЕТ,НАО,Щербинка,55.49523050000001,37.518144,manual_exact,exact,True
с. остафьево корпус 11.3,с. Остафьево Корпус 11.3,1,rv,Введено,САМОЛЕТ,НАО,Щербинка,55.49523050000001,37.518144,manual_exact,exact,True
с. остафьево корпус 12.3,с. Остафьево корпус 12.3,1,rv,Введено,САМОЛЕТ,НАО,Щербинка,55.49523050000001,37.518144,manual_exact,exact,True
с. остафьево ул любучанская зу 9,"с. Остафьево, ул. Любучанская, з/у 9",1,oks,Строится,САМОЛЕТ,НАО,Щербинка,55.49523050000001,37.518144,district_centroid,approximate,True
с. рождествено,с. Рождествено,1,rv,Введено,CAPITAL GROUP,СЗАО,Митино,55.8484195,37.3670608,manual_exact,exact,True
с. троицк,С. Троицк,2,rv,Введено,"ООО ""ЛЕСНАЯ СКАЗКА""; ГСК-9",ТАО,Троицк,55.4578187,37.2951157,nominatim,fast_food,True
с.кленово улсадовая влд.5б,"с.Кленово,ул.Садовая,влд.5Б",1,rv,Введено,"АО ""КАПСТРОЙСИТИ""",ТАО,Вороново,55.323827,37.3468956,manual_exact,exact,True
с.п. первомайское у д губцево,"с.п. Первомайское, у д. Губцево",1,oks,Строится,"ООО ""НАРА-РЕГИОН""",ТАО,Филимонковский,55.5500805,37.314627,district_centroid,approximate,True
саввинская набережная вл 17,"Саввинская набережная, вл. 17",1,rv,Введено,LEVEL GROUP,ЦАО,Хамовники,55.7348696,37.565441,nominatim,secondary,True
саввинская набережная дом 25а,"Саввинская набережная, дом 25А",1,rv,Введено,LEVEL GROUP,ЦАО,Хамовники,55.72162725,37.5633727,manual_exact,exact,True
савелки 5500-й проезд земельный участок 4/4,"Савелки, 5500-й проезд, земельный участок 4/4",1,rv,Введено,ФСК,ЗелАО,Савёлки,55.9868367,37.2348652,manual_exact,exact,True
савелки мкр. 5а у корпуса № 531,"Савелки, мкр. 5А, у корпуса № 531",1,oks,Строится,"НП МЖК ""ЗЕЛЕНОГРАД""",ЗелАО,Савёлки,55.9868367,37.2348652,district_centroid,approximate,True
савелки проезд 5500-й д 1 стр 4,"Савелки, проезд 5500-й, д. 1, стр. 4",1,rv,Введено,ФСК,ЗелАО,Савёлки,55.9868367,37.2348652,manual_exact,exact,True
савелки проезд 5500-й земельный участок 4/2,"Савёлки, проезд 5500-й, земельный участок 4/2",3,rv,Введено,ФСК,ЗелАО,Савёлки,55.9868367,37.2348652,manual_exact,exact,True
садовая-сухаревская ул вл 14 стр 1,Садовая-Сухаревская ул. вл. 14 стр. 1,1,rv,Введено,MR GROUP,ЦАО,Мещанский,55.7816543,37.6340098,manual_exact,exact,True
садовники ул,Садовники ул.,1,rv,Введено,"ООО ""АВТОТРЕЙД""",ЮАО,Нагатино-Садовники,55.6739885,37.6557959,nominatim,tertiary,True
садовническая наб. вл 11,Садовническая наб. вл. 11,1,oks,Строится,"ООО ""КЛИНИКА ДЕКО""",ЦАО,Замоскворечье,55.7464219,37.6274127,nominatim,tertiary,True
садовническая ул д 80,"САДОВНИЧЕСКАЯ УЛ., Д. 80",1,rv,Введено,КП УГС,ЦАО,Замоскворечье,55.7402846,37.6328629,manual_exact,exact,True
саларьево,Саларьево,1,rv,Введено,"АО ""КАПСТРОЙСИТИ""",НАО,Московский,55.613434,37.415014,geometry_address_match,,True
саларьевская ул земельный участок 17,"Саларьевская ул., земельный участок 17",1,oks,Строится,ПИК,НАО,Коммунарка,55.581794,37.448441,district_centroid,approximate,True
салтыковская ул,Салтыковская ул.,2,rv,Введено,КП УГС,ВАО,Косино-Ухтомский,55.7337835,37.8625872,nominatim,tertiary,True
салтыковская ул вл 8,Салтыковская ул. вл. 8,7,rv,Введено,КП УГС,ВАО,Косино-Ухтомский,55.7432518,37.8802657,nominatim,tertiary,True
салтыковская улица влд. 55,"Салтыковская улица, влд. 55",1,rv,Введено,"ООО ""ГЕО ИНВЕСТ""",ВАО,Новокосино,55.708353,37.8780636,manual_exact,exact,True
салтыковская улица земельный участок 1б/1,"Салтыковская улица, земельный участок 1Б/1",1,oks,Строится,ИНДИВИДУАЛЬНЫЕ ПРЕДПРИНИМАТЕЛИ,ВАО,Косино-Ухтомский,55.722810325,37.8601839,district_centroid,approximate,True
самаркандский бульвар влд. 15 зу 1,"Самаркандский бульвар, влд. 15, з/у 1",1,rv,Введено,ФОНД РЕНОВАЦИИ,ЮВАО,Выхино-Жулебино,55.7022001,37.81384715,manual_exact,exact,True
самаркандский бульвар земельный участок 15/4 (участок 5.2),"Самаркандский бульвар, земельный участок 15/4 (участок 5.2)",1,oks,Строится,ФОНД РЕНОВАЦИИ,ЮВАО,Выхино-Жулебино,55.7022001,37.81384715,district_centroid,approximate,True
самаркандский бульвар земельный участок 15/5,"Самаркандский бульвар, земельный участок 15/5",1,oks,Строится,ФОНД РЕНОВАЦИИ,ЮВАО,Выхино-Жулебино,55.7022001,37.81384715,district_centroid,approximate,True
самаркандский бульвар земельный участок 15/5/1,"Самаркандский бульвар, земельный участок 15/5/1",1,oks,Строится,ФОНД РЕНОВАЦИИ,ЮВАО,Выхино-Жулебино,55.7022001,37.81384715,district_centroid,approximate,True
самаркандский бульвар пересечение с ул ферганской,"Самаркандский бульвар, пересечение с ул. Ферганской",1,oks,Строится,ПРАВОСЛАВИЕ,ЮВАО,Выхино-Жулебино,55.7022001,37.81384715,district_centroid,approximate,True
самеда вургуна ул д11,"САМЕДА ВУРГУНА УЛ., Д.11",1,rv,Введено,КП УГС,САО,Аэропорт,55.80185185000001,37.5368174,manual_exact,exact,True
самеда вургуна ул д7,"САМЕДА ВУРГУНА УЛ., Д.7",1,rv,Введено,КП УГС,САО,Аэропорт,55.80185185000001,37.5368174,manual_exact,exact,True
санино дер (вблизи),Санино дер. (вблизи),1,oks,Строится,САМОЛЕТ,НАО,Внуково,55.58975,37.26383705,district_centroid,approximate,True
саранская ул д 3 саранская ул д 3 стр 1,"Саранская ул. д. 3, Саранская ул., д. 3, стр. 1",1,rv,Введено,ПРАВОСЛАВИЕ,ЮВАО,Выхино-Жулебино,55.7022001,37.81384715,manual_exact,exact,True
саратовский 1-й пр уч 5,Саратовский 1-й пр. уч. 5,1,oks,Строится,ФОНД РЕНОВАЦИИ,ЮВАО,Текстильщики,55.719618,37.725135,district_centroid,approximate,True
светлая ул 1,"Светлая ул., 1",1,rv,Введено,ИНВЕСТТРАСТ,НАО,Десеновское,55.5702958,37.3970203,manual_exact,exact,True
светлая ул д1,"СВЕТЛАЯ УЛ., Д.1",1,rv,Введено,ИНВЕСТТРАСТ,НАО,Десеновское,55.5702958,37.3970203,manual_exact,exact,True
светлый бульв вл 11/3 11/1,"Светлый бульв, вл. 11/3, 11/1",1,rv,Введено,"АО ""ТУКС-2""",НАО,Филимонковский,55.5500805,37.314627,manual_exact,exact,True
свиридова алексея ул. уч 9/3,Свиридова Алексея ул.. уч. 9/3,1,oks,Строится,DOMINANTA,ЗАО,Фили-Давыдково,55.7212366,37.4622918,district_centroid,approximate,True
свободный пр-т вл 12,"Свободный пр-т, вл. 12",1,rv,Введено,"ООО СЗ ""УРЗ-4""",ВАО,Новогиреево,55.7491465,37.8024271,manual_exact,exact,True
свободный пр-т вл 25/27,"Свободный пр-т, вл. 25/27",1,rv,Введено,ФОНД РЕНОВАЦИИ,ВАО,Новогиреево,55.7491465,37.8024271,manual_exact,exact,True
святоозерская ул д 1,"СВЯТООЗЕРСКАЯ УЛ., Д. 1",1,rv,Введено,ПРАВОСЛАВИЕ,ВАО,Косино-Ухтомский,55.722810325,37.8601839,manual_exact,exact,True
севастопольский просп. вл 28 корп 9,Севастопольский просп. вл. 28 корп. 9,1,rv,Введено,ФОНД РЕНОВАЦИИ,ЮЗАО,Черёмушки,55.6711698,37.5566241,manual_exact,exact,True
севастопольский просп. вл 7 корп 6/1,Севастопольский просп. вл. 7 корп. 6/1,1,rv,Введено,ФОНД РЕНОВАЦИИ,ЮАО,Донской,55.6976942,37.58841435,manual_exact,exact,True
севастопольский проспект влд. 71 к 1,"Севастопольский проспект, влд. 71, к. 1",1,rv,Введено,ФОНД РЕНОВАЦИИ,ЮЗАО,Зюзино,55.6528725,37.5867464,manual_exact,exact,True
севастопольский проспект дом 46а,"Севастопольский проспект, дом 46А",1,rv,Введено,ФОНД РЕНОВАЦИИ,ЮЗАО,Черёмушки,55.6711698,37.5566241,manual_exact,exact,True
северное бутово мкр. 6а корп 32,"Северное Бутово, мкр. 6А, корп. 32",1,oks,Строится,"ГСК ""АВТОСЕВЕР,25""",ЮЗАО,Северное Бутово,55.5692452,37.5794073,district_centroid,approximate,True
северное внутригородское муниципальное образование мкр. 4 аб корп 223,"СЕВЕРНОЕ ВНУТРИГОРОДСКОЕ МУНИЦИПАЛЬНОЕ ОБРАЗОВАНИЕ, МКР. 4 АБ, КОРП. 223",1,rv,Введено,"ООО ""ПЯТЫЙ СЕЗОН""",СВАО,Северный,55.92835525,37.5459852,district_centroid,approximate,True
северное измайлово кв. 49-50 корп 3,"Северное Измайлово, кв. 49-50, корп. 3",1,oks,Строится,"ГСК ""ЛУЧ""",ВАО,Северное Измайлово,55.8065524,37.7977201,district_centroid,approximate,True
северное измайлово мкад 104 км вл 8а,"Северное Измайлово, МКАД 104 км, вл. 8а",1,rv,Введено,"АО ""ГИГИ КАУДИ""",ВАО,Северное Измайлово,55.8065524,37.7977201,manual_exact,exact,True
северный мкр. 9 корп 25,"Северный мкр. 9, корп. 25",1,rv,Введено,"ООО ""ЭЛЬБРУС""",СВАО,Северный,55.92835525,37.5459852,manual_exact,exact,True
северный пос мкр.9 к-3 (дмитровское шоссе вл165д корп2 (напротив),"СЕВЕРНЫЙ ПОС., МКР.9, К-3, (ДМИТРОВСКОЕ ШОССЕ, ВЛ.165Д, КОРП.2 (НАПРОТИВ)",1,rv,Введено,"ООО ""ГРИС""",СВАО,Северный,55.92835525,37.5459852,manual_exact,exact,True
северо-западная часть микрорайона люблинский,"Северо-западная часть микрорайона ""Люблинский""",1,oks,Строится,ОАЗИС,НАО,Щербинка,55.49523050000001,37.518144,district_centroid,approximate,True
селигерская улица,Селигерская улица,1,rv,Введено,МОСКОВСКИЙ МЕТРОПОЛИТЕН,САО,Бескудниковский,55.8683419,37.5461915,nominatim,tertiary,True
село кленово,село Кленово,3,oks; rv,Строится; Введено,"ООО ""КОМБИНАТ ПИТАНИЯ""; ИНДИВИДУАЛЬНЫЕ ПРЕДПРИНИМАТЕЛИ",ТАО,Вороново,55.323827,37.3468956,nominatim,village,True
село остафьево логинова 11,"село Остафьево, Логинова 11",1,rv,Введено,САМОЛЕТ,НАО,Щербинка,55.495230500000005,37.518144,geometry_permit,,True
село остафьево логинова 6,"село Остафьево, Логинова 6",1,rv,Введено,САМОЛЕТ,НАО,Щербинка,55.496139,37.5122425,geometry_permit,,True
сельскохозяйственная вл 35,"Сельскохозяйственная, вл. 35",1,oks,Строится,"ПУБЛИЧНОЕ АКЦИОНЕРНОЕ ОБЩЕСТВО ""ПИК-СПЕЦИАЛИЗИРОВАННЫЙ ЗАСТРОЙЩИК""",СВАО,Останкинский,55.8567965,37.6235305,geometry,,True
сельскохозяйственная ул вл 26,"Сельскохозяйственная ул., вл. 26",1,oks,Строится,ГРУППА РОДИНА,СВАО,Ростокино,55.8391384,37.6307293,nominatim,secondary,True
сельскохозяйственная ул вл 35,Сельскохозяйственная ул. вл. 35,2,rv,Введено,"ПУБЛИЧНОЕ АКЦИОНЕРНОЕ ОБЩЕСТВО ""ПИК-СПЕЦИАЛИЗИРОВАННЫЙ ЗАСТРОЙЩИК""",СВАО,Останкинский,55.8391384,37.6307293,nominatim,secondary,True
сельскохозяйственная ул зу 42/1,"Сельскохозяйственная ул., з/у 42/1",1,oks,Строится,ОМ ДЕВЕЛОПМЕНТ,СВАО,Свиблово,55.85444735,37.65271355,district_centroid,approximate,True
сельскохозяйственная ул уч 26/2,Сельскохозяйственная ул. уч. 26/2,3,oks; rv,Строится; Введено,ГРУППА РОДИНА,СВАО,Ростокино,55.8328934,37.6506684,district_centroid,approximate,True
сельскохозяйственная улица земельный участок 26/8,"Сельскохозяйственная улица, земельный участок 26/8",1,oks,Строится,ГРУППА РОДИНА,СВАО,Ростокино,55.8328934,37.6506684,district_centroid,approximate,True
семеновская большая ул вл17а,"СЕМЕНОВСКАЯ БОЛЬШАЯ УЛ., ВЛ.17А",1,rv,Введено,"ООО ФИРМА ""ЛИТЭКС - С""",ВАО,Соколиная Гора,55.7654052,37.7370939,manual_exact,exact,True
семеновская набережная вл 3 стр 13а,"Семеновская набережная, вл. 3, стр. 13А",1,oks,Строится,УЭЗ,ЦАО,Басманный,55.7672809,37.6697732,district_centroid,approximate,True
сервантеса ул д 6 стр 1,"СЕРВАНТЕСА УЛ., Д. 6, СТР. 1",1,rv,Введено,А101,НАО,Сосенское,55.581794,37.417744,manual_exact,exact,True
сергея макеева ул зу 7/1 7/15,"Сергея Макеева ул., з/у 7/1, 7/15",1,oks,Строится,ДОНСТРОЙ,ЦАО,Пресненский,55.7580051,37.5654894,district_centroid,approximate,True
серебрякова проезд зу 14а/1,"Серебрякова проезд, з/у 14А/1",2,oks,Строится,"АО ""КАПСТРОЙСИТИ""",СВАО,Свиблово,55.85444735,37.65271355,district_centroid,approximate,True
серебрянический пер вл 11/12 стр 2,"Серебрянический пер., вл. 11/12, стр. 2",1,oks,Строится,"АО СЗ ""ЦЕНТР-ИНВЕСТ""",ЦАО,Таганский,55.75004445,37.6571372,district_centroid,approximate,True
серебрянический переулок дом 6,"Серебрянический переулок, дом 6",1,rv,Введено,"АО СЗ ""ЦЕНТР-ИНВЕСТ""",ЦАО,Таганский,55.75004445,37.6571372,manual_exact,exact,True
серебрянический переулок дом 8,"Серебрянический переулок, дом 8",1,rv,Введено,"АО СЗ ""ЦЕНТР-ИНВЕСТ""",ЦАО,Таганский,55.75004445,37.6571372,manual_exact,exact,True
серпуховский вал ул д19/21 стр 5,"СЕРПУХОВСКИЙ ВАЛ УЛ., Д.19/21, СТР. 5",1,rv,Введено,ЛСР,ЮАО,Даниловский,55.711814,37.6597584,manual_exact,exact,True
сетуньский 2-й пр вл 9,Сетуньский 2-й пр. вл. 9,1,rv,Введено,ПРАВОСЛАВИЕ,ЗАО,Раменки,55.7010074,37.5041069,manual_exact,exact,True
сигнальный п. вл 5,Сигнальный п. вл. 5,1,rv,Введено,ФСК,СВАО,Отрадное,55.85055975,37.5782006,manual_exact,exact,True
сигнальный пр вл 16,Сигнальный пр. вл. 16,1,rv,Введено,ПИК,СВАО,Отрадное,55.8486551,37.5883644,nominatim,secondary,True
сигнальный пр вл 37,Сигнальный пр. вл. 37,1,rv,Введено,"ООО ""АЙС АТЛЕТИКС""",СВАО,Отрадное,55.8488333,37.5897542,nominatim,secondary,True
сигнальный пр вл5,"СИГНАЛЬНЫЙ ПР., ВЛ.5",1,rv,Введено,ФСК,СВАО,Отрадное,55.85055975,37.5782006,manual_exact,exact,True
сигнальный пр влд.16 стр2,"Сигнальный пр., влд.16, стр.2",1,oks,Строится,ПИК,СВАО,Отрадное,55.85055975,37.5782006,district_centroid,approximate,True
сигнальный проезд вл 16 стр 2,"Сигнальный проезд, вл. 16, стр. 2",1,oks,Строится,ПИК,СВАО,Отрадное,55.8496295,37.6028445,geometry,,True
сигнальный проезд вл 16 строение 27/1,"Сигнальный проезд, вл. 16, строение 27/1",1,oks,Строится,ПИК,СВАО,Отрадное,55.8502085,37.603443,geometry,,True
сигнальный проезд влд. 16 стр2,"Сигнальный проезд, влд. 16, стр.2",1,rv,Введено,ПИК,СВАО,Отрадное,55.85055975,37.5782006,manual_exact,exact,True
силикатный 2-й пр вл 8,Силикатный 2-й пр. вл. 8,1,oks,Строится,ОСНОВА,СЗАО,Хорошёво-Мнёвники,55.765528,37.4972546,district_centroid,approximate,True
силино площадка алабушево,"Силино, площадка ""Алабушево""",3,oks; rv,Строится; Введено,ГЕНЕРИУМ,ЗелАО,Силино,56.0080842,37.1406636,district_centroid,approximate,True
симоновская набережная,Симоновская набережная,1,oks,Строится,SMINEX (ранее INGRAD),ЮАО,Даниловский,55.711814,37.6597584,district_centroid,approximate,True
симоновский вал ул вл 7,Симоновский вал ул. вл. 7,1,rv,Введено,КИЕВСКАЯ ПЛОЩАДЬ,ЮВАО,Южнопортовый,55.7236223,37.6824575,manual_exact,exact,True
симферопольский бульвар владение 28,Симферопольский бульвар владение 28,1,rv,Введено,ПРАВОСЛАВИЕ,ЮЗАО,Зюзино,55.642592,37.6048982,nominatim,place_of_worship,True
симферопольский пр-д влд. 7 стр1,"Симферопольский пр-д, влд. 7, стр.1",1,rv,Введено,ФОНД РЕНОВАЦИИ,ЮАО,Нагорный,55.67199305,37.6133392,manual_exact,exact,True
симферопольский проезд д 7,"Симферопольский проезд, д. 7",1,rv,Введено,ФОНД РЕНОВАЦИИ,ЮАО,Нагорный,55.6637956,37.6140905,nominatim,secondary,True
симферопольское шоссе д 13,Симферопольское шоссе д. 13,5,oks,Строится,"ООО ""НКН-СТРОЙ""",НАО,Щербинка,55.5095571,37.5738469,nominatim,secondary,True
синельниковская ул вл 49/2,"Синельниковская ул., вл. 49/2",1,rv,Введено,"ООО ""ЭЛИТПРОЕКТ""",ЮЗАО,Южное Бутово,55.54729475,37.5747165,manual_exact,exact,True
синявинская улица вл 11,"Синявинская улица, вл. 11",2,rv,Введено,КП УГС,САО,Молжаниновский,55.9480726,37.3503702,nominatim,living_street,True
сиреневый бульв. вл 4/1,Сиреневый бульв. вл. 4/1,1,rv,Введено,ФОНД РЕНОВАЦИИ,ВАО,Измайлово,55.797943,37.7736403,manual_exact,exact,True
сиреневый бульвар вл 4,"Сиреневый бульвар, вл. 4",2,oks; rv,Строится; Введено,"АНО ""РСИ""; КП УГС",ВАО,Измайлово,55.7976144,37.7600907,geometry_address,,True
сиреневый бульвар вл 4 зу 7 корп 1,"Сиреневый бульвар, вл. 4, З/У7, корп. 1",1,rv,Введено,ФОНД РЕНОВАЦИИ,ВАО,Восточное Измайлово,55.7432518,37.7201206,manual_exact,exact,True
сиреневый бульвар земельный участок 29 (зоны 32.1 32.2 32.3),"Сиреневый бульвар, земельный участок 29 (зоны 32.1, 32.2, 32.3)",1,oks,Строится,ФОНД РЕНОВАЦИИ,ВАО,Северное Измайлово,55.8065524,37.7977201,district_centroid,approximate,True
сиреневый бульвар земельный участок 4/12а,"Сиреневый бульвар, земельный участок 4/12А",1,rv,Введено,ФОНД РЕНОВАЦИИ,ВАО,Измайлово,55.797943,37.7736403,manual_exact,exact,True
сиреневый бульвар земельный участок 4/9 ( участок 6.2),"Сиреневый бульвар, земельный участок 4/9 ( участок 6.2)",1,rv,Введено,ФОНД РЕНОВАЦИИ,ВАО,Измайлово,55.797943,37.7736403,manual_exact,exact,True
сиреневый бульвар земельный участок 70 (сиреневый б-р вл 70),"Сиреневый бульвар, земельный участок 70 (Сиреневый б-р, вл. 70)",1,oks,Строится,ФОНД РЕНОВАЦИИ,ВАО,Восточное Измайлово,55.7432518,37.7201206,district_centroid,approximate,True
сиреневый бульвар пересечение с ул 15-я парковая,"Сиреневый бульвар, пересечение с ул. 15-я Парковая",3,oks,Строится,ПРАВОСЛАВИЕ,ВАО,Восточное Измайлово,55.7432518,37.7201206,district_centroid,approximate,True
скандинавский бульвар 5 к1,"Скандинавский бульвар 5, К1",1,rv,Введено,А101,НАО,Сосенское,55.581794,37.417744,manual_exact,exact,True
скандинавский бульвар 5 к2 к3,"Скандинавский бульвар 5, К2, К3",1,rv,Введено,А101,НАО,Сосенское,55.581794,37.417744,manual_exact,exact,True
складочная ул вл 1,Складочная ул. вл. 1,1,rv,Введено,MR GROUP,СВАО,Бутырский,55.8045563,37.5977241,nominatim,unclassified,True
складочная ул вл 1 стр 3 19 20 21 29 30 34 36 37,"СКЛАДОЧНАЯ УЛ. ВЛ. 1 СТР. 3, 19, 20, 21, 29, 30, 34, 36, 37",1,rv,Введено,MR GROUP,СВАО,Бутырский,55.8116348,37.596868,manual_exact,exact,True
складочная ул вл 6,Складочная ул. вл. 6,1,rv,Введено,ПИК,СВАО,Бутырский,55.8035085,37.5957763,nominatim,tertiary,True
складочная улица дом 6 корпус 1 2 3 4,"Складочная улица, дом 6, корпус 1,2,3,4",1,rv,Введено,ПИК,СВАО,Бутырский,55.8116348,37.596868,manual_exact,exact,True
сколково большой бульвар 56,"""Сколково"", Большой бульвар, 56",1,rv,Введено,ФОНД ММК,ЗАО,Можайский,55.682164,37.342748,nominatim,yes,True
сколково большой бульвар 65 67 69,"Сколково, Большой бульвар, 65,67,69",1,rv,Введено,ФОНД ММК,ЗАО,Можайский,55.7015105,37.3937955,manual_exact,exact,True
сколково большой бульвар 69,"""Сколково"", Большой Бульвар, 69",1,rv,Введено,ФОНД ММК,ЗАО,Можайский,55.682067,37.3394683,nominatim,construction,True
сколково большой бульвар д 46 стр 3,"""Сколково"", Большой бульвар, д. 46, стр. 3",1,rv,Введено,ФОНД ММК,ЗАО,Можайский,55.7015105,37.3937955,manual_exact,exact,True
сколково дер,СКОЛКОВО ДЕР.,1,rv,Введено,МИЛЛХАУС,ЗАО,Можайский,55.7015105,37.3937955,manual_exact,exact,True
сколково инновационного центра б-р большой 46 стр 2,"Сколково инновационного центра, б-р Большой 46, Стр 2",1,rv,Введено,ФОНД ММК,ЗАО,Можайский,55.7015105,37.3937955,manual_exact,exact,True
сколковское шоссе зу 43,Сколковское шоссе з/у 43,1,rv,Введено,МИЛЛХАУС,ЗАО,Можайский,55.7015105,37.3937955,manual_exact,exact,True
сколковское шоссе зу 43 (заречье р.п.),"Сколковское шоссе, з/у 43 (Заречье р.п.)",3,rv,Введено,МИЛЛХАУС,ЗАО,Можайский,55.7015105,37.3937955,manual_exact,exact,True
сколковское шоссе зу 52,"Сколковское шоссе , з/у 52",1,oks,Строится,МИЛЛХАУС,ЗАО,Можайский,55.7015105,37.3937955,district_centroid,approximate,True
славянская пл. вл 2/5/4 стр 5,Славянская пл. вл. 2/5/4 стр. 5,1,rv,Введено,HUTTON DEVELOPMENT,ЦАО,Таганский,55.75004445,37.6571372,manual_exact,exact,True
смоленская пл. вл 7-9,"Смоленская пл., вл. 7-9",1,rv,Введено,"ЗАО ""КАСКАД""",ЦАО,Арбат,55.7537935,37.6026918,manual_exact,exact,True
смоленский бульв. вл 13 стр 2 3 4 5,"Смоленский бульв., вл. 13, стр. 2, 3, 4, 5",1,rv,Введено,МИНИСТЕРСТВО ЗЕМЕЛЬНЫХ И ИМУЩЕСТВЕННЫХ ОТНОШЕНИЙ РЕСПУБЛИКИ ТАТАРСТАН,ЦАО,Хамовники,55.72162725,37.5633727,manual_exact,exact,True
смольная улица дом 21а,"Смольная улица, дом 21А",1,rv,Введено,ФОНД РЕНОВАЦИИ,САО,Головинский,55.84324995,37.49734265,manual_exact,exact,True
смольная улица дом 61а,"Смольная улица, дом 61а",1,rv,Введено,КП УГС,САО,Левобережный,55.8692475,37.4578945,manual_exact,exact,True
снт.дудкино,снт.Дудкино,1,rv,Введено,САМОЛЕТ,НАО,Коммунарка,55.6304447,37.443896,nominatim,allotments,True
соболевский проезд д 20б,"Соболевский проезд, д. 20Б",1,rv,Введено,КП УГС,САО,Коптево,55.8389202,37.5291879,nominatim,residential,True
совхозная ул вл 10а,"Совхозная ул., вл. 10А",1,rv,Введено,ФОНД РЕНОВАЦИИ,ЮВАО,Люблино,55.6712082,37.7499403,nominatim,tertiary,True
совхозная ул дом 55 к1,"Совхозная ул. дом 55, К1",1,rv,Введено,ФОНД РЕНОВАЦИИ,ЮВАО,Люблино,55.6681995,37.7454006,manual_exact,exact,True
соймоновский проезд вл 3,"Соймоновский проезд, вл. 3",1,oks,Строится,ЛСР,ЦАО,Хамовники,55.7437775,37.6040267,nominatim,secondary,True
соколиной горы 8-я ул вл 15,Соколиной горы 8-я ул. вл. 15,1,oks,Строится,ПРАВОСЛАВИЕ,ВАО,Соколиная гора,55.7726786,37.7361436,district_centroid,approximate,True
сокольническая линия московского метрополитена на участке от станции саларьево до станции столбово этап 3.1,"Сокольническая линия Московского метрополитена на участке от станции «Саларьево» до станции «Столбово», Этап 3.1",1,rv,Введено,МОСКОВСКИЙ МЕТРОПОЛИТЕН,НАО,Сосенское,55.581794,37.417744,manual_exact,exact,True
сокольнический вал ул вл 1 д,Сокольнический вал ул. вл. 1 Д,1,rv,Введено,"АКЦИОНЕРНОЕ ОБЩЕСТВО ""СПЕЦИАЛИЗИРОВАННЫЙ ЗАСТРОЙЩИК ""СОКОЛЬНИЧЕСКИЙ ВАЛ""",ВАО,Сокольники,55.7884326,37.6690908,manual_exact,exact,True
сокольнический вал ул вл 37,Сокольнический вал ул. вл. 37,1,rv,Введено,"ООО ТК ""АЛЛАДИН""",ВАО,Сокольники,55.7884326,37.6690908,manual_exact,exact,True
солнечная аллея вл 936,Солнечная аллея вл. 936,1,rv,Введено,ФОНД РЕНОВАЦИИ,ЗелАО,Старое Крюково,55.7915987,37.5489196,manual_exact,exact,True
солнцево боровское шоссе вл 2-1,"Солнцево, Боровское шоссе, вл. 2-1",1,rv,Введено,ПИК,ЗАО,Солнцево,55.6610879,37.4245825,nominatim,primary,True
солнцево квартал 32 земельный участок 17ж,"Солнцево, квартал 32, земельный участок 17Ж",1,oks,Строится,"ООО ""АБЗ ЛЕНИНСКИЙ""",ЗАО,Солнцево,55.6521865,37.40060335,district_centroid,approximate,True
солнцево квартал № 29 земельный участок 23,"Солнцево, квартал № 29, земельный участок 23",3,rv,Введено,"АО ""ДСК ""ГОВОРОВО""",ЗАО,Солнцево,55.6521865,37.40060335,manual_exact,exact,True
сормовская ул земельный участок 17,"Сормовская ул., земельный участок 17",1,rv,Введено,"АНО ""РСИ""",ЮВАО,Выхино-Жулебино,55.7022001,37.81384715,manual_exact,exact,True
сормовский пр уч 13,Сормовский пр. уч. 13,1,oks,Строится,"ООО ""ГОРИЗОНТ-А""",ЮВАО,Выхино-Жулебино,55.7078031,37.7988397,nominatim,residential,True
сосенки дер,Сосенки дер.,1,rv,Введено,"ГКУ ""МОСКВОРЕЧЬЕ""",НАО,Коммунарка,55.581794,37.448441,manual_exact,exact,True
сосенское кв-л 7 зу 2,"Сосенское, кв-л 7, з/у 2",1,rv,Введено,ПИК,НАО,Коммунарка,55.581794,37.448441,manual_exact,exact,True
сосенское квартал 159 земельный участок 101а/2,"Сосенское, квартал 159, земельный участок 101А/2",1,rv,Введено,МОСКОВСКИЙ МЕТРОПОЛИТЕН,НАО,Коммунарка,55.581794,37.448441,manual_exact,exact,True
сосенское квартал 191 зу 1,"Сосенское, квартал 191, з/у 1",1,rv,Введено,А101,НАО,Коммунарка,55.581794,37.448441,manual_exact,exact,True
сосенское квартал 26,"Сосенское, квартал 26",1,rv,Введено,А101,НАО,Коммунарка,55.5629386,37.3901967,nominatim,yes,True
сосенское квартал 35 земельный участок 12/8,"Сосенское, квартал 35, земельный участок 12/8",1,rv,Введено,А101,НАО,Коммунарка,55.581794,37.448441,manual_exact,exact,True
сосенское квартал 35 зу 12/4,"Сосенское, квартал 35, з/у 12/4",1,rv,Введено,"МЕЖДУНАРОДНАЯ КОМПАНИЯ ОБЩЕСТВО С ОГРАНИЧЕННОЙ ОТВЕТСТВЕННОСТЬЮ ""БАЛАМЕР""",НАО,Коммунарка,55.581794,37.448441,manual_exact,exact,True
сосенское квартал № 195 дом 1 корпус 2,"Сосенское, квартал № 195, дом 1, корпус 2",1,rv,Введено,САМОЛЕТ,НАО,Сосенское,55.581794,37.417744,manual_exact,exact,True
сосенское ул александры монаховой уч 3г,"Сосенское, ул. Александры Монаховой, уч. 3Г",1,rv,Введено,А101,НАО,Коммунарка,55.581794,37.448441,manual_exact,exact,True
сосенское ул сервантеса д4,"Сосенское, ул. Сервантеса, д.4",1,rv,Введено,А101,НАО,Сосенское,55.581794,37.417744,manual_exact,exact,True
сосенское ул сервантеса дом 2,"Сосенское, ул. Сервантеса, дом 2",1,rv,Введено,А101,НАО,Сосенское,55.581794,37.417744,manual_exact,exact,True
сосинская ул д 43,Сосинская ул. д. 43,1,rv,Введено,TOUCH,ЮВАО,Южнопортовый,55.7298858,37.6729696,nominatim,residential,True
сосновая аллея вл 6,"Сосновая аллея, вл. 6",9,rv,Введено,"АО ""СТМП-ЗЕЛЕНОГРАД""",ЗелАО,Савёлки,55.9868367,37.2348652,nominatim,secondary,True
софийская наб. 36/10 вл34 стр 2,"Софийская наб. 36/10, вл.34 стр. 2",1,rv,Введено,СБЕРБАНК,ЦАО,Якиманка,55.747342,37.6157213,nominatim,secondary,True
софийская наб. вл вл18/8 стр1 вл20 стр1 вл24/2 стр1 2 часть стр5 болотная площадь вл2/4 стр1 вл4. стр1 вл6-8 вл10 стр16 17,"Софийская наб. вл. вл.18/8, стр.1, вл.20, стр.1, вл.24/2, стр.1, 2, часть стр.5 Болотная площадь, вл.2/4, стр.1, вл.4. стр.1, вл.6-8, вл.10, стр.16, 17",1,rv,Введено,CAPITAL GROUP,ЦАО,Якиманка,55.7425825,37.6157213,manual_exact,exact,True
софьино дер,Софьино дер.,1,oks,Строится,ИНДИВИДУАЛЬНЫЕ ПРЕДПРИНИМАТЕЛИ,ТАО,Краснопахорский,55.3943301,37.0617999,district_centroid,approximate,True
спасская б. ул вл 35-37,Спасская Б. ул. вл. 35-37,1,rv,Введено,"АО СЗ ""ЦЕНТР-ИНВЕСТ""",ЦАО,Красносельский,55.7778643,37.6749192,manual_exact,exact,True
специальные объекты,Специальные объекты,1,rv,Введено,"ООО ""ЭНЕРГОТЕПЛОКАПИТАЛ""",ЮЗАО,Южное Бутово,55.54729475,37.5747165,district_centroid,approximate,True
спортивный проезд земельный участок 6а/2,"Спортивный проезд, земельный участок 6А/2",1,rv,Введено,ФОНД РЕНОВАЦИИ,ЮВАО,Люблино,55.6681995,37.7454006,manual_exact,exact,True
ср. тишинский пер д 5,"Ср. Тишинский пер., д. 5",1,rv,Введено,ДОНСТРОЙ,ЦАО,Пресненский,55.7580051,37.5654894,manual_exact,exact,True
сретенка ул вл 13/26 стр 1,Сретенка ул. вл. 13/26 стр. 1,1,rv,Введено,"АО ""СРЕТЕНКА 13 - СПЕЦЗАСТРОЙЩИК""",СВАО,Северный,55.92835525,37.5459852,manual_exact,exact,True
ст. каширская до ст. карачарово,ст. «Каширская» до ст. «Карачарово»,1,rv,Введено,МОСКОВСКИЙ МЕТРОПОЛИТЕН,ЮАО,Нагатино-Садовники,55.6746117,37.6454806,manual_exact,exact,True
ст. нижегородская улица до ст. авиамоторная,ст. «Нижегородская улица» до ст. «Авиамоторная»,1,rv,Введено,МОСКОВСКИЙ МЕТРОПОЛИТЕН,ЮВАО,Нижегородский,55.7297194,37.7095577,manual_exact,exact,True
ст. нижняя масловка - ст. авиамоторная,ст. «Нижняя Масловка» - ст. «Авиамоторная»,1,rv,Введено,МОСКОВСКИЙ МЕТРОПОЛИТЕН,ЦАО,Басманный,55.7672809,37.6697732,manual_exact,exact,True
ст.каширская до ст.карачарово,ст.«Каширская» до ст.«Карачарово»,1,rv,Введено,МОСКОВСКИЙ МЕТРОПОЛИТЕН,ЮАО,Нагатино-Садовники,55.6746117,37.6454806,manual_exact,exact,True
ставропольская улица дом 4/2,Ставропольская улица дом 4/2,1,rv,Введено,ФОНД РЕНОВАЦИИ,ЮВАО,Люблино,55.6681995,37.7454006,manual_exact,exact,True
станционный комплекс академическая,Станционный комплекс «Академическая»,1,rv,Введено,МОСКОВСКИЙ МЕТРОПОЛИТЕН,ЮАО,Нагорный,55.67199305,37.6133392,district_centroid,approximate,True
станционный комплекс вавиловская,Станционный комплекс «Вавиловская»,1,rv,Введено,МОСКОВСКИЙ МЕТРОПОЛИТЕН,ЮАО,Нагорный,55.67199305,37.6133392,district_centroid,approximate,True
станционный комплекс крымская,"Станционный комплекс ""Крымская""",1,rv,Введено,МОСКОВСКИЙ МЕТРОПОЛИТЕН,ЮЗАО,Гагаринский,55.700615,37.5645854,district_centroid,approximate,True
станция метро новаторская - станция метро бачуринская,"Станция метро ""Новаторская"" - станция метро ""Бачуринская""",1,rv,Введено,МОСКОВСКИЙ МЕТРОПОЛИТЕН,НАО,Коммунарка,55.581794,37.448441,manual_exact,exact,True
старобитцевская ул вл 16,"Старобитцевская ул., вл. 16",1,oks,Строится,"ООО ""БИТЦА""",ЮЗАО,Северное Бутово,55.5694055,37.5920109,nominatim,tertiary,True
старобитцевская ул вл 19 корп 1 (напротив),Старобитцевская ул. вл. 19 корп. 1 (напротив),1,oks,Строится,"ООО ""ТРЕЛАС ГРУПП""",ЮЗАО,Северное Бутово,55.5692452,37.5794073,district_centroid,approximate,True
старокалужское ш вл64,"Старокалужское ш., вл.64",1,oks,Строится,ПИК,ЮЗАО,Обручевский,55.6613657,37.5393097,nominatim,unclassified,True
старокалужское ш зу 64/1,"Старокалужское ш., з/у 64/1",1,oks,Строится,"АО ""ИНВЕСТ РЕСУРСЫ""",ЮЗАО,Обручевский,55.6575505,37.5383225,district_centroid,approximate,True
старокалужское шоссе пересечение с ул академика челомея,Старокалужское шоссе пересечение с ул. Академика Челомея,1,rv,Введено,AFI DEVELOPMENT,ЮЗАО,Обручевский,55.663543000000004,37.5383225,geometry_permit,,True
старокоптевский пер вл 4,Старокоптевский пер. вл. 4,1,rv,Введено,ОСНОВА,САО,Коптево,55.8354946,37.5186585,nominatim,residential,True
старокоптевский пер д 7 стр 15,"Старокоптевский пер., д. 7, стр. 15",1,rv,Введено,ФОНД РЕНОВАЦИИ,САО,Коптево,55.8305705,37.5234607,manual_exact,exact,True
старокоптевский переулок д 8а,"Старокоптевский переулок, д. 8А",1,rv,Введено,"АО ""ВАЛДАЙ СЕРВИС""",САО,Коптево,55.8305705,37.5234607,manual_exact,exact,True
старокрымская ул д 15 корп 1,"СТАРОКРЫМСКАЯ УЛ., Д. 15, КОРП. 1",1,rv,Введено,ЭТАЛОН,ЮЗАО,Южное Бутово,55.54729475,37.5747165,manual_exact,exact,True
старомонетный пер д 19/11,"Старомонетный пер., д. 19/11",1,rv,Введено,"ООО ""СЗ ""СТАРОМОНЕТНЫЙ 19""",ЦАО,Якиманка,55.7425825,37.6157213,manual_exact,exact,True
старопетровский пр уч 11/3,Старопетровский пр. уч. 11/3,1,oks,Строится,LEVEL GROUP,САО,Войковский,55.8223248,37.50493375,district_centroid,approximate,True
староселье дер,Староселье дер.,4,oks; rv,Строится; Введено,САМОЛЕТ,НАО,Филимонковский,55.5500805,37.314627,district_centroid,approximate,True
староселье дер д2,"Староселье дер., д.2",1,oks,Строится,САМОЛЕТ,НАО,Филимонковский,55.5500805,37.314627,district_centroid,approximate,True
старостина николая ул вл 8 корп 15,"Старостина Николая ул., вл. 8 корп. 15",1,rv,Введено,"ГСК ""ВОСТОК""",ВАО,Косино-Ухтомский,55.722810325,37.8601839,manual_exact,exact,True
стартовая улица земельный участок 3/1,"Стартовая улица, земельный участок 3/1",1,rv,Введено,ФОНД РЕНОВАЦИИ,СВАО,Лосиноостровский,55.8641682,37.6872725,manual_exact,exact,True
стартовая улица земельный участок 5/2 (стартовая ул вл 5 корп 2),"Стартовая улица, земельный участок 5/2 (Стартовая ул., вл. 5, корп. 2)",1,oks,Строится,ФОНД РЕНОВАЦИИ,СВАО,Лосиноостровский,55.8641682,37.6872725,district_centroid,approximate,True
стационарный комплекс румянцево,"Стационарный комплекс ""Румянцево""",1,rv,Введено,МОСКОВСКИЙ МЕТРОПОЛИТЕН,НАО,Сосенское,55.581794,37.417744,district_centroid,approximate,True
столбово дер (вблизи) уч 27,"СТОЛБОВО ДЕР. (ВБЛИЗИ), УЧ.27",1,rv,Введено,"ПУБЛИЧНОЕ АКЦИОНЕРНОЕ ОБЩЕСТВО ""ПИК-СПЕЦИАЛИЗИРОВАННЫЙ ЗАСТРОЙЩИК""",НАО,Сосенское,55.581794,37.417744,district_centroid,approximate,True
столбово дер (вблизи) уч 27 корп1.5/1,"СТОЛБОВО ДЕР. (ВБЛИЗИ), УЧ.27, КОРП.1.5/1",1,rv,Введено,"ПУБЛИЧНОЕ АКЦИОНЕРНОЕ ОБЩЕСТВО ""ПИК-СПЕЦИАЛИЗИРОВАННЫЙ ЗАСТРОЙЩИК""",НАО,Сосенское,55.581794,37.417744,district_centroid,approximate,True
столбово дер (вблизи) уч 27 корп1.5/2,"СТОЛБОВО ДЕР. (ВБЛИЗИ), УЧ.27, КОРП.1.5/2",1,rv,Введено,"ПУБЛИЧНОЕ АКЦИОНЕРНОЕ ОБЩЕСТВО ""ПИК-СПЕЦИАЛИЗИРОВАННЫЙ ЗАСТРОЙЩИК""",НАО,Сосенское,55.581794,37.417744,district_centroid,approximate,True
столбово дер (вблизи) уч 27 корп1.6/1,"СТОЛБОВО ДЕР. (ВБЛИЗИ), УЧ.27, КОРП.1.6/1",1,rv,Введено,"ПУБЛИЧНОЕ АКЦИОНЕРНОЕ ОБЩЕСТВО ""ПИК-СПЕЦИАЛИЗИРОВАННЫЙ ЗАСТРОЙЩИК""",НАО,Сосенское,55.581794,37.417744,district_centroid,approximate,True
столбово дер (вблизи) уч 27 корп1.6/2,"СТОЛБОВО ДЕР. (ВБЛИЗИ), УЧ.27, КОРП.1.6/2",1,rv,Введено,"ПУБЛИЧНОЕ АКЦИОНЕРНОЕ ОБЩЕСТВО ""ПИК-СПЕЦИАЛИЗИРОВАННЫЙ ЗАСТРОЙЩИК""",НАО,Сосенское,55.581794,37.417744,district_centroid,approximate,True
столбово дер вл 40/2,Столбово дер. вл. 40/2,1,rv,Введено,САМОЛЕТ,НАО,Коммунарка,55.581794,37.448441,manual_exact,exact,True
столбово дер уч 40/2,Столбово дер. уч. 40/2,1,rv,Введено,САМОЛЕТ,НАО,Коммунарка,55.581794,37.448441,manual_exact,exact,True
столешников пер вл 12 стр 2,"Столешников пер., вл. 12, стр. 2",1,rv,Введено,"ООО ""ОМЕГА""",ЦАО,Тверской,55.7787255,37.5996357,manual_exact,exact,True
столярный пер вл 3,"Столярный пер., вл. 3",1,oks,Строится,"ПАО ""ММЗ ""РАССВЕТ""",ЦАО,Пресненский,55.7636194,37.5708597,nominatim,unclassified,True
столярный пер вл3 корп6,"Столярный пер., вл.3, корп.6",1,oks,Строится,KR PROPERTIES,ЦАО,Пресненский,55.7580051,37.5654894,district_centroid,approximate,True
стрельбищенский переулок вл 14,"Стрельбищенский переулок, вл. 14",1,oks,Строится,"АНО ""РСИ""",ЦАО,Пресненский,55.7597935,37.5400385,geometry,,True
стремянный пер вл 2,"Стремянный пер., вл. 2",1,rv,Введено,САМОЛЕТ,ЦАО,Замоскворечье,55.7269921,37.6280431,nominatim,residential,True
стремянный переулок вл 28 (ул зацепа вл 29),"Стремянный переулок вл. 28 (ул. Зацепа, вл. 29)",1,rv,Введено,МИНОБРНАУКИ РОССИИ,ЦАО,Замоскворечье,55.7402846,37.6328629,manual_exact,exact,True
строительный пр 9/9,Строительный пр. 9/9,2,oks; rv,Строится; Введено,ФСК,СЗАО,Покровское-Стрешнево,55.8380439,37.4307598,nominatim,tertiary,True
строительный проезд 9/9,Строительный проезд 9/9,2,oks,Строится,ФСК,СЗАО,Покровское-Стрешнево,55.8380439,37.4307598,nominatim,tertiary,True
строительство автомобильной дороги воскресенское - каракашево - щербинка. этап: 1.3 1.4 2.1 2.2 3.2 3.3 3.4 5.1 5.2,"строительство автомобильной дороги «Воскресенское - Каракашево - Щербинка». этап: 1.3, 1.4, 2.1, 2.2, 3.2, 3.3, 3.4, 5.1, 5.2",1,rv,Введено,"АО ""КАПСТРОЙСИТИ""",НАО,Внуково,55.58975,37.26383705,manual_exact,exact,True
строительство дублера боровского шоссе,Строительство дублера Боровского шоссе,1,rv,Введено,"ГКУ ""МОСКВОРЕЧЬЕ""",НАО,Внуково,55.58975,37.26383705,manual_exact,exact,True
строительство основного хода и съездов северного дублера кутузовского проспекта,Строительство основного хода и съездов Северного дублера Кутузовского проспекта,1,rv,Введено,ИНВЕСТИЦИОННАЯ КОМПАНИЯ ЛИДЕР,ЗАО,Одинцовский,55.6919632,37.4245825,manual_exact,exact,True
стройкомбината проезд влд.1,"Стройкомбината проезд, влд.1",2,oks,Строится,ПИК,ЗАО,Очаково-Матвеевское,55.6907105,37.443805,district_centroid,approximate,True
ступинский пр вл 1,Ступинский пр. вл. 1,1,rv,Введено,"ООО ""ААТ""",ЮАО,Бирюлево Западное,55.5897898,37.630707,nominatim,tertiary,True
суворовская улица земельный участок 2а/1 (ул суворовская вл 2/1 корп 3),"Суворовская улица, земельный участок 2А/1 (ул. Суворовская, вл. 2/1, корп. 3)",1,oks,Строится,ФОНД РЕНОВАЦИИ,ВАО,Преображенское,55.79672395,37.7208723,district_centroid,approximate,True
суворовская улица земельный участок 2а/1 (ул суворовская вл 2/1 корп 4),"Суворовская улица, земельный участок 2А/1 (ул. Суворовская, вл. 2/1, корп. 4)",1,oks,Строится,ФОНД РЕНОВАЦИИ,ВАО,Преображенское,55.79672395,37.7208723,district_centroid,approximate,True
судакова ул влд. 5,"Судакова ул., влд. 5",1,oks,Строится,ФОНД РЕНОВАЦИИ,ЮВАО,Люблино,55.6681995,37.7454006,district_centroid,approximate,True
судостроительная дом 15,Судостроительная Дом 15,1,rv,Введено,ФОНД РЕНОВАЦИИ,ЮАО,Нагатинский затон,55.6845828,37.6880551,nominatim,tertiary,True
судостроительная улица вл 5,"Судостроительная улица, вл. 5",1,rv,Введено,ФОНД РЕНОВАЦИИ,ЮАО,Нагатинский Затон,55.6820448,37.6787001,nominatim,tertiary,True
суздальская ул вл 40г,Суздальская ул. вл. 40Г,1,oks,Строится,"ООО ""ФИРМА ""ВЕСТ""",ВАО,Новокосино,55.708353,37.8780636,district_centroid,approximate,True
суздальская ул вл 44,Суздальская ул. вл. 44,1,rv,Введено,"ООО ""ВЕРТИКАЛЬ""",ВАО,Новокосино,55.7353499,37.8463207,nominatim,tertiary,True
суздальская ул д 8б стр 1 д 8б стр4,"СУЗДАЛЬСКАЯ УЛ., Д. 8Б , СТР. 1, Д. 8Б, СТР.4",1,rv,Введено,ПРАВОСЛАВИЕ,ВАО,Новокосино,55.708353,37.8780636,manual_exact,exact,True
суздальская ул д12д,"СУЗДАЛЬСКАЯ УЛ., Д.12Д",1,rv,Введено,"ООО ""МАСТЕР БЕРГ-2""",ВАО,Новокосино,55.708353,37.8780636,manual_exact,exact,True
сухаревская б. пл. д 3,Сухаревская Б. пл. д. 3,1,rv,Введено,"АНО ""РСИ""",ЦАО,Мещанский,55.773105,37.6340098,nominatim,hospital,True
сухаревский м. пер вл 4 стр 2,"Сухаревский М. пер., вл. 4, стр. 2",2,rv,Введено,"ОБЩЕСТВО С ОГРАНИЧЕННОЙ ОТВЕТСТВЕННОСТЬЮ ""ГРУППА КОМПАНИЙ СТИЛОБАТ""",ЦАО,Мещанский,55.7816543,37.6340098,manual_exact,exact,True
тагильская стр6/1,"Тагильская, стр.6/1",1,oks,Строится,БРУСНИКА,ВАО,Метрогородок,55.8171965,37.7595835,district_centroid,approximate,True
тагильская ул вл 4 зу 4,"Тагильская ул. вл. 4, з/у4",1,oks,Строится,AFI DEVELOPMENT,ВАО,Метрогородок,55.8171965,37.7595835,district_centroid,approximate,True
тагильская улица дом 4в,"Тагильская улица, дом 4В",1,rv,Введено,AFI DEVELOPMENT,ВАО,Метрогородок,55.8171965,37.7595835,manual_exact,exact,True
таежная ул вл 1,Таежная ул. вл. 1,1,oks,Строится,САНАТОРИЙ СВЕТЛАНА,СВАО,Лосиноостровский,55.8818443,37.7000475,nominatim,residential,True
тайнинская ул вл 11,"Тайнинская ул., вл. 11",1,rv,Введено,ФОНД РЕНОВАЦИИ,СВАО,Лосиноостровский,55.8828453,37.6852568,nominatim,secondary,True
тайнинская ул вл 9/5,"Тайнинская ул., вл. 9/5",1,rv,Введено,ФОНД РЕНОВАЦИИ,СВАО,Лосиноостровский,55.8641682,37.6872725,manual_exact,exact,True
тайнинская ул зу 7/1,"Тайнинская ул., з/у 7/1",1,oks,Строится,ФОНД РЕНОВАЦИИ,СВАО,Лосиноостровский,55.8641682,37.6872725,district_centroid,approximate,True
тайнинская улица дом 13 корпус 1,"Тайнинская улица, дом 13, корпус 1",1,rv,Введено,ФОНД РЕНОВАЦИИ,СВАО,Лосиноостровский,55.8641682,37.6872725,manual_exact,exact,True
талдомская ул вл 1,Талдомская ул. вл. 1,1,rv,Введено,ФОНД РЕНОВАЦИИ,САО,Западное Дегунино,55.8710935,37.5149932,nominatim,residential,True
тамбовская улица пересечение с ул ясеневая,"Тамбовская улица, пересечение с ул. Ясеневая",1,oks,Строится,ПРАВОСЛАВИЕ,ЮАО,Орехово-Борисово Южное,55.6135333,37.7444387,district_centroid,approximate,True
танковый проезд корпус 1 участок 4,"Танковый проезд, корпус 1, участок 4",1,rv,Введено,ФОНД РЕНОВАЦИИ,ЮВАО,Лефортово,55.754854,37.70693,manual_exact,exact,True
тарусская ул вл 18,"Тарусская ул, вл. 18",1,oks,Строится,"ООО ""ПРОИЗВОДСТВЕННАЯ ФИРМА ""МАКЕТ""",ЮЗАО,Ясенево,55.6051985,37.5284064,district_centroid,approximate,True
татарская б. ул вл 21,Татарская Б. ул. вл. 21,1,oks,Строится,"АО ""СЗ ""ГЕОПРИБОР""",ЦАО,Замоскворечье,55.7402846,37.6328629,district_centroid,approximate,True
ташкентская ул 29/1,"Ташкентская ул., 29/1",1,rv,Введено,ФОНД РЕНОВАЦИИ,ЮВАО,Выхино-Жулебино,55.6994476,37.80869,nominatim,secondary,True
ташкентская улица земельный участок 14/3 (зоны 3.2 и 3.4),"Ташкентская улица, земельный участок 14/3 (зоны 3.2 и 3.4)",1,rv,Введено,ФОНД РЕНОВАЦИИ,ЮВАО,Выхино-Жулебино,55.7022001,37.81384715,manual_exact,exact,True
твардовского ул д2а,"ТВАРДОВСКОГО УЛ., Д.2А",1,rv,Введено,МОСКАПСТРОЙ,СЗАО,Строгино,55.794645,37.3863686,manual_exact,exact,True
теплый стан ул вл 4/6,Теплый стан ул. вл. 4/6,2,oks,Строится,ПРАВОСЛАВИЕ,ЮЗАО,Тёплый Стан,55.5702958,37.53838055,district_centroid_multi,approximate,True
тер инновационного центра сколково,тер инновационного центра Сколково,1,rv,Введено,"ООО ""ЛОГОПАРК СКОЛКОВО""",ЗАО,Можайский,55.7015105,37.3937955,manual_exact,exact,True
тер. оао марьинская птицефабрика,тер. ОАО Марьинская птицефабрика,1,rv,Введено,ПИК,НАО,Филимонковский,55.5500805,37.314627,manual_exact,exact,True
тер. снт ветеран,тер. СНТ Ветеран,2,rv,Введено,ФОНД РЕНОВАЦИИ,ТАО,Троицк,55.5274153,37.2817736,manual_exact,exact,True
тер. снт ветеран-1 корпус 1,"тер. СНТ Ветеран-1, корпус 1",1,rv,Введено,"ООО СЗ ""ВЫБОР-СТОЛИЦА""",ТАО,Троицк,55.5274153,37.2817736,manual_exact,exact,True
тер. тпу пятницкое шоссе зу 2,"тер. ТПУ «Пятницкое шоссе», з/у 2",1,rv,Введено,САМОЛЕТ,СЗАО,Митино,55.8484195,37.3670608,manual_exact,exact,True
тер. тпу рассказовка зу 13/6а 13/9а,"тер. ТПУ ""Рассказовка"", з/у 13/6А, 13/9А",2,oks,Строится,ТПУ РАССКАЗОВКА,НАО,Внуково,55.6341565,37.3311795,geometry,,True
тер. тпу рязанская зу 7 тер. тпу рязанская зу 3,"тер. ТПУ ""Рязанская"", з/у 7; тер. ТПУ ""Рязанская"", з/у 3",1,oks,Строится,"ООО ""ТПУ ""РЯЗАНСКАЯ ТЕРМИНАЛ 1""",ЮВАО,Нижегородский,55.7297194,37.7095577,district_centroid,approximate,True
территории застройки мневниковской поймы,территории застройки Мневниковской поймы,1,oks,Строится,"ГКУ ""УДМС""",СЗАО,Хорошёво-Мнёвники,55.765528,37.4972546,district_centroid,approximate,True
территория административно-делового центра в п. коммунарка,территория Административно-делового центра в п. Коммунарка,1,oks,Строится,"ООО ""ВКС""",НАО,Коммунарка,55.581794,37.448441,district_centroid,approximate,True
территория акционерного общества рублево-архангельское земельный участок т04,"территория Акционерного общества ""Рублёво-Архангельское"", земельный участок Т04",1,oks,Строится,"АО ""РУБЛЕВО-АРХАНГЕЛЬСКОЕ""",ЗАО,Кунцево,55.74346005,37.39999495,district_centroid,approximate,True
территория алабушево,территория Алабушево,11,oks; rv,Строится; Введено,"КОНЦЕРН ГРАНИТ; ООО ""ИСТКОМПИС РУС""; ООО ""КОМПАНИЯ ""ЭЛТА""; ООО ""ДОЗА ТЕХ""; ООО ""ИНТ""; +2",ЗелАО,Силино,56.0080842,37.1406636,nominatim,halt:fallback,True
территория алабушево (особая экономическая зона технико-внедренческой деятельности участок № 26 площадки алабушево),"территория Алабушево (особая экономическая зона технико-внедренческой деятельности, участок № 26 площадки ""Алабушево"")",1,rv,Введено,"ЗАО ""ТЕРМИКО""",ЗелАО,Силино,56.0080842,37.1406636,manual_exact,exact,True
территория алабушево проезд № 4803 дом 25 стр 1,"территория Алабушево, проезд № 4803, дом 25, стр. 1",1,oks,Строится,ВЕСНА,ЗелАО,Силино,56.0080842,37.1406636,district_centroid,approximate,True
территория алабушево проезд № 4803 дом 25 стр1,"территория Алабушево, проезд № 4803, дом 25, стр.1",1,oks,Строится,ВЕСНА,ЗелАО,Силино,56.0080842,37.1406636,district_centroid,approximate,True
территория аэропорт внуково,территория аэропорт Внуково,1,oks,Строится,МЕЖДУНАРОДНЫЙ АЭРОПОРТ ВНУКОВО,ЗАО,Внуково,55.58975,37.26383705,district_centroid,approximate,True
территория вблизи дер саларьево владение 3 строение 1,"ТЕРРИТОРИЯ ВБЛИЗИ ДЕР. САЛАРЬЕВО, ВЛАДЕНИЕ 3, СТРОЕНИЕ 1",1,rv,Введено,"ООО ""УНИ-ПАК-СЕРВИС""",НАО,Московский,55.613434,37.415014,manual_exact,exact,True
территория инновационного центр сколково большой бульвар 49,"территория инновационного центр Сколково, Большой бульвар, 49",1,oks,Строится,МОНОЛИТПРОЕКТ,ЗАО,Можайский,55.7015105,37.3937955,district_centroid,approximate,True
территория инновационного центра сколково,"территория инновационного центра ""Сколково""",19,oks; rv,Строится; Введено,"ООО ""ТНД""; СБЕРБАНК; ООО ""ПОЖАРНАЯ ОХРАНА""; МОНОЛИТПРОЕКТ; ООО ""СПОРТПАРК""; +2",ЗАО,Можайский,55.6972879,37.3564687,nominatim,village:fallback,True
территория инновационного центра сколково (ул луговая дом 4 корп2),"территория инновационного центра Сколково (ул. Луговая, дом 4,корп.2)",1,oks,Строится,"ООО ""АВТОПАРК""",ЗАО,Можайский,55.7015105,37.3937955,district_centroid,approximate,True
территория инновационного центра сколково большой бульвар 27,"территория инновационного центра ""Сколково"", Большой бульвар, 27",1,oks,Строится,МФ ФОИ,ЗАО,Можайский,55.7015105,37.3937955,district_centroid,approximate,True
территория инновационного центра сколково большой бульвар 36,"территория инновационного центра «Сколково», Большой бульвар, 36",1,oks,Строится,РОСТЕЛЕКОМ,ЗАО,Можайский,55.7015105,37.3937955,district_centroid,approximate,True
территория инновационного центра сколково большой бульвар 37,"территория инновационного центра Сколково, Большой бульвар, 37",1,oks,Строится,"АКЦИОНЕРНОЕ ОБЩЕСТВО ""СТАРТ""",ЗАО,Можайский,55.7015105,37.3937955,district_centroid,approximate,True
территория инновационного центра сколково большой бульвар д 7,"Территория инновационного центра ""Сколково"", Большой бульвар, д. 7",1,rv,Введено,ФАНУК,ЗАО,Можайский,55.7015105,37.3937955,manual_exact,exact,True
территория инновационного центра сколково д9 стр1,"ТЕРРИТОРИЯ ИННОВАЦИОННОГО ЦЕНТРА ""СКОЛКОВО"", Д.9, СТР.1",1,rv,Введено,ФРЦР И КОММЕРЦИАЛИЗАЦИИ НОВЫХ ТЕХНОЛОГИЙ,ЗАО,Можайский,55.7015105,37.3937955,manual_exact,exact,True
территория инновационного центра сколково ул зворыкина 16 ул зворыкина 25,"территория инновационного центра ""Сколково"", ул. Зворыкина, 16, ул. Зворыкина, 25",2,oks,Строится,СБЕРБАНК,ЗАО,Можайский,55.7015105,37.3937955,district_centroid,approximate,True
территория инновационного центра сколково ул эйнштейна земельный участок 2/2,"территория инновационного центра Сколково, ул. Эйнштейна, земельный участок 2/2",1,oks,Строится,"ООО ""БиоПласт""",ЗАО,Можайский,55.7015105,37.3937955,district_centroid,approximate,True
территория квартала степана эрьзи в г.о.щербинка,территория квартала Степана Эрьзи в г.о.Щербинка,1,oks,Строится,ГРАНЕЛЬ,НАО,Щербинка,55.49523050000001,37.518144,district_centroid,approximate,True
территория кутузово района крюково,территория Кутузово района Крюково,1,oks,Строится,"ФОНД ""ЗИФ""",ЗелАО,Крюково,55.9658925,37.173983,district_centroid,approximate,True
территория мневниковской поймы,территория Мневниковской поймы,3,oks,Строится,"ООО ХК ""ЭЛВАСТРОЙ""; ГКУ ""УДМС""",СЗАО,Хорошёво-Мнёвники,55.765528,37.4972546,district_centroid,approximate,True
территория на участках между берсеневской набережной якиманской набережной болотной набережной и ул серафимовича,"территория на участках между Берсеневской набережной, Якиманской набережной, Болотной набережной и ул. Серафимовича",1,rv,Введено,"ООО ""ГЭС-2""",ЦАО,Якиманка,55.7425825,37.6157213,manual_exact,exact,True
территория ограниченная варшавским шоссе проектируемым проездом № 5529 руслом москва-реки границей производственной зоны №2 варшавское шоссе нагатинской улицей,"территория, ограниченная Варшавским шоссе, проектируемым проездом № 5529, руслом Москва-реки, границей производственной зоны №2 ""Варшавское шоссе"", Нагатинской улицей",1,oks,Строится,ХАНТ-ХОЛДИНГ,ЮАО,Нагатино-Садовники,55.6746117,37.6454806,district_centroid,approximate,True
территория ограниченная проектируемым проездом №1889 богородским шоссе улицей краснобогатырская проектируемым проездом 422,"территория, ограниченная проектируемым проездом №1889, Богородским шоссе, улицей Краснобогатырская, проектируемым проездом 422",1,oks,Строится,"АО ""ИК ""СЕВЕРНАЯ ЗВЕЗДА""",ВАО,Богородское,55.81164245,37.7153353,district_centroid,approximate,True
территория оэз технополис москва площадка алабушево,"территория ОЭЗ ""Технополис Москва"", площадка ""Алабушево""",1,oks,Строится,"ООО ""АРТСЕЛЛЕНС""",ЗелАО,Силино,56.0080842,37.1406636,district_centroid,approximate,True
территория оэз технополис москва участок № 16 площадка алабушево,"территория ОЭЗ ""Технополис ""Москва"", участок № 16, площадка ""Алабушево""",1,oks,Строится,"ООО ""СОВЭЛМАШ""",ЗелАО,Силино,56.0080842,37.1406636,district_centroid,approximate,True
территория тепличного комбината №1 третий микрорайон квартал 1,"территория тепличного комбината №1, Третий микрорайон, Квартал 1",1,rv,Введено,АБСОЛЮТ,НАО,Коммунарка,55.581794,37.448441,district_centroid,approximate,True
территория тпу некрасовка зу 1,"территория ТПУ ""Некрасовка"", з/у 1",1,rv,Введено,3S GROUP,ЮВАО,Некрасовка,55.6883621,37.9289173,manual_exact,exact,True
территория тпу некрасовка ул рождественская д33,"территория ТПУ ""Некрасовка"", ул. Рождественская, д.33",1,rv,Введено,АНО РСИО,ЮВАО,Некрасовка,55.6883621,37.9289173,manual_exact,exact,True
территория тпу пятницкое шоссе сзао митино,"Территория ТПУ «Пятницкое шоссе», СЗАО, Митино",1,oks,Строится,TASHIR,СЗАО,Митино,55.8484195,37.3670608,district_centroid,approximate,True
тессинский переулок дом 1,"Тессинский переулок, дом 1",1,rv,Введено,STATE DEVELOPMENT,ЦАО,Таганский,55.7506045,37.6494124,nominatim,unclassified,True
тестовская ул влд. 1 соор. 1,"ТЕСТОВСКАЯ УЛ., ВЛД. 1, СООР. 1",1,rv,Введено,"АО ""МКЖД""",ЦАО,Пресненский,55.7580051,37.5654894,manual_exact,exact,True
технологическая часть тпу на станции метро верхние лихоборы. этап 1.2. этап 1.2.2,"Технологическая часть ТПУ на станции метро ""Верхние Лихоборы. Этап 1.2. Этап 1.2.2",1,rv,Введено,"ГКУ ""УДМС""",САО,Бескудниковский,55.8725195,37.5462316,manual_exact,exact,True
тимирязевский ивановская ул вл16 стр1 вл 18 стр2,"Тимирязевский, Ивановская ул., вл.16 стр.1,вл. 18 стр.2",2,rv,Введено,СУ №7 ФУНДАМЕНТСТРОЙ,САО,Тимирязевский,55.8452897,37.5620884,manual_exact,exact,True
тимура фрунзе ул земельный участок 10/1,"Тимура Фрунзе ул., земельный участок 10/1",1,oks,Строится,"АО ""АТМОСФЕРА""",ЦАО,Хамовники,55.72162725,37.5633727,district_centroid,approximate,True
тимярязевский район бутырский район,"Тимярязевский район, Бутырский район",1,oks,Строится,"ГКУ ""УДМС""",САО,Тимирязевский,55.8452897,37.5620884,district_centroid,approximate,True
тихорецкий бульвар вл 1,"Тихорецкий бульвар, вл. 1",1,rv,Введено,ПРАВОСЛАВИЕ,ЮВАО,Люблино,55.6778847,37.7757334,nominatim,tertiary,True
толбухина ул влд. 2/4,"Толбухина ул., влд. 2/4",1,rv,Введено,ФОНД РЕНОВАЦИИ,ЗАО,Можайский,55.7015105,37.3937955,manual_exact,exact,True
тпу ботанический сад,"ТПУ ""Ботанический сад""",1,rv,Введено,PIONEER,СВАО,Ростокино,55.8328934,37.6506684,manual_exact,exact,True
тпу марьина роща,"ТПУ ""Марьина Роща""",1,rv,Введено,ФОНД РЕНОВАЦИИ,СВАО,Марьина роща,55.7925842,37.6043898,manual_exact,exact,True
тпу на станции метро аминьевское шоссе,"ТПУ на станции метро ""Аминьевское шоссе""",1,rv,Введено,МОСКОВСКИЙ МЕТРОПОЛИТЕН,ЗАО,Очаково-Матвеевское,55.6907105,37.443805,manual_exact,exact,True
тпу сити тупик шелепихинский зу 1 2 3 4 5 6 7 8 9 10,"ТПУ ""СИТИ"", тупик Шелепихинский, з/у 1,2,3,4,5,6,7,8,9,10",1,rv,Введено,MR GROUP,ЦАО,Пресненский,55.7580051,37.5654894,manual_exact,exact,True
тпу фонвизинская огородный проезд вл20,"ТПУ «Фонвизинская», Огородный проезд, вл.20",1,rv,Введено,"ООО ""ТПУ ""ФОНВИЗИНСКАЯ""",СВАО,Бутырский,55.8116348,37.596868,manual_exact,exact,True
тпу ярославская. этап 1,"ТПУ ""Ярославская"". Этап 1",2,rv,Введено,"ГКУ ""УДМС""",СВАО,Ростокино,55.8328934,37.6506684,manual_exact,exact,True
тпутерешково,ТПУ«Терешково»,1,rv,Введено,"ГКУ ""УДМС""",ЗАО,Солнцево,55.6521865,37.40060335,manual_exact,exact,True
транспортно-пересадочный узел озерная 2.1 этап,Транспортно-пересадочный узел «Озерная» 2.1 этап,1,rv,Введено,МОСКОВСКИЙ МЕТРОПОЛИТЕН,ЗАО,Очаково-Матвеевское,55.6907105,37.443805,manual_exact,exact,True
транспортно-пересадочный узел озерная 2.2 этап,Транспортно-пересадочный узел «Озерная» 2.2 этап,1,rv,Введено,МОСКОВСКИЙ МЕТРОПОЛИТЕН,ЗАО,Очаково-Матвеевское,55.6907105,37.443805,manual_exact,exact,True
третий микрорайон квартал 2 ул лаптева зу 2,"Третий микрорайон, квартал 2, ул. Лаптева, з/у 2",1,oks,Строится,АБСОЛЮТ,НАО,Филимонковский,55.5500805,37.314627,district_centroid,approximate,True
троицк,Троицк,5,rv,Введено,МОСКОВСКИЙ ФОНД ЗАЩИТЫ ПРАВ ДОЛЬЩИКОВ,ТАО,Троицк,55.4728168,37.3017465,nominatim,town,True
троицк квартал 34 земельный участок 18,"Троицк, квартал 34, земельный участок 18",1,rv,Введено,ИНДИВИДУАЛЬНЫЕ ПРЕДПРИНИМАТЕЛИ,ТАО,Троицк,55.5274153,37.2817736,manual_exact,exact,True
троицк улица прибрежная дом 17,"Троицк, Улица Прибрежная Дом 17",1,rv,Введено,"ООО ""ЗАРЕЧЬЕ""",ТАО,Троицк,55.4956808,37.3046787,nominatim,service,True
тропарево-никулино проспект вернадского вл98 (вл90),"Тропарево-Никулино, проспект Вернадского, вл.98 (вл.90)",1,rv,Введено,ПРАВИТЕЛЬСТВО РОССИЙСКОЙ ФЕДЕРАЦИИ,ЗАО,Тропарёво-Никулино,55.67133680000001,37.4655932,manual_exact,exact,True
тропаревская ул дом 25 (проспект вернадского),"Тропарёвская ул., дом 25 (проспект Вернадского)",1,oks,Строится,"ЖСК ""НИКУЛИНО""",ЗАО,Тропарёво-Никулино,55.67133680000001,37.4655932,district_centroid,approximate,True
тульская м. ул вл 55/1,Тульская М. ул. вл. 55/1,1,rv,Введено,ФОНД РЕНОВАЦИИ,ЮАО,Донской,55.6976942,37.58841435,manual_exact,exact,True
тупик шелепихинский зу 1 2 3 4 5 6 7 8 9 10,"тупик Шелепихинский з/у 1,2,3,4,5,6,7,8,9,10",1,rv,Введено,MR GROUP,ЦАО,Пресненский,55.7580051,37.5654894,manual_exact,exact,True
турчанинов пер вл 3 стр 1,Турчанинов пер. вл. 3 стр. 1,1,rv,Введено,СОЮЗ МАРИНС ГРУПП,ЦАО,Хамовники,55.72162725,37.5633727,manual_exact,exact,True
тушинская ул вл 13-15,Тушинская ул. вл. 13-15,1,oks,Строится,ПАЛАШЕВСКИЙ РЫНОК,СЗАО,Покровское-Стрешнево,55.8271704,37.4449075,nominatim,residential,True
тушинский 1-й пр д 19,ТУШИНСКИЙ 1-Й ПР. Д. 19,1,rv,Введено,"КП ""УРИРУО""",СЗАО,Покровское-Стрешнево,55.8192621,37.4415913,manual_exact,exact,True
тюменский пр вл 3,Тюменский пр. вл. 3,1,rv,Введено,SMINEX (ранее INGRAD),ВАО,Богородское,55.811796,37.7393735,geometry_permit,,True
тюменский пр вл 3-5,"Тюменский пр., вл. 3-5",2,rv,Введено,SMINEX (ранее INGRAD),ВАО,Богородское,55.8114889,37.7389521,nominatim,unclassified,True
тюменский проезд д3 к1,"Тюменский проезд, д.3, к.1",2,rv,Введено,SMINEX (ранее INGRAD),ВАО,Богородское,55.81164245,37.7153353,manual_exact,exact,True
тюменский проезд д3 к2,"Тюменский проезд, д.3, к.2",1,rv,Введено,SMINEX (ранее INGRAD),ВАО,Богородское,55.81164245,37.7153353,manual_exact,exact,True
тюменский проезд д3 к5 к6,"Тюменский проезд, д.3, к.5, к.6",1,rv,Введено,SMINEX (ранее INGRAD),ВАО,Богородское,55.81164245,37.7153353,manual_exact,exact,True
у д захарково,у д. Захарково,5,oks,Строится,"АО ""РУБЛЕВО-АРХАНГЕЛЬСКОЕ""",ЗАО,Кунцево,55.74346005,37.39999495,district_centroid,approximate,True
у д захарково квартал а27,"у д. Захарково, квартал А27",1,oks,Строится,"АО ""РУБЛЕВО-АРХАНГЕЛЬСКОЕ""",ЗАО,Кунцево,55.74346005,37.39999495,district_centroid,approximate,True
у дзахарково,у д.Захарково,2,oks,Строится,"АО ""РУБЛЕВО-АРХАНГЕЛЬСКОЕ""",ЗАО,Кунцево,55.74346005,37.39999495,district_centroid,approximate,True
у дзахарково квартал в10,"у д.Захарково, квартал В10",1,rv,Введено,"АО ""РУБЛЕВО-АРХАНГЕЛЬСКОЕ""",ЗАО,Кунцево,55.74346005,37.39999495,manual_exact,exact,True
у п. с-за крекшино,у п. с-за Крекшино,1,rv,Введено,"ООО ""СТРОЙКОМПЛЕКТ""",НАО,Марушкинское,55.5778111,37.1097363,manual_exact,exact,True
угрешская ул д 22,Угрешская ул. д. 22,2,oks,Строится,"ГКУ ""УДМС""",ЮВАО,Печатники,55.7151779,37.6951861,nominatim,tertiary,True
ул 1-ая бухвостова вл 12/11,"ул. 1-ая Бухвостова, вл. 12/11",1,oks,Строится,РЕГИОНЫ-ДЕВЕЛОПМЕНТ,ВАО,Преображенское,55.79672395,37.7208723,district_centroid,approximate,True
ул 1-ая бухвостова вл 12/11 ( вао: район преображенское ),"ул. 1-ая Бухвостова, вл. 12/11 ( ВАО: район Преображенское )",1,oks,Строится,РЕГИОНЫ-ДЕВЕЛОПМЕНТ,ВАО,Преображенское,55.79672395,37.7208723,district_centroid,approximate,True
ул 1-я вольская 9,ул 1-я Вольская 9,1,rv,Введено,КП УГС,ЮВАО,Некрасовка,55.6883621,37.9289173,manual_exact,exact,True
ул 1-я машинстроения зу 5,"ул. 1-я Машинстроения, З/У 5",1,rv,Введено,ФОНД РЕНОВАЦИИ,ЮВАО,Южнопортовый,55.7236223,37.6824575,manual_exact,exact,True
ул 1-я нововатутинская 5,ул 1-я Нововатутинская 5,3,rv,Введено,ИНВЕСТТРАСТ,НАО,Десеновское,55.5702958,37.3970203,manual_exact,exact,True
ул 1-я останкинская вл 43-55,"ул. 1-я Останкинская, вл. 43-55",1,oks,Строится,"ОБЩЕСТВО С ОГРАНИЧЕННОЙ ОТВЕТСТВЕННОСТЬЮ ""ГРУППА КОМПАНИЙ ""ЛИСТ""",СВАО,Останкинский,55.8386265,37.6302466,district_centroid,approximate,True
ул 1-я рыбацкая д 7/2,"ул. 1-я Рыбацкая, д. 7/2",1,rv,Введено,ИНДИВИДУАЛЬНЫЕ ПРЕДПРИНИМАТЕЛИ,ТАО,Троицк,55.5274153,37.2817736,manual_exact,exact,True
ул 1-я тверская-ямская вл 2,"ул. 1-я Тверская-Ямская, вл. 2",1,rv,Введено,VESPER,ЦАО,Тверской,55.7787255,37.5996357,manual_exact,exact,True
ул 1-я ямского поля вл 8 вл 10 стр1,"ул. 1-я Ямского Поля, вл. 8, вл. 10 стр.1",1,rv,Введено,MR GROUP,САО,Беговой,55.7828983,37.563588,manual_exact,exact,True
ул 11-парковая влд.45,"ул. 11-Парковая, влд.45",1,rv,Введено,ФОНД РЕНОВАЦИИ,ВАО,Северное Измайлово,55.8065524,37.7977201,manual_exact,exact,True
ул 11-я парковая зу 45б зона 81.1 корпус 46,"ул. 11-я Парковая, з/у 45Б, зона 81.1, корпус 46",1,oks,Строится,"АНО ""РСИ""",ВАО,Северное Измайлово,55.8065524,37.7977201,district_centroid,approximate,True
ул 13-я парковая 16а,ул 13-я Парковая 16А,1,rv,Введено,ФОНД РЕНОВАЦИИ,ВАО,Восточное Измайлово,55.7432518,37.7201206,manual_exact,exact,True
ул 15-я парковая 27/1,ул 15-я Парковая 27/1,1,rv,Введено,ФОНД РЕНОВАЦИИ,ВАО,Восточное Измайлово,55.7432518,37.7201206,manual_exact,exact,True
ул 15-я парковая 42 к5,"ул 15-я Парковая 42, К5",1,rv,Введено,ФОНД РЕНОВАЦИИ,ВАО,Северное Измайлово,55.8065524,37.7977201,manual_exact,exact,True
ул 15-я парковая зу 46/1а,"ул. 15-я Парковая, з/у 46/1А",1,rv,Введено,ФОНД РЕНОВАЦИИ,ВАО,Северное Измайлово,55.8065524,37.7977201,manual_exact,exact,True
ул 2-я владимирская 30,ул 2-я Владимирская 30,1,rv,Введено,ФОНД РЕНОВАЦИИ,ВАО,Перово,55.7468432,37.7887908,manual_exact,exact,True
ул 2-я владимирская вл 10а стр 1,"ул. 2-я Владимирская, вл. 10А, стр. 1",1,oks,Строится,РОСИМУЩЕСТВО,ВАО,Перово,55.7468432,37.7887908,district_centroid,approximate,True
ул 2-я вольская 30 стр 25а,"ул. 2-я Вольская, 30, стр. 25А",1,rv,Введено,МОСВОДОКАНАЛ,ЮВАО,Некрасовка,55.6883621,37.9289173,manual_exact,exact,True
ул 2-я вольская вл 30,"ул. 2-я Вольская, вл. 30",1,oks,Строится,МОСВОДОКАНАЛ,ЮВАО,Некрасовка,55.6883621,37.9289173,district_centroid,approximate,True
ул 2-я вольская дом 15,"ул. 2-я Вольская, дом 15",1,rv,Введено,КП УГС,ЮВАО,Некрасовка,55.6883621,37.9289173,manual_exact,exact,True
ул 2-я звенигородская вл 12 (участок 2),"ул. 2-я Звенигородская, вл. 12 (Участок 2)",3,rv,Введено,VESPER,ЦАО,Пресненский,55.7580051,37.5654894,manual_exact,exact,True
ул 2-я звенигородская вл 13 стр 1-3 4а 4б 11 17 18а-ж 19-20 22 37,"ул. 2-я Звенигородская, вл. 13, стр. 1-3, 4А, 4Б, 11, 17, 18А-Ж, 19-20, 22, 37",1,oks,Строится,"АО ""ПМЗ""",ЦАО,Пресненский,55.7580051,37.5654894,district_centroid,approximate,True
ул 2-я измайловского зверинца 2,ул 2-я Измайловского Зверинца 2,1,rv,Введено,"ООО ""ЛИДЕРС-ГЛОБАЛ""",ВАО,Измайлово,55.797943,37.7736403,manual_exact,exact,True
ул 2-я магистральная вл 14-в,"ул. 2-я Магистральная, вл. 14-В",1,oks,Строится,"ООО ""ЛАСТОЧКА""",САО,Хорошёвский,55.7801228,37.5325428,district_centroid,approximate,True
ул 2-я магистральная вл 3 строение 1 3 4 6 7 9 10,"ул. 2-я Магистральная, вл. 3, строение 1,3,4,6,7,9,10",1,oks,Строится,DAR,ЦАО,Пресненский,55.7580051,37.5654894,district_centroid,approximate,True
ул 2-я новоселки,ул. 2-я Новосёлки,1,oks,Строится,ФСК,САО,Молжаниновский,55.9367,37.377,district_centroid,approximate,True
ул 2-я рыбинская вл 12а,"ул. 2-я Рыбинская, вл. 12А",1,oks,Строится,"АО ""ЛЮДМИЛА""",ВАО,Сокольники,55.7884326,37.6690908,district_centroid,approximate,True
ул 3-я магистральная вл 10,"ул. 3-я Магистральная, вл. 10",1,rv,Введено,"ООО УК ""ДД КАЛИТА""",САО,Хорошёвский,55.7669333,37.5179612,nominatim,secondary,True
ул 3-я парковая д 57,"ул. 3-я Парковая, д. 57",1,rv,Введено,"ООО ""МТК-ДИАЛЭКС""",ВАО,Северное Измайлово,55.8065524,37.7977201,manual_exact,exact,True
ул 3-я хорошевская д 27 корп 2 ул 3-я хорошевская д 21 строен. 8 ул 3-я хорошевская д 27 строен. 6 строен. 7 строен. 5,"ул. 3-я Хорошёвская, д. 27, корп. 2; ул. 3-я Хорошёвская, д. 21, строен. 8; ул. 3-я Хорошёвская, д. 27, строен. 6, строен. 7, строен. 5",2,rv,Введено,МОНАРХ,СЗАО,Хорошево-Мневники,55.7601052,37.5183196,manual_exact,exact,True
ул 4-я гражданская,ул. 4-я Гражданская,2,oks; rv,Строится; Введено,ВСЕРОССИЙСКОЕ ОБЩЕСТВО СЛЕПЫХ,ВАО,Богородское,55.8071351,37.7201206,nominatim,bus_stop,True
ул 4-я марьиной рощи зу 12,"ул. 4-я Марьиной Рощи, з/у 12",1,rv,Введено,MR GROUP,СВАО,Марьина Роща,55.798009,37.6064327,manual_exact,exact,True
ул 5-я магистральная зу 4,"ул. 5-я Магистральная, з/у 4",1,oks,Строится,ФСК,САО,Хорошёвский,55.7801228,37.5325428,district_centroid,approximate,True
ул 5-я мякининская вл 20 ул 4-я мякининская вл 27 стр 1,"ул. 5-я Мякининская, вл. 20, ул. 4-я Мякининская, вл. 27, стр. 1",1,rv,Введено,"ООО ""СЗ ""УНИВЕРСАЛЬ""",ЗАО,Кунцево,55.74346005,37.39999495,manual_exact,exact,True
ул 5-я ямского поля 25 а,"ул. 5-я Ямского поля, 25 А",1,rv,Введено,ТЕНЗОР,САО,Беговой,55.7828983,37.563588,manual_exact,exact,True
ул 6-я радиальная вл 7,"ул. 6-я Радиальная, вл. 7",1,oks,Строится,"АНО ""РСИ""",ЮАО,Бирюлёво Восточное,55.6234134,37.7935045,district_centroid,approximate,True
ул 6-я радиальная вл 7 корп 1,"ул. 6-я Радиальная, вл. 7, корп. 1",1,rv,Введено,"АО ""МОСОТДЕЛСТРОЙ № 1""",ЮАО,Бирюлево Восточное,55.6234134,37.7935045,manual_exact,exact,True
ул 6-я радиальная влд. 7 участок 18,"ул. 6-я Радиальная, влд. 7, участок 18",1,oks,Строится,"АНО ""РСИ""",ЮАО,Бирюлёво Восточное,55.6234134,37.7935045,district_centroid,approximate,True
ул 8-я текстильщиков вл 2,"ул. 8-я Текстильщиков, вл. 2",1,oks,Строится,"ГБУ ""ДИРЕКЦИЯ РАЗВИТИЯ ОБЪЕКТОВ ЗДРАВООХРАНЕНИЯ ГОРОДА МОСКВЫ""",ЮВАО,Текстильщики,55.719618,37.725135,district_centroid,approximate,True
ул 9 мая земельный участок 24 (9 мая ул вл 24),"ул. 9 Мая, земельный участок 24 (9 Мая ул., вл. 24)",1,oks,Строится,ФОНД РЕНОВАЦИИ,ВАО,Восточный,55.5830978,37.5794294,district_centroid,approximate,True
ул 9-я парковая влд. 68/2/3,"ул. 9-я Парковая, влд. 68/2/3",1,rv,Введено,ФОНД РЕНОВАЦИИ,ВАО,Северное Измайлово,55.8065524,37.7977201,manual_exact,exact,True
ул авангардная 10а,ул Авангардная 10А,1,rv,Введено,ФОНД РЕНОВАЦИИ,САО,Головинский,55.84324995,37.49734265,manual_exact,exact,True
ул авиаконструктора микояна д 2,"УЛ. АВИАКОНСТРУКТОРА МИКОЯНА, Д. 2",1,rv,Введено,КП УГС,САО,Хорошевский,55.7953866,37.504053,manual_exact,exact,True
ул авиаконструктора миля д3а,"ул. Авиаконструктора Миля, д.3А",1,rv,Введено,"ООО ""АРКАДА-ИМПОРТ""",ЮВАО,Выхино-Жулебино,55.6788353,37.8583828,nominatim,tertiary,True
ул авиаконструктора миля на пересечении с жулебинским бульваром,ул. Авиаконструктора Миля на пересечении с Жулебинским бульваром,1,oks,Строится,"ООО ""НЕЗАВИСИМЫЙ ИНСТИТУТ ИНВЕСТИЦИЙ ДЛЯ РАЗВИТИЯ СПОРТА ""МУЛЬТИСПОРТБИЗНЕС""",ЮВАО,Выхино-Жулебино,55.7022001,37.81384715,district_centroid,approximate,True
ул авиаконструктора сухого д 2 к1,"УЛ. АВИАКОНСТРУКТОРА СУХОГО, Д. 2, К1",1,rv,Введено,"АО ""НОВКО""",САО,Хорошевский,55.7953866,37.504053,manual_exact,exact,True
ул авиаконструктора сухого д2 к2,"УЛ. АВИАКОНСТРУКТОРА СУХОГО, Д.2, К.2",1,rv,Введено,"АО ""НОВКО""",САО,Хорошевский,55.7953866,37.504053,manual_exact,exact,True
ул авиамоторная вл 21 23,"ул. Авиамоторная, вл. 21, 23",1,oks,Строится,ФОНД РЕНОВАЦИИ,ЮВАО,Лефортово,55.754854,37.70693,district_centroid,approximate,True
ул авиамоторная вл5,"ул. Авиамоторная, вл.5",1,oks,Строится,ФОНД РЕНОВАЦИИ,ЮВАО,Лефортово,55.7416582,37.7212943,nominatim,tertiary,True
ул авиаторов 7а,ул Авиаторов 7А,1,rv,Введено,ТЕССЕРА ИНВЕСТ,ЗАО,Солнцево,55.6521865,37.40060335,manual_exact,exact,True
ул авиаторов вл 5/1,"ул. Авиаторов, вл. 5/1",1,rv,Введено,"ООО ""КРАТЕР""",ЗАО,Солнцево,55.6411162,37.4095116,nominatim,tertiary,True
ул авиационная зу 14,"ул. Авиационная, з/у 14",1,rv,Введено,ФОНД РЕНОВАЦИИ,СЗАО,Щукино,55.8051302,37.4803087,manual_exact,exact,True
ул автозаводская вл 23,"ул. Автозаводская, вл. 23",1,rv,Введено,ЛСР,ЮАО,Даниловский,55.710026,37.6632408,nominatim,secondary,True
ул автозаводская вл 23 стр 120 120б,"ул. Автозаводская, вл. 23, стр. 120, 120Б",1,rv,Введено,"ООО ""АВТОТЕХ""",ЮАО,Даниловский,55.711814,37.6597584,manual_exact,exact,True
ул автозаводская вл 23 стр 123,"ул. Автозаводская, вл. 23 стр. 123",1,rv,Введено,КП УГС,ЮАО,Даниловский,55.7106101,37.6644211,nominatim,secondary,True
ул автозаводская вл 23 стр120 120б,"ул. Автозаводская, вл. 23, стр.120, 120Б",1,rv,Введено,"ООО ""АВТОТЕХ""",ЮАО,Даниловский,55.711814,37.6597584,manual_exact,exact,True
ул автозаводская вл 23 строен. 277,"ул. Автозаводская, вл. 23, строен. 277",1,oks,Строится,ПРАВОСЛАВИЕ,ЮАО,Даниловский,55.711814,37.6597584,district_centroid,approximate,True
ул автозаводская вл 23 уч 27,"ул. Автозаводская, вл. 23, уч. 27",1,rv,Введено,ЛСР,ЮАО,Даниловский,55.711814,37.6597584,manual_exact,exact,True
ул автозаводская вл 23 участок №34,"ул. Автозаводская, вл. 23, участок №34",1,rv,Введено,ЛСР,ЮАО,Даниловский,55.711814,37.6597584,manual_exact,exact,True
ул автозаводская вл 23/2 (лоты 18 19 27),"ул. Автозаводская, вл. 23/2 (Лоты 18, 19, 27)",1,rv,Введено,ЛСР,ЮАО,Даниловский,55.711814,37.6597584,manual_exact,exact,True
ул автозаводская вл 23/5,"ул Автозаводская, вл 23/5",1,oks,Строится,ЛСР,ЮАО,Даниловский,55.711814,37.6597584,district_centroid,approximate,True
ул автозаводская вл 23/56,"ул. Автозаводская, вл. 23/56",1,rv,Введено,ЭТАЛОН,ЮАО,Даниловский,55.711814,37.6597584,manual_exact,exact,True
ул автозаводская вл 23/64,"ул. Автозаводская, вл. 23/64",1,rv,Введено,ЭТАЛОН,ЮАО,Даниловский,55.711814,37.6597584,manual_exact,exact,True
ул автозаводская вл 23/66,"ул. Автозаводская, вл. 23/66",2,rv,Введено,ЭТАЛОН,ЮАО,Даниловский,55.711814,37.6597584,manual_exact,exact,True
ул автозаводская вл 23/66 корп 5 6 7 8 9 10,"ул. Автозаводская, вл. 23/66, корп. 5,6,7,8,9,10",1,rv,Введено,ЭТАЛОН,ЮАО,Даниловский,55.711814,37.6597584,manual_exact,exact,True
ул автозаводская вл 23/71,"ул Автозаводская, вл 23/71",1,oks,Строится,ЭТАЛОН,ЮАО,Даниловский,55.711814,37.6597584,district_centroid,approximate,True
ул автозаводская вл 23/72,"ул. Автозаводская, вл. 23/72",1,oks,Строится,ЭТАЛОН,ЮАО,Даниловский,55.711814,37.6597584,district_centroid,approximate,True
ул автозаводская вл 23/74,"ул. Автозаводская, вл. 23/74",2,oks,Строится,ЭТАЛОН,ЮАО,Даниловский,55.711814,37.6597584,district_centroid,approximate,True
ул автозаводская вл 23/75,"ул. Автозаводская, вл. 23/75",3,oks,Строится,ЭТАЛОН,ЮАО,Даниловский,55.711814,37.6597584,district_centroid,approximate,True
ул автозаводская вл 23/77,"ул. Автозаводская, вл. 23/77",1,oks,Строится,ЭТАЛОН,ЮАО,Даниловский,55.688094,37.6419345,geometry,,True
ул автозаводская вл23/4,"ул. Автозаводская, вл.23/4",1,rv,Введено,ЛСР,ЮАО,Даниловский,55.711814,37.6597584,manual_exact,exact,True
ул автозаводская д 23а корп 2,"ул. Автозаводская, д. 23А, корп. 2",1,rv,Введено,"ООО УК ""ТЭН-ДЕВЕЛОПМЕНТ""",ЮАО,Даниловский,55.711814,37.6597584,manual_exact,exact,True
ул автозаводская территория амо зил,"ул. Автозаводская, территория АМО ЗИЛ",7,oks,Строится,ЭТАЛОН,ЮАО,Даниловский,55.711814,37.6597584,district_centroid,approximate,True
ул адмирала макарова вл 2,"ул. Адмирала Макарова, вл. 2",1,oks,Строится,SMINEX (ранее INGRAD),САО,Войковский,55.8223248,37.50493375,district_centroid,approximate,True
ул адмирала макарова вл 41,"ул. Адмирала Макарова, вл. 41",1,rv,Введено,"АО ""НОВАЯ КОНЦЕПЦИЯ""",САО,Войковский,55.8263608,37.4957553,nominatim,tertiary,True
ул азовская д 28в,"ул. Азовская, д. 28В",1,rv,Введено,"ЗАО ""ВТОРСЫРЬЕПЕРЕРАБОТКА""",ЮЗАО,Зюзино,55.6528725,37.5867464,manual_exact,exact,True
ул академика анохина вл 34 корп3,"ул. Академика Анохина, вл. 34, корп.3",1,rv,Введено,ИПСМЕД,ЗАО,Тропарёво-Никулино,55.67133680000001,37.4655932,manual_exact,exact,True
ул академика виноградова вл 7 корп 13,"ул. Академика Виноградова, вл. 7, корп. 13",1,rv,Введено,"ООО ""СКАР ТРЕЙДИНГ""",ЮЗАО,Теплый Стан,55.5702958,37.53838055,manual_exact,exact,True
ул академика волгина вл 12-14,"ул. Академика Волгина, вл. 12-14",2,rv,Введено,МВД РОССИИ,ЮЗАО,Коньково,55.64880935,37.5488697,manual_exact,exact,True
ул академика глушко д 15,"ул. Академика Глушко, д. 15",1,rv,Введено,"ООО ""МК ПРОДЖЕКТ ДЕВЕЛОПМЕНТ""",ЮЗАО,Северное Бутово,55.5692452,37.5794073,manual_exact,exact,True
ул академика дыхне зу 1,"ул. Академика Дыхне, з/у 1",2,oks,Строится,МОСКОВСКИЙ ФОНД ЗАЩИТЫ ПРАВ ДОЛЬЩИКОВ,ТАО,Троицк,55.5274153,37.2817736,district_centroid,approximate,True
ул академика зельдовича 1,ул Академика Зельдовича 1,1,rv,Введено,МФ ФОИ,ЮЗАО,Гагаринский,55.7050392,37.5645854,nominatim,construction,True
ул академика опарина 4,"ул. Академика Опарина, 4",1,oks,Строится,МИНЗДРАВ РОССИИ,ЮЗАО,Обручевский,55.6442291,37.5004569,nominatim,yes,True
ул академика павлова вл 40 (напротив) (уровень 1),"ул. Академика Павлова, вл. 40 (напротив), (уровень 1)",1,rv,Введено,"АНО ""РСИ""",ЗАО,Кунцево,55.74346005,37.39999495,manual_exact,exact,True
ул академика павлова зу 56,"ул. Академика Павлова, з/у 56",1,rv,Введено,ПИК,ЗАО,Кунцево,55.74346005,37.39999495,manual_exact,exact,True
ул академика семенихина земельный участок 2,"ул. Академика Семенихина, земельный участок 2",1,oks,Строится,LEVEL GROUP,ЮЗАО,Обручевский,55.6575505,37.5383225,district_centroid,approximate,True
ул академика скрябина,ул. Академика Скрябина,1,oks,Строится,"ООО ""СЗ ""ЭС АЙ ЭС ДЕВЕЛОПМЕНТ""",ЮВАО,Рязанский,55.7082279,37.7948035,nominatim,secondary,True
ул академика скрябина вл 3 (вл 3/1),"ул. Академика Скрябина, вл. 3 (вл. 3/1)",4,rv,Введено,ФОНД РЕНОВАЦИИ,ЮВАО,Выхино-Жулебино,55.7022001,37.81384715,manual_exact,exact,True
ул академика скрябина зу 21/1,"ул. Академика Скрябина, зу 21/1",1,oks,Строится,СТРОЙМИР,ЮВАО,Выхино-Жулебино,55.7022001,37.81384715,district_centroid,approximate,True
ул академика франка д23,"ул. Академика Франка, д.23",1,oks,Строится,"ООО ""ЕЛАЗОВА РЕНТ""",ТАО,Троицк,55.457745,37.2798012,nominatim,tertiary,True
ул академика франка зем. участок 21,"ул. Академика Франка, зем. участок 21",1,oks,Строится,"ООО ""АРХПРОЕКТ""",ТАО,Троицк,55.5274153,37.2817736,district_centroid,approximate,True
ул академика франка зу 18/2,"ул. Академика Франка, з/у18/2",1,oks,Строится,"АО ""СТРОЙ СИТИ""",ТАО,Троицк,55.5274153,37.2817736,district_centroid,approximate,True
ул академика франка зу 19 а,"ул. Академика франка, з/у 19 А",1,oks,Строится,"ООО ""ЭКОДОМ""",ТАО,Троицк,55.5274153,37.2817736,district_centroid,approximate,True
ул академика черенкова д 18,"ул. Академика Черенкова, д. 18",1,oks,Строится,"ООО ""СТАРТ""",ТАО,Троицк,55.4656552,37.2838928,nominatim,tertiary,True
ул академика янгеля вл 12а,"ул. Академика Янгеля, вл. 12А",1,rv,Введено,"ООО ""ПОКРОВСКИЕ ВЫСЕЛКИ""",ЮАО,Чертаново Южное,55.5957014,37.5920698,nominatim,secondary,True
ул александровка влд. 4,"ул. Александровка, влд. 4",1,rv,Введено,"ООО ""БАЗИС""",ЗелАО,Крюково,55.9658925,37.173983,manual_exact,exact,True
ул александры монаховой вблизи дер столбово кв-л 160 зу 1в,"ул. Александры Монаховой, вблизи дер. Столбово, кв-л 160, з/у 1В",1,oks,Строится,А101,НАО,Коммунарка,55.581794,37.448441,district_centroid,approximate,True
ул александры монаховой вблизи дер столбово ппт2-5,"ул. Александры Монаховой, вблизи дер. Столбово, ППТ2-5",1,rv,Введено,А101,НАО,Коммунарка,55.581794,37.448441,manual_exact,exact,True
ул александры монаховой д 43 стрп. 3,"ул. Александры Монаховой, д. 43, стрп. 3",1,rv,Введено,А101,НАО,Коммунарка,55.563380499999994,37.488333,geometry_permit,,True
ул александры монаховой д 88 к 3,"ул. Александры Монаховой, д. 88, к. 3",1,rv,Введено,"ПУБЛИЧНОЕ АКЦИОНЕРНОЕ ОБЩЕСТВО ""ПИК-СПЕЦИАЛИЗИРОВАННЫЙ ЗАСТРОЙЩИК""",НАО,Коммунарка,55.581794,37.448441,manual_exact,exact,True
ул александры монаховой д 94а,"ул. Александры Монаховой, д. 94А",1,rv,Введено,"ПУБЛИЧНОЕ АКЦИОНЕРНОЕ ОБЩЕСТВО ""ПИК-СПЕЦИАЛИЗИРОВАННЫЙ ЗАСТРОЙЩИК""",НАО,Коммунарка,55.581794,37.448441,manual_exact,exact,True
ул александры монаховой д 98 корп 1,"УЛ. АЛЕКСАНДРЫ МОНАХОВОЙ, Д. 98, КОРП. 1",1,rv,Введено,"ПУБЛИЧНОЕ АКЦИОНЕРНОЕ ОБЩЕСТВО ""ПИК-СПЕЦИАЛИЗИРОВАННЫЙ ЗАСТРОЙЩИК""",НАО,Сосенское,55.581794,37.417744,manual_exact,exact,True
ул александры монаховой д19 стр1,"ул. Александры Монаховой, д.19, стр.1",1,rv,Введено,"АО ""ТУКС-2""",НАО,Сосенское,55.581794,37.417744,manual_exact,exact,True
ул александры монаховой зу 57г,"ул. Александры Монаховой, з/у 57г",2,oks,Строится,А101,НАО,Коммунарка,55.581794,37.448441,district_centroid,approximate,True
ул александры монаховой зу 87,"ул. Александры Монаховой, з/у 87",3,rv,Введено,"ПУБЛИЧНОЕ АКЦИОНЕРНОЕ ОБЩЕСТВО ""ПИК-СПЕЦИАЛИЗИРОВАННЫЙ ЗАСТРОЙЩИК""",НАО,Коммунарка,55.549066499999995,37.489246,geometry_address,,True
ул александры монаховой и ул эдварда грига,ул. Александры Монаховой и ул. Эдварда Грига,1,oks,Строится,А101,НАО,Коммунарка,55.581794,37.448441,district_centroid,approximate,True
ул алексея свиридова зу 7,"ул. Алексея Свиридова, з/у 7",1,oks,Строится,"ООО СЗ ""СЕНС.СВИРИДОВА""",ЗАО,Фили-Давыдково,55.7212366,37.4622918,district_centroid,approximate,True
ул алтайская вл 33,"ул. Алтайская, вл. 33",1,rv,Введено,АНО РСИО,ВАО,Гольяново,55.8205179,37.8309611,nominatim,tertiary,True
ул амундсена д 2,"ул. Амундсена, д. 2",1,rv,Введено,ФСК,САО,Свиблово,55.85444735,37.65271355,manual_exact,exact,True
ул амурская 1а/3/4,ул Амурская 1А/3/4,1,rv,Введено,ФОНД РЕНОВАЦИИ,ВАО,Гольяново,55.8073766,37.7509771,nominatim,construction,True
ул амурская вл 2,"ул. Амурская, вл. 2",1,oks,Строится,ПИК,ВАО,Гольяново,55.8046315,37.75251,geometry,,True
ул амурская вл 2а/1,"ул. Амурская, вл. 2А/1",1,oks,Строится,ПИК,ВАО,Гольяново,55.8063992,37.7566198,nominatim,construction,True
ул амурская влд. 1,"ул. Амурская, влд. 1",1,oks,Строится,"ООО ""СПЕЦИАЛИЗИРОВАННЫЙ ЗАСТРОЙЩИК ""АРКАДА""",ВАО,Гольяново,55.8073766,37.7566198,district_centroid,approximate,True
ул амурская д 1а стр 11,"ул. Амурская, д. 1А, стр. 11",1,rv,Введено,LEVEL GROUP,ВАО,Гольяново,55.8073766,37.7566198,manual_exact,exact,True
ул амурская земельный участок 1 а,"ул. Амурская, земельный участок 1 А",3,rv,Введено,ФОНД РЕНОВАЦИИ,ВАО,Гольяново,55.8073766,37.7566198,manual_exact,exact,True
ул амурская зу 2,"ул. Амурская, З/У 2",1,rv,Введено,ПИК,ВАО,Гольяново,55.8046315,37.75251,geometry_address_match,,True
ул амурская корпус 9,"ул. Амурская, Корпус 9",1,rv,Введено,ФОНД РЕНОВАЦИИ,ВАО,Гольяново,55.8073766,37.7566198,manual_exact,exact,True
ул ангарская 33а,ул Ангарская 33А,1,rv,Введено,ФОНД РЕНОВАЦИИ,САО,Западное Дегунино,55.8710935,37.5304893,manual_exact,exact,True
ул ангарская вл 49,"ул. Ангарская, вл. 49",1,oks,Строится,МСУ-24,САО,Дмитровский,55.8845205,37.5299856,nominatim,tertiary,True
ул ангарская влд. 34/1,"ул. Ангарская, влд. 34/1",1,rv,Введено,АНО РСИО,САО,Дмитровский,55.88855115,37.53574255,manual_exact,exact,True
ул анненская д6,"ул. Анненская, д.6",1,rv,Введено,ФОНД РЕНОВАЦИИ,СВАО,Марьина роща,55.8047034,37.6100712,nominatim,tertiary,True
ул анны ахматовой уч 7,"ул. Анны Ахматовой, уч. 7",1,rv,Введено,ИНДИВИДУАЛЬНЫЕ ПРЕДПРИНИМАТЕЛИ,НАО,Внуково,55.6362284,37.332458,nominatim,unclassified,True
ул артековская зу 7/6,"ул. Артековская, з/у 7/6",1,oks,Строится,ФОНД РЕНОВАЦИИ,ЮАО,Нагорный,55.67199305,37.6133392,district_centroid,approximate,True
ул артюхиной вл 26а зу 1,"ул. Артюхиной, вл. 26А, з/у 1",1,rv,Введено,ФОНД РЕНОВАЦИИ,ЮВАО,Текстильщики,55.719618,37.725135,manual_exact,exact,True
ул артюхиной кв. 110 111 вл 24а,"УЛ. АРТЮХИНОЙ, КВ. 110, 111, ВЛ. 24А",1,rv,Введено,КП УГС,ЮВАО,Текстильщики,55.719618,37.725135,manual_exact,exact,True
ул астрадамская вл 15 корпус 2,"ул. Астрадамская, вл. 15, корпус 2",1,rv,Введено,"АНО ""РСИ""",САО,Тимирязевский,55.8452897,37.5620884,manual_exact,exact,True
ул аэроклубная,ул. Аэроклубная,1,oks,Строится,ASTERUS (Vi Holding),СЗАО,Покровское-Стрешнево,55.8192621,37.4415913,district_centroid,approximate,True
ул аэроклубная 8а,ул. Аэроклубная 8А,1,rv,Введено,ASTERUS (Vi Holding),СЗАО,Покровское-Стрешнево,55.8192621,37.4415913,manual_exact,exact,True
ул б. грузинская вл 8,"ул. Б. Грузинская, вл. 8",1,rv,Введено,МОСКОВСКИЙ ЗООПАРК,ЦАО,Пресненский,55.7580051,37.5654894,manual_exact,exact,True
ул багрицкого земельный участок 28,"ул. Багрицкого, земельный участок 28",1,rv,Введено,ФОНД РЕНОВАЦИИ,ЗАО,Можайский,55.7015105,37.3937955,manual_exact,exact,True
ул базовская 17,ул Базовская 17,1,rv,Введено,ФОНД РЕНОВАЦИИ,САО,Западное Дегунино,55.8710935,37.5304893,manual_exact,exact,True
ул базовская вл 15,"ул. Базовская, вл. 15",1,rv,Введено,КП УГС,САО,Западное Дегунино,55.878765,37.510594499999996,geometry_permit,,True
ул базовская вл 15 (участок 2),"ул. Базовская, вл. 15, (участок 2)",1,rv,Введено,СК ЛЮБЕРЕЦКИЙ,САО,Западное Дегунино,55.8710935,37.5304893,manual_exact,exact,True
ул базовская д 15а,"ул. Базовская, д. 15А",1,rv,Введено,"ООО ""МИКС""",САО,Западное Дегунино,55.8710935,37.5304893,manual_exact,exact,True
ул базовская земельный участок 24/26,"ул. Базовская, земельный участок 24/26",1,rv,Введено,ФОНД РЕНОВАЦИИ,САО,Западное Дегунино,55.8710935,37.5304893,manual_exact,exact,True
ул балтийская 4а соор 2,"ул Балтийская 4А, Соор 2",1,rv,Введено,ГОРКА,САО,Сокол,55.80638795,37.4990888,manual_exact,exact,True
ул барклая вл 6 вл 6т,"ул Барклая, вл 6, вл 6Т",1,rv,Введено,ПИК,ЗАО,Филёвский Парк,55.741361999999995,37.5074345,geometry_address_match,,True
ул барклая земельный участок 6а,"ул. Барклая, земельный участок 6А",1,rv,Введено,ПИК,ЗАО,Филёвский Парк,55.7504635,37.5074345,manual_exact,exact,True
ул бартеневская южное бутово вл 19,"ул. Бартеневская Южное Бутово, вл. 19",1,rv,Введено,"ООО ""АВТОДОР-21""",ЮЗАО,Южное Бутово,55.54729475,37.5747165,manual_exact,exact,True
ул барышиха вл 32,"ул. Барышиха, вл. 32",1,oks,Строится,"ООО ""ПРОМЦЕНТРПЛАСТ""",СЗАО,Митино,55.8484195,37.3437131,nominatim,secondary,True
ул барышиха д 33а стр2,"ул. Барышиха, д. 33А, стр.2",1,rv,Введено,"КП ""БСА ""ЛУЖНИКИ""",СЗАО,Митино,55.8484195,37.3670608,manual_exact,exact,True
ул бауманская вл11,"ул. Бауманская, вл.11",1,oks,Строится,"ООО ""СЗ ""ОКТЯБРЬ В САО""",ЦАО,Басманный,55.7693623,37.6793303,nominatim,tertiary,True
ул бачуринская д 13 ул бачуринская д 11,"УЛ. БАЧУРИНСКАЯ, Д. 13, УЛ. БАЧУРИНСКАЯ, Д. 11",1,rv,Введено,КОНЦЕРН КРОСТ,НАО,Сосенское,55.581794,37.417744,manual_exact,exact,True
ул беловежская земельный участок 4а,"ул. Беловежская, земельный участок 4А",1,oks,Строится,СТРОЙКОМ,ЗАО,Можайский,55.7015105,37.3937955,district_centroid,approximate,True
ул берзарина вл 32/4,"ул. Берзарина, вл. 32/4",2,rv,Введено,"РГ-ДЕВЕЛОПМЕНТ; ГКУ ""УДМС""",СЗАО,Щукино,55.8051302,37.4803087,manual_exact,exact,True
ул берзарина вл 37,"ул. Берзарина, вл. 37",1,oks,Строится,СВЯТОЙ МИХАИЛ ИНВЕСТ,СЗАО,Хорошёво-Мнёвники,55.7884668,37.4961386,nominatim,tertiary,True
ул богданова д 52а,"ул. Богданова, д. 52А",1,rv,Введено,НОМИЯ,ЗАО,Солнцево,55.6521865,37.40060335,manual_exact,exact,True
ул болотниковская д 43 корпус 1,"ул. Болотниковская, д. 43, корпус 1",1,rv,Введено,ФОНД РЕНОВАЦИИ,ЮЗАО,Зюзино,55.6528725,37.5867464,manual_exact,exact,True
ул большая академическая вл 33,"ул. Большая Академическая, вл. 33",3,rv,Введено,ПРАВОСЛАВИЕ,САО,Коптево,55.8305705,37.5282201,nominatim,place_of_worship,True
ул большая дмитровка вл 9,"ул. Большая Дмитровка, вл. 9",1,rv,Введено,"ОБЩЕСТВО С ОГРАНИЧЕННОЙ ОТВЕТСТВЕННОСТЬЮ ""ИНГЕОКОМ-ТРАСТ""",ЦАО,Тверской,55.7642616,37.6118033,nominatim,residential,True
ул большая дорогомиловская дом 9 корп 2,"ул. Большая Дорогомиловская, дом 9, корп. 2",1,oks,Строится,ГРУППА ВИС,ЗАО,Дорогомилово,55.7398697,37.5365271,district_centroid,approximate,True
ул большая марьинская д 11,"УЛ. БОЛЬШАЯ МАРЬИНСКАЯ, Д. 11",1,rv,Введено,КП УГС,СВАО,Останкинский,55.8386265,37.6302466,manual_exact,exact,True
ул большая ордынка вл8 стр1 2 3 4 и вл14 стр 3-13 18 кадашевский тупик вл3,"ул. Большая Ордынка, вл.8, стр.1,2,3,4 и вл.14, стр. 3-13,18, Кадашевский тупик, вл.3",1,rv,Введено,"ООО ""ТОРГПРОДУКТСЕРВИС""",ЦАО,Якиманка,55.7425825,37.6157213,manual_exact,exact,True
ул большая очаковская вл 2,"ул. Большая Очаковская, вл. 2",2,rv,Введено,ПИК,ЗАО,Очаково-Матвеевское,55.6907105,37.443805,manual_exact,exact,True
ул большая очаковская вл 2 корп 2,"ул. Большая Очаковская, вл. 2, корп. 2",2,rv,Введено,"ООО ""СМП-592""",ЗАО,Очаково-Матвеевское,55.6907105,37.443805,manual_exact,exact,True
ул большая очаковская вл 4,"ул. Большая Очаковская, вл. 4",1,oks,Строится,"АНО ""РСИ""",ЗАО,Очаково-Матвеевское,55.6907105,37.443805,district_centroid,approximate,True
ул большая полянка вл 44/2. 2-й спасоналивковский пер вл 4.6.1-й спасоналивковский пер вл 3/5,"ул. Большая Полянка, вл. 44/2. 2-й Спасоналивковский пер., вл. 4.6.1-й Спасоналивковский пер., вл. 3/5",1,rv,Введено,ГРУППА ПСН,ЦАО,Якиманка,55.7425825,37.6157213,manual_exact,exact,True
ул большая почтовая вл 18 стр 1 2 3 5 8 вл 18/20 вл18/20 стр 6 вл 18 стр 4 вл 18 стр 9 вл 20 стр1 2 3 4,"ул. Большая Почтовая, вл. 18, стр. 1,2,3,5,8; вл. 18/20; вл.18/20, стр. 6; вл. 18, стр. 4; вл. 18, стр. 9; вл. 20, стр.1,2,3,4",1,rv,Введено,LEVEL GROUP,ЦАО,Басманный,55.7672809,37.6697732,manual_exact,exact,True
ул большая почтовая вл 24 стр 2 3,"ул. Большая Почтовая, вл. 24, стр. 2, 3",1,rv,Введено,AFI DEVELOPMENT,ЦАО,Басманный,55.7672809,37.6697732,manual_exact,exact,True
ул большая садовая дом 16 стр5,"ул. Большая Садовая, дом 16, стр.5",1,rv,Введено,"ООО ""СВЕТ ЗВЕЗД""",ЦАО,Пресненский,55.7580051,37.5654894,manual_exact,exact,True
ул большая серпуховская вл 13 стр 1,"ул. Большая Серпуховская, вл. 13, стр. 1",1,rv,Введено,МИНОБРНАУКИ РОССИИ,ЦАО,Замоскворечье,55.7402846,37.6328629,manual_exact,exact,True
ул большая татарская вл 35,"ул. Большая Татарская, вл. 35",2,oks,Строится,ДОНСТРОЙ,ЦАО,Замоскворечье,55.7402846,37.6328629,nominatim,unclassified,True
ул большая филевская земельный участок 2б,"ул. Большая Филевская, земельный участок 2Б",1,oks,Строится,GRANARD,ЗАО,Филёвский Парк,55.7504635,37.5074345,district_centroid,approximate,True
ул бориса пастернака 10,ул Бориса Пастернака 10,1,rv,Введено,АБСОЛЮТ,НАО,Внуковское,55.63048275,37.33501749999999,manual_exact,exact,True
ул бориса пастернака 47а,ул Бориса Пастернака 47А,1,rv,Введено,АБСОЛЮТ,НАО,Внуковское,55.63048275,37.33501749999999,manual_exact,exact,True
ул бориса пастернака 8,ул Бориса Пастернака 8,1,rv,Введено,АБСОЛЮТ,НАО,Внуковское,55.63048275,37.33501749999999,manual_exact,exact,True
ул бориса пастернака д 27 к 1,"УЛ. БОРИСА ПАСТЕРНАКА, Д. 27, К. 1",1,rv,Введено,АБСОЛЮТ,НАО,Внуковское,55.63048275,37.33501749999999,manual_exact,exact,True
ул бориса пастернака д 27 к 2,"УЛ. БОРИСА ПАСТЕРНАКА, Д. 27, К. 2",1,rv,Введено,АБСОЛЮТ,НАО,Внуковское,55.63048275,37.33501749999999,manual_exact,exact,True
ул бориса пастернака д 29 к 1,"УЛ. БОРИСА ПАСТЕРНАКА, Д. 29, К. 1",1,rv,Введено,АБСОЛЮТ,НАО,Внуковское,55.63048275,37.33501749999999,manual_exact,exact,True
ул бориса пастернака д 29 к 2,"УЛ. БОРИСА ПАСТЕРНАКА, Д. 29, К. 2",1,rv,Введено,АБСОЛЮТ,НАО,Внуковское,55.63048275,37.33501749999999,manual_exact,exact,True
ул бориса пастернака д 31 к 1,"УЛ. БОРИСА ПАСТЕРНАКА, Д. 31, К. 1",1,rv,Введено,АБСОЛЮТ,НАО,Внуковское,55.63048275,37.33501749999999,manual_exact,exact,True
ул бориса пастернака д 31 к 2,"УЛ. БОРИСА ПАСТЕРНАКА, Д. 31, К. 2",1,rv,Введено,АБСОЛЮТ,НАО,Внуковское,55.63048275,37.33501749999999,manual_exact,exact,True
ул бориса пастернака д 33 к 1,"УЛ. БОРИСА ПАСТЕРНАКА, Д. 33, К. 1",1,rv,Введено,АБСОЛЮТ,НАО,Внуковское,55.63048275,37.33501749999999,manual_exact,exact,True
ул бориса пастернака д 33 к 2,"УЛ. БОРИСА ПАСТЕРНАКА, Д. 33, К. 2",1,rv,Введено,АБСОЛЮТ,НАО,Внуковское,55.63048275,37.33501749999999,manual_exact,exact,True
ул бориса пастернака д 35,"УЛ. БОРИСА ПАСТЕРНАКА, Д. 35",1,rv,Введено,АБСОЛЮТ,НАО,Внуковское,55.63048275,37.33501749999999,manual_exact,exact,True
ул борисовские пруды вл 1 ( юао: район москворечье-сабурово ),"ул. Борисовские Пруды, вл. 1 ( ЮАО: район Москворечье-Сабурово )",2,oks,Строится,ЛСР,ЮАО,Москворечье-Сабурово,55.6457793,37.6342936,district_centroid,approximate,True
ул борисовские пруды земельный участок 1/44,"ул. Борисовские Пруды, земельный участок 1/44",1,oks,Строится,ЛСР,ЮАО,Москворечье-Сабурово,55.6457793,37.6342936,district_centroid,approximate,True
ул борисоглебская слобода д 4 к1,"УЛ. БОРИСОГЛЕБСКАЯ СЛОБОДА, Д. 4, К1",1,rv,Введено,"ООО ""АПРЕЛЕВКА С2""",ТАО,Новофедоровское,55.5099302,36.9243965,manual_exact,exact,True
ул борисоглебская слобода д 4 к2,"УЛ. БОРИСОГЛЕБСКАЯ СЛОБОДА, Д. 4, К2",1,rv,Введено,"ООО ""АПРЕЛЕВКА С2""",ТАО,Новофедоровское,55.5099302,36.9243965,manual_exact,exact,True
ул борисоглебская слобода д 5,"УЛ. БОРИСОГЛЕБСКАЯ СЛОБОДА, Д. 5",1,rv,Введено,"ООО ""АПРЕЛЕВКА С2""",ТАО,Новофедоровское,55.4984839,36.9213113,nominatim,residential,True
ул ботаническая вл29,"ул. Ботаническая, вл.29",1,rv,Введено,ОСНОВА,СВАО,Марфино,55.8367772,37.5906338,nominatim,secondary,True
ул бочкова вл 11а,"ул. Бочкова, вл. 11а",1,rv,Введено,КОРТРОС,СВАО,Останкинский,55.8101107,37.6368697,nominatim,tertiary,True
ул бочкова вл 11а корпус 2,"ул. Бочкова, вл. 11А, корпус 2",1,rv,Введено,КОРТРОС,СВАО,Останкинский,55.8386265,37.6302466,manual_exact,exact,True
ул братиславская (парк артема боровика),ул. Братиславская (парк Артема Боровика),2,oks,Строится,ПРАВОСЛАВИЕ,ЮВАО,Марьино,55.6518099,37.719279,district_centroid,approximate,True
ул братьев фонченко,ул. Братьев Фонченко,2,rv,Введено,ANT DEVELOPMENT,ЗАО,Дорогомилово,55.730179,37.5132012,nominatim,service,True
ул брусилова вл 19,"ул. Брусилова, вл. 19",1,oks,Строится,ИНДИВИДУАЛЬНЫЕ ПРЕДПРИНИМАТЕЛИ,ЮЗАО,Южное Бутово,55.4999605,37.591019,nominatim,tertiary,True
ул брусилова вл 23,"ул. Брусилова, вл. 23",1,oks,Строится,"ГКУ ""УДМС""",НАО,Щербинка,55.4999704,37.594229,nominatim,tertiary,True
ул брусилова д 29 корп 1а,"ул. Брусилова, д. 29, корп. 1А",1,rv,Введено,КП УГС,ЮЗАО,Южное Бутово,55.54729475,37.5747165,manual_exact,exact,True
ул булатниковская вл 2,"ул. Булатниковская, вл. 2",1,oks,Строится,"ООО ""МОДО ФИТНЕС""",ЮАО,Бирюлёво Западное,55.5805269,37.6451187,nominatim,tertiary,True
ул бутлерова вл1 3 5 5б,"ул. Бутлерова, вл.1,3,5,5Б",1,oks,Строится,МИНОБРНАУКИ РОССИИ,ЮЗАО,Коньково,55.64880935,37.5488697,district_centroid,approximate,True
ул бутлерова зу 34/2,"ул. Бутлерова, з/у 34/2",1,oks,Строится,ФОНД РЕНОВАЦИИ,ЮЗАО,Коньково,55.64880935,37.5488697,district_centroid,approximate,True
ул бутырская зу 1,"ул. Бутырская, з/у 1",1,oks,Строится,SMINEX,САО,Савёловский,55.75312215,37.5957454,district_centroid,approximate,True
ул бутырский вал,ул. Бутырский Вал,1,oks,Строится,MR GROUP,ЦАО,Тверской,55.7896436,37.5884898,nominatim,tertiary,True
ул вавилова 52 к1,"ул Вавилова 52, К1",1,rv,Введено,КП УГС,ЮЗАО,Гагаринский,55.700615,37.5645854,manual_exact,exact,True
ул вавилова вл 4,"ул. Вавилова, вл. 4",1,rv,Введено,ПИК,ЮАО,Донской,55.6976942,37.58841435,manual_exact,exact,True
ул вавилова вл 61,"ул. Вавилова, вл. 61",1,rv,Введено,КП УГС,ЮЗАО,Академический,55.6878654,37.5576047,nominatim,place_of_worship,True
ул вавилова вл 69а,"ул. Вавилова, вл. 69А",1,rv,Введено,SMINEX (ранее INGRAD),ЮЗАО,Ломоносовский,55.6984105,37.5842389,manual_exact,exact,True
ул вавилова д 63,"ул. Вавилова, д. 63",1,rv,Введено,ПРАВОСЛАВИЕ,ЮЗАО,Академический,55.7027436,37.5811665,nominatim,secondary,True
ул варварка д 14 стр 2,"ул. Варварка, д. 14, стр. 2",1,rv,Введено,"ООО ""МФК""",ЦАО,Тверской,55.7787255,37.5996357,manual_exact,exact,True
ул василисы кожиной вл 25/1,"ул. Василисы Кожиной, вл. 25/1",1,oks,Строится,УК МЕГАПОЛИС-ИНВЕСТ,ЗАО,Филёвский Парк,55.7504635,37.5074345,district_centroid,approximate,True
ул васильцовский стан д 8,"УЛ. ВАСИЛЬЦОВСКИЙ СТАН, Д. 8",1,rv,Введено,КП УГС,ЮВАО,Рязанский,55.722711,37.77755000000001,manual_exact,exact,True
ул введенского вл 5,"ул. Введенского, вл. 5",1,rv,Введено,ФОНД РЕНОВАЦИИ,ЮЗАО,Коньково,55.6487103,37.5487109,nominatim,tertiary,True
ул введенского д 13в,"ул. Введенского, д. 13В",1,rv,Введено,КП УГС,ЮЗАО,Коньково,55.64880935,37.5488697,manual_exact,exact,True
ул веерная земельный участок 28а,"ул. Веерная, земельный участок 28А",1,oks,Строится,ФОНД РЕНОВАЦИИ,ЗАО,Очаково-Матвеевское,55.6907105,37.443805,district_centroid,approximate,True
ул велозаводская д 1/1,"ул. Велозаводская, д. 1/1",1,rv,Введено,КП УГС,ЮВАО,Южнопортовый,55.7141185,37.6648676,nominatim,primary,True
ул велозаводская з.уч 2,"ул. Велозаводская, з.у. 2",1,oks,Строится,ФОНД РЕНОВАЦИИ,ЮАО,Даниловский,55.711814,37.6597584,district_centroid,approximate,True
ул верейская,ул. Верейская,4,oks,Строится,САМОЛЕТ,ЗАО,Можайский,55.7098807,37.4465708,nominatim,tertiary,True
ул верейская вл 12,"ул. Верейская, вл. 12",3,oks,Строится,ГРУППА РОДИНА,ЗАО,Можайский,55.7130406,37.4237341,nominatim,tertiary,True
ул верейская вл 29/30,"ул. Верейская, вл. 29/30",1,oks,Строится,MR GROUP,ЗАО,Можайский,55.7015105,37.3937955,district_centroid,approximate,True
ул верейская д 41,"ул. Верейская, д. 41",1,rv,Введено,КОНЦЕРН ВКО АЛМАЗ - АНТЕЙ,ЗАО,Можайский,55.7015105,37.3937955,manual_exact,exact,True
ул верейская д41,"ул. Верейская, д.41",1,rv,Введено,КОНЦЕРН ВКО АЛМАЗ - АНТЕЙ,ЗАО,Можайский,55.7131928,37.4305076,nominatim,bus_stop,True
ул верейская земельный участок 29/32,"ул. Верейская, земельный участок 29/32",1,oks,Строится,MR GROUP,ЗАО,Можайский,55.7015105,37.3937955,district_centroid,approximate,True
ул верейская земельный участок 29/35,"ул. Верейская, земельный участок 29/35",1,oks,Строится,MR GROUP,ЗАО,Можайский,55.7015105,37.3937955,district_centroid,approximate,True
ул вертолетчиков 4 к2,"ул Вертолётчиков 4, К2",1,rv,Введено,АВЕСТА-СТРОЙ,ЮВАО,Некрасовка,55.6883621,37.9289173,manual_exact,exact,True
ул вертолетчиков д 4 стр10,"ул. Вертолетчиков, д. 4, стр.10",1,rv,Введено,АВЕСТА-СТРОЙ,ЮВАО,Некрасовка,55.6883621,37.9289173,manual_exact,exact,True
ул верхняя вл 34,"ул. Верхняя, вл. 34",1,rv,Введено,ДОНСТРОЙ,САО,Беговой,55.7828983,37.563588,manual_exact,exact,True
ул верхняя масловка 29а,"ул. Верхняя Масловка, 29А",1,rv,Введено,"АНО ""РСИ""",САО,Аэропорт,55.798311,37.555974,geometry_permit,,True
ул веткина зу 2/1,"ул. Веткина, з/у 2/1",1,oks,Строится,MR GROUP,СВАО,Марьина Роща,55.798009,37.6064327,district_centroid,approximate,True
ул ветлужская д 4а,"ул. Ветлужская, д. 4А",1,rv,Введено,КП УГС,ВАО,Косино-Ухтомский,55.7196718,37.8610798,nominatim,residential,True
ул вешняковская д 18г,"ул. Вешняковская, д. 18Г",1,rv,Введено,ЭТАЛОН,ВАО,Вешняки,55.7118014,37.6067824,manual_exact,exact,True
ул вешняковская д23,ул. Вешняковская д.23,2,rv,Введено,"АНО ""РСИ""",ВАО,Вешняки,55.7377248,37.823035,nominatim,secondary,True
ул вилиса лациса вл 2-1 2-2,"ул. Вилиса Лациса, вл. 2-1, 2-2",2,rv,Введено,ПРАВОСЛАВИЕ,СЗАО,Северное Тушино,55.8549291,37.43681055,manual_exact,exact,True
ул вильгельма пика вл 3 стр 1-8,"ул. Вильгельма Пика, вл. 3, стр. 1-8",1,rv,Введено,ФСК,СВАО,Ростокино,55.8328934,37.6506684,manual_exact,exact,True
ул вильгельма пика влд. 3 стр 1-8,"ул. Вильгельма Пика, влд. 3, стр. 1-8",1,rv,Введено,ФСК,СВАО,Ростокино,55.8328934,37.6506684,manual_exact,exact,True
ул вилюйская вл 9,"ул. Вилюйская, вл. 9",1,oks,Строится,"ООО ""ЭНРАЙТ ВИЛЮЙСКАЯ""",СВАО,Южное Медведково,55.882275,37.6295971,nominatim,residential,True
ул вишневая вл 7,ул. Вишневая вл. 7,1,oks,Строится,MR GROUP,СЗАО,Покровское-Стрешнево,55.8281985,37.4464272,nominatim,residential,True
ул вишневая влд. 7,"ул. Вишневая, влд. 7",2,oks,Строится,MR GROUP,СЗАО,Покровское-Стрешнево,55.8192621,37.4415913,district_centroid,approximate,True
ул войсковая вл 1 в,ул. Войсковая вл. 1 В,1,rv,Введено,МАРИУС,ЗАО,Внуково,55.6171376,37.2719076,nominatim,residential,True
ул волхонка вл 8-10/2 стр 1-6 колымажный пер вл 4 стр 1 2 2а вл 6 стр 1 5 6 малый знаменский пер вл 8 стр 1 вл8 стр 9,"ул. Волхонка, вл. 8-10/2, стр. 1-6, Колымажный пер., вл. 4, стр. 1, 2, 2А; вл. 6, стр. 1, 5, 6; Малый Знаменский пер., вл. 8, стр. 1; вл.8, стр. 9",1,oks,Строится,МИНКУЛЬТУРЫ РОССИИ,ЦАО,Хамовники,55.72162725,37.5633727,district_centroid,approximate,True
ул вольная 28/1,"ул. Вольная, 28/1",1,rv,Введено,РГ-ДЕВЕЛОПМЕНТ,ВАО,Соколиная Гора,55.7763086,37.7273728,nominatim,residential,True
ул вольная 28/4 к1,"ул Вольная 28/4, К1",1,rv,Введено,РГ-ДЕВЕЛОПМЕНТ,ВАО,Соколиная гора,55.7726786,37.7361436,manual_exact,exact,True
ул вольная 28а,ул Вольная 28А,1,rv,Введено,РГ-ДЕВЕЛОПМЕНТ,ВАО,Соколиная Гора,55.7654052,37.7370939,manual_exact,exact,True
ул восточная 4а стр 4,"ул Восточная 4А, Стр 4",1,rv,Введено,SMINEX (ранее INGRAD),ЮАО,Даниловский,55.711814,37.6597584,manual_exact,exact,True
ул восточная владение 4а,"ул. Восточная, владение 4А",2,rv,Введено,SMINEX (ранее INGRAD),ЮАО,Даниловский,55.7175679,37.6635496,nominatim,secondary,True
ул врубеля вл 4/1,"ул. Врубеля, вл. 4/1",1,rv,Введено,SMINEX,САО,Сокол,55.806006,37.5033323,nominatim,tertiary,True
ул выборгская 9а стр 1,"ул Выборгская 9А, Стр 1",1,rv,Введено,КОНЦЕРН КРОСТ,САО,Войковский,55.8223248,37.50493375,manual_exact,exact,True
ул выборгская вл 18 стр 2,"ул. Выборгская, вл. 18, стр. 2",1,oks,Строится,КОНЦЕРН КРОСТ,САО,Войковский,55.8223248,37.50493375,district_centroid,approximate,True
ул вышгородская д 4,"ул. Вышгородская, д. 4",1,rv,Введено,"ООО ""АПРЕЛЕВКА С2""",ТАО,Бекасово,55.4976024,36.9150474,nominatim,residential,True
ул гаврикова земельный участок 3,"ул. Гаврикова, земельный участок 3",1,oks,Строится,ФОНД РЕНОВАЦИИ,ЦАО,Красносельский,55.7778643,37.6749192,district_centroid,approximate,True
ул газгольдерная вл 10а,ул. Газгольдерная вл. 10А,1,oks,Строится,ГРАНЕЛЬ,ЮВАО,Нижегородский,55.7297194,37.7095577,district_centroid,approximate,True
ул газгольдерная вл 8,"ул. Газгольдерная, вл. 8",1,rv,Введено,ГРАНЕЛЬ,ЮВАО,Нижегородский,55.7286759,37.7322422,nominatim,tertiary,True
ул газопровод 7,ул Газопровод 7,1,oks,Строится,ФОНД РЕНОВАЦИИ,ЮАО,Чертаново Южное,55.5911573,37.6062326,nominatim,apartments,True
ул газопровод земельный участок 6г/20,"ул. Газопровод, земельный участок 6Г/20",4,rv,Введено,ПИК,ЮАО,Чертаново Южное,55.58849015,37.5972518,manual_exact,exact,True
ул гаражная вл 3,"ул. Гаражная, вл. 3",1,oks,Строится,ПРАВОСЛАВИЕ,ВАО,Соколиная Гора,55.7603835,37.7449423,nominatim,place_of_worship,True
ул гарибальди 17,ул Гарибальди 17,1,rv,Введено,"ООО ""ПРАКТИК ИНЖЕНЕР""",ЮЗАО,Черемушки,55.6635403,37.5610662,manual_exact,exact,True
ул гарибальди 18,ул Гарибальди 18,1,rv,Введено,ФОНД РЕНОВАЦИИ,ЮЗАО,Обручевский,55.6575505,37.5383225,manual_exact,exact,True
ул гарибальди зу 17/2,"ул. Гарибальди, зу 17/2",1,rv,Введено,ФОНД РЕНОВАЦИИ,ЮЗАО,Черёмушки,55.6711698,37.5566241,manual_exact,exact,True
ул генерала белова вл 28,"ул. Генерала Белова, вл. 28",1,rv,Введено,РГ-ДЕВЕЛОПМЕНТ,ЮАО,Орехово-Борисово Южное,55.6135333,37.7444387,manual_exact,exact,True
ул генерала глаголева д 14а,"ул. Генерала Глаголева, д. 14А",2,rv,Введено,КОНЦЕРН КРОСТ,СЗАО,Хорошёво-Мнёвники,55.7888669,37.4656118,nominatim,tertiary,True
ул генерала донскова 19,ул Генерала Донскова 19,2,rv,Введено,"ООО ""АПРЕЛЕВКА С2""",ТАО,Новофедоровское,55.4877814,36.9158553,nominatim,apartments,True
ул генерала донскова 21,ул Генерала Донскова 21,1,rv,Введено,"ООО ""АПРЕЛЕВКА С2""",ТАО,Новофедоровское,55.48864,36.9165311,nominatim,apartments,True
ул генерала кузнецова д 19а,"УЛ. ГЕНЕРАЛА КУЗНЕЦОВА, Д. 19А",1,rv,Введено,МОСКОВСКИЙ МЕТРОПОЛИТЕН,ЮВАО,Выхино-Жулебино,55.7022001,37.81384715,manual_exact,exact,True
ул георгиевская вл 8,"ул Георгиевская, вл 8",1,rv,Введено,"ООО ""СК ""ВЕЛЕСЪ""""",НАО,Коммунарка,55.5904801,37.3773639,nominatim,residential,True
ул герасима курина д 26,"УЛ. ГЕРАСИМА КУРИНА, Д. 26",1,rv,Введено,СУ-155 (РК СТРОЙ),ЗАО,Фили-Давыдково,55.7212366,37.4622918,manual_exact,exact,True
ул героев панфиловцев вл 31,"ул. Героев Панфиловцев, вл. 31",1,rv,Введено,ФОНД РЕНОВАЦИИ,СЗАО,Северное Тушино,55.8569639,37.4347906,nominatim,secondary,True
ул героев панфиловцев д 10 стр 2,"ул. Героев Панфиловцев, д. 10, стр. 2",1,rv,Введено,КОНЦЕРН ВКО АЛМАЗ - АНТЕЙ,СЗАО,Северное Тушино,55.8549291,37.43681055,manual_exact,exact,True
ул героев панфиловцев земельный участок 49,"ул. Героев Панфиловцев, земельный участок 49",1,rv,Введено,ФОНД РЕНОВАЦИИ,СЗАО,Северное Тушино,55.8549291,37.43681055,manual_exact,exact,True
ул гжатская 5 1г,"ул Гжатская 5, 1Г",1,rv,Введено,PIONEER,ЗАО,Можайский,55.7015105,37.3937955,manual_exact,exact,True
ул гжатская 5 2г,"ул Гжатская 5, 2Г",1,rv,Введено,PIONEER,ЗАО,Можайский,55.7015105,37.3937955,manual_exact,exact,True
ул гжатская 5 к1,"ул Гжатская 5, К1",1,rv,Введено,PIONEER,ЗАО,Можайский,55.7015105,37.3937955,manual_exact,exact,True
ул гжатская 5 к10,"ул Гжатская 5, К10",1,rv,Введено,PIONEER,ЗАО,Можайский,55.7015105,37.3937955,manual_exact,exact,True
ул гжатская 5 к2,"ул Гжатская 5, К2",1,rv,Введено,PIONEER,ЗАО,Можайский,55.7015105,37.3937955,manual_exact,exact,True
ул гжатская 5 к3,"ул Гжатская 5, К3",1,rv,Введено,PIONEER,ЗАО,Можайский,55.7015105,37.3937955,manual_exact,exact,True
ул гжатская 5 к4,"ул Гжатская 5, К4",1,rv,Введено,PIONEER,ЗАО,Можайский,55.7015105,37.3937955,manual_exact,exact,True
ул гжатская 5 к5,"ул Гжатская 5, К5",1,rv,Введено,PIONEER,ЗАО,Можайский,55.7015105,37.3937955,manual_exact,exact,True
ул гжатская 5 к7,"ул Гжатская 5, К7",1,rv,Введено,PIONEER,ЗАО,Можайский,55.7015105,37.3937955,manual_exact,exact,True
ул гжатская 5 к8,"ул Гжатская 5, К8",1,rv,Введено,PIONEER,ЗАО,Можайский,55.7015105,37.3937955,manual_exact,exact,True
ул гжатская 5 к9,"ул Гжатская 5, К9",1,rv,Введено,PIONEER,ЗАО,Можайский,55.7015105,37.3937955,manual_exact,exact,True
ул главмосстроя вл 24а,"ул. Главмосстроя, вл. 24А",1,oks,Строится,ИНДИВИДУАЛЬНЫЕ ПРЕДПРИНИМАТЕЛИ,ЗАО,Солнцево,55.6585709,37.4048544,nominatim,tertiary,True
ул главмосстроя напротив д 1,"ул. Главмосстроя, напротив д. 1",1,oks,Строится,"ООО ""ДОМСТРОЙ""",ЗАО,Солнцево,55.6521865,37.40060335,district_centroid,approximate,True
ул говорова зу 14/16,"ул. Говорова, з/у 14/16",1,rv,Введено,ФОНД РЕНОВАЦИИ,ЗАО,Можайский,55.7015105,37.3937955,manual_exact,exact,True
ул горбунова вл 11/3,"ул. Горбунова, вл. 11/3",1,rv,Введено,ФОНД РЕНОВАЦИИ,ЗАО,Можайский,55.7015105,37.3937955,manual_exact,exact,True
ул горбунова вл 27 стр 1,"ул. Горбунова, вл. 27, стр. 1",1,oks,Строится,ОСНОВА,ЗАО,Можайский,55.7015105,37.3937955,district_centroid,approximate,True
ул госпитальный вал вл 3,"ул. Госпитальный Вал, вл. 3",1,oks,Строится,ФОНД РЕНОВАЦИИ,ЦАО,Басманный,55.772002,37.7070271,nominatim,secondary,True
ул грайвороновская вл 10,"ул. Грайвороновская, вл. 10",1,oks,Строится,ПРАВОСЛАВИЕ,ЮВАО,Текстильщики,55.7192459,37.7306986,nominatim,place_of_worship,True
ул гродненская вл 18,"ул. Гродненская, вл. 18",1,oks,Строится,"ООО ""СЗ ""ГРОДНЕНСКАЯ 18""",ЗАО,Можайский,55.7191305,37.4347412,nominatim,unclassified,True
ул гродненская вл 5а,"ул Гродненская, вл. 5А",1,rv,Введено,SMINEX,ЗАО,Можайский,55.7015105,37.3937955,manual_exact,exact,True
ул гродненская д9,"ул. Гродненская, д.9",1,rv,Введено,ФОНД РЕНОВАЦИИ,ЗАО,Можайский,55.7191305,37.4347412,nominatim,unclassified,True
ул грузинский вал земельный уч 29/31,Ул. Грузинский Вал Земельный уч. 29/31,1,rv,Введено,AFI DEVELOPMENT,ЦАО,Тверской,55.7787255,37.5996357,manual_exact,exact,True
ул губкина д 6,"ул. Губкина, д. 6",1,rv,Введено,ДЕПАРТАМЕНТ ГРАЖДАНСКОГО СТРОИТЕЛЬСТВА ГОРОДА МОСКВЫ,ЮЗАО,Академический,55.6895237,37.57025695,manual_exact,exact,True
ул давыдковская 19,ул Давыдковская 19,1,rv,Введено,ПРАВОСЛАВИЕ,ЗАО,Фили-Давыдково,55.7212366,37.4622918,manual_exact,exact,True
ул давыдковская 19 стр 1,"ул Давыдковская 19, Стр 1",1,rv,Введено,ПРАВОСЛАВИЕ,ЗАО,Фили-Давыдково,55.7212366,37.4622918,manual_exact,exact,True
ул давыдковская вл 10а,"ул. Давыдковская, вл. 10А",1,oks,Строится,КП УГС,ЗАО,Фили-Давыдково,55.7212366,37.4622918,district_centroid,approximate,True
ул давыдковская д 10,"ул. Давыдковская, д. 10",1,rv,Введено,КП УГС,ЗАО,Фили-Давыдково,55.7212366,37.4706335,nominatim,tertiary,True
ул двинцев влд. 3,"ул. Двинцев, влд. 3",2,rv,Введено,ПИК,СВАО,Марьина Роща,55.798009,37.6064327,manual_exact,exact,True
ул девятого мая д 28 корпус 1,"ул. Девятого Мая, д 28, корпус 1",1,rv,Введено,ФОНД РЕНОВАЦИИ,ВАО,Восточный,55.5830978,37.5794294,manual_exact,exact,True
ул дегунинская д 10,"ул. Дегунинская, д. 10",1,rv,Введено,ГРАД,САО,Западное Дегунино,55.8710935,37.5304893,manual_exact,exact,True
ул декабристов дом 39 стр 1,Ул Декабристов Дом 39 Стр 1,1,rv,Введено,"ГБУ ""ДИРЕКЦИЯ РАЗВИТИЯ ОБЪЕКТОВ ЗДРАВООХРАНЕНИЯ ГОРОДА МОСКВЫ""",СВАО,Отрадное,55.85055975,37.5782006,manual_exact,exact,True
ул деловая,ул. Деловая,3,oks,Строится,"ООО ""ДИНАМИКА""; ООО ""ДЕЛОВАЯ ЭСТЕЙТ""; ООО ""СФЕРА""",ЮАО,Царицыно,55.6267611,37.6386747,nominatim,tertiary,True
ул демьяна бедного 22,ул Демьяна Бедного 22,1,rv,Введено,ФОНД РЕНОВАЦИИ,СЗАО,Хорошево-Мневники,55.7601052,37.5183196,manual_exact,exact,True
ул демьяна бедного вл 17 корп 2,"ул. Демьяна Бедного, вл. 17, корп. 2",1,rv,Введено,ФОНД РЕНОВАЦИИ,СЗАО,Хорошёво-Мнёвники,55.765528,37.4972546,manual_exact,exact,True
ул демьяна бедного вл 24,"ул. Демьяна Бедного, вл. 24",1,oks,Строится,КОНЦЕРН КРОСТ,СЗАО,Хорошёво-Мнёвники,55.7773829,37.4880423,nominatim,construction,True
ул демьяна бедного земельный участок 24а,"ул. Демьяна Бедного, земельный участок 24А",1,rv,Введено,КОНЦЕРН КРОСТ,СЗАО,Хорошёво-Мнёвники,55.765528,37.4972546,manual_exact,exact,True
ул дербеневская вл1,"ул. Дербеневская, вл.1",1,oks,Строится,PIONEER,ЮАО,Даниловский,55.711814,37.6597584,district_centroid,approximate,True
ул дербеневская земельный участок 20а,"ул. Дербеневская, земельный участок 20А",1,rv,Введено,TEKTA GROUP,ЮАО,Даниловский,55.711814,37.6597584,manual_exact,exact,True
ул дмитрия ульянова,ул. Дмитрия Ульянова,1,rv,Введено,МИНЗДРАВ РОССИИ,ЮЗАО,Академический,55.691182,37.5627289,nominatim,secondary,True
ул добролюбова дом 8,"ул. Добролюбова, дом 8",1,rv,Введено,ПИК,СВАО,Бутырский,55.8163353,37.5926676,nominatim,tertiary,True
ул довженко вл 4,"ул. Довженко, вл. 4",1,rv,Введено,TASHIR,ЗАО,Раменки,55.7207764,37.5133239,nominatim,residential,True
ул долгопрудная 7,ул Долгопрудная 7,1,rv,Введено,КП УГС,САО,Дмитровский,55.88855115,37.53574255,manual_exact,exact,True
ул долгопрудная зу 6,"ул. Долгопрудная, з/у 6",1,oks,Строится,ФОНД РЕНОВАЦИИ,САО,Дмитровский,55.88855115,37.53574255,district_centroid,approximate,True
ул долгоруковская д. 23а,"ул. Долгоруковская, д.. 23А",1,rv,Введено,STONE,ЦАО,Тверской,55.7787255,37.5996357,manual_exact,exact,True
ул домостроительная 4б,ул Домостроительная 4Б,1,rv,Введено,ПИК,ЗАО,Солнцево,55.6521865,37.40060335,manual_exact,exact,True
ул донецкая вл 30,"ул. Донецкая, вл. 30",6,oks; rv,Строится; Введено,САМОЛЕТ; ГРУППА ПСН,ЮВАО,Марьино,55.6518099,37.719279,nominatim,secondary,True
ул донецкая д 34 к 3,"ул. Донецкая, д. 34, к. 3",1,rv,Введено,ГРУППА ПСН,ЮВАО,Марьино,55.6518099,37.719279,manual_exact,exact,True
ул донская д 27а,"ул. Донская, д. 27А",1,rv,Введено,"ООО ""ВЕЙТЛЮКС""",ЦАО,Якиманка,55.7425825,37.6157213,manual_exact,exact,True
ул дорожная,ул. Дорожная,1,oks,Строится,"АО ""БМТО МИНАТОМА""",ЮАО,Чертаново Южное,55.5956938,37.6187177,nominatim,secondary,True
ул дорожная д 9 стр 1,"ул. Дорожная, д. 9, стр. 1",1,rv,Введено,МОНАРХ,ЮАО,Чертаново Южное,55.58849015,37.5972518,manual_exact,exact,True
ул дорожная дом 13,"ул. Дорожная, дом 13",1,rv,Введено,"ООО ""ВЕКТОР-ПРОЕКТ""",ЮАО,Чертаново Южное,55.58849015,37.5972518,manual_exact,exact,True
ул дружинниковская вл 18,"ул. Дружинниковская, вл. 18",4,oks,Строится,ПТИЦЕФАБРИКА КРАСНОГОРСКАЯ,ЦАО,Пресненский,55.7580051,37.5760024,nominatim,residential,True
ул дубининская,ул. Дубининская,1,oks,Строится,ГРАНЕЛЬ,ЦАО,Замоскворечье,55.7249152,37.6400182,nominatim,yes,True
ул дубининская вл 59 корпус 2,"ул. Дубининская, вл 59, корпус 2",1,oks,Строится,БРУСНИКА,ЮАО,Даниловский,55.711814,37.6597584,district_centroid,approximate,True
ул дубининская вл 59-69,"ул. Дубининская, вл. 59-69",4,rv,Введено,LEVEL GROUP; ФОНД РЕНОВАЦИИ,ЮАО,Даниловский,55.711814,37.6597584,manual_exact,exact,True
ул дубининская д 59,"ул. Дубининская, д. 59",1,rv,Введено,LEVEL GROUP,ЮАО,Даниловский,55.7254368,37.6368639,nominatim,secondary,True
ул дубининская земельный участок с кадастровым номером 77:01:0000000:3993,"ул. Дубининская, земельный участок с кадастровым номером 77:01:0000000:3993",1,oks,Строится,ГРАНЕЛЬ,ЦАО,Замоскворечье,55.7402846,37.6328629,district_centroid,approximate,True
ул дубнинская,ул. Дубнинская,2,oks; rv,Строится; Введено,PLUS Development; МОСКОВСКИЙ МЕТРОПОЛИТЕН,САО,Восточное Дегунино,55.8805852,37.5585195,nominatim,post_office,True
ул дубнинская 39,ул Дубнинская 39,1,rv,Введено,ГАЛС,ЦАО,Замоскворечье,55.8674369,37.5619751,nominatim,apartments,True
ул дубнинская вл 20 корп 4,"ул. Дубнинская, вл. 20, корп. 4",1,rv,Введено,КП УГС,САО,Восточное Дегунино,55.8805852,37.5585195,manual_exact,exact,True
ул дубравная вл 51,"ул. Дубравная, вл. 51",1,rv,Введено,"ООО ""МСС""",СЗАО,Митино,55.8401344,37.347954,nominatim,secondary,True
ул душинская вл 16,"ул. Душинская, вл. 16",1,rv,Введено,ЖЕЛДОРИПОТЕКА,ЮВАО,Лефортово,55.754854,37.70693,manual_exact,exact,True
ул дыбенко вл1 в границах тпу ховрино (сао район ховрино),"ул. Дыбенко, вл.1, в границах ТПУ Ховрино (САО, район Ховрино)",1,rv,Введено,"АКЦИОНЕРНОЕ ОБЩЕСТВО ""МР ГРУПП""",САО,Ховрино,55.8643521,37.50288,manual_exact,exact,True
ул дыбенко дом 7/1,"ул. Дыбенко, дом 7/1",1,rv,Введено,"АКЦИОНЕРНОЕ ОБЩЕСТВО ""МР ГРУПП""",САО,Ховрино,55.8643521,37.50288,manual_exact,exact,True
ул евгения родионова,ул. Евгения Родионова,13,oks,Строится,"ООО ""ЭДФИШ""",ТАО,Краснопахорский,55.3943301,37.0617999,district_centroid,approximate,True
ул енисейская вл 1,"ул Енисейская, вл 1",1,oks,Строится,"ООО ""ТСП""",СВАО,Бабушкинский,55.874437,37.6669903,nominatim,secondary,True
ул ереванская 8,ул Ереванская 8,1,rv,Введено,ФОНД РЕНОВАЦИИ,ЮАО,Царицыно,55.6267611,37.6571114,manual_exact,exact,True
ул ереванская зу 6/2,"ул. Ереванская, з/у 6/2",1,rv,Введено,ФОНД РЕНОВАЦИИ,ЮАО,Царицыно,55.6267611,37.6571114,manual_exact,exact,True
ул ефремова д 19 строение 7 строение 5,"ул. Ефремова, д. 19, строение 7; строение 5",1,rv,Введено,ХЛЕБОЗАВОД № 6,ЦАО,Хамовники,55.72162725,37.5633727,manual_exact,exact,True
ул заводская д 25 стр 1 2 3 4 5 8,"ул. Заводская, д. 25 стр. 1,2,3,4,5,8",3,oks,Строится,"ООО ""ЗЗВО""",ЗелАО,Крюково,55.9658925,37.173983,district_centroid,approximate,True
ул заводская земельный участок 10,"ул. Заводская, земельный участок 10",2,rv,Введено,ФОНД РЕНОВАЦИИ,ЗелАО,Крюково,55.9658925,37.173983,manual_exact,exact,True
ул загорьевская 2 к1,"ул Загорьевская 2, К1",1,rv,Введено,"АО ""КАПСТРОЙПРОЕКТ""",ЮАО,Бирюлево Восточное,55.6234134,37.7935045,manual_exact,exact,True
ул заречная вл 19,"ул Заречная, вл 19",1,rv,Введено,"ООО ""ФИТНЕС""",ЗелАО,Крюково,55.5281831,37.4933052,nominatim,residential,True
ул заречная вл 2/1,"ул. Заречная, вл. 2/1",2,rv,Введено,ПИК,ЗАО,Филёвский Парк,55.7499566,37.5151422,nominatim,garages,True
ул заречная вл 5,"ул. Заречная , вл. 5",1,rv,Введено,ФОНД РЕНОВАЦИИ,ЗАО,Филёвский Парк,55.5281831,37.4933052,nominatim,residential,True
ул заречная вл 6 зу 1,"ул. Заречная, вл. 6, з/у 1",1,oks,Строится,СУММА ЭЛЕМЕНТОВ,ЗАО,Филёвский Парк,55.7504635,37.5074345,district_centroid,approximate,True
ул заречная стр 8,"ул. Заречная, стр. 8",4,rv,Введено,НОВЫЕ КВАРТАЛЫ,ТАО,Троицк,55.5274153,37.2817736,manual_exact,exact,True
ул зеленовка земельный участок 92а,"ул. Зелёновка, земельный участок 92А",1,rv,Введено,"АО ""КАПСТРОЙСИТИ""",НАО,Щербинка,55.49523050000001,37.518144,manual_exact,exact,True
ул зеленодольская 41 к2,"ул Зеленодольская 41, К2",1,rv,Введено,ЭТАЛОН,ЮВАО,Кузьминки,55.7097739,37.7688408,manual_exact,exact,True
ул зенитчиков д 2,"ул. Зенитчиков, д. 2",1,rv,Введено,"АО ""УКС ИКС И Д""",СЗАО,Митино,55.8347314,37.3488742,nominatim,tertiary,True
ул зенитчиков зу 4,"ул. Зенитчиков, ЗУ 4",1,oks,Строится,"ООО ""МОСУПАК""",СЗАО,Митино,55.8347314,37.3488742,nominatim,tertiary,True
ул зименковская зу 158,"ул. Зимёнковская, з/у 158",2,oks; rv,Строится; Введено,СТРОЙКОМ,НАО,Коммунарка,55.581794,37.448441,district_centroid,approximate,True
ул золоторожский вал вл 11,"ул. Золоторожский Вал, вл. 11",2,rv,Введено,ДОНСТРОЙ,ЮВАО,Лефортово,55.754854,37.6911243,nominatim,tertiary,True
ул золоторожский вал вл 11 корп 28,"ул. Золоторожский Вал, вл. 11, корп. 28",1,rv,Введено,ДОНСТРОЙ,ЮВАО,Лефортово,55.754854,37.70693,manual_exact,exact,True
ул золоторожский вал вл 11 стр 30 37 47 57 58,"ул. Золоторожский Вал, вл. 11, стр. 30, 37, 47, 57, 58",5,rv,Введено,ДОНСТРОЙ,ЮВАО,Лефортово,55.754854,37.70693,manual_exact,exact,True
ул золоторожский вал вл 11 стр 32-34,"ул. Золоторожский Вал, вл. 11, стр. 32-34",1,oks,Строится,STONE,ЮВАО,Лефортово,55.754854,37.70693,district_centroid,approximate,True
ул золоторожский вал вл 11 стр 46,"ул. Золоторожский Вал, вл. 11, стр. 46",3,oks,Строится,ДОНСТРОЙ,ЮВАО,Лефортово,55.754854,37.70693,district_centroid,approximate,True
ул золоторожский вал вл 11 стр 73 75,"ул. Золоторожский Вал, вл. 11, стр. 73, 75",1,rv,Введено,ДОНСТРОЙ,ЮВАО,Лефортово,55.754854,37.70693,manual_exact,exact,True
ул золоторожский вал вл 22,"ул. Золоторожский Вал, вл. 22",1,oks,Строится,ПРАВОСЛАВИЕ,ЮВАО,Лефортово,55.7570881,37.6939493,nominatim,tertiary,True
ул зорге вл 5,"ул. Зорге, вл. 5",1,oks,Строится,"ООО ""ПРЕДПРИЯТИЕ ""СЕГМЕНТ""",САО,Хорошёвский,55.782549,37.5112632,nominatim,tertiary,True
ул зорге вл9,ул. Зорге вл.9,4,rv,Введено,ЗОРГЕ 9,САО,Хорошёвский,55.782549,37.5112632,nominatim,tertiary,True
ул зорге д 5а,"ул. Зорге, д. 5А",1,rv,Введено,"ООО ""ВЕТЕР ПЕРЕМЕН""",САО,Хорошевский,55.7953866,37.504053,nominatim,tertiary,True
ул ивана франко,ул. Ивана Франко,1,oks,Строится,ПИК,ЗАО,Кунцево,55.728598,37.4081244,nominatim,tertiary,True
ул ижорская зу 13/16,"ул. Ижорская, з/у 13/16",1,oks,Строится,ФГБУН ИНСТИТУТ ТЕОРЕТИЧЕСКОЙ И ПРИКЛАДНОЙ ЭЛЕКТРОДИНАМИКИ РОССИЙСКОЙ АКАДЕМИИ НАУК,САО,Дмитровский,55.88855115,37.53574255,district_centroid,approximate,True
ул изумрудная зу 44/1,"ул. Изумрудная, з/у 44/1",1,rv,Введено,ФОНД РЕНОВАЦИИ,СВАО,Лосиноостровский,55.8641682,37.6872725,manual_exact,exact,True
ул иловайская,ул. Иловайская,2,oks,Строится,ПИК,ЮВАО,Марьино,55.6518099,37.719279,district_centroid,approximate,True
ул иловайская зу 3/9а,ул. Иловайская з/у 3/9а,1,oks,Строится,СТРАНА ДЕВЕЛОПМЕНТ,ЮВАО,Марьино,55.6518099,37.719279,district_centroid,approximate,True
ул ильинка д 3/8 стр 3 4 богоявленский пер д 6 стр 1,"ул. Ильинка, д. 3/8 стр. 3, 4; Богоявленский пер., д. 6, стр. 1",1,rv,Введено,SMINEX,ЦАО,Тверской,55.7787255,37.5996357,manual_exact,exact,True
ул индустриальная д 1,"ул. Индустриальная, д. 1",1,oks,Строится,ИНДИВИДУАЛЬНЫЕ ПРЕДПРИНИМАТЕЛИ,НАО,Щербинка,55.4822347,37.3119261,nominatim,unclassified,True
ул индустриальная дом 2,"ул. Индустриальная, дом 2",1,rv,Введено,"ООО ""АРЕНА""",НАО,Щербинка,55.49523050000001,37.518144,manual_exact,exact,True
ул кантемировская 43,"ул. Кантемировская, 43",2,rv,Введено,ФОНД РЕНОВАЦИИ,ЮАО,Царицыно,55.6367629,37.6821392,nominatim,secondary,True
ул кантемировская д 27а,"ул. Кантемировская, д. 27А",1,rv,Введено,ФОНД РЕНОВАЦИИ,ЮАО,Царицыно,55.6267611,37.6571114,manual_exact,exact,True
ул кантемировская земельный участок 35,"ул. Кантемировская, земельный участок 35",1,rv,Введено,ФОНД РЕНОВАЦИИ,ЮАО,Царицыно,55.6267611,37.6571114,manual_exact,exact,True
ул капотня 2-й квартал вл 1,"ул. Капотня, 2-й квартал, вл. 1",1,oks,Строится,ГАЗПРОМ,ЮВАО,Капотня,56.0127537,37.1666193,district_centroid,approximate,True
ул карьерная зу 1,"ул. Карьерная, з/у 1",1,oks,Строится,ИНДИВИДУАЛЬНЫЕ ПРЕДПРИНИМАТЕЛИ,ЗАО,Внуково,55.6116233,37.3132123,nominatim,residential,True
ул каскадная вл 21 зу 2,"ул. Каскадная, вл. 21, з/у 2",1,rv,Введено,ФОНД РЕНОВАЦИИ,ВАО,Косино-Ухтомский,55.722810325,37.8601839,manual_exact,exact,True
ул каскадная д 20а корп 1,"ул. Каскадная, д. 20А, корп. 1",1,rv,Введено,ФОНД РЕНОВАЦИИ,ВАО,Косино-Ухтомский,55.722810325,37.8601839,manual_exact,exact,True
ул каспийская вл 28 корп 1,"ул. Каспийская, вл. 28, корп. 1",1,rv,Введено,АГАСТОН ИНВЕСТ,ЮАО,Царицыно,55.6267611,37.6571114,manual_exact,exact,True
ул кастанаевская 44а к1,"ул Кастанаевская 44А, К1",1,rv,Введено,КП УГС,ЗАО,Фили-Давыдково,55.7212366,37.4622918,manual_exact,exact,True
ул кастанаевская 44а к2,"ул Кастанаевская 44А, К2",1,rv,Введено,КП УГС,ЗАО,Фили-Давыдково,55.7212366,37.4622918,manual_exact,exact,True
ул кастанаевская 44а к3,"ул Кастанаевская 44А, К3",1,rv,Введено,КП УГС,ЗАО,Фили-Давыдково,55.7212366,37.4622918,manual_exact,exact,True
ул кастанаевская 65,ул Кастанаевская 65,1,rv,Введено,КП УГС,ЗАО,Фили-Давыдково,55.7212366,37.4622918,manual_exact,exact,True
ул кастанаевская вл 16 стр 1,"ул. Кастанаевская, вл. 16, стр. 1",1,rv,Введено,"ООО СЗ ""ФИЛИ ГАРДЕН""",ЗАО,Филёвский Парк,55.7504635,37.5074345,manual_exact,exact,True
ул кастанаевская вл 32 к1,"ул. Кастанаевская, вл. 32, к.1",1,rv,Введено,ФОНД РЕНОВАЦИИ,ЗАО,Фили-Давыдково,55.7212366,37.4622918,manual_exact,exact,True
ул каховка вл 13 корпус 9,"ул. Каховка, вл. 13, корпус 9",1,oks,Строится,ПРАВОСЛАВИЕ,ЮЗАО,Зюзино,55.6528725,37.5867464,district_centroid,approximate,True
ул каховка дом 23 корпус 5,"ул. Каховка, дом 23, корпус 5",1,rv,Введено,ФОНД РЕНОВАЦИИ,ЮЗАО,Зюзино,55.6528725,37.5867464,manual_exact,exact,True
ул керченская д 26а,"ул. Керченская, д. 26А",1,rv,Введено,ФОНД РЕНОВАЦИИ,ЮЗАО,Зюзино,55.6528725,37.5867464,manual_exact,exact,True
ул керченская д 28а,"ул. Керченская , д. 28А",1,rv,Введено,ФОНД РЕНОВАЦИИ,ЮЗАО,Зюзино,55.648112,37.5779116,nominatim,tertiary,True
ул кетчерская вл 2,"УЛ. КЕТЧЕРСКАЯ, ВЛ. 2",1,rv,Введено,ПРАВОСЛАВИЕ,ВАО,Вешняки,55.7118014,37.6067824,manual_exact,exact,True
ул клары цеткин,ул. Клары Цеткин,1,oks,Строится,КОНЦЕРН ВКО АЛМАЗ - АНТЕЙ,САО,Войковский,55.8177516,37.5210681,nominatim,tertiary,True
ул клары цеткин вл 26а,"ул. Клары Цеткин, вл. 26А",2,oks,Строится,"АО ""1С""",САО,Коптево,55.8256955,37.5158055,nominatim,tertiary,True
ул клязьминская д 28а,"ул. Клязьминская, д. 28А",1,rv,Введено,ФОНД РЕНОВАЦИИ,САО,Дмитровский,55.88855115,37.53574255,manual_exact,exact,True
ул кожевническая вл 2-4,"ул. Кожевническая, вл. 2-4",1,rv,Введено,"ООО ""ПЛАТТО""",ЦАО,Замоскворечье,55.7402846,37.6328629,manual_exact,exact,True
ул коктебельская зу 6а,"ул. Коктебельская, з/у 6А",1,oks,Строится,"ООО ""НОВСТРОЙ""",ЮЗАО,Северное Бутово,55.5692452,37.5794073,district_centroid,approximate,True
ул кольская вл 8,"ул. Кольская, вл. 8",1,rv,Введено,ПИК,СВАО,Бабушкинский,55.859984,37.6504815,geometry_address_match,,True
ул кольская вл8,"ул. Кольская, вл.8",1,oks,Строится,ПИК,СВАО,Бабушкинский,55.859984,37.6504815,geometry,,True
ул кольская земельный участок 8/1,"ул. Кольская, земельный участок 8/1",1,rv,Введено,ПИК,СВАО,Бабушкинский,55.8661636,37.66230705,manual_exact,exact,True
ул коминтерна 12,ул Коминтерна 12,1,rv,Введено,КП УГС,СВАО,Бабушкинский,55.8661636,37.66230705,manual_exact,exact,True
ул константина федина 13,ул Константина Федина 13,1,rv,Введено,ФОНД РЕНОВАЦИИ,ВАО,Северное Измайлово,55.8065524,37.7977201,manual_exact,exact,True
ул константина федина влд. 5,"ул. Константина Федина, влд. 5",1,rv,Введено,ФОНД РЕНОВАЦИИ,ВАО,Северное Измайлово,55.8065524,37.7977201,manual_exact,exact,True
ул кооперативная вл 16 вл 14/19,"ул. Кооперативная, вл. 16, вл. 14/19",1,rv,Введено,ХЛЕБОЗАВОД № 6,ЦАО,Хамовники,55.72162725,37.5633727,manual_exact,exact,True
ул корабельная 4,ул Корабельная 4,1,rv,Введено,РЕЧНИКОВ ИНВЕСТ,ЮАО,Нагатинский Затон,55.6866105,37.6967018,nominatim,residential,True
ул корабельная д 6а,"УЛ. КОРАБЕЛЬНАЯ, Д. 6А",1,rv,Введено,РЕЧНИКОВ ИНВЕСТ,ЮАО,Нагатинский Затон,55.6820448,37.6907376,manual_exact,exact,True
ул корнейчука вл 27 вл 27 стр 5 6 7,"ул. Корнейчука, вл. 27, вл. 27, стр. 5, 6, 7",1,rv,Введено,UPSIDE DEVELOPMENT,СВАО,Бибирево,55.88684175,37.60154745,manual_exact,exact,True
ул короленко вл 5,"ул. Короленко, вл. 5",1,rv,Введено,"ГСК ""ПРИЧАЛ""",ВАО,Сокольники,55.7964016,37.690853,nominatim,tertiary,True
ул космонавтов при доме 18,"ул. Космонавтов, при доме 18",1,oks,Строится,ИНДИВИДУАЛЬНЫЕ ПРЕДПРИНИМАТЕЛИ,НАО,Щербинка,55.49523050000001,37.518144,district_centroid,approximate,True
ул косыгина 28,ул Косыгина 28,1,rv,Введено,АНО РСИО,ЗАО,Раменки,55.7085129,37.544767,nominatim,yes,True
ул котляковская вл 7 вл 7 стр 2- стр 9 вл 7 стр 13 переулок 2-й котляковский земельный участок 5/1/1 пер котляковский 1-й вл 6 ,"ул. Котляковская, вл. 7, вл. 7 стр. 2- стр. 9, вл. 7 стр. 13; переулок 2-й Котляковский, земельный участок 5/1/1; пер. Котляковский 1-й, вл 6, ,",1,oks,Строится,ПИК,ЮАО,Москворечье-Сабурово,55.6457793,37.6342936,district_centroid,approximate,True
ул красная сосна 3 стр 1,"ул Красная Сосна 3, Стр 1",1,rv,Введено,"АО ""СЕВЕРЯНИН""",СВАО,Ярославский,55.8653274,37.701726,manual_exact,exact,True
ул краснобогатырская вл 90,"ул. Краснобогатырская, вл. 90",1,rv,Введено,ГАЛС,ВАО,Преображенский,55.7432518,37.7201206,manual_exact,exact,True
ул красного маяка вл 26,"ул. Красного маяка, вл. 26",1,rv,Введено,ЛСР,ЮАО,Чертаново Южное,55.6122188,37.5947305,nominatim,tertiary,True
ул краснодарская зу 2,"ул. Краснодарская, з/у 2",3,oks,Строится,КИЕВСКАЯ ПЛОЩАДЬ,ЮВАО,Люблино,55.6681995,37.7454006,district_centroid,approximate,True
ул краснодонская 46/1,ул Краснодонская 46/1,1,rv,Введено,ФОНД РЕНОВАЦИИ,ЮВАО,Люблино,55.6681995,37.7454006,manual_exact,exact,True
ул краснодонская 48,ул Краснодонская 48,1,rv,Введено,ФОНД РЕНОВАЦИИ,ЮВАО,Люблино,55.6681995,37.7454006,manual_exact,exact,True
ул красноказарменная вл 14а,"ул. Красноказарменная, вл. 14А",1,rv,Введено,"ООО ""ТЕХНОСТРОЙ""",ЮВАО,Лефортово,55.754854,37.70693,manual_exact,exact,True
ул красноказарменная вл 15,"ул. Красноказарменная, вл. 15",2,rv,Введено,ПИК,ЮВАО,Лефортово,55.756817999999996,37.70693,geometry_permit,,True
ул красноказарменная д 15,"ул. Красноказарменная, д. 15",1,rv,Введено,ПИК,ЮВАО,Лефортово,55.7540521,37.7089671,nominatim,secondary,True
ул краснолиманская вл 29,"ул. Краснолиманская, вл. 29",1,rv,Введено,ФОНД РЕНОВАЦИИ,ЮЗАО,Южное Бутово,55.5469876,37.5703765,nominatim,residential,True
ул краснопролетарская д 31,"ул. Краснопролетарская, д. 31",1,rv,Введено,КП УГС,ЦАО,Тверской,55.7787255,37.6056012,nominatim,memorial,True
ул краснопрудная 12,ул Краснопрудная 12,1,rv,Введено,SEZAR GROUP,ЦАО,Красносельский,55.7778643,37.6749192,manual_exact,exact,True
ул красных зорь дом 23,"ул. Красных Зорь, дом 23",1,rv,Введено,ФОНД РЕНОВАЦИИ,ЗАО,Можайский,55.7262991,37.4351386,nominatim,tertiary,True
ул кржижановского вл 13 корп 3,"ул. Кржижановского, вл. 13, корп. 3",1,rv,Введено,ИНДИВИДУАЛЬНЫЕ ПРЕДПРИНИМАТЕЛИ,ЮЗАО,Академический,55.6895237,37.57025695,manual_exact,exact,True
ул кржижановского земельный участок 22в/1,"ул. Кржижановского, земельный участок 22В/1",1,oks,Строится,ПРАВОСЛАВИЕ,ЮЗАО,Академический,55.6895237,37.57025695,district_centroid,approximate,True
ул кржижановского земельный участок 31/2,"ул. Кржижановского, земельный участок 31/2",1,oks,Строится,ГЛАВСТРОЙ,ЮЗАО,Котловка,55.6845587,37.5919839,district_centroid,approximate,True
ул крылатская вл 13,"ул. Крылатская, вл. 13",1,oks,Строится,МИЛЛХАУС,ЗАО,Крылатское,55.7625467,37.4306398,nominatim,secondary,True
ул крылатская вл 19-21,"ул. Крылатская, вл. 19-21",1,oks,Строится,"НЕКОММЕРЧЕСКОЕ ПАРТНЕРСТВО ""НАРОДНЫЙ ГАРАЖ""",ЗАО,Крылатское,55.7493698,37.4120281,district_centroid,approximate,True
ул крылатская влд. 23 стр1,"ул. Крылатская, влд. 23, стр.1",1,oks,Строится,TOUCH,ЗАО,Крылатское,55.7493698,37.4120281,district_centroid,approximate,True
ул крылатская земельный участок 33/1,"ул. Крылатская, земельный участок 33/1",1,oks,Строится,ХОЛДИНГ ДЕВЕЛОПМЕНТ,ЗАО,Крылатское,55.7493698,37.4120281,district_centroid,approximate,True
ул кубинка 18/2,ул Кубинка 18/2,1,rv,Введено,ФОНД РЕНОВАЦИИ,ЗАО,Можайский,55.7015105,37.3937955,manual_exact,exact,True
ул куликовская д 16а,"УЛ. КУЛИКОВСКАЯ, Д. 16А",1,rv,Введено,ПРАВОСЛАВИЕ,ЮЗАО,Северное Бутово,55.5692452,37.5794073,manual_exact,exact,True
ул кусковская зу 12/1,"ул. Кусковская, зу 12/1",1,rv,Введено,ФОНД РЕНОВАЦИИ,ВАО,Новогиреево,55.7491465,37.8024271,manual_exact,exact,True
ул лавочкина зу 10,ул. Лавочкина з/у 10,1,rv,Введено,ФОНД РЕНОВАЦИИ,САО,Головинский,55.84324995,37.49734265,manual_exact,exact,True
ул лавочкина зу 4,ул. Лавочкина з/у 4,1,rv,Введено,ФОНД РЕНОВАЦИИ,САО,Головинский,55.84324995,37.49734265,manual_exact,exact,True
ул лавочкина зу 7,ул. Лавочкина з/у 7,1,rv,Введено,ФОНД РЕНОВАЦИИ,САО,Головинский,55.84324995,37.49734265,manual_exact,exact,True
ул лавочкина зу 8,ул. Лавочкина з/у 8,1,rv,Введено,ФОНД РЕНОВАЦИИ,САО,Головинский,55.84324995,37.49734265,manual_exact,exact,True
ул лавочкина зу 9,ул. Лавочкина з/у 9,1,rv,Введено,ФОНД РЕНОВАЦИИ,САО,Головинский,55.8498657,37.5016765,nominatim,residential,True
ул лаптева д 6,"УЛ. ЛАПТЕВА, Д. 6",1,rv,Введено,АБСОЛЮТ,НАО,Московский,55.613434,37.415014,manual_exact,exact,True
ул лаптева д 8 к 1,"УЛ. ЛАПТЕВА, Д. 8, К. 1",1,rv,Введено,АБСОЛЮТ,НАО,Московский,55.613434,37.415014,manual_exact,exact,True
ул лаптева д 8 к 2,"УЛ. ЛАПТЕВА, Д. 8, К. 2",1,rv,Введено,АБСОЛЮТ,НАО,Московский,55.613434,37.415014,manual_exact,exact,True
ул лаптева д 8 к 3,"УЛ. ЛАПТЕВА, Д. 8, К. 3",1,rv,Введено,АБСОЛЮТ,НАО,Московский,55.613434,37.415014,manual_exact,exact,True
ул лаптева зу 4,"ул. Лаптева, з/у 4",1,oks,Строится,АБСОЛЮТ,НАО,Филимонковский,55.5500805,37.314627,district_centroid,approximate,True
ул лебедянская вл 33,"ул. Лебедянская, вл. 33",1,rv,Введено,"АНО ""РСИ""",ЮАО,Бирюлёво Восточное,55.5856443,37.6920418,nominatim,residential,True
ул левобережная вл 1в,"ул. Левобережная, вл. 1в",1,oks,Строится,ДЕПАРТАМЕНТ ГРАЖДАНСКОГО СТРОИТЕЛЬСТВА ГОРОДА МОСКВЫ,САО,Левобережный,55.8692475,37.4578945,district_centroid,approximate,True
ул левобережная влд. 4 4а участок № 2,"ул. Левобережная, влд. 4, 4а, участок № 2",1,rv,Введено,"АНО ""РСИ""",САО,Ховрино,55.8643521,37.50288,manual_exact,exact,True
ул левобережная д 4 корпус 12,"ул. Левобережная, д. 4, корпус 12",1,rv,Введено,МИНОБОРОНЫ РОССИИ,САО,Ховрино,55.8643521,37.50288,manual_exact,exact,True
ул ленина вл38а,"ул. Ленина, вл.38А",1,oks,Строится,МОСВОДОКАНАЛ,НАО,Внуково,55.58975,37.26383705,district_centroid,approximate,True
ул ленская 21а,ул Ленская 21А,1,rv,Введено,КП УГС,СВАО,Бабушкинский,55.8671517,37.6576238,nominatim,clinic,True
ул лермонтовская вл 17,"ул. Лермонтовская, вл. 17",1,rv,Введено,BESTCON,ВАО,Преображенское,55.8031722,37.7159796,nominatim,residential,True
ул леснорядская земельный участок 7,"ул. Леснорядская, земельный участок 7",1,rv,Введено,ФОНД РЕНОВАЦИИ,ЦАО,Красносельский,55.7778643,37.6749192,manual_exact,exact,True
ул летная,ул. Лётная,3,oks,Строится,ASTERUS (Vi Holding),СЗАО,Покровское-Стрешнево,55.8202117,37.4419785,nominatim,unclassified,True
ул летная вл 95,"ул. Летная, вл. 95",1,oks,Строится,ASTERUS (Vi Holding),СЗАО,Покровское-Стрешнево,55.8192621,37.4415913,district_centroid,approximate,True
ул летная влд. 95б,"ул. Летная, влд. 95Б",1,rv,Введено,ASTERUS (Vi Holding),СЗАО,Покровское-Стрешнево,55.8192621,37.4415913,manual_exact,exact,True
ул летная земельный участок 95б,"ул. Лётная, земельный участок 95Б",1,rv,Введено,ASTERUS (Vi Holding),СЗАО,Покровское-Стрешнево,55.8192621,37.4415913,manual_exact,exact,True
ул летниковская з/e 11/10/6,"ул. Летниковская, з/e 11/10/6",1,rv,Введено,PIONEER,ЮАО,Даниловский,55.711814,37.6597584,manual_exact,exact,True
ул летчика бабушкина д 42,"ул. Летчика Бабушкина, д. 42",2,rv,Введено,"АО ""КАПСТРОЙСИТИ""",СВАО,Лосиноостровский,55.8529294,37.6716174,nominatim,secondary,True
ул летчика полагушина земельный участок 226/2,"ул. Летчика Полагушина, земельный участок 226/2",1,rv,Введено,СТРОЙИННОВАЦИЯ,ЗелАО,Матушкино,55.9658925,37.14866195,manual_exact,exact,True
ул липецкая промзона ленино участок 1,"ул. Липецкая, промзона ""Ленино"", участок 1",1,rv,Введено,"ООО ""ПОЛИИН""",ЮАО,Бирюлёво Восточное,55.6234134,37.7935045,manual_exact,exact,True
ул липчанского д 6а,"УЛ. ЛИПЧАНСКОГО, Д. 6А",1,rv,Введено,КП УГС,ЮВАО,Некрасовка,55.6883621,37.9289173,manual_exact,exact,True
ул лобачевского вл 120,"ул. Лобачевского, вл. 120",1,rv,Введено,ЭТАЛОН,ЗАО,Раменки,55.7010074,37.5041069,manual_exact,exact,True
ул лобачевского вл 42,"ул. Лобачевского, вл. 42",1,rv,Введено,"ГБУ ""ДИРЕКЦИЯ РАЗВИТИЯ ОБЪЕКТОВ ЗДРАВООХРАНЕНИЯ ГОРОДА МОСКВЫ""",ЗАО,Проспект Вернадского,55.6933861,37.467952,nominatim,secondary,True
ул лобачевского д 124 корп 1 корп 2 корп 3,"ул. Лобачевского, д. 124, корп. 1, корп. 2, корп. 3",1,rv,Введено,ДОНСТРОЙ,ЗАО,Раменки,55.7010074,37.5041069,manual_exact,exact,True
ул лобачевского д 42 стр 2,"ул. Лобачевского, д. 42, стр. 2",1,rv,Введено,К+31,ЗАО,Проспект Вернадского,55.6729,37.5060646,manual_exact,exact,True
ул лобачевского земельный участок 120/2,"ул. Лобачевского, земельный участок 120/2",1,oks,Строится,ДОНСТРОЙ,ЗАО,Раменки,55.7010074,37.5041069,district_centroid,approximate,True
ул лобачевского земельный участок 120а/1,"ул. Лобачевского, земельный участок 120А/1",1,oks,Строится,ДОНСТРОЙ,ЗАО,Раменки,55.7010074,37.5041069,district_centroid,approximate,True
ул лобачевского зу 124/3а,"ул. Лобачевского, з/у 124/3А",1,rv,Введено,"ООО ""СЗ ""ЭТАЛОНИ ЕВРОПА""",ЗАО,Раменки,55.7010074,37.5041069,manual_exact,exact,True
ул лобачевского зу 28/36/2,"ул. Лобачевского, з/у 28/36/2",1,rv,Введено,ФОНД РЕНОВАЦИИ,ЗАО,Проспект Вернадского,55.6729,37.5060646,manual_exact,exact,True
ул лобненская вл 10,"ул. Лобненская, вл. 10",1,rv,Введено,"ГБУ ""ДИРЕКЦИЯ РАЗВИТИЯ ОБЪЕКТОВ ЗДРАВООХРАНЕНИЯ ГОРОДА МОСКВЫ""",САО,Дмитровский,55.8892003,37.5337011,nominatim,tertiary,True
ул лобненская земельный участок 13,"ул. Лобненская, земельный участок 13",1,rv,Введено,ПИК,САО,Дмитровский,55.887902,37.5271635,geometry_permit,,True
ул логвиненко вл 1531,"ул. Логвиненко, вл. 1531",1,oks,Строится,"ООО ""КВАРТАЛ 1531""",ЗелАО,Крюково,55.9658925,37.173983,district_centroid,approximate,True
ул лодочная 16 стр 2,"ул Лодочная 16, Стр 2",1,rv,Введено,ПРАВОСЛАВИЕ,СЗАО,Южное Тушино,55.8406297,37.447248,manual_exact,exact,True
ул лодочная вл 27 корп 2,"ул. Лодочная, вл. 27, корп. 2",1,oks,Строится,АТЛАС ДЕВЕЛОПМЕНТ,СЗАО,Южное Тушино,55.8406297,37.447248,district_centroid,approximate,True
ул лосиноостровская вл 45,"ул. Лосиноостровская, вл. 45",2,oks,Строится,SEVEN SUNS DEVELOPMENT,СВАО,Лосиноостровский,55.8263758,37.7134185,nominatim,tertiary,True
ул луганская вл 9-11,"ул. Луганская, вл. 9-11",3,oks,Строится,ПРАВОСЛАВИЕ,ЮАО,Царицыно,55.6267611,37.6571114,district_centroid,approximate,True
ул лужники вл 24,"ул. Лужники, вл. 24",2,oks; rv,Строится; Введено,"ООО ""СЗ ""ТРАСТ КАПИТАЛ-3""; АО ""АРЕНА КРИСТАЛЛ""",ЦАО,Хамовники,55.7263941,37.5470343,nominatim,unclassified,True
ул лужники д 24 (объект № 49),"ул. Лужники, д. 24 (объект № 49)",1,rv,Введено,ОЛИМПИЙСКИЙ КОМПЛЕКС ЛУЖНИКИ,ЦАО,Хамовники,55.72162725,37.5633727,manual_exact,exact,True
ул лужники д 24 (объект № 50),"ул. Лужники, д. 24 (объект № 50)",1,rv,Введено,ОЛИМПИЙСКИЙ КОМПЛЕКС ЛУЖНИКИ,ЦАО,Хамовники,55.72162725,37.5633727,manual_exact,exact,True
ул лужники дом 24 строение 56,"ул. Лужники, дом 24, строение 56",1,oks,Строится,АНО РСИО,ЦАО,Хамовники,55.72162725,37.5633727,district_centroid,approximate,True
ул лукинская д 12,"ул. Лукинская, д. 12",1,rv,Введено,КП УГС,ЗАО,Ново-Переделкино,55.649981,37.340154999999996,geometry_permit,,True
ул лукинская д 12а (ново-переделкино мкр. 14 корп 18),"ул. Лукинская, д. 12А (Ново-Переделкино, мкр. 14, корп. 18)",1,rv,Введено,КП УГС,ЗАО,Ново-Переделкино,55.644386,37.3591625,manual_exact,exact,True
ул лухмановская д4,"ул. Лухмановская, д.4",1,rv,Введено,"ООО ""ЭТАЛОН КОНСАЛТИНГ""",ВАО,Косино-Ухтомский,55.7113098,37.8976327,nominatim,tertiary,True
ул люблинская 111б к1,"ул Люблинская 111Б, К1",1,rv,Введено,ФОНД РЕНОВАЦИИ,ЮВАО,Люблино,55.6681995,37.7454006,manual_exact,exact,True
ул люблинская 111б к2,"ул Люблинская 111Б, К2",1,rv,Введено,ФОНД РЕНОВАЦИИ,ЮВАО,Люблино,55.6681995,37.7454006,manual_exact,exact,True
ул люблинская 76 к3,"ул Люблинская 76, К3",1,rv,Введено,ПИК,ЮВАО,Люблино,55.6681995,37.7454006,manual_exact,exact,True
ул люблинская 76 к4,"ул Люблинская 76, К4",1,rv,Введено,ПИК,ЮВАО,Люблино,55.6681995,37.7454006,manual_exact,exact,True
ул люблинская 76 к5,"ул Люблинская 76, К5",1,rv,Введено,ПИК,ЮВАО,Люблино,55.6681995,37.7454006,manual_exact,exact,True
ул люблинская 78 к2,"ул Люблинская 78, К2",1,rv,Введено,ПИК,ЮВАО,Люблино,55.6681995,37.7454006,manual_exact,exact,True
ул люблинская 80 к7,"ул Люблинская 80, К7",1,rv,Введено,ПИК,ЮВАО,Люблино,55.6681995,37.7454006,manual_exact,exact,True
ул люблинская вл 72,"ул. Люблинская, вл. 72",3,oks; rv,Строится; Введено,ПИК,ЮВАО,Люблино,55.6681995,37.7357855,geometry,,True
ул люблинская вл 72 корпус 15,"ул. Люблинская, вл. 72, корпус 15",1,rv,Введено,ПИК,ЮВАО,Люблино,55.6681995,37.7454006,manual_exact,exact,True
ул люблинская д 80 корп 5,"ул. Люблинская, д. 80, корп. 5",1,rv,Введено,ПИК,ЮВАО,Люблино,55.6681995,37.7454006,manual_exact,exact,True
ул люблинская д 80 корп 6,"ул. Люблинская, д. 80, корп. 6",1,rv,Введено,ПИК,ЮВАО,Люблино,55.6681995,37.7454006,manual_exact,exact,True
ул люблинская зу 72,"ул. Люблинская, з/у 72",2,oks,Строится,ПИК,ЮВАО,Люблино,55.664139000000006,37.736877,geometry,,True
ул любучанская зу 13,"ул. Любучанская, ЗУ 13",1,oks,Строится,САМОЛЕТ,НАО,Щербинка,55.4936275,37.5258305,geometry,,True
ул магистральная 2-я вл 3 стр 1 3 4 6 7 9 10,"ул. Магистральная 2-я, вл. 3, стр. 1,3,4,6,7,9,10",1,oks,Строится,DAR,ЦАО,Пресненский,55.7580051,37.5654894,district_centroid,approximate,True
ул малая бронная вл 15б,"ул. Малая Бронная, вл. 15Б",1,rv,Введено,"ООО ""ЛИДЭСТЕЙТ""",ЦАО,Пресненский,55.7580051,37.5654894,manual_exact,exact,True
ул малая грузинская д44/30 стр 1,"ул. Малая Грузинская, д.44/30, стр. 1",1,rv,Введено,CAPITAL GROUP,ЦАО,Пресненский,55.7580051,37.5654894,manual_exact,exact,True
ул малая очаковская земельный участок 5а,"ул. Малая Очаковская, земельный участок 5А",1,rv,Введено,"ПУБЛИЧНОЕ АКЦИОНЕРНОЕ ОБЩЕСТВО ""ПИК-СПЕЦИАЛИЗИРОВАННЫЙ ЗАСТРОЙЩИК""",ЗАО,Очаково-Матвеевское,55.668746999999996,37.441160999999994,geometry_permit,,True
ул малая почтовая д12 стр1 стр10,"ул. Малая Почтовая, д.12, стр.1, стр.10",1,oks,Строится,"АО ""ЗАВОД АВТОТРАКТОРНОЙ ЭЛЕКТРОНИКИ""",ЦАО,Басманный,55.7672809,37.6697732,district_centroid,approximate,True
ул малая филевская вл 46,"ул. Малая Филевская, вл. 46",1,oks,Строится,КИЕВСКАЯ ПЛОЩАДЬ,ЗАО,Фили-Давыдково,55.7309988,37.4467218,nominatim,tertiary,True
ул малая юшуньская д 10 корп2,"ул. Малая Юшуньская, д. 10, корп.2",1,rv,Введено,КП УГС,ЮЗАО,Зюзино,55.6528725,37.5867464,manual_exact,exact,True
ул мантулинская вл 7,"ул. Мантулинская, вл. 7",1,rv,Введено,МОНАРХ,ЦАО,Пресненский,55.7580051,37.5654894,manual_exact,exact,True
ул мантулинская д9 стр12,"ул. Мантулинская, д.9, стр.12",1,rv,Введено,МОНАРХ,ЦАО,Пресненский,55.7580051,37.5654894,manual_exact,exact,True
ул маресьева земельный участок 11,"ул. Маресьева, земельный участок 11",2,rv,Введено,ОЭЗ ТЕХНОПОЛИС МОСКВА,ЮВАО,Некрасовка,55.6883621,37.9289173,manual_exact,exact,True
ул маресьева земельный участок 9,"ул. Маресьева, земельный участок 9",1,rv,Введено,ОЭЗ ТЕХНОПОЛИС МОСКВА,ЮВАО,Некрасовка,55.6883621,37.9289173,manual_exact,exact,True
ул маресьева зу 11,"ул. Маресьева, з/у 11",1,rv,Введено,ОЭЗ ТЕХНОПОЛИС МОСКВА,ЮВАО,Некрасовка,55.6883621,37.9289173,manual_exact,exact,True
ул мартеновская вл 33,"ул. Мартеновская, вл. 33",1,oks,Строится,"ГСК ""ГИРЕЙ""",ВАО,Новогиреево,55.7491465,37.8024271,nominatim,tertiary,True
ул маршала бирюзова вл 1,"ул. Маршала Бирюзова, вл. 1",3,oks,Строится,DAR,СЗАО,Щукино,55.8004095,37.4803087,nominatim,secondary,True
ул маршала еременко д 3 корп 1,"ул. Маршала Ерёменко, д. 3, корп. 1",1,rv,Введено,КП УГС,ЮВАО,Некрасовка,55.6883621,37.9289173,manual_exact,exact,True
ул маршала еременко д 3 корп 2,"ул. Маршала Ерёменко, д. 3, корп. 2",1,rv,Введено,КП УГС,ЮВАО,Некрасовка,55.6883621,37.9289173,manual_exact,exact,True
ул маршала еременко д 3 корп 3,"ул. Маршала Ерёменко, д. 3, корп. 3",1,rv,Введено,КП УГС,ЮВАО,Некрасовка,55.6883621,37.9289173,manual_exact,exact,True
ул маршала еременко д 3 корп 4,"ул. Маршала Ерёменко, д. 3, корп. 4",1,rv,Введено,КП УГС,ЮВАО,Некрасовка,55.6883621,37.9289173,manual_exact,exact,True
ул маршала катукова 8,ул Маршала Катукова 8,1,rv,Введено,"ООО ""СТРОЙИНВЕСТ""",СЗАО,Строгино,55.794645,37.3863686,manual_exact,exact,True
ул маршала новикова вл 23,"ул. Маршала Новикова, вл. 23",1,oks,Строится,ФМБА РОССИИ,СЗАО,Щукино,55.8056507,37.4598539,nominatim,tertiary,True
ул маршала полубоярова д 4 корп 1,"ул. Маршала Полубоярова, д. 4 корп. 1",1,oks,Строится,"ООО ""ПОЛУБОЯРОВА 4""",ЮВАО,Выхино-Жулебино,55.7022001,37.81384715,district_centroid,approximate,True
ул маршала савицкого д 8а (щербинка мкр. 1 корп 25),"ул. Маршала Савицкого, д. 8А (Щербинка, мкр. 1, корп. 25)",1,oks,Строится,ГКУК ВОСХОД,ЮЗАО,Южное Бутово,55.54729475,37.5747165,district_centroid,approximate,True
ул маршала тимоенко вл 15,"ул. Маршала Тимоенко, вл. 15",1,rv,Введено,УПРАВЛЕНИЕ ДЕЛАМИ ПРЕЗИДЕНТА РОССИЙСКОЙ ФЕДЕРАЦИИ,ЗАО,Кунцево,55.74346005,37.39999495,manual_exact,exact,True
ул маршала тимошенко 15 стр 11,"ул Маршала Тимошенко 15, Стр 11",1,rv,Введено,УПРАВЛЕНИЕ ДЕЛАМИ ПРЕЗИДЕНТА РОССИЙСКОЙ ФЕДЕРАЦИИ,ЗАО,Кунцево,55.74346005,37.39999495,manual_exact,exact,True
ул маршала тимошенко 15 стр 12,"ул Маршала Тимошенко 15, Стр 12",1,rv,Введено,УПРАВЛЕНИЕ ДЕЛАМИ ПРЕЗИДЕНТА РОССИЙСКОЙ ФЕДЕРАЦИИ,ЗАО,Кунцево,55.74346005,37.39999495,manual_exact,exact,True
ул маршала тимошенко 15 стр 13,"ул Маршала Тимошенко 15, Стр 13",1,rv,Введено,УПРАВЛЕНИЕ ДЕЛАМИ ПРЕЗИДЕНТА РОССИЙСКОЙ ФЕДЕРАЦИИ,ЗАО,Кунцево,55.74346005,37.39999495,manual_exact,exact,True
ул маршала тимошенко 15 стр 14,"ул Маршала Тимошенко 15, Стр 14",1,rv,Введено,УПРАВЛЕНИЕ ДЕЛАМИ ПРЕЗИДЕНТА РОССИЙСКОЙ ФЕДЕРАЦИИ,ЗАО,Кунцево,55.74346005,37.39999495,manual_exact,exact,True
ул маршала тимошенко 15 стр 20,"ул Маршала Тимошенко 15, Стр 20",1,rv,Введено,УПРАВЛЕНИЕ ДЕЛАМИ ПРЕЗИДЕНТА РОССИЙСКОЙ ФЕДЕРАЦИИ,ЗАО,Кунцево,55.74346005,37.39999495,manual_exact,exact,True
ул маршала тимошенко вл 8,"ул. Маршала Тимошенко, вл. 8",1,rv,Введено,УПРАВЛЕНИЕ ДЕЛАМИ ПРЕЗИДЕНТА РОССИЙСКОЙ ФЕДЕРАЦИИ,ЗАО,Кунцево,55.752706,37.4061138,nominatim,tertiary,True
ул маршала тимошенко вл15,"ул. Маршала Тимошенко, вл.15",1,oks,Строится,УПРАВЛЕНИЕ ДЕЛАМИ ПРЕЗИДЕНТА РОССИЙСКОЙ ФЕДЕРАЦИИ,ЗАО,Кунцево,55.752706,37.4061138,nominatim,tertiary,True
ул маршала тухачевского вл58,"ул. Маршала Тухачевского, вл.58",1,oks,Строится,SMINEX (ранее INGRAD),СЗАО,Хорошёво-Мнёвники,55.765528,37.4972546,district_centroid,approximate,True
ул маршала федоренко вл 1,"ул. Маршала Федоренко, вл. 1",1,oks,Строится,ГК РМ,САО,Западное Дегунино,55.8797314,37.4919802,nominatim,tertiary,True
ул матвеевская д 1а,"ул. Матвеевская, д. 1А",1,rv,Введено,РОСИМУЩЕСТВО,ЗАО,Очаково-Матвеевское,55.7054857,37.4812731,nominatim,tertiary,True
ул матвеевская земельный участок 20/1 (матвеевская ул вл 20-1 24),"ул. Матвеевская, земельный участок 20/1 (Матвеевская ул., вл. 20-1, 24)",1,oks,Строится,ФОНД РЕНОВАЦИИ,ЗАО,Очаково-Матвеевское,55.6907105,37.443805,district_centroid,approximate,True
ул медовая долина земельный участок 6,"ул. Медовая Долина, земельный участок 6",1,oks,Строится,ХАНТ-ХОЛДИНГ,НАО,Внуково,55.58975,37.26383705,district_centroid,approximate,True
ул медынская вл 6 корп 1,"ул. Медынская, вл. 6, корп. 1",1,oks,Строится,"ООО ""КУПАВА""",ЮАО,Бирюлёво Западное,55.5977271,37.6499083,district_centroid,approximate,True
ул мелитопольская 2-я,ул. Мелитопольская 2-я,1,rv,Введено,УПРАВЛЯЮЩАЯ КОМПАНИЯ МАКСИМУМ,ЮЗАО,Южное Бутово,55.54729475,37.5747165,manual_exact,exact,True
ул мелитопольская 2-я 12а стр 1 3,"ул. Мелитопольская 2-я, 12А, стр. 1, 3",1,rv,Введено,УПРАВЛЯЮЩАЯ КОМПАНИЯ МАКСИМУМ,ЮЗАО,Южное Бутово,55.54729475,37.5747165,manual_exact,exact,True
ул мелитопольская земельный участок 8/1,"ул. Мелитопольская, земельный участок 8/1",4,oks,Строится,"АО ""МЕЛИТОПОЛЬСКАЯ, 8""",ВАО,Бирюлёво Западное,55.5977271,37.6499083,district_centroid,approximate,True
ул мельникова вл 3,"ул. Мельникова, вл. 3",1,rv,Введено,"АО ""ЗАВОД ЖБИ - 5""",ЮВАО,Южнопортовый,55.7236223,37.6824575,manual_exact,exact,True
ул местечко барыши зу 25 корпус 2,"ул. Местечко Барыши, з/у 25, Корпус 2",1,rv,Введено,"ООО ""АКАДЕМПРОЕКТ""",НАО,Щербинка,55.49523050000001,37.518144,manual_exact,exact,True
ул металлургов влд.30,"ул. Металлургов, влд.30",1,rv,Введено,ФОНД РЕНОВАЦИИ,ВАО,Перово,55.7468432,37.7887908,manual_exact,exact,True
ул миллионная 3 к1,"ул Миллионная 3, К1",1,rv,Введено,КП УГС,ВАО,Богородское,55.81164245,37.7153353,manual_exact,exact,True
ул минская земельный участок 2а,"ул. Минская, земельный участок 2А",3,oks,Строится,"ООО ""Академия футбола ""Снегири""",ЗАО,Раменки,55.7010074,37.5041069,district_centroid,approximate,True
ул минская зу 1/15 (пересечение ул минской с киевским направлением московской железной дороги в пойме р. раменки),"ул. Минская, з/у 1/15 (пересечение ул. Минской с Киевским направлением Московской железной дороги в пойме р. Раменки)",1,oks,Строится,"АНО ""РСИ""",ЗАО,Раменки,55.7010074,37.5041069,district_centroid,approximate,True
ул минская корп 1-26,"ул. Минская, корп. 1-26",1,rv,Введено,"ЧКОО ""С & Т ИНВЕСТМЕНТС ЛИМИТЕД""",ЗАО,Раменки,55.7010074,37.5041069,manual_exact,exact,True
ул мироновская дом 46а,"ул. Мироновская, дом 46А",1,rv,Введено,КП УГС,ВАО,Соколиная гора,55.7726786,37.7361436,manual_exact,exact,True
ул митинская вл 11-1,"ул. Митинская, вл. 11-1",1,rv,Введено,ПРАВОСЛАВИЕ,СЗАО,Митино,55.8484195,37.3670608,manual_exact,exact,True
ул михайлова 30а к1,"ул Михайлова 30А, К1",1,rv,Введено,ПИК,ЮВАО,Рязанский,55.722711,37.77755000000001,manual_exact,exact,True
ул михайлова д 30а корп 4,"ул. Михайлова, д 30А, корп. 4",1,rv,Введено,ПИК,ЮВАО,Рязанский,55.722711,37.77755000000001,manual_exact,exact,True
ул михалковская вл 48,"ул. Михалковская, вл. 48",1,rv,Введено,РГ-ДЕВЕЛОПМЕНТ,САО,Головинский,55.8368189,37.53763,nominatim,secondary,True
ул михалковская вл 52 стр 7 11,"ул. Михалковская, вл. 52, стр. 7,11",1,rv,Введено,SUN DEVELOPMENT,САО,Головинский,55.84324995,37.49734265,manual_exact,exact,True
ул михалковская д 10,"ул. Михалковская, д. 10",1,rv,Введено,ФОНД РЕНОВАЦИИ,САО,Коптево,55.8376768,37.5114605,nominatim,tertiary,True
ул мневники 6а,ул Мнёвники 6А,1,rv,Введено,ФОНД РЕНОВАЦИИ,СЗАО,Хорошево-Мневники,55.7601052,37.5183196,manual_exact,exact,True
ул мневники вл 10,"ул. Мневники, вл. 10",1,rv,Введено,ПРАВОСЛАВИЕ,СЗАО,Хорошёво-Мнёвники,55.7748088,37.5005564,nominatim,secondary,True
ул можайский вал вл 7,"Ул. Можайский вал, вл. 7",1,oks,Строится,"ООО ""НЕПТУН-ТРЭЙДИНГ""",ЗАО,Дорогомилово,55.7438059,37.5565977,nominatim,tertiary,True
ул можайский вал вл 8 стр 1-4,"ул. Можайский вал, вл. 8, стр. 1-4",1,oks,Строится,РОТАРИ ИНВЕСТ,ЗАО,Дорогомилово,55.7398697,37.5365271,district_centroid,approximate,True
ул молодогвардейская зу 53,ул. Молодогвардейская з/у 53,1,oks,Строится,ФОНД РЕНОВАЦИИ,ЗАО,Кунцево,55.74346005,37.39999495,district_centroid,approximate,True
ул молодцова д 17. к1,"ул. Молодцова, д. 17. к.1",1,rv,Введено,ФОНД РЕНОВАЦИИ,СВАО,Южное Медведково,55.878595,37.6364294,nominatim,tertiary,True
ул молодцова д 33 корп 1,"ул. Молодцова, д. 33, корп. 1",1,rv,Введено,ФОНД РЕНОВАЦИИ,СВАО,Южное Медведково,55.883743,37.6366379,manual_exact,exact,True
ул молостовых д 18,"ул. Молостовых, д. 18",1,rv,Введено,ФОНД РЕНОВАЦИИ,ВАО,Ивановское,55.750218,37.8316328,nominatim,tertiary,True
ул монтажная вл 8/24,ул. Монтажная вл. 8/24,3,oks,Строится,ФСК,ВАО,Гольяново,55.8073766,37.7566198,district_centroid,approximate,True
ул москворечье вл 20,"ул. Москворечье, вл. 20",1,oks,Строится,"ФГБУ ""ФНКЦ ДЕТЕЙ И ПОДРОСТКОВ ФМБА РОССИИ""",ЮАО,Москворечье-Сабурово,55.6457793,37.6342936,district_centroid,approximate,True
ул мостовая д 6,ул. Мостовая д. 6,1,rv,Введено,СТРОЙКОМ,ТАО,Троицк,56.011577,37.1221529,nominatim,residential,True
ул мосфильмовская вл 31а,"ул. Мосфильмовская, вл. 31А",1,oks,Строится,OCTOBER GROUP,ЗАО,Раменки,55.7010074,37.5041069,district_centroid,approximate,True
ул мосфильмовская вл 50,"ул. Мосфильмовская, вл. 50",1,oks,Строится,Посольство Малайзии в Российской Федерации,ЗАО,Раменки,55.7090711,37.5039692,nominatim,secondary,True
ул мосфильмовская д 4,"ул. Мосфильмовская, д. 4",1,oks,Строится,"АО ""НИЦ ""АТОМ""",ЗАО,Раменки,55.7203457,37.524137,nominatim,secondary,True
ул мосфильмовская дом 1б,"ул. Мосфильмовская, дом 1Б",1,rv,Введено,AB DEVELOPMENT,ЗАО,Раменки,55.7010074,37.5041069,manual_exact,exact,True
ул мосфильмовская зу 1в,"ул. Мосфильмовская, з/у 1В",2,rv,Введено,AB DEVELOPMENT,ЗАО,Раменки,55.7010074,37.5041069,manual_exact,exact,True
ул муравская 38 к1,"ул. Муравская 38, К1",1,rv,Введено,CAPITAL GROUP,СЗАО,Митино,55.8484195,37.3670608,manual_exact,exact,True
ул мусы джалиля вл 6 корпус 2,"ул. Мусы Джалиля, вл. 6, корпус 2",1,oks,Строится,А101,ЮАО,Зябликово,55.6178373,37.7671258,district_centroid,approximate,True
ул мытная 40 к5,"ул Мытная 40, К5",1,rv,Введено,CAPITAL GROUP,ЦАО,Якиманка,55.7425825,37.6157213,manual_exact,exact,True
ул мытная 40 корпус 3,"ул Мытная 40, корпус 3",1,rv,Введено,"ООО ""ЖИЛКАПСТРОЙ""",ЦАО,Якиманка,55.7425825,37.6157213,manual_exact,exact,True
ул мытная вл 40-44,"ул. Мытная, вл. 40-44",1,rv,Введено,CAPITAL GROUP,ЦАО,Якиманка,55.7425825,37.6157213,manual_exact,exact,True
ул нагатинская вл1/1,"ул. Нагатинская, вл.1/1",1,oks,Строится,ХАНТ-ХОЛДИНГ,ЮАО,Нагатино-Садовники,55.6796553,37.6400121,nominatim,tertiary,True
ул нагатинская земельный участок 1/11,"Ул. Нагатинская, земельный участок 1/11",1,oks,Строится,ХАНТ-ХОЛДИНГ,ЮАО,Нагатино-Садовники,55.6746117,37.6454806,district_centroid,approximate,True
ул нагорная вл 10/2 вл 4а,"ул. Нагорная, вл. 10/2, вл. 4а",1,oks,Строится,ИНДИВИДУАЛЬНЫЕ ПРЕДПРИНИМАТЕЛИ,ЮЗАО,Котловка,55.6845587,37.5919839,district_centroid,approximate,True
ул нагорная влд. 5а,"ул. Нагорная, влд. 5А",1,rv,Введено,ФОНД РЕНОВАЦИИ,ЮЗАО,Котловка,55.6845587,37.5919839,manual_exact,exact,True
ул нагорная зу 6/1,"ул. Нагорная, з/у 6/1",1,oks,Строится,ИНДИВИДУАЛЬНЫЕ ПРЕДПРИНИМАТЕЛИ,ЮЗАО,Котловка,55.6845587,37.5919839,district_centroid,approximate,True
ул нарвская 5а,ул Нарвская 5А,1,rv,Введено,ФОНД РЕНОВАЦИИ,САО,Войковский,55.8223248,37.50493375,manual_exact,exact,True
ул народного ополчения д 9а,УЛ. НАРОДНОГО ОПОЛЧЕНИЯ Д. 9А,1,rv,Введено,"ЧОУ ""ХОРОШЕВСКАЯ ШКОЛА""",СЗАО,Хорошево-Мневники,55.7601052,37.5183196,manual_exact,exact,True
ул наташи качуевской вл1,"ул. Наташи Качуевской, вл.1",1,rv,Введено,УЭЗ,ВАО,Косино-Ухтомский,55.722810325,37.8601839,manual_exact,exact,True
ул наташи качуевской зу вл 5,"ул. Наташи Качуевской, з/у вл. 5",1,oks,Строится,УЭЗ,ВАО,Коммунарка,55.581794,37.448441,district_centroid,approximate,True
ул нежинская вл 13 корп 2 корп 3,"ул. Нежинская, вл. 13, корп. 2, корп. 3",1,oks,Строится,"ООО ""МЕРИДИАН""",ЗАО,Очаково-Матвеевское,55.6907105,37.443805,district_centroid,approximate,True
ул нежинская вл 4,"ул. Нежинская, вл. 4",1,oks,Строится,ПРАВОСЛАВИЕ,ЗАО,Очаково-Матвеевское,55.7127128,37.4736754,nominatim,place_of_worship,True
ул нежинская д 4,"ул. Нежинская, д. 4",1,rv,Введено,ПРАВОСЛАВИЕ,ЗАО,Очаково-Матвеевское,55.7105761,37.4729098,nominatim,tertiary,True
ул нижние мневники,ул. Нижние Мневники,2,rv,Введено,ДОНСТРОЙ,СЗАО,Хорошёво-Мнёвники,55.7632265,37.4673412,nominatim,secondary,True
ул нижние мневники 8 стр 1,"ул Нижние Мнёвники 8, Стр 1",1,rv,Введено,ДЕПАРТАМЕНТ ГРАЖДАНСКОГО СТРОИТЕЛЬСТВА ГОРОДА МОСКВЫ,СЗАО,Хорошево-Мневники,55.7601052,37.5183196,manual_exact,exact,True
ул нижние мневники вл 62а (тпу мневники зу 6.1 и 6.2),"ул. Нижние Мневники, вл. 62А (ТПУ ""Мнёвники"", ЗУ 6.1 и 6.2)",3,oks,Строится,ФОНД РЕНОВАЦИИ,СЗАО,Хорошёво-Мнёвники,55.765528,37.4972546,district_centroid,approximate,True
ул нижние мневники земельный участок 12 (объект 2),"ул. Нижние Мнёвники, земельный участок 12 (Объект 2)",1,oks,Строится,ДОНСТРОЙ,СЗАО,Хорошёво-Мнёвники,55.765528,37.4972546,district_centroid,approximate,True
ул нижние мневники земельный участок 12б ,"ул. Нижние Мнёвники, земельный участок 12Б,",2,oks,Строится,ДОНСТРОЙ,СЗАО,Хорошёво-Мнёвники,55.765528,37.4972546,district_centroid,approximate,True
ул нижние мневники земельный участок 13,"ул. Нижние Мнёвники, земельный участок 13",2,rv,Введено,ДОНСТРОЙ,СЗАО,Хорошёво-Мнёвники,55.765528,37.4972546,manual_exact,exact,True
ул нижние мневники земельный участок 14,"ул. Нижние Мневники, земельный участок 14",1,oks,Строится,ДОНСТРОЙ,СЗАО,Хорошёво-Мнёвники,55.765528,37.4972546,district_centroid,approximate,True
ул нижние мневники земельный участок 35,"ул. Нижние Мнёвники, земельный участок 35",1,rv,Введено,ДОНСТРОЙ,СЗАО,Хорошёво-Мнёвники,55.765528,37.4972546,manual_exact,exact,True
ул нижние мневники земельный участок 39/1,"ул. Нижние Мневники, земельный участок 39/1",1,oks,Строится,"АО ""ГРУППА СТА""",СЗАО,Хорошёво-Мнёвники,55.765528,37.4972546,district_centroid,approximate,True
ул нижние мневники земельный участок 4,"ул. Нижние Мнёвники, земельный участок 4",2,oks,Строится,РФС,СЗАО,Хорошёво-Мнёвники,55.765528,37.4972546,district_centroid,approximate,True
ул нижние мневники земельный участок 5,"ул. Нижние Мнёвники, земельный участок 5",1,rv,Введено,"ООО ""РАЗВИТИЕ""",СЗАО,Хорошёво-Мнёвники,55.765528,37.4972546,manual_exact,exact,True
ул нижние мневники земельный участок 9,"ул. Нижние Мневники, земельный участок 9",1,rv,Введено,ДОНСТРОЙ,СЗАО,Хорошёво-Мнёвники,55.746825,37.4548685,geometry_permit,,True
ул нижние мневники зу 12,"ул. Нижние Мнёвники, з/у 12",2,oks,Строится,ДОНСТРОЙ,СЗАО,Хорошёво-Мнёвники,55.765528,37.4972546,district_centroid,approximate,True
ул нижние мневники уч 11,"ул. Нижние Мневники, уч. 11",1,rv,Введено,ДОНСТРОЙ,СЗАО,Хорошёво-Мнёвники,55.7498592,37.4340491,nominatim,secondary,True
ул нижние мневники уч 9,"ул. Нижние Мневники, уч. 9",1,rv,Введено,ДОНСТРОЙ,СЗАО,Хорошёво-Мнёвники,55.7498592,37.4340491,nominatim,secondary,True
ул нижняя масловка вл 10 стр б,"ул. Нижняя Масловка, вл. 10, стр. Б",1,rv,Введено,"ООО ""НМ-10""",САО,Савёловский,55.75312215,37.5957454,manual_exact,exact,True
ул нижняя масловка вл 17,"ул. Нижняя Масловка, вл. 17",1,rv,Введено,3S GROUP,САО,Аэропорт,55.7917503,37.5719479,nominatim,tertiary,True
ул никитина вл 7,"ул. Никитина, вл. 7",1,rv,Введено,"ООО ""МОСПРОЕКТ-2""",НАО,Филимонковский,55.6050114,37.3566358,nominatim,tertiary,True
ул никитинская вл 10/1,"ул. Никитинская, вл. 10/1",1,oks,Строится,"ООО ""СТУДИЯ""",ВАО,Измайлово,55.799459999999996,37.7783845,geometry,,True
ул никитинская д 5,"ул. Никитинская, д. 5",1,rv,Введено,ФОНД РЕНОВАЦИИ,ВАО,Измайлово,55.7974915,37.7751289,nominatim,tertiary,True
ул николая сладкова,ул. Николая Сладкова,3,rv,Введено,"ООО ""ЛЕСНАЯ СКАЗКА""",ТАО,Троицк,55.5274153,37.2817736,manual_exact,exact,True
ул николая сладкова влд. 2,"ул. Николая Сладкова, влд. 2",1,rv,Введено,"ООО ""ЛЕСНАЯ СКАЗКА""",ТАО,Троицк,55.5274153,37.2817736,manual_exact,exact,True
ул николая старостина вл 8а,"ул. Николая Старостина, вл. 8А",1,rv,Введено,"КП ""БСА ""ЛУЖНИКИ""",ВАО,Косино-Ухтомский,55.722810325,37.8601839,manual_exact,exact,True
ул николая старостина напротив влд. 8. этап 1,"ул. Николая Старостина, напротив влд. 8. Этап 1",1,rv,Введено,КП УГС,ВАО,Косино-Ухтомский,55.722810325,37.8601839,manual_exact,exact,True
ул николая химушина,ул. Николая Химушина,2,oks,Строится,ПИК,ВАО,Метрогородок,55.8171965,37.7595835,geometry_address,,True
ул николая химушина вл 2/7,"ул. Николая Химушина, вл. 2/7",3,oks,Строится,ПИК,ВАО,Метрогородок,55.8171965,37.7595835,district_centroid,approximate,True
ул никулинская вл 11г,"ул. Никулинская, вл. 11Г",2,oks,Строится,АПСИС АКТИВ,ЗАО,Тропарёво-Никулино,55.67133680000001,37.4655932,district_centroid,approximate,True
ул никулинская дом 8 корп 2,"ул. Никулинская, дом 8, корп. 2",1,rv,Введено,УЭЗ,ЗАО,Тропарево-Никулино,55.67133680000001,37.4655932,manual_exact,exact,True
ул никулинская земельный участок 33 а/,"ул. Никулинская, земельный участок 33 А/",1,oks,Строится,"ПУБЛИЧНОЕ АКЦИОНЕРНОЕ ОБЩЕСТВО ""ПИК-СПЕЦИАЛИЗИРОВАННЫЙ ЗАСТРОЙЩИК""",ЗАО,Очаково-Матвеевское,55.6907105,37.443805,district_centroid,approximate,True
ул никулинская земельный участок 33а/б,"ул. Никулинская, земельный участок 33А/Б",2,oks,Строится,"ПУБЛИЧНОЕ АКЦИОНЕРНОЕ ОБЩЕСТВО ""ПИК-СПЕЦИАЛИЗИРОВАННЫЙ ЗАСТРОЙЩИК""",ЗАО,Очаково-Матвеевское,55.6907105,37.443805,district_centroid,approximate,True
ул новая дорога земельный участок 11б/1,ул. Новая Дорога Земельный участок 11Б/1,1,oks,Строится,ЭЛЕМЕНТ,ЦАО,Басманный,55.7672809,37.6697732,district_centroid,approximate,True
ул новогиреевская вл 24а,"ул. Новогиреевская, вл. 24А",1,rv,Введено,ФОНД РЕНОВАЦИИ,ВАО,Перово,55.7468432,37.7887908,manual_exact,exact,True
ул новозаводская д18,"ул. Новозаводская, д.18",1,oks,Строится,ГОСКОРПОРАЦИЯ РОСКОСМОС,ЗАО,Филёвский Парк,55.7509704,37.5086563,nominatim,tertiary,True
ул новоорловская д 5в,"УЛ. НОВООРЛОВСКАЯ, Д. 5В",1,rv,Введено,БАНК РУССКИЙ СТАНДАРТ,ЗАО,Ново-Переделкино,55.644386,37.3591625,manual_exact,exact,True
ул новоорловская промзона орлово,"ул. Новоорловская, промзона Орлово",1,rv,Введено,ЭЛИТ КАПИТАЛ,ЗАО,Ново-Переделкино,55.644386,37.3591625,manual_exact,exact,True
ул новоостаповская вл 6а,"ул. Новоостаповская, вл. 6А",1,oks,Строится,ФСК,ЮВАО,Южнопортовый,55.7226692,37.680814,nominatim,secondary,True
ул новоостаповская земельный участок 7,"ул. Новоостаповская, земельный участок 7",3,rv,Введено,ПИК,ЮВАО,Нижегородский,55.724611,37.6824575,geometry_permit,,True
ул новопоселковая вл 6,"ул. Новопоселковая, вл. 6",1,oks,Строится,ФОНД РЕНОВАЦИИ,СЗАО,Южное Тушино,55.8376816,37.4419074,nominatim,residential,True
ул новослободская,ул. Новослободская,1,oks,Строится,"ООО ""СЗ ""АПСАЙД НОВОСЛОБОДСКАЯ""",ЦАО,Тверской,55.7804125,37.5996357,nominatim,post_office,True
ул новостройка д 29,"ул. Новостройка, д. 29",1,oks,Строится,ИНДИВИДУАЛЬНЫЕ ПРЕДПРИНИМАТЕЛИ,ТАО,Троицк,55.9899375,38.1303272,nominatim,residential,True
ул новосущевская вл 37,"ул. Новосущевская, вл. 37",2,rv,Введено,"ЖСК ""ЖУРНАЛИСТ - 3""",СВАО,Марьина роща,55.7925842,37.6043898,nominatim,residential,True
ул новохохловская вл 15,"ул. Новохохловская, вл. 15",2,rv,Введено,ПИК,ЮВАО,Нижегородский,55.7307629,37.7095577,nominatim,tertiary,True
ул новохохловская вл15,"ул. Новохохловская, вл.15",2,rv,Введено,ПИК,ЮВАО,Нижегородский,55.7307629,37.7095577,nominatim,tertiary,True
ул новохохловская д 49,"УЛ. НОВОХОХЛОВСКАЯ, Д. 49",1,rv,Введено,"АО ""МКЖД""",ЮВАО,Нижегородский,55.7297194,37.7095577,manual_exact,exact,True
ул новохохловская земельный участок 15/2,"ул. Новохохловская, земельный участок 15/2",1,rv,Введено,ФОНД РЕНОВАЦИИ,ЮВАО,Нижегородский,55.7297194,37.7095577,manual_exact,exact,True
ул новохохловская зу 1 ( нижегородский кв.80 между новохохловской ул и третьим транспортным кольцом),"ул. Новохохловская, з/у 1 ( Нижегородский, кв.80, между Новохохловской ул. и Третьим транспортным кольцом)",1,rv,Введено,ФОНД РЕНОВАЦИИ,ЮВАО,Нижегородский,55.7297194,37.7095577,manual_exact,exact,True
ул новочеремушкинская 17,ул Новочерёмушкинская 17,2,rv,Введено,SMINEX (ранее INGRAD),ЮЗАО,Академический,55.6895237,37.57025695,manual_exact,exact,True
ул новочеремушкинская вл 17,"ул. Новочерёмушкинская, вл. 17",1,rv,Введено,SMINEX (ранее INGRAD),ЮЗАО,Академический,55.6895237,37.57025695,manual_exact,exact,True
ул новощукинская 8,ул Новощукинская 8,1,rv,Введено,ФОНД РЕНОВАЦИИ,СЗАО,Щукино,55.8051302,37.4803087,manual_exact,exact,True
ул норильская вл 36,"ул. Норильская, вл. 36",1,oks,Строится,МЕЖДУНАРОДНЫЙ ФОНД ДУХОВНОГО ЕДИНСТВА НАРОДОВ,СВАО,Лосиноостровский,55.8814309,37.6959434,nominatim,residential,True
ул норильская д 9,"ул. Норильская, д. 9",1,rv,Введено,ФОНД РЕНОВАЦИИ,СВАО,Лосиноостровский,55.8641682,37.6872725,manual_exact,exact,True
ул обручева земельный участок 23/2,"ул. Обручева, земельный участок 23/2",1,rv,Введено,"ООО ""СТРЕЛА""",ЮЗАО,Обручевский,55.6575505,37.5383225,manual_exact,exact,True
ул одесская земельный участок 4 (ул одесская вл 4 стр 1-7) (зона1.1),"ул. Одесская, земельный участок 4 (ул. Одесская, вл. 4, стр. 1-7) (Зона1.1)",1,oks,Строится,ПИК,ЮЗАО,Зюзино,55.6528725,37.5867464,district_centroid,approximate,True
ул озерная,ул. Озёрная,1,oks,Строится,"ПУБЛИЧНОЕ АКЦИОНЕРНОЕ ОБЩЕСТВО ""ПИК-СПЕЦИАЛИЗИРОВАННЫЙ ЗАСТРОЙЩИК""",ЗАО,Очаково-Матвеевское,55.669681999999995,37.436417500000005,geometry,,True
ул озерная вл 1,"ул. Озерная, вл. 1",1,rv,Введено,LEVEL GROUP,ЗАО,Очаково-Матвеевское,55.6712666,37.4496034,nominatim,retail,True
ул озерная вл 33,"ул. Озерная, вл. 33",1,rv,Введено,МОСИНЖПРОЕКТ,ЗАО,Очаково-Матвеевское,55.6832583,37.4613272,nominatim,tertiary,True
ул озерная вл 42,"ул. Озерная, вл. 42",4,oks; rv,Строится; Введено,СТРАНА ДЕВЕЛОПМЕНТ,ЗАО,Очаково-Матвеевское,55.671589,37.443805,geometry,,True
ул озерная земельный участок 42/5,"ул. Озерная, земельный участок 42/5",1,rv,Введено,"ПУБЛИЧНОЕ АКЦИОНЕРНОЕ ОБЩЕСТВО ""ПИК-СПЕЦИАЛИЗИРОВАННЫЙ ЗАСТРОЙЩИК""",ЗАО,Очаково-Матвеевское,55.6907105,37.443805,manual_exact,exact,True
ул озерная зу 1,"ул. Озерная, з/у 1",2,oks; rv,Строится; Введено,LEVEL GROUP,ЗАО,Очаково-Матвеевское,55.6888283,37.472707,nominatim,tertiary,True
ул озерная зу 1 вл7,"ул. Озерная, з/у 1, вл.7",1,oks,Строится,LEVEL GROUP,ЗАО,Очаково-Матвеевское,55.6907105,37.443805,district_centroid,approximate,True
ул окская вл 9,"ул. Окская, вл. 9",1,oks,Строится,"АО ""СЗ ""ОКСКАЯ, 9""",ЮВАО,Рязанский,55.7173866,37.7765131,nominatim,secondary,True
ул окская д 16 корп 4,"ул. Окская, д. 16, корп. 4",1,rv,Введено,КП УГС,ЮВАО,Кузьминки,55.7097739,37.7688408,manual_exact,exact,True
ул окская д3а,"ул. Окская, д.3А",1,rv,Введено,МОСКАПСТРОЙ,ЮВАО,Рязанский,55.7161555,37.771672,nominatim,secondary,True
ул октябрьская вл 103,"ул. Октябрьская, вл. 103",1,oks,Строится,ЭТАЛОН,СВАО,Марьина Роща,55.7415438,37.6548777,nominatim,primary_link,True
ул олеко дундича вл 29,"ул. Олеко Дундича, вл. 29",1,rv,Введено,ФОНД РЕНОВАЦИИ,ЗАО,Фили-Давыдково,55.7420703,37.4966682,nominatim,tertiary,True
ул олонецкая 4,ул. Олонецкая 4,1,rv,Введено,"ПУБЛИЧНОЕ АКЦИОНЕРНОЕ ОБЩЕСТВО ""ПИК-СПЕЦИАЛИЗИРОВАННЫЙ ЗАСТРОЙЩИК""",СВАО,Останкинский,55.8386265,37.6302466,manual_exact,exact,True
ул олонецкая вл 21в,"ул. Олонецкая, вл. 21В",1,rv,Введено,ФОНД РЕНОВАЦИИ,СВАО,Отрадное,55.85055975,37.5782006,manual_exact,exact,True
ул ольховская вл 27,"ул. Ольховская, вл. 27",1,rv,Введено,ИНСТИТУТ ПЛАСТИЧЕСКОЙ ХИРУРГИИ И КОСМЕТОЛОГИИ,ЦАО,Красносельский,55.7778643,37.6749192,nominatim,tertiary,True
ул омская 14/4,ул. Омская 14/4,1,oks,Строится,АБСОЛЮТ,НАО,Внуково,55.6184204,37.2663948,nominatim,residential,True
ул онежская вл 35 корп 6,"ул. Онежская, вл. 35 корп. 6",1,rv,Введено,КП УГС,САО,Головинский,55.84324995,37.49734265,manual_exact,exact,True
ул онежская земельный участок 33,"ул. Онежская, земельный участок 33",1,rv,Введено,ФОНД РЕНОВАЦИИ,САО,Головинский,55.84324995,37.49734265,manual_exact,exact,True
ул оранжерейная вл 21/23,"ул. Оранжерейная, вл. 21/23",2,oks,Строится,ФЕДЕРАЛЬНЫЙ ЦЕНТР ОХРАНЫ ЗДОРОВЬЯ ЖИВОТНЫХ,ВАО,Косино-Ухтомский,55.7373502,37.8155589,nominatim,residential,True
ул орджоникидзе д11 стр35 вавилова ул вл 3,"ул. Орджоникидзе, д.11, стр.35; Вавилова ул., вл. 3",1,oks,Строится,О11,ЮАО,Донской,55.6980913,37.364559549999996,geometry_address,,True
ул оренбургская 3,ул Оренбургская 3,1,rv,Введено,"ООО ""АРХИНЖ""",ВАО,Косино-Ухтомский,55.722810325,37.8601839,manual_exact,exact,True
ул оренбургская вл 30,"ул. Оренбургская, вл. 30",1,rv,Введено,"ООО СЗ ""УРЗ-2""",ВАО,Косино-Ухтомский,55.7134046,37.859288,nominatim,residential,True
ул оренбургская земельный участок 4,"ул. Оренбургская, земельный участок 4",1,rv,Введено,ФОНД РЕНОВАЦИИ,ВАО,Косино-Ухтомский,55.722810325,37.8601839,manual_exact,exact,True
ул оршанская,ул. Оршанская,1,rv,Введено,"ЖСК ""АВИАТОР""",ЗАО,Кунцево,55.7441376,37.4019479,nominatim,tertiary,True
ул оршанская д3,"ул. Оршанская, д.3",1,rv,Введено,МИНОБРНАУКИ РОССИИ,ЗАО,Кунцево,55.7441376,37.4019479,nominatim,tertiary,True
ул осенняя 25 к8,"ул Осенняя 25, К8",1,oks,Строится,АЛИНАТА,ЗАО,Крылатское,55.7493698,37.4120281,district_centroid,approximate,True
ул остафьевская влд 44 стр 2,"ул Остафьевская влд 44, Стр 2",1,rv,Введено,ПРАВОСЛАВИЕ,ЮЗАО,Южное Бутово,55.54729475,37.5747165,manual_exact,exact,True
ул островитянова 43 квартал юго-запада,"УЛ. ОСТРОВИТЯНОВА, 43 КВАРТАЛ ЮГО-ЗАПАДА",1,rv,Введено,САМОЛЕТ,ЮЗАО,Обручевский,55.6575505,37.5383225,manual_exact,exact,True
ул островитянова вл 45,ул. Островитянова вл. 45,1,oks,Строится,ПРАВОСЛАВИЕ,ЮЗАО,Коньково,55.6331205,37.5389494,nominatim,place_of_worship,True
ул отрадная 4а,ул Отрадная 4А,1,rv,Введено,КОНЦЕРН КРОСТ,СВАО,Отрадное,55.8576129,37.606942,nominatim,apartments,True
ул офицерская вл 11,"ул. Офицерская, вл. 11",1,rv,Введено,МОНАРХ,НАО,Троицк,55.5055613,37.3305081,nominatim,residential,True
ул офицерская земельный участок 5,"ул. Офицерская, земельный участок 5",1,oks,Строится,ХК ГВСУ ЦЕНТР,НАО,Троицк,55.5274153,37.2817736,district_centroid,approximate,True
ул офицерская зу владение 1,"ул. Офицерская, з/у владение 1",1,oks,Строится,"ООО ""АРТКЕЙД""",НАО,Коммунарка,55.581794,37.448441,district_centroid,approximate,True
ул павла корчагина вл 7,"ул. Павла Корчагина, вл. 7",1,rv,Введено,АНО РСИО,СВАО,Алексеевский,55.8206437,37.6641308,nominatim,tertiary,True
ул панфилова зу 32,"ул. Панфилова, з/у 32",1,oks,Строится,ФСИН РОССИИ,ЗелАО,Силино,56.0080842,37.1406636,district_centroid,approximate,True
ул парковая 33,ул Парковая 33,1,rv,Введено,ФОНД РЕНОВАЦИИ,СЗАО,Митино,55.8484195,37.3670608,manual_exact,exact,True
ул перерва 11 стр 1,"ул Перерва 11, Стр 1",1,rv,Введено,"АО ""СТАЛЬМОНТАЖ-ОПТИМ""",ЮВАО,Марьино,55.6518099,37.719279,manual_exact,exact,True
ул перерва вл 11 стр 1 2 11 14 27 28,"ул. Перерва, вл. 11, стр. 1, 2, 11, 14, 27, 28",1,oks,Строится,"АО ""СТАЛЬМОНТАЖ-ОПТИМ""",ЮВАО,Марьино,55.6518099,37.719279,district_centroid,approximate,True
ул перовская вл 2в,"ул. Перовская, вл. 2В",1,oks,Строится,Михеев Даниил Михайлович,ВАО,Перово,55.7476253,37.7556614,nominatim,secondary,True
ул перовская вл 64,"ул. Перовская, вл. 64",1,rv,Введено,ПРАВОСЛАВИЕ,ВАО,Новогиреево,55.7491465,37.8024271,manual_exact,exact,True
ул перовская вл 66г,ул. Перовская вл. 66Г,1,rv,Введено,"ООО ""ЮЛСЕРВИС""",ВАО,Перово,55.7468432,37.7887908,manual_exact,exact,True
ул перспективная д52,"ул. Перспективная, д.52",1,oks,Строится,"ООО ""ФУНДАМЕНТ""",НАО,Внуково,55.576315,37.1443427,nominatim,residential,True
ул петра алексеева вл 12,"ул. Петра Алексеева, вл. 12",1,rv,Введено,SMINEX (ранее INGRAD),ЗАО,Раменки,55.7193811,37.4290866,nominatim,residential,True
ул петра алексеева вл 12 корпус 3,"ул. Петра Алексеева, вл. 12, корпус 3",1,rv,Введено,SMINEX (ранее INGRAD),ЗАО,Можайский,55.7015105,37.3937955,manual_exact,exact,True
ул петра алексеева вл 12а,"ул. Петра Алексеева, вл. 12А",2,rv,Введено,SMINEX (ранее INGRAD),ЗАО,Можайский,55.7015105,37.3937955,manual_exact,exact,True
ул петра кончаловского земельный участок 5,"ул. Петра Кончаловского, земельный участок 5",1,rv,Введено,ЭТАЛОН,ЮАО,Даниловский,55.711814,37.6597584,manual_exact,exact,True
ул петра кончаловского земельный участок 7,"ул. Петра Кончаловского, земельный участок 7",1,rv,Введено,ЭТАЛОН,ЮАО,Даниловский,55.711814,37.6597584,manual_exact,exact,True
ул петра кончаловского зу 7,"ул Петра Кончаловского, з/у 7",1,rv,Введено,ЭТАЛОН,ЮАО,Даниловский,55.711814,37.6597584,manual_exact,exact,True
ул петра романова д 18,"ул. Петра Романова, д. 18",1,rv,Введено,ФОНД РЕНОВАЦИИ,ЮВАО,Южнопортовый,55.7236223,37.6824575,manual_exact,exact,True
ул петра романова земельный участок 10,"ул. Петра Романова, земельный участок,10",1,oks,Строится,ФОНД РЕНОВАЦИИ,ЮВАО,Южнопортовый,55.7236223,37.6824575,district_centroid,approximate,True
ул петрозаводская д 28а,"ул. Петрозаводская, д. 28а",1,rv,Введено,"АНО ""РСИ""",САО,Ховрино,55.8643521,37.5010155,nominatim,secondary,True
ул пехорская зу 1б/1,"ул. Пехорская,з/у 1Б/1",5,rv,Введено,ОЭЗ ТЕХНОПОЛИС МОСКВА,ВАО,Косино-Ухтомский,55.722810325,37.8601839,manual_exact,exact,True
ул пехорская зу 7б,"ул. Пехорская, з/у 7Б",1,rv,Введено,ОЭЗ ТЕХНОПОЛИС МОСКВА,ВАО,Косино-Ухтомский,55.722810325,37.8601839,manual_exact,exact,True
ул пивченкова зу 1,ул. Пивченкова з/у 1,1,rv,Введено,ФОНД РЕНОВАЦИИ,ЗАО,Очаково-Матвеевское,55.736031,37.4762537,nominatim,residential,True
ул плеханова 18,ул Плеханова 18,1,rv,Введено,ФОНД РЕНОВАЦИИ,ВАО,Перово,55.7468432,37.7887908,manual_exact,exact,True
ул плеханова 22,ул Плеханова 22,1,rv,Введено,ФОНД РЕНОВАЦИИ,ВАО,Перово,55.7468432,37.7887908,manual_exact,exact,True
ул плеханова вл 11,"ул. Плеханова, вл. 11",1,oks,Строится,ПИК,ВАО,Перово,55.7448589,37.7657761,nominatim,tertiary,True
ул плещеева д 28,"УЛ. ПЛЕЩЕЕВА, Д. 28",1,rv,Введено,"ООО ""ЭЛОР-М""",СВАО,Бибирево,55.88684175,37.60154745,manual_exact,exact,True
ул плющева влд. 15/3,"ул. Плющева, влд. 15/3",1,rv,Введено,ФОНД РЕНОВАЦИИ,ВАО,Перово,55.7468432,37.7887908,manual_exact,exact,True
ул плющева земельный участок 17/3 (зона 10.1 жу20),"ул. Плющева, земельный участок 17/3 (зона 10.1, ЖУ20)",1,oks,Строится,ФОНД РЕНОВАЦИИ,ВАО,Перово,55.7468432,37.7887908,district_centroid,approximate,True
ул подольских курсантов вл 7,"ул. Подольских Курсантов, вл. 7",1,rv,Введено,ПРАВОСЛАВИЕ,ЮАО,Чертаново Центральное,55.6068616,37.6256033,nominatim,secondary,True
ул поклонная. вл 7,ул. Поклонная. вл. 7,1,oks,Строится,"ООО ""СПЕЦСТРОЙ-1""",ЗАО,Дорогомилово,55.7398697,37.5365271,district_centroid,approximate,True
ул полбина соор. 31,"ул. Полбина, соор. 31",1,rv,Введено,"ООО""А.Б.А.+""",ЮВАО,Печатники,55.6990676,37.6984857,manual_exact,exact,True
ул полоцкая в районе вл16,"ул. Полоцкая, в районе вл.16",1,oks,Строится,ПРАВОСЛАВИЕ,ЗАО,Кунцево,55.74346005,37.39999495,district_centroid,approximate,True
ул полянка вл 9 стр 1 2 4 5 6,"ул. Полянка, вл. 9, стр. 1,2,4,5,6",2,rv,Введено,VESPER,ЦАО,Якиманка,55.7425825,37.6157213,manual_exact,exact,True
ул поляны земельный участок 6б,"ул. Поляны, земельный участок 6Б",1,rv,Введено,"ООО ""СПГ""",ЮЗАО,Северное Бутово,55.5692452,37.5794073,manual_exact,exact,True
ул поляны пересечение с ул скобелевская,"ул. Поляны, пересечение с ул. Скобелевская",2,rv,Введено,ПИК,ЮЗАО,Южное Бутово,55.54729475,37.5747165,manual_exact,exact,True
ул полярная 27б,ул Полярная 27Б,1,rv,Введено,ПИК,СВАО,Южное Медведково,55.883743,37.6366379,manual_exact,exact,True
ул полярная вл 11,"ул. Полярная, вл. 11",1,rv,Введено,КП УГС,СВАО,Южное Медведково,55.8753208,37.6366379,nominatim,residential,True
ул полярная вл 25,"ул. Полярная, вл. 25",2,rv,Введено,ПИК,СВАО,Южное Медведково,55.8863336,37.643632,nominatim,secondary,True
ул полярная вл 4,"ул. Полярная, вл. 4",1,rv,Введено,ФОНД РЕНОВАЦИИ,СВАО,Южное Медведково,55.8753208,37.6366379,nominatim,residential,True
ул полярная вл25. этап 9,"ул. Полярная, вл.25. Этап 9",1,rv,Введено,ПИК,СВАО,Южное Медведково,55.883743,37.6366379,manual_exact,exact,True
ул полярная д 27 корп 5,"ул. Полярная, д. 27, корп. 5",1,rv,Введено,ПИК,СВАО,Южное Медведково,55.883743,37.6366379,manual_exact,exact,True
ул полярная зу 3/1,"ул. Полярная, З/У 3/1",1,rv,Введено,ФОНД РЕНОВАЦИИ,СВАО,Южное Медведково,55.883743,37.6366379,manual_exact,exact,True
ул поморская земельный участок 50/5,"ул. Поморская, земельный участок 50/5",1,oks,Строится,МВД РОССИИ,СВАО,Алтуфьевский,55.87853345,37.5826882,district_centroid,approximate,True
ул потешная вл 5 стр 1 2,"ул. Потешная, вл. 5, стр. 1, 2",1,oks,Строится,ОСНОВА,ВАО,Преображенское,55.79672395,37.7208723,district_centroid,approximate,True
ул пресненский вал вл 21,"ул. Пресненский Вал, вл. 21",1,rv,Введено,"АО ""СТРОЙПРОЕКТ""",ЦАО,Пресненский,55.7580051,37.5654894,manual_exact,exact,True
ул пресненский вал вл 27 корп 1.1,"ул. Пресненский Вал, вл. 27, корп. 1.1",1,rv,Введено,АО «СТРАНА ДЕВЕЛОПМЕНТ»,ЦАО,Пресненский,55.7580051,37.5654894,manual_exact,exact,True
ул пресненский вал земельный участок 27/5,"ул. Пресненский Вал, земельный участок 27/5",1,oks,Строится,АО «СТРАНА ДЕВЕЛОПМЕНТ»,ЦАО,Пресненский,55.7580051,37.5654894,district_centroid,approximate,True
ул привольная зу 11,"ул. Привольная, з/у 11",1,rv,Введено,МОНАРХ,НАО,Внуково,55.58975,37.26383705,manual_exact,exact,True
ул приорова вл 10,"ул. Приорова, вл. 10",1,rv,Введено,РОСЗДРАВ,САО,Коптево,55.818012,37.5302182,nominatim,tertiary,True
ул пришвина вл 22,"ул. Пришвина, вл. 22",1,oks,Строится,АЛЛА ЛТД,СВАО,Бибирево,55.8885089,37.5987406,nominatim,tertiary,True
ул пришвина вл 4а,"ул. Пришвина, вл. 4А",1,oks,Строится,ALVEK,СВАО,Бибирево,55.8851746,37.6043543,nominatim,tertiary,True
ул производственная 8 к1,"ул Производственная 8, К1",1,rv,Введено,ЛСР,ЗАО,Солнцево,55.6521865,37.40060335,manual_exact,exact,True
ул производственная вл 15 21 25,"ул. Производственная, вл. 15, 21 , 25",1,oks,Строится,ЛСР,ЗАО,Солнцево,55.6521865,37.40060335,district_centroid,approximate,True
ул производственная вл 17а 21б 23,"ул. Производственная, вл. 17а, 21б, 23",1,oks,Строится,ЛСР,ЗАО,Солнцево,55.6521865,37.40060335,district_centroid,approximate,True
ул производственная вл 6,"ул. Производственная, вл. 6",1,rv,Введено,ЛСР,ЗАО,Солнцево,55.6521865,37.3875304,nominatim,secondary,True
ул производственная вл 6 корп 4,"ул. Производственная, вл. 6, корп. 4",1,rv,Введено,ЛСР,ЗАО,Солнцево,55.6521865,37.40060335,manual_exact,exact,True
ул производственная вл6,"ул. Производственная, вл.6",1,rv,Введено,ЛСР,ЗАО,Солнцево,55.6456479,37.384447,nominatim,secondary,True
ул производственная земельный участок 15/2,"ул. Производственная, земельный участок 15/2",1,rv,Введено,ЛСР,ЗАО,Солнцево,55.6521865,37.40060335,manual_exact,exact,True
ул производственная зу 19,"ул. Производственная, з/у 19",2,rv,Введено,ЛСР,ЗАО,Солнцево,55.6521865,37.40060335,manual_exact,exact,True
ул промышленная д 2б стр 2,"УЛ. ПРОМЫШЛЕННАЯ, Д. 2Б, СТР. 2",1,rv,Введено,"ООО ""ЦРБ""",ТАО,Троицкий,55.50185,37.1284207,manual_exact,exact,True
ул профсоюзная 32,ул Профсоюзная 32,1,rv,Введено,"ООО ""БОЭС КОНСТРАКШН""",ЮЗАО,Черемушки,55.6635403,37.5610662,manual_exact,exact,True
ул профсоюзная 37,ул Профсоюзная 37,1,rv,Введено,ФОНД РЕНОВАЦИИ,ЮАО,Черёмушки,55.6711698,37.5566241,nominatim,residential,True
ул профсоюзная 98 к2,"ул Профсоюзная 98, К2",1,rv,Введено,КП УГС,ЮЗАО,Коньково,55.64880935,37.5488697,manual_exact,exact,True
ул профсоюзная вл 67 (пересечение с ул бутлерова),"ул. Профсоюзная, вл. 67 (пересечение с ул. Бутлерова)",1,oks,Строится,ПРАВОСЛАВИЕ,ЮЗАО,Коньково,55.64880935,37.5488697,district_centroid,approximate,True
ул профсоюзная вл125 корп1,ул. Профсоюзная вл.125 корп.1,1,oks,Строится,"ООО ""АГИДЕЛЬ""",ЮЗАО,Ясенево,55.6051985,37.5284064,district_centroid,approximate,True
ул профсоюзная д 98 корп 6,"ул. Профсоюзная, д. 98, корп. 6",1,rv,Введено,КП УГС,ЮЗАО,Коньково,55.64880935,37.5488697,manual_exact,exact,True
ул профсоюзная земельный участок 133б,"ул. Профсоюзная, земельный участок 133Б",1,oks,Строится,"ООО ""НПК-РУСАР""",ЮЗАО,Ясенево,55.6051985,37.5284064,district_centroid,approximate,True
ул профсоюзная земельный участок 21/23/1,"ул. Профсоюзная, земельный участок 21/23/1",1,oks,Строится,ПРАВОСЛАВИЕ,ЮЗАО,Черёмушки,55.6711698,37.5566241,district_centroid,approximate,True
ул профсоюзная земельный участок 32/1,"ул Профсоюзная, земельный участок 32/1",1,rv,Введено,ФОНД РЕНОВАЦИИ,ЮЗАО,Черёмушки,55.6711698,37.5566241,manual_exact,exact,True
ул профсоюзная между домом 130 корп 5 и домом 132 корп 6,"ул. Профсоюзная, между домом 130, корп. 5 и домом 132, корп. 6",2,oks,Строится,ПРАВОСЛАВИЕ,ЮЗАО,Тёплый Стан,55.5702958,37.53838055,district_centroid_multi,approximate,True
ул путейская д 7 стр 1,"ул. Путейская, д. 7, стр. 1",1,oks,Строится,ЛОГИСТИКА КС,САО,Западное Дегунино,55.8710935,37.5304893,district_centroid,approximate,True
ул пятницкая вл 16 стр 3 6-8 9-10 11 12 климентовский пер вл 12 стр 4 6-18 ул пятницкая вл 16 стр13 ул пятницкая вл 20 стр3 ул большая ордынка 17/8 ул большая ордынка вл19 стр9,"ул. Пятницкая, вл. 16, стр. 3, 6-8, 9-10, 11, 12; Климентовский пер., вл. 12, стр. 4, 6-18; ул. Пятницкая, вл. 16, стр.13; ул. Пятницкая, вл. 20, стр.3; ул. Большая Ордынка, 17/8; ул. Большая Ордынка, вл.19, стр.9",1,oks,Строится,"АО ""СЗ ""ЭКРАН""",ЦАО,Замоскворечье,55.7402846,37.6328629,district_centroid,approximate,True
ул пятницкая вл 40,"ул. Пятницкая, вл. 40",1,oks,Строится,"ООО ""СПЕЦИАЛИЗИРОВАННЫЙ ЗАСТРОЙЩИК ""ГАЛС-РАЗВИТИЕ""",ЦАО,Замоскворечье,55.7429238,37.6283799,nominatim,tertiary,True
ул радужная д 31,"ул. Радужная, д. 31",1,rv,Введено,"ООО ""СФЕРА""",НАО,Московский,55.613434,37.415014,manual_exact,exact,True
ул раменки д19,"ул. Раменки, д.19",1,rv,Введено,АНО РСИО,ВАО,Раменки,55.6903017,37.491023,nominatim,residential,True
ул раменки зу 4,"ул. Раменки, з/у 4",1,oks,Строится,БФ АБСОЛЮТ-ПОМОЩЬ,ЗАО,Раменки,55.7010074,37.5041069,district_centroid,approximate,True
ул расплетина,ул. Расплетина,3,oks; rv,Строится; Введено,КОНЦЕРН КРОСТ,СЗАО,Щукино,55.790745,37.4816567,nominatim,tertiary,True
ул ремизова вл 11 к2,"ул. Ремизова, вл. 11 к.2",1,rv,Введено,ФОНД РЕНОВАЦИИ,ЮЗАО,Котловка,55.6788218,37.5961659,nominatim,tertiary,True
ул речников вл 7,"ул. Речников, вл. 7",1,rv,Введено,РЕЧНИКОВ ИНВЕСТ,ЮАО,Нагатинский затон,55.6804731,37.6907376,nominatim,tertiary,True
ул речников вл 7 корпуса 1,"ул. Речников, вл. 7, Корпуса 1",1,rv,Введено,"АО ""ИНЖПРОЕКТСЕРВИС""",ЮАО,Нагатинский,55.64891065,37.65195075,manual_exact,exact,True
ул речников земельный участок 7/3,"ул. Речников, земельный участок 7/3",1,rv,Введено,РЕЧНИКОВ ИНВЕСТ,ЮАО,Нагатинский Затон,55.6820448,37.6907376,manual_exact,exact,True
ул римского корсакова,ул. Римского Корсакова,1,rv,Введено,"ПУБЛИЧНОЕ АКЦИОНЕРНОЕ ОБЩЕСТВО ""ПИК-СПЕЦИАЛИЗИРОВАННЫЙ ЗАСТРОЙЩИК""",СВАО,Отрадное,55.8751287,37.6093132,nominatim,tertiary,True
ул римского-корсакова,ул. Римского-Корсакова,1,rv,Введено,"ПУБЛИЧНОЕ АКЦИОНЕРНОЕ ОБЩЕСТВО ""ПИК-СПЕЦИАЛИЗИРОВАННЫЙ ЗАСТРОЙЩИК""",СВАО,Отрадное,55.8751287,37.6093132,nominatim,tertiary,True
ул родниковая 30 к1,"ул Родниковая 30, К1",1,rv,Введено,LEXION DEVELOPMENT,НАО,Московский,55.613434,37.415014,manual_exact,exact,True
ул рождественская некрасовка кв. 1 гр 10,"ул. Рождественская, Некрасовка, кв. 1, ГР 10",1,rv,Введено,"ООО ""АТЛАНТ-ТАН""",ЮВАО,Некрасовка,55.6883621,37.9289173,manual_exact,exact,True
ул розанова зу 6,"ул. Розанова, з/у 6",1,rv,Введено,ФСК,САО,Хорошёвский,55.7801228,37.5325428,manual_exact,exact,True
ул ротмистрова земельный участок 2,"ул. Ротмистрова, земельный участок 2",2,rv,Введено,КОНЦЕРН КРОСТ,СЗАО,Щукино,55.8051302,37.4803087,manual_exact,exact,True
ул ротмистрова зу 2 корпус 2,"ул. Ротмистрова, З/У 2, корпус 2",1,rv,Введено,КОНЦЕРН КРОСТ,СЗАО,Щукино,55.8051302,37.4803087,manual_exact,exact,True
ул ротмистрова зу 2 корпус 3,"ул. Ротмистрова, З/У 2, корпус 3",1,rv,Введено,КОНЦЕРН КРОСТ,СЗАО,Щукино,55.8051302,37.4803087,manual_exact,exact,True
ул рубцовско-дворцовая д 1/3,"ул. Рубцовско-Дворцовая, д. 1/3",2,rv,Введено,"АНО ""РСИ""",ВАО,Сокольники,55.7866332,37.6932005,nominatim,residential,True
ул русаковская д 19,ул. Русаковская д. 19,1,oks,Строится,РЖД,ВАО,Сокольники,55.7884326,37.6690908,district_centroid,approximate,True
ул русаковская д 2/1 стр 1 стр 2,"ул. Русаковская, д. 2/1, стр. 1, стр. 2",1,rv,Введено,КП УГС,ЦАО,Красносельский,55.7778643,37.6749192,manual_exact,exact,True
ул руставели 14/1,"ул. Руставели, 14/1",1,oks,Строится,ПИК,СВАО,Бутырский,55.8116348,37.5821015,nominatim,secondary,True
ул руставели вл 14 стр 1,"ул. Руставели, вл. 14, стр. 1",1,oks,Строится,ПИК,СВАО,Бутырский,55.8116348,37.596868,district_centroid,approximate,True
ул руставели вл 14/2,"ул. Руставели, вл. 14/2",1,rv,Введено,ПИК,СВАО,Бутырский,55.8116348,37.596868,manual_exact,exact,True
ул руставели ул добролюбова зу 8,"ул. Руставели, ул. Добролюбова, з/у 8",2,rv,Введено,ПИК,СВАО,Бутырский,55.8116348,37.596868,manual_exact,exact,True
ул рябиновая вл 44/1,"ул. Рябиновая, вл. 44/1",1,rv,Введено,LEVEL GROUP,ЗАО,Очаково-Матвеевское,55.6907105,37.443805,manual_exact,exact,True
ул рябиновая вл 45,"УЛ. РЯБИНОВАЯ, ВЛ. 45",1,rv,Введено,"ООО ""ТЕРМИНАЛЬНЫЙ КОМПЛЕКС""",ЗАО,Очаково-Матвеевское,55.6907105,37.443805,manual_exact,exact,True
ул рябиновая вл 45-а,"УЛ. РЯБИНОВАЯ, ВЛ. 45-А",1,rv,Введено,"ПУБЛИЧНОЕ АКЦИОНЕРНОЕ ОБЩЕСТВО ""РОССИЙСКИЕ СЕТИ""",ЗАО,Очаково-Матвеевское,55.6907105,37.443805,manual_exact,exact,True
ул рябиновая вл 55 стр 29 30,"ул. Рябиновая, вл. 55, стр. 29, 30",1,rv,Введено,"ООО ""АГРАМ""",ЗАО,Очаково-Матвеевское,55.6907105,37.443805,manual_exact,exact,True
ул рябиновая земельный участок 32б,"ул. Рябиновая, земельный участок 32Б",2,oks,Строится,"ОБЩЕСТВО С ОГРАНИЧЕННОЙ ОТВЕТСТВЕННОСТЬЮ ""ДОППИО ПРАЙМ""",ЗАО,Очаково-Матвеевское,55.6907105,37.443805,district_centroid,approximate,True
ул садовая-сухаревская 7/1,ул Садовая-Сухаревская 7/1,1,rv,Введено,"ООО ""РИКОТА""",ЦАО,Мещанский,55.7816543,37.6340098,manual_exact,exact,True
ул садовническая зу 82,"ул. Садовническая, З/У 82",1,rv,Введено,ГЕКАТА,ЦАО,Замоскворечье,55.7402846,37.6328629,manual_exact,exact,True
ул саларьевская,ул. Саларьевская,1,oks,Строится,ПИК,НАО,Коммунарка,55.6075738,37.4058983,nominatim,tertiary,True
ул саларьевская 9,ул Саларьевская 9,1,rv,Введено,ПИК,НАО,Московский,55.613434,37.415014,manual_exact,exact,True
ул салтыковская,ул. Салтыковская,1,oks,Строится,"АНО ""РСИ""",ВАО,Косино-Ухтомский,55.72594885,37.86455435,geometry,,True
ул салтыковская вл 24,"ул Салтыковская, вл 24",2,oks,Строится,ТРОЛЬ АСП,ВАО,Новокосино,55.708353,37.8780636,nominatim,tertiary,True
ул салтыковская вл 8,"ул. Салтыковская, вл. 8",4,oks,Строится,МОНАРХ,ВАО,Косино-Ухтомский,55.722810325,37.8601839,district_centroid,approximate,True
ул свиридова алексея вл 17,"ул. Свиридова Алексея, вл. 17",1,oks,Строится,DOMINANTA,ЗАО,Фили-Давыдково,55.7272088,37.4552862,nominatim,residential,True
ул свободы вл 67 корп 5,"ул. Свободы, вл. 67, корп. 5",1,rv,Введено,КП УГС,СЗАО,Северное Тушино,55.8549291,37.43681055,manual_exact,exact,True
ул севанская вл 60,"ул. Севанская, вл. 60",2,rv,Введено,ФОНД РЕНОВАЦИИ,ЮАО,Царицыно,55.6199236,37.6640805,nominatim,tertiary,True
ул сельскохозяйственная 14 к3,"ул Сельскохозяйственная 14, К3",1,rv,Введено,"АО ""КАПСТРОЙПРОЕКТ""",СВАО,Ростокино,55.8328934,37.6506684,manual_exact,exact,True
ул сельскохозяйственная 38 к1,"ул Сельскохозяйственная 38, К1",1,rv,Введено,PIONEER,СВАО,Свиблово,55.85444735,37.65271355,manual_exact,exact,True
ул сельскохозяйственная 38 к4,"ул Сельскохозяйственная 38, К4",1,rv,Введено,PIONEER,СВАО,Свиблово,55.85444735,37.65271355,manual_exact,exact,True
ул сельскохозяйственная 38 к5,"ул Сельскохозяйственная 38, К5",1,rv,Введено,PIONEER,СВАО,Свиблово,55.85444735,37.65271355,manual_exact,exact,True
ул сельскохозяйственная 38 к6,"ул Сельскохозяйственная 38, К6",1,rv,Введено,PIONEER,СВАО,Свиблово,55.85444735,37.65271355,manual_exact,exact,True
ул сельскохозяйственная вл 12 (вл 26),"ул. Сельскохозяйственная, вл. 12 (вл. 26)",1,oks,Строится,ГРУППА РОДИНА,СВАО,Ростокино,55.8328934,37.6506684,district_centroid,approximate,True
ул сельскохозяйственная вл 12а,"ул. Сельскохозяйственная, вл. 12А",1,oks,Строится,ИНДИВИДУАЛЬНЫЕ ПРЕДПРИНИМАТЕЛИ,СВАО,Ростокино,55.8328934,37.6515983,nominatim,secondary,True
ул сельскохозяйственная вл 35,"ул. Сельскохозяйственная, вл. 35",1,rv,Введено,"ПУБЛИЧНОЕ АКЦИОНЕРНОЕ ОБЩЕСТВО ""ПИК-СПЕЦИАЛИЗИРОВАННЫЙ ЗАСТРОЙЩИК""",СВАО,Останкинский,55.8473783,37.6266712,nominatim,secondary,True
ул сельскохозяйственная вл 35 корп 4,"ул. Сельскохозяйственная, вл. 35, корп. 4",1,rv,Введено,"ПУБЛИЧНОЕ АКЦИОНЕРНОЕ ОБЩЕСТВО ""ПИК-СПЕЦИАЛИЗИРОВАННЫЙ ЗАСТРОЙЩИК""",СВАО,Останкинский,55.8386265,37.6302466,manual_exact,exact,True
ул сельскохозяйственная вл35 земельный участок 35/1,"ул. Сельскохозяйственная, вл.35, земельный участок 35/1",1,oks,Строится,"ПУБЛИЧНОЕ АКЦИОНЕРНОЕ ОБЩЕСТВО ""ПИК-СПЕЦИАЛИЗИРОВАННЫЙ ЗАСТРОЙЩИК""",СВАО,Останкинский,55.856779,37.622161000000006,geometry,,True
ул сельскохозяйственная д 37,"ул. Сельскохозяйственная, д. 37",1,rv,Введено,"ПУБЛИЧНОЕ АКЦИОНЕРНОЕ ОБЩЕСТВО ""ПИК-СПЕЦИАЛИЗИРОВАННЫЙ ЗАСТРОЙЩИК""",СВАО,Останкинский,55.8386265,37.6302466,manual_exact,exact,True
ул сельскохозяйственная дом 16а стр 1,"ул Сельскохозяйственная, дом 16А, стр 1",1,rv,Введено,"ООО ""ТЕХСТРОЙТРАНС""",СВАО,Ростокино,55.8328934,37.6506684,manual_exact,exact,True
ул сельскохозяйственная земельный участок 26/8,"ул. Сельскохозяйственная, земельный участок 26/8",1,oks,Строится,ГРУППА РОДИНА,СВАО,Ростокино,55.8328934,37.6506684,district_centroid,approximate,True
ул сервантеса д1 к1 г. москва пос сосенское ул сервантеса д1 к2 г. москва пос сосенское ул сервантеса д1 к3 г. москва пос сосенское ул сервантеса д1 к4 г. москва пос сосенское ул сервантеса д3 к1 г. москва пос сосенское ул сервантеса д3 к2 г. москва пос сосенское ул сервантеса д3 к3 ,"УЛ. СЕРВАНТЕСА, Д.1, К.1; Г. МОСКВА, ПОС. СОСЕНСКОЕ, УЛ. СЕРВАНТЕСА, Д.1, К.2; Г. МОСКВА, ПОС. СОСЕНСКОЕ, УЛ. СЕРВАНТЕСА, Д.1, К.3; Г. МОСКВА, ПОС. СОСЕНСКОЕ, УЛ. СЕРВАНТЕСА, Д.1, К.4; Г. МОСКВА, ПОС. СОСЕНСКОЕ, УЛ. СЕРВАНТЕСА, Д.3, К.1; Г. МОСКВА, ПОС. СОСЕНСКОЕ, УЛ. СЕРВАНТЕСА, Д.3, К.2; Г. МОСКВА, ПОС. СОСЕНСКОЕ, УЛ. СЕРВАНТЕСА, Д.3, К.3;",1,rv,Введено,А101,НАО,Сосенское,55.581794,37.417744,district_centroid,approximate,True
ул сергея макеева вл 11/9 стр 1-10 13,"ул. Сергея Макеева, вл. 11/9, стр. 1-10, 13",1,oks,Строится,SMINEX,ЦАО,Пресненский,55.7580051,37.5654894,district_centroid,approximate,True
ул серегина вл 5-7,"ул. Серёгина, вл. 5-7",2,oks,Строится,MR GROUP,САО,Аэропорт,55.80185185000001,37.5368174,district_centroid,approximate,True
ул серпуховская б. д 27 стр2,"ул. Серпуховская Б., д. 27, стр.2",1,rv,Введено,МИНЗДРАВ РОССИИ,ЦАО,Замоскворечье,55.7402846,37.6328629,manual_exact,exact,True
ул серпуховский вал вл 7,"ул. Серпуховский Вал, вл. 7",1,oks,Строится,COLDY,ЮАО,Даниловский,55.7105051,37.6147319,nominatim,construction,True
ул серпуховский вал д 20,"УЛ. СЕРПУХОВСКИЙ ВАЛ, Д. 20",1,rv,Введено,ЭТАЛОН,ЮАО,Даниловский,55.711814,37.6597584,manual_exact,exact,True
ул синичкина 2-я д 15 ул синичкина 2-я д 17,"ул. Синичкина 2-я, д. 15; ул. Синичкина 2-я, д. 17",1,oks,Строится,ФОНД РЕНОВАЦИИ,ЮВАО,Лефортово,55.754854,37.70693,district_centroid,approximate,True
ул синявинская д 1б,"ул. Синявинская, д. 1Б",1,rv,Введено,"АНО ""РСИ""",САО,Молжаниновский,55.9367,37.377,manual_exact,exact,True
ул складочная,ул. Складочная,1,oks,Строится,"ООО ""СЗ ""АЗИМУТ""",СВАО,Марьина Роща,55.8017842,37.5962348,nominatim,tertiary,True
ул складочная вл 6,"ул. Складочная, вл. 6",2,rv,Введено,ПИК,СВАО,Бутырский,55.802665000000005,37.5977475,geometry_address_match,,True
ул скотопрогонная вл 31а,"ул. Скотопрогонная, вл. 31А",1,rv,Введено,"ООО ""СМАРТТАУН""",ЮВАО,Нижегородский,55.7297194,37.7095577,manual_exact,exact,True
ул скотопрогонная д 31а,"ул. Скотопрогонная, д. 31А",1,oks,Строится,COLDY,ЮВАО,Нижегородский,55.7320074,37.6957439,nominatim,tertiary,True
ул смольная земельный участок 23,"ул. Смольная, земельный участок 23",1,oks,Строится,ФОНД РЕНОВАЦИИ,САО,Головинский,55.84324995,37.49734265,district_centroid,approximate,True
ул совхозная д10б,"ул. Совхозная, д.10Б",1,rv,Введено,"ООО ""ТПУ ""ЛЮБЛИНО""",ЮВАО,Люблино,55.6681995,37.7454006,manual_exact,exact,True
ул соколово-мещерская д 2 корп 2 стр 1,"ул. Соколово-Мещерская, д, 2, корп. 2, стр. 1",1,oks,Строится,"АНО ""РСИ""",СЗАО,Куркино,55.891016500000006,37.389101,geometry,,True
ул соколово-мещерская д 29 корп 27,"УЛ. СОКОЛОВО-МЕЩЕРСКАЯ, Д. 29, КОРП. 27",1,rv,Введено,УЭЗ,СЗАО,Куркино,55.8953035,37.384267,manual_exact,exact,True
ул сокольнический вал вл 2а,"ул. Сокольнический Вал, вл. 2А",2,oks,Строится,DAR,ВАО,Сокольники,55.7931177,37.6567932,nominatim,secondary,True
ул солнечногорская д 2б,"ул. Солнечногорская, д. 2Б",1,rv,Введено,"ООО ""ФРИДОМ""",САО,Головинский,55.84324995,37.49734265,manual_exact,exact,True
ул софьи ковалевской вл 20,"ул. Софьи Ковалевской, вл. 20",1,rv,Введено,ЭТАЛОН,САО,Дмитровский,55.88855115,37.53574255,manual_exact,exact,True
ул софьи ковалевской вл 8а/1,"ул. Софьи Ковалевской, вл. 8А/1",1,rv,Введено,КП УГС,САО,Дмитровский,55.88855115,37.53574255,manual_exact,exact,True
ул сочинская д 1,"УЛ. СОЧИНСКАЯ, Д. 1",1,rv,Введено,МОСКАПСТРОЙ,ЮВАО,Некрасовка,55.6883621,37.9289173,manual_exact,exact,True
ул спортивная д 1 3 5,"ул. Спортивная, д. 1, 3, 5",2,rv,Введено,ФОНД РЕНОВАЦИИ,ТАО,Троицк,55.5274153,37.2817736,manual_exact,exact,True
ул ставропольская вл 37-41,"ул. Ставропольская, вл. 37-41",1,rv,Введено,"АО ""АМ ЛИНДЕН""",ЮВАО,Люблино,55.6681995,37.7454006,manual_exact,exact,True
ул ставропольская вл 37-41 ювао люблино,"ул. Ставропольская, вл. 37-41, ЮВАО, Люблино",1,oks,Строится,"АО ""АМ ЛИНДЕН""",ЮВАО,Люблино,55.6681995,37.7454006,district_centroid,approximate,True
ул стандартная д27,"ул. Стандартная, д.27",1,rv,Введено,КП УГС,СВАО,Алтуфьевский,55.87853345,37.5826882,manual_exact,exact,True
ул станционная 8в,ул Станционная 8В,1,rv,Введено,"ГКУ ""УДМС""",СВАО,Марфино,55.8964478,37.5543627,nominatim,tertiary,True
ул староалексеевская вл 5,"ул. Староалексеевская, вл. 5",1,rv,Введено,TASHIR,СВАО,Алексеевский,55.8099469,37.6394038,nominatim,residential,True
ул старобитцевская земельный участок 11,"ул. Старобитцевская, земельный участок 11",1,oks,Строится,"ООО ""МК ПРОДЖЕКТ ДЕВЕЛОПМЕНТ""",ЮЗАО,Северное Бутово,55.5692452,37.5794073,district_centroid,approximate,True
ул старобитцевская напротив вл 19а,"ул. Старобитцевская, напротив вл. 19А",1,oks,Строится,ТРЕЛАС ГРУПП,ЮЗАО,Северное Бутово,55.5692452,37.5794073,district_centroid,approximate,True
ул старокрымская вл 13,"ул. Старокрымская, вл. 13",1,rv,Введено,ЭТАЛОН,ЮЗАО,Южное Бутово,55.5571603,37.5601918,nominatim,residential,True
ул старокрымская д 15 стр 4,"ул. Старокрымская, д. 15, стр. 4",1,rv,Введено,"ООО ""ЦНИИЭП ИМ. Б.С. МЕЗЕНЦЕВА""",ЮЗАО,Южное Бутово,55.54729475,37.5747165,manual_exact,exact,True
ул старонародная земельный участок 1,"ул. Старонародная, земельный участок 1",2,rv,Введено,ПРАВОСЛАВИЕ,ЮЗАО,Южное Бутово,55.54729475,37.5747165,manual_exact,exact,True
ул студенческая д 29,"ул. Студенческая, д. 29",1,oks,Строится,"АО ""СЗ"" НОВОКУЗНЕЦКИЙ""",ЗАО,Дорогомилово,55.7398697,37.5365271,district_centroid,approximate,True
ул судостроительная 3,ул Судостроительная 3,1,rv,Введено,КП УГС,ЮАО,Нагатинский Затон,55.6820448,37.6907376,manual_exact,exact,True
ул суздальская вл 9,"ул. Суздальская, вл. 9",1,rv,Введено,ИНДИВИДУАЛЬНЫЕ ПРЕДПРИНИМАТЕЛИ,ВАО,Новокосино,55.708353,37.8780636,manual_exact,exact,True
ул сходненская вл 42,"ул. Сходненская, вл. 42",1,rv,Введено,ФОНД РЕНОВАЦИИ,СЗАО,Южное Тушино,55.8477448,37.4401333,nominatim,secondary,True
ул тагильская вл 4 стр 13 вл 4 зу 4,"ул. Тагильская, вл. 4, стр. 13, вл. 4, з/у 4",1,rv,Введено,AFI DEVELOPMENT,ВАО,Метрогородок,55.8171965,37.7595835,manual_exact,exact,True
ул тагильская вл 6,"ул. Тагильская, вл. 6",1,oks,Строится,БРУСНИКА,ВАО,Метрогородок,55.8198239,37.7508174,nominatim,secondary,True
ул тагильская д 4 а,"ул. Тагильская, д. 4 А",1,rv,Введено,AFI DEVELOPMENT,ВАО,Метрогородок,55.8171965,37.7595835,manual_exact,exact,True
ул тагильская дом 4б,"ул. Тагильская, дом 4Б",1,rv,Введено,AFI DEVELOPMENT,ВАО,Метрогородок,55.8171965,37.7595835,manual_exact,exact,True
ул тагильская земельный участок 4,"ул. Тагильская, Земельный участок 4",1,oks,Строится,AFI DEVELOPMENT,ВАО,Метрогородок,55.8109799,37.7624853,nominatim,tertiary,True
ул тайнинская д7 корп1,"ул. Тайнинская, д.7, корп.1",1,rv,Введено,ФОНД РЕНОВАЦИИ,СВАО,Лосиноостровский,55.8641682,37.6872725,manual_exact,exact,True
ул тайнинская земельный участок 16/3,"ул. Тайнинская, земельный участок 16/3",1,rv,Введено,ФОНД РЕНОВАЦИИ,СВАО,Лосиноостровский,55.8641682,37.6872725,manual_exact,exact,True
ул таманская вл 1,"ул. Таманская, вл. 1",1,oks,Строится,TASHIR,СЗАО,Хорошёво-Мнёвники,55.7760968,37.4372145,nominatim,construction,True
ул таманская вл 1 стр 3,"ул. Таманская, вл. 1, стр. 3",2,rv,Введено,Д-ИНВЕСТ,СЗАО,Хорошёво-Мнёвники,55.765528,37.4972546,manual_exact,exact,True
ул таманская вл 5а стр2,"ул. Таманская, вл. 5А, стр.2",2,oks,Строится,ИНДИВИДУАЛЬНЫЕ ПРЕДПРИНИМАТЕЛИ,СЗАО,Хорошёво-Мнёвники,55.765528,37.4972546,district_centroid,approximate,True
ул тарусская вл 22 и ул ясногорская вл 21,"ул. Тарусская, вл. 22 и ул. Ясногорская, вл. 21",1,oks,Строится,ПРАВОСЛАВИЕ,ЮЗАО,Ясенево,55.6051985,37.5284064,district_centroid,approximate,True
ул ташкентская зу 15,"ул. Ташкентская, з/у 15",1,rv,Введено,ФОНД РЕНОВАЦИИ,ЮВАО,Выхино-Жулебино,55.7022001,37.81384715,manual_exact,exact,True
ул тимирязевская 8 к2,"ул Тимирязевская 8, К2",1,rv,Введено,КП УГС,САО,Тимирязевский,55.8452897,37.5620884,manual_exact,exact,True
ул тимирязевская вл 52,"ул. Тимирязевская, вл. 52",2,rv,Введено,РОССЕЛЬХОЗ,САО,Тимирязевский,55.8194496,37.5614953,nominatim,secondary,True
ул труда д 9. к1,ул. Труда д. 9. к.1,1,rv,Введено,МОСКОВСКИЙ ФОНД ЗАЩИТЫ ПРАВ ДОЛЬЩИКОВ,НАО,Внуково,55.58975,37.26383705,manual_exact,exact,True
ул туристская 14,ул Туристская 14,1,rv,Введено,ФОНД РЕНОВАЦИИ,СЗАО,Северное Тушино,55.8549291,37.43681055,manual_exact,exact,True
ул тушинская земельный участок 24/1,"ул. Тушинская, земельный участок 24/1",1,oks,Строится,MR GROUP,СЗАО,Покровское-Стрешнево,55.8192621,37.4415913,district_centroid,approximate,True
ул тюменская влд. 5,"ул. Тюменская, влд. 5",1,rv,Введено,"АНО ""РСИ""",ВАО,Богородское,55.81164245,37.7153353,manual_exact,exact,True
ул тюменская зу 5/10,"ул. Тюменская, з/у 5/10",1,oks,Строится,ФОНД РЕНОВАЦИИ,ВАО,Богородское,55.81164245,37.7153353,district_centroid,approximate,True
ул угрешская вл 2 стр 104 вл2б стр 1 2,"ул. Угрешская, вл. 2, стр. 104, вл.2Б, стр. 1, 2",1,rv,Введено,ИНДИВИДУАЛЬНЫЕ ПРЕДПРИНИМАТЕЛИ,ЮВАО,Печатники,55.6990676,37.6984857,manual_exact,exact,True
ул усачева,ул. Усачева,1,rv,Введено,"АО ""ОБРАЗОВАТЕЛЬНЫЕ ПРОЕКТЫ""",ЦАО,Хамовники,55.727418,37.573587,geometry_permit,,True
ул усачева 11,"ул. Усачёва, 11",1,rv,Введено,SMINEX,ЦАО,Хамовники,55.72162725,37.5633727,manual_exact,exact,True
ул усачева вл 11,"ул. Усачева, вл. 11",1,rv,Введено,SMINEX,ЦАО,Хамовники,55.7235128,37.5613044,nominatim,tertiary,True
ул усачева д 9,"ул. Усачёва, д. 9",1,rv,Введено,"ООО ""БЮРО ВОСТОК""",ЦАО,Хамовники,55.72162725,37.5633727,manual_exact,exact,True
ул уточкина зу 10 зу 11,"ул. Уточкина, з/у 10, з/у 11",1,oks,Строится,САМОЛЕТ,НАО,Щербинка,55.49523050000001,37.518144,district_centroid,approximate,True
ул утренняя вл 3,"ул. Утренняя, вл. 3",1,rv,Введено,ФОНД РЕНОВАЦИИ,ВАО,Новогиреево,55.7478967,37.7914176,nominatim,residential,True
ул ухтомского ополчения 6а,ул Ухтомского Ополчения 6А,1,rv,Введено,КП УГС,ЮВАО,Некрасовка,55.6883621,37.9289173,manual_exact,exact,True
ул фабрициуса вл 18 стр 1 стр2,"ул. Фабрициуса, вл. 18, стр. 1, стр.2",1,rv,Введено,ЭТАЛОН,СЗАО,Южное Тушино,55.8406297,37.447248,manual_exact,exact,True
ул фабрициуса вл 33-35,"ул. Фабрициуса, вл. 33-35",1,rv,Введено,ПРАВОСЛАВИЕ,СЗАО,Южное Тушино,55.8406297,37.447248,manual_exact,exact,True
ул федосьино корпус 440,"ул. Федосьино, корпус 440",1,rv,Введено,"ООО ""БАЗИС""",ЗАО,Ново-Переделкино,55.644386,37.3591625,manual_exact,exact,True
ул феодисийская д 7 корп 4,"ул. Феодисийская, д. 7, корп. 4",1,rv,Введено,НАРОМИЛА ДЕВЕЛОПМЕНТ ЛТД,ЮЗАО,Северное Бутово,55.5692452,37.5794073,manual_exact,exact,True
ул феодосийская 7/1,ул Феодосийская 7/1,1,rv,Введено,ФОНД РЕНОВАЦИИ,ЮЗАО,Северное Бутово,55.5692452,37.5794073,manual_exact,exact,True
ул феодосийская вл 7,"ул. Феодосийская, вл. 7",1,rv,Введено,ФОНД РЕНОВАЦИИ,ЮЗАО,Северное Бутово,55.5634878,37.5794073,nominatim,residential,True
ул феодосийская д 7 к 3,"ул. Феодосийская, д. 7, к. 3",1,rv,Введено,НАРОМИЛА ДЕВЕЛОПМЕНТ ЛТД,ЮЗАО,Северное Бутово,55.5692452,37.5794073,manual_exact,exact,True
ул феодосийская д 7 корп 1,"ул. Феодосийская, д. 7, корп. 1",1,rv,Введено,НАРОМИЛА ДЕВЕЛОПМЕНТ ЛТД,ЮЗАО,Северное Бутово,55.5692452,37.5794073,manual_exact,exact,True
ул ферганская вл 4б,"ул. Ферганская, вл. 4Б",1,oks,Строится,"ООО ""ТЕРМОДЕКИНГ МСК""",ЮВАО,Выхино-Жулебино,55.7049526,37.8190043,nominatim,tertiary,True
ул ферганская земельный участок 17/1,"ул. Ферганская, земельный участок 17/1",1,oks,Строится,УЭЗ,ЮВАО,Выхино-Жулебино,55.7022001,37.81384715,district_centroid,approximate,True
ул фестивальная вл 15,"ул. Фестивальная, вл. 15",2,rv,Введено,"АО СЗ ""ЦЕНТР-ИНВЕСТ""",САО,Ховрино,55.8615602,37.50288,nominatim,tertiary,True
ул физическая,ул. Физическая,1,oks,Строится,"ЖСК ""ПРОТОН""",ТАО,Троицк,55.6986768,37.5610561,nominatim,residential,True
ул фитаревская вл 9а,"ул. Фитарёвская, вл. 9а",1,rv,Введено,"ООО ""СТРОИТЕЛЬНАЯ КОМПАНИЯ ВЕЛЕСЪ""",НАО,Коммунарка,55.5727033,37.4880648,nominatim,residential,True
ул флотская 68 к1,"ул Флотская 68, К1",1,rv,Введено,КП УГС,САО,Головинский,55.84324995,37.49734265,manual_exact,exact,True
ул флотская 68 к2,"ул Флотская 68, К2",1,rv,Введено,КП УГС,САО,Головинский,55.84324995,37.49734265,manual_exact,exact,True
ул флотская д 7,"УЛ. ФЛОТСКАЯ, Д. 7",1,rv,Введено,ГРАС,САО,Ховрино,55.8643521,37.50288,manual_exact,exact,True
ул фонвизина 7а,ул Фонвизина 7А,1,rv,Введено,КП УГС,СВАО,Бутырский,55.8116348,37.596868,manual_exact,exact,True
ул фонвизина д 13,"УЛ. ФОНВИЗИНА, Д. 13",1,rv,Введено,КП УГС,СВАО,Бутырский,55.8116348,37.596868,manual_exact,exact,True
ул фотиевой вл 5,"ул. Фотиевой, вл. 5",1,oks,Строится,ЭТАЛОН,ЮЗАО,Гагаринский,55.6944193,37.5518302,nominatim,residential,True
ул фридриха энгельса д участок 58 стр1 2 3,"ул. Фридриха Энгельса, д. участок 58, стр.1, 2, 3",1,rv,Введено,ГАЛС,ЦАО,Басманный,55.7672809,37.6697732,manual_exact,exact,True
ул хавская вл 9,"ул. Хавская, вл. 9",1,rv,Введено,"ООО СЗ ""ШАБОЛОВСКИЙ""",ЮАО,Даниловский,55.7199436,37.6142352,nominatim,residential,True
ул хавская дом 24,ул. Хавская дом 24,1,rv,Введено,"ООО ""ХАВСКАЯ-24""",ЮАО,Даниловский,55.711814,37.6597584,manual_exact,exact,True
ул халтуринская 9 стр 1,"ул Халтуринская 9, Стр 1",1,rv,Введено,"ООО ""СТРОЙИНВЕСТПРОЕКТ""",ВАО,Преображенское,55.79672395,37.7208723,manual_exact,exact,True
ул харлампиева земельный участок 32,"ул. Харлампиева, земельный участок 32",5,oks,Строится,ПЛЮС ДЕВЕЛОПМЕНТ,НАО,Филимонковский,55.5500805,37.314627,geometry,,True
ул херсонская 43 к5,"ул Херсонская 43, К5",1,rv,Введено,"АО ""МСМ-ИНВЕСТ""",ЮЗАО,Черемушки,55.6635403,37.5610662,manual_exact,exact,True
ул хлобыстова земельный участок 16/2/1,"ул. Хлобыстова, земельный участок 16/2/1",2,oks,Строится,ФОНД РЕНОВАЦИИ,ЮВАО,Выхино-Жулебино,55.7022001,37.81384715,district_centroid,approximate,True
ул хорошевская вл 19 стр 3,"ул. Хорошевская, вл. 19, стр. 3",1,rv,Введено,САМОЛЕТ,СЗАО,Хорошёво-Мнёвники,55.765528,37.4972546,manual_exact,exact,True
ул цимлянская 3 к2,"ул Цимлянская 3, К2",1,rv,Введено,ПИК,ЮВАО,Люблино,55.6681995,37.7454006,manual_exact,exact,True
ул цимлянская 3 к3,"ул Цимлянская 3, к3",1,rv,Введено,ПИК,ЮВАО,Люблино,55.6681995,37.7454006,manual_exact,exact,True
ул цимлянская вл 3 корпус 1,"ул. Цимлянская, вл. 3, корпус 1",1,rv,Введено,ПИК,ЮВАО,Люблино,55.6681995,37.7454006,manual_exact,exact,True
ул цимлянская д 3 стр4,"ул. Цимлянская, д. 3, стр.4",1,rv,Введено,ПИК,ЮВАО,Люблино,55.6681995,37.7454006,manual_exact,exact,True
ул часовая земельный участок 28/1 ул часовая вл 28 корпус 4,"ул. Часовая, земельный участок 28/1, ул. Часовая, вл. 28, корпус 4",1,oks,Строится,АПЕКС,САО,Аэропорт,55.80185185000001,37.5368174,district_centroid,approximate,True
ул черное озеро 4,ул Чёрное Озеро 4,1,rv,Введено,ФОНД РЕНОВАЦИИ,ВАО,Косино-Ухтомский,55.722810325,37.8601839,manual_exact,exact,True
ул черное озеро зу 8,"ул. Черное Озеро, з/у 8",1,rv,Введено,ФОНД РЕНОВАЦИИ,ВАО,Косино-Ухтомский,55.722810325,37.8601839,manual_exact,exact,True
ул черняховского вл 19 корпуса 1 2 3,"ул. Черняховского, вл. 19, корпуса 1,2,3",1,rv,Введено,ПИК,САО,Аэропорт,55.80185185000001,37.5368174,manual_exact,exact,True
ул чертановская д59,"ул. Чертановская, д.59",1,rv,Введено,ЭТАЛОН,ЮАО,Чертаново Южное,55.58849015,37.5972518,manual_exact,exact,True
ул чоботовская зу 2а,"ул. Чоботовская, з/у 2А",1,rv,Введено,"ООО ""СЗ ""ШЕФ-ИНЖЕНЕР""",ЗАО,Ново-Переделкино,55.644386,37.3591625,manual_exact,exact,True
ул шарикоподшипниковская вл 11,"ул. Шарикоподшипниковская, вл. 11",1,oks,Строится,ГРАНЕЛЬ,ЮВАО,Южнопортовый,55.7236223,37.6824575,district_centroid,approximate,True
ул шверника 6 к2,"ул Шверника 6, К2",1,rv,Введено,ФОНД РЕНОВАЦИИ,ЮЗАО,Академический,55.6895237,37.57025695,manual_exact,exact,True
ул шеногина вл 1 шелепихинская наб. вл 34,"ул. Шеногина, вл. 1, Шелепихинская наб., вл. 34",1,rv,Введено,ДОНСТРОЙ,СЗАО,Хорошево-Мневники,55.7601052,37.5183196,manual_exact,exact,True
ул шеногина вл 2,ул. Шеногина вл. 2,2,oks; rv,Строится; Введено,ФСК,СЗАО,Хорошёво-Мнёвники,55.765528,37.506483,geometry_address,,True
ул шеногина вл 2/15,ул. Шеногина вл. 2/15,2,rv,Введено,ФСК,СЗАО,Хорошёво-Мнёвники,55.765528,37.506483,geometry_permit,,True
ул шеногина вл2,ул. Шеногина вл.2,2,rv,Введено,ФСК,СЗАО,Хорошёво-Мнёвники,55.765528,37.506483,geometry_address_match,,True
ул шеногина вл2 земельный участок 2/25,"ул. Шеногина вл.2, земельный участок 2/25",1,oks,Строится,ФСК,СЗАО,Хорошёво-Мнёвники,55.765528,37.4972546,district_centroid,approximate,True
ул шеногина земельный участок 2/11,"ул. Шеногина, земельный участок 2/11",1,rv,Введено,ФСК,СЗАО,Хорошёво-Мнёвники,55.765528,37.4972546,manual_exact,exact,True
ул шеногина земельный участок 2/2,"ул. Шеногина, земельный участок 2/2",1,rv,Введено,ФСК,СЗАО,Хорошёво-Мнёвники,55.765528,37.4972546,manual_exact,exact,True
ул шеногина зу 2/21,"ул. Шеногина, з/у 2/21",1,rv,Введено,ФСК,СЗАО,Хорошёво-Мнёвники,55.7667845,37.5031735,geometry_permit,,True
ул шереметьевская 37 к3,"ул Шереметьевская 37, К3",1,rv,Введено,ДЕПАРТАМЕНТ ГРАЖДАНСКОГО СТРОИТЕЛЬСТВА ГОРОДА МОСКВЫ,СВАО,Марьина Роща,55.798009,37.6064327,manual_exact,exact,True
ул шоссейная,ул. Шоссейная,2,oks,Строится,ВТБ,ЮВАО,Печатники,55.6582127,37.7095189,nominatim,secondary,True
ул шоссейная вл 4а корп 2 3,"ул. Шоссейная, вл. 4А, корп. 2, 3",1,oks,Строится,ГАЛС,ЮВАО,Печатники,55.6990676,37.6984857,district_centroid,approximate,True
ул шоссейная вл 90,"ул. Шоссейная, вл. 90",2,oks; rv,Строится; Введено,САМОЛЕТ,ЮВАО,Печатники,55.6990676,37.6984857,district_centroid,approximate,True
ул шоссейная вл 90. корпус 5,"ул. Шоссейная, вл. 90. Корпус 5",1,oks,Строится,САМОЛЕТ,ЮВАО,Печатники,55.6990676,37.6984857,district_centroid,approximate,True
ул шоссейная д 90 стр 7,"ул. Шоссейная, д. 90, стр. 7",1,oks,Строится,"АНО ""РСИ""",ЮВАО,Печатники,55.6990676,37.6984857,district_centroid,approximate,True
ул шоссейная земельный участок 90/11,"ул. Шоссейная, земельный участок 90/11",1,rv,Введено,САМОЛЕТ,ЮВАО,Печатники,55.6990676,37.6984857,manual_exact,exact,True
ул шумилова 24а,ул Шумилова 24А,1,rv,Введено,КП УГС,ЮВАО,Кузьминки,55.7097739,37.7688408,manual_exact,exact,True
ул шушенская д 5,"ул. Шушенская, д. 5",1,rv,Введено,ФОНД РЕНОВАЦИИ,СВАО,Лосиноостровский,55.8684906,37.6872725,nominatim,residential,True
ул щербаковская земельный участок 5а,"ул. Щербаковская, земельный участок 5А",1,oks,Строится,АБ КАПИТАЛ,ВАО,Соколиная Гора,55.7654052,37.7370939,district_centroid,approximate,True
ул щорса 15,ул Щорса 15,1,rv,Введено,ФОНД РЕНОВАЦИИ,ЗАО,Солнцево,55.6521865,37.40060335,manual_exact,exact,True
ул щукинская зу 7а,"ул. Щукинская, З/У 7А",1,rv,Введено,МАНГАЗЕЯ,СЗАО,Щукино,55.8051302,37.4803087,manual_exact,exact,True
ул эдварда грига зу 11г,"ул. Эдварда Грига, з/у 11Г",1,oks,Строится,"ООО ""ГРИН ФЛОУ ПАРК СКАНДИНАВИЯ""",НАО,Коммунарка,55.581794,37.448441,district_centroid,approximate,True
ул эдварда грига зу 14б,"ул. Эдварда Грига, з/у 14Б",1,oks,Строится,А101,НАО,Коммунарка,55.581794,37.448441,district_centroid,approximate,True
ул элеваторная вл 10,"ул. Элеваторная, вл. 10",1,rv,Введено,ИНДИВИДУАЛЬНЫЕ ПРЕДПРИНИМАТЕЛИ,ЮАО,Бирюлёво Восточное,55.6008178,37.6619832,nominatim,retail,True
ул элеваторная вл 1а стр 1 2 3,"ул. Элеваторная, вл. 1А, стр. 1, 2, 3",1,rv,Введено,ЭЛИТ СТРОЙ,ЮАО,Бирюлёво Восточное,55.6234134,37.7935045,manual_exact,exact,True
ул электродная земельный участок 2а,"ул. Электродная, земельный участок 2А",1,oks,Строится,ОСНОВА,ВАО,Перово,55.7468432,37.7887908,district_centroid,approximate,True
ул энергетическая - энергетический проезд - ул лефортовский вал,ул. Энергетическая - Энергетический проезд - ул. Лефортовский Вал,1,oks,Строится,МИНОБРНАУКИ РОССИИ,ЮВАО,Лефортово,55.754854,37.70693,district_centroid,approximate,True
ул южнобутовская,ул. Южнобутовская,1,rv,Введено,"ООО ""С1""",ЮЗАО,Южное Бутово,55.5421164,37.5384386,nominatim,tertiary,True
ул южнопортовая,ул. Южнопортовая,1,oks,Строится,ПИК,ЮВАО,Печатники,55.7079846,37.6845568,nominatim,secondary,True
ул южнопортовая вл 28-28а,"ул. Южнопортовая, вл. 28-28А",1,oks,Строится,LEVEL GROUP,ЮВАО,Печатники,55.6990676,37.6984857,district_centroid,approximate,True
ул южнопортовая вл 42,"ул. Южнопортовая, вл. 42",1,oks,Строится,ПИК,ЮВАО,Печатники,55.6990676,37.6984857,district_centroid,approximate,True
ул южнопортовая влд. 42,"ул. Южнопортовая, влд. 42",1,oks,Строится,"ПУБЛИЧНОЕ АКЦИОНЕРНОЕ ОБЩЕСТВО ""ПИК-СПЕЦИАЛИЗИРОВАННЫЙ ЗАСТРОЙЩИК""",ЮВАО,Печатники,55.6990676,37.6984857,district_centroid,approximate,True
ул южнопортовая земельный участок 26,"ул. Южнопортовая, земельный участок 26",1,rv,Введено,LEVEL GROUP,ЮВАО,Печатники,55.6990676,37.6984857,manual_exact,exact,True
ул южнопортовая земельный участок 28а/10,"ул. Южнопортовая, земельный участок 28А/10",1,oks,Строится,LEVEL GROUP,ЮВАО,Печатники,55.6990676,37.6984857,district_centroid,approximate,True
ул южнопортовая уч 28а/17/1,"ул. Южнопортовая, уч. 28А/17/1",2,oks,Строится,LEVEL GROUP,ЮВАО,Печатники,55.6990676,37.6984857,district_centroid,approximate,True
ул юлиана семенова дом 8 корпус 1,"ул. Юлиана Семенова, дом 8, корпус 1",1,rv,Введено,ЛСР,ЗАО,Солнцево,55.6521865,37.40060335,manual_exact,exact,True
ул юлиана семенова земельный участок 8б,"ул. Юлиана Семенова, земельный участок 8Б",1,rv,Введено,ЛСР,ЗАО,Солнцево,55.6445905,37.394060499999995,geometry_permit,,True
ул юных ленинцев 42,ул Юных Ленинцев 42,1,rv,Введено,ФОНД РЕНОВАЦИИ,ЮВАО,Кузьминки,55.7097739,37.7688408,manual_exact,exact,True
ул юных ленинцев 73,ул Юных Ленинцев 73,1,rv,Введено,ФОНД РЕНОВАЦИИ,ЮВАО,Кузьминки,55.7097739,37.7688408,manual_exact,exact,True
ул юных ленинцев д 103 корп3,"ул. Юных Ленинцев, д. 103, корп.3",1,rv,Введено,ФОНД РЕНОВАЦИИ,ЮВАО,Текстильщики,55.719618,37.725135,manual_exact,exact,True
ул юных ленинцев д 117,"ул. Юных Ленинцев, д. 117",1,rv,Введено,ФОНД РЕНОВАЦИИ,ЮВАО,Кузьминки,55.7097739,37.7688408,manual_exact,exact,True
ул юных ленинцев д 99/1,"ул. Юных Ленинцев, д. 99/1",1,rv,Введено,ФОНД РЕНОВАЦИИ,ЮВАО,Кузьминки,55.7097739,37.7688408,manual_exact,exact,True
ул юных ленинцев земельный участок 40/3,"ул. Юных Ленинцев, земельный участок 40/3",1,rv,Введено,ФОНД РЕНОВАЦИИ,ЮВАО,Кузьминки,55.7097739,37.7688408,manual_exact,exact,True
ул юровская дом 99а,"ул. Юровская, дом 99А",2,rv,Введено,КП УГС,СЗАО,Куркино,55.8995905,37.384267,geometry_permit,,True
ул яблочкова вл 5/5,"ул. Яблочкова, вл. 5/5",1,rv,Введено,"ГКУ ""УКРИС""",СВАО,Бутырский,55.8116348,37.596868,manual_exact,exact,True
ул яблочкова земельный участок 5/5,"ул. Яблочкова, земельный участок 5/5",1,rv,Введено,"ГКУ ""УКРИС""",СВАО,Бутырский,55.8116348,37.596868,manual_exact,exact,True
ул ярцевская вл 22а корп 2,"ул. Ярцевская, вл. 22А, корп. 2",1,oks,Строится,"ООО ""ГРАНИТ""",ЗАО,Кунцево,55.74346005,37.39999495,district_centroid,approximate,True
ул ярцевская кв.20 корп28а к1,"ул. Ярцевская, кв.20, корп.28А,к.1",1,rv,Введено,ПИК,ЗАО,Кунцево,55.74346005,37.39999495,manual_exact,exact,True
ул ясеневая д 12 к 6,"ул. Ясеневая д. 12, к 6",1,rv,Введено,ПИК,ЮАО,Орехово-Борисово Южное,55.6135333,37.7444387,manual_exact,exact,True
ул ясеневая д 12 к 7,"ул. Ясеневая д. 12, к. 7",1,rv,Введено,ПИК,ЮАО,Орехово-Борисово Южное,55.6135333,37.7444387,manual_exact,exact,True
ул ясеневая д 12 к 8,"ул. Ясеневая д. 12, к. 8",1,rv,Введено,ПИК,ЮАО,Орехово-Борисово Южное,55.6135333,37.7444387,manual_exact,exact,True
ул ясеневая д 12 корп 1,"ул. Ясеневая, д. 12, корп. 1",1,rv,Введено,ПИК,ЮАО,Орехово-Борисово Южное,55.6135333,37.7444387,manual_exact,exact,True
ул ясногорская вл 7 корп 1,"ул. Ясногорская, вл. 7, корп. 1",1,rv,Введено,"ООО ""БЫТ XXI""",ЮЗАО,Ясенево,55.6051985,37.5284064,manual_exact,exact,True
ул2-я звенигородская вл12 стр 9 11 12 13 14 15 17 29 32 33,"ул.2-я Звенигородская, вл.12, стр. 9, 11, 12, 13, 14, 15, 17, 29, 32, 33",7,rv,Введено,VESPER,ЦАО,Пресненский,55.7580051,37.5654894,manual_exact,exact,True
улакадемика павлова вл7 корп1,"ул.Академика Павлова, вл.7, корп.1",1,rv,Введено,УПРАВЛЕНИЕ ДЕЛАМИ ПРЕЗИДЕНТА РОССИЙСКОЙ ФЕДЕРАЦИИ,ЗАО,Кунцево,55.74346005,37.39999495,manual_exact,exact,True
улберзарина вл 32/3,"ул.Берзарина, вл. 32/3",1,rv,Введено,РГ-ДЕВЕЛОПМЕНТ,СЗАО,Щукино,55.8051302,37.4803087,manual_exact,exact,True
улгришина д 16,"УЛ.ГРИШИНА, Д. 16",1,rv,Введено,ФИНАНСОВЫЙ РЕСУРС,ЗАО,Можайский,55.7015105,37.3937955,manual_exact,exact,True
улица 1 мая земельный участок 31,"улица 1 Мая, земельный участок 31",1,oks,Строится,ИНДИВИДУАЛЬНЫЕ ПРЕДПРИНИМАТЕЛИ,ЗелАО,Крюково,55.9658925,37.173983,district_centroid,approximate,True
улица 1-я ямского поля земельный участок 1,"улица 1-я Ямского Поля, земельный участок 1",1,oks,Строится,MR GROUP,САО,Беговой,55.7828983,37.563588,district_centroid,approximate,True
улица 2-я вольская дом 30 строение 25а,"улица 2-я Вольская, дом 30, строение 25А",1,oks,Строится,МОСВОДОКАНАЛ,ЮВАО,Некрасовка,55.6883621,37.9289173,district_centroid,approximate,True
улица 2-я прядильная земельный участок 9,"улица 2-я Прядильная, земельный участок 9",1,oks,Строится,"ООО ""СЗ ""ИЗМАЙЛОВО""",ВАО,Измайлово,55.797943,37.7736403,district_centroid,approximate,True
улица 2-я синичкина земельный участок 9,"улица 2-я Синичкина, земельный участок 9",1,oks,Строится,ФОНД РЕНОВАЦИИ,ЮВАО,Лефортово,55.754854,37.70693,district_centroid,approximate,True
улица 2-я фрезерная земельный участок 6 (2-я фрезерная ул вл 6),"улица 2-я Фрезерная, земельный участок 6 (2-я Фрезерная ул., вл. 6)",1,oks,Строится,ФОНД РЕНОВАЦИИ,ЮВАО,Нижегородский,55.7297194,37.7095577,district_centroid,approximate,True
улица 2-я хуторская земельный участок 31а,"улица 2-я Хуторская, земельный участок 31А",2,rv,Введено,ФОНД РЕНОВАЦИИ,САО,Савёловский,55.75312215,37.5957454,manual_exact,exact,True
улица 2-я ямская дом 2,Улица 2-я Ямская Дом 2,1,oks,Строится,ИНДИВИДУАЛЬНЫЕ ПРЕДПРИНИМАТЕЛИ,СВАО,Марьина Роща,55.798009,37.6064327,district_centroid,approximate,True
улица 8 марта дом 4,"улица 8 Марта, дом 4",1,rv,Введено,ДИПС,САО,Савеловский,55.75312215,37.5957454,manual_exact,exact,True
улица 9-я парковая дом 4а,Улица 9-я Парковая Дом 4А,1,rv,Введено,ПРАВОСЛАВИЕ,ВАО,Восточное Измайлово,55.7432518,37.7201206,manual_exact,exact,True
улица авангардная земельный участок 12,"улица Авангардная, земельный участок 12",1,oks,Строится,ФОНД РЕНОВАЦИИ,САО,Головинский,55.84324995,37.49734265,district_centroid,approximate,True
улица авиаторов вл 9/1,"улица Авиаторов, вл. 9/1",1,oks,Строится,ПРАВОСЛАВИЕ,ЗАО,Солнцево,55.6417508,37.4074523,nominatim,tertiary,True
улица автозаводская д 26/1,"улица Автозаводская, д. 26/1",1,rv,Введено,ПИК,ЮАО,Даниловский,55.711814,37.6597584,manual_exact,exact,True
улица автозаводская земельный участок 23/88в,"улица Автозаводская, земельный участок 23/88В",1,oks,Строится,ЛСР,ЮАО,Даниловский,55.711814,37.6597584,district_centroid,approximate,True
улица автозаводская земельный участок 26/1,"улица Автозаводская, земельный участок 26/1",1,rv,Введено,ПИК,ЮАО,Даниловский,55.711814,37.6597584,manual_exact,exact,True
улица адмирала корнилова зу 76,"улица Адмирала Корнилова, з/у 76",2,rv,Введено,САМОЛЕТ,НАО,Коммунарка,55.581794,37.448441,manual_exact,exact,True
улица академика комарова дом 11г,"улица Академика Комарова, дом 11Г",1,rv,Введено,ФОНД РЕНОВАЦИИ,СВАО,Марфино,55.8367772,37.5906338,manual_exact,exact,True
улица академика королева дом 21,"улица Академика Королева, дом 21",1,rv,Введено,SMINEX,СВАО,Марфино,55.8256256,37.5918724,nominatim,residential,True
улица академика павлова дом 40,"улица Академика Павлова, дом 40",1,rv,Введено,ПИК,ЗАО,Кунцево,55.74346005,37.39999495,manual_exact,exact,True
улица академика скрябина земельный участок 40 (участки 13.1 и 13.2),"улица Академика Скрябина, земельный участок 40 (участки 13.1 и 13.2)",1,rv,Введено,ФОНД РЕНОВАЦИИ,ЮВАО,Кузьминки,55.7097739,37.7688408,manual_exact,exact,True
улица академика франка,улица Академика Франка,5,oks,Строится,"ООО ""СЗ ТРОИЦКЖИЛСТРОЙ""",ТАО,Троицк,55.4552993,37.2786637,nominatim,tertiary,True
улица академика франка дом 21,Улица Академика Франка Дом 21,1,rv,Введено,"ООО ""АРХПРОЕКТ""",ТАО,Троицк,55.4508077,37.2751043,nominatim,tertiary,True
улица академика франка дом 21 строение 2,Улица Академика Франка Дом 21 Строение 2,1,rv,Введено,"ООО ""АРХПРОЕКТ""",ТАО,Троицк,55.5274153,37.2817736,manual_exact,exact,True
улица академика франка дом 21 строение 3,Улица Академика Франка Дом 21 Строение 3,1,rv,Введено,"ООО ""АРХПРОЕКТ""",ТАО,Троицк,55.5274153,37.2817736,manual_exact,exact,True
улица александры монаховой вблизи дер столбово,"улица Александры Монаховой, вблизи дер. Столбово",1,rv,Введено,А101,НАО,Коммунарка,55.581794,37.448441,manual_exact,exact,True
улица александры монаховой земельный участок 37,"улица Александры Монаховой, земельный участок 37",1,oks,Строится,А101,НАО,Коммунарка,55.581794,37.448441,district_centroid,approximate,True
улица александры монаховой земельный участок 39б,"улица Александры Монаховой, земельный участок 39Б",1,rv,Введено,А101,НАО,Коммунарка,55.581794,37.448441,manual_exact,exact,True
улица александры монаховой земельный участок 46е,"улица Александры Монаховой, земельный участок 46Е",1,oks,Строится,А101,НАО,Коммунарка,55.581794,37.448441,district_centroid,approximate,True
улица александры монаховой земельный участок 46ж,Улица Александры Монаховой Земельный участок 46Ж,1,oks,Строится,UNIKEY,НАО,Коммунарка,55.581794,37.448441,district_centroid,approximate,True
улица александры монаховой земельный участок 87,"улица Александры Монаховой, земельный участок 87",2,rv,Введено,"ПУБЛИЧНОЕ АКЦИОНЕРНОЕ ОБЩЕСТВО ""ПИК-СПЕЦИАЛИЗИРОВАННЫЙ ЗАСТРОЙЩИК""",НАО,Коммунарка,55.549066499999995,37.489246,geometry_permit,,True
улица амурская земельный участок 1/11 (зоны 3.1 3.2),"улица Амурская, земельный участок 1/11 (зоны 3.1, 3.2)",2,rv,Введено,ФОНД РЕНОВАЦИИ,ВАО,Гольяново,55.8073766,37.7566198,manual_exact,exact,True
улица амурская земельный участок 1/12 (участок 3.5),"улица Амурская, земельный участок 1/12 (участок 3.5)",1,oks,Строится,ФОНД РЕНОВАЦИИ,ВАО,Гольяново,55.8073766,37.7566198,district_centroid,approximate,True
улица амурская земельный участок 2/1,"улица Амурская, земельный участок 2/1",1,rv,Введено,ПИК,ВАО,Гольяново,55.8073766,37.7566198,manual_exact,exact,True
улица анны ахматовой дом 11 корпус 3,Улица Анны Ахматовой Дом 11 Корпус 3,1,rv,Введено,ТПУ РАССКАЗОВКА,НАО,Внуково,55.58975,37.26383705,manual_exact,exact,True
улица анны ахматовой земельный участок 11 боровское шоссе 28-й километр земельный участок 2б,"улица Анны Ахматовой, земельный участок 11, Боровское шоссе, 28-й километр, земельный участок 2Б",1,oks,Строится,ТПУ РАССКАЗОВКА,НАО,Внуково,55.58975,37.26383705,district_centroid,approximate,True
улица базовская земельный участок 13,"улица Базовская, земельный участок 13",1,rv,Введено,ПИК,САО,Западное Дегунино,55.879594499999996,37.505851,geometry_permit,,True
улица байкальская земельный участок 16/11,"улица Байкальская, земельный участок 16/11",1,oks,Строится,ФОНД РЕНОВАЦИИ,ВАО,Гольяново,55.8073766,37.7566198,district_centroid,approximate,True
улица бакинская вл 31,"улица Бакинская, вл. 31",1,oks,Строится,ФОНД РЕНОВАЦИИ,ЮАО,Царицыно,55.6256324,37.6571114,nominatim,primary,True
улица бакинская земельный участок 26/4,"улица Бакинская, земельный участок 26/4",1,rv,Введено,"ГБУ ""ДИРЕКЦИЯ РАЗВИТИЯ ОБЪЕКТОВ ЗДРАВООХРАНЕНИЯ ГОРОДА МОСКВЫ""",ЮАО,Царицыно,55.6267611,37.6571114,manual_exact,exact,True
улица бакунинская земельный участок 77/3,"улица Бакунинская, земельный участок 77/3",1,oks,Строится,ФОНД РЕНОВАЦИИ,ЦАО,Басманный,55.7672809,37.6697732,district_centroid,approximate,True
улица березовая аллея дом 8,"улица Березовая Аллея, дом 8",5,rv,Введено,МОСКОВСКИЙ МЕТРОПОЛИТЕН,СВАО,Отрадное,55.6300158,37.2578612,nominatim,residential,True
улица березовая аллея земельный участок 12/1,"улица Берёзовая аллея, земельный участок 12/1",1,oks,Строится,"АО ""СОЮЗЦМА""",СВАО,Останкинский,55.8386265,37.6302466,district_centroid,approximate,True
улица бехтерева земельный участок 25/49/1,"улица Бехтерева, земельный участок 25/49/1",2,rv,Введено,ФОНД РЕНОВАЦИИ,ЮАО,Царицыно,55.6267611,37.6571114,manual_exact,exact,True
улица бехтерева земельный участок 3/5/2,"улица Бехтерева, земельный участок 3/5/2",1,oks,Строится,ФОНД РЕНОВАЦИИ,ЮАО,Царицыно,55.6267611,37.6571114,district_centroid,approximate,True
улица большая никитская дом 11/4 строение 3,"улица Большая Никитская, дом 11/4, строение 3",1,oks,Строится,"ООО ""НИКИТСКАЯ 11""",ЦАО,Пресненский,55.7580051,37.5654894,district_centroid,approximate,True
улица бориса петровского дом 3,"улица Бориса Петровского, дом 3",1,rv,Введено,"ГКУ ""УКРИС""",САО,Беговой,55.7819429,37.5481593,nominatim,tertiary,True
улица борисовские пруды земельный участок 1/43,"улица Борисовские Пруды, земельный участок 1/43",1,rv,Введено,ЛСР,ЮАО,Москворечье-Сабурово,55.6457793,37.6342936,manual_exact,exact,True
улица бочкова земельный участок 11а/1,"улица Бочкова, земельный участок 11А/1",1,rv,Введено,ФОНД РЕНОВАЦИИ,СВАО,Останкинский,55.8386265,37.6302466,manual_exact,exact,True
улица братьев бромлей земельный участок 3,"улица Братьев Бромлей, земельный участок 3",1,rv,Введено,ПИК,НАО,Филимонковский,55.5500805,37.314627,manual_exact,exact,True
улица братьев бромлей земельный участок 5,"улица Братьев Бромлей, земельный участок 5",1,rv,Введено,ПИК,НАО,Филимонковский,55.5500805,37.314627,manual_exact,exact,True
улица брусилова дом 19а,"улица Брусилова, дом 19А",1,rv,Введено,КП УГС,ЮЗАО,Южное Бутово,55.54729475,37.5747165,manual_exact,exact,True
улица верейская влд. 29/32д,"улица Верейская, влд. 29/32Д",1,oks,Строится,MR GROUP,ЗАО,Можайский,55.7015105,37.3937955,district_centroid,approximate,True
улица верейская земельный участок 29/42,"улица Верейская, земельный участок 29/42",1,oks,Строится,MR GROUP,ЗАО,Можайский,55.7015105,37.3937955,district_centroid,approximate,True
улица верейская земельный участок 41/13,"улица Верейская, земельный участок 41/13",5,rv,Введено,САМОЛЕТ,ЗАО,Можайский,55.7015105,37.3937955,manual_exact,exact,True
улица верхние поля дом 32 корпус 1,"улица Верхние поля, дом 32, корпус 1",1,rv,Введено,МОСКАПСТРОЙ-ТН,ЮВАО,Марьино,55.6518099,37.719279,manual_exact,exact,True
улица верхние поля дом 32 корпус 2 3,"улица Верхние поля, дом 32, корпус 2, 3",1,rv,Введено,МОСКАПСТРОЙ-ТН,ЮВАО,Марьино,55.6518099,37.719279,manual_exact,exact,True
улица верхние поля дом 51а,"улица Верхние Поля, дом 51А",4,oks,Строится,"ООО ""ИНВЕСТСТРОЙГРУПП""",ЮВАО,Люблино,55.6681995,37.7454006,district_centroid,approximate,True
улица верхние поля земельный участок 54/4,"улица Верхние Поля, земельный участок 54/4",2,oks,Строится,КИЕВСКАЯ ПЛОЩАДЬ,ЮВАО,Капотня,56.0127537,37.1666193,district_centroid,approximate,True
улица верхоянская земельный участок 12,"улица Верхоянская,земельный участок 12",1,rv,Введено,ФОНД РЕНОВАЦИИ,СВАО,Бабушкинский,55.8661636,37.66230705,manual_exact,exact,True
улица вешняковская дом 23/1 строение 1 улица вешняковская дом 23/1 строение 2,"Улица Вешняковская Дом 23/1 Строение 1, Улица Вешняковская Дом 23/1 Строение 2",2,rv,Введено,"АНО ""РСИ""",ВАО,Вешняки,55.7118014,37.6067824,manual_exact,exact,True
улица викторенко земельный участок 18/3а,"улица Викторенко, земельный участок 18/3А",1,oks,Строится,"АО ""СЗ ""МАСТЕРС""",САО,Хорошёвский,55.7801228,37.5325428,district_centroid,approximate,True
улица вилиса лациса дом 38 корпус 1,"улица Вилиса Лациса, дом 38, корпус 1",1,rv,Введено,ФОНД РЕНОВАЦИИ,СЗАО,Северное Тушино,55.8549291,37.43681055,manual_exact,exact,True
улица вилиса лациса дом 38 корпус 2,"улица Вилиса Лациса, дом 38, корпус 2",1,rv,Введено,ФОНД РЕНОВАЦИИ,СЗАО,Северное Тушино,55.8549291,37.43681055,manual_exact,exact,True
улица вильгельма пика земельный участок 14/2,Улица Вильгельма Пика Земельный участок 14/2,1,rv,Введено,ХУАМИН,СВАО,Останкинский,55.8386265,37.6302466,manual_exact,exact,True
улица вилюйская д4,"улица Вилюйская , д.4",1,oks,Строится,ФКУ СИЗО-4 ГУФСИН РОССИИ ПО Г.МОСКВЕ,СВАО,Южное Медведково,55.883743,37.6366379,district_centroid,approximate,True
улица войсковая участок 1,улица Войсковая участок 1,1,rv,Введено,"ООО ""СТРОЙ-АВТО""",НАО,Внуково,55.58975,37.26383705,manual_exact,exact,True
улица вятская вл 47-49,"улица Вятская, вл. 47-49",2,oks,Строится,SMINEX (ранее INGRAD),САО,Савёловский,55.75312215,37.5957454,district_centroid,approximate,True
улица гарибальди земельный участок 31/1/1 зона 6.8,"улица Гарибальди, земельный участок 31/1/1, зона 6.8",1,rv,Введено,ФОНД РЕНОВАЦИИ,ЮЗАО,Черёмушки,55.6711698,37.5566241,manual_exact,exact,True
улица гарибальди участок 26,"улица Гарибальди, участок 26",1,rv,Введено,ФОНД РЕНОВАЦИИ,ЮЗАО,Обручевский,55.6575505,37.5383225,manual_exact,exact,True
улица гастелло земельный участок 32,Улица Гастелло Земельный участок 32,2,oks,Строится,STONE,ВАО,Сокольники,55.7884326,37.6690908,district_centroid,approximate,True
улица генерала рычагова земельный участок 14/2,"улица Генерала Рычагова, земельный участок 14/2",1,oks,Строится,ФОНД РЕНОВАЦИИ,САО,Коптево,55.8305705,37.5234607,district_centroid,approximate,True
улица героев панфиловцев вл 39 корп 2,"улица Героев Панфиловцев, вл. 39, корп. 2",1,rv,Введено,ФОНД РЕНОВАЦИИ,СЗАО,Северное Тушино,55.8549291,37.43681055,manual_exact,exact,True
улица годовикова земельный участок 12 (годовикова ул вл 12 корп 1 2),"улица Годовикова, земельный участок 12 (Годовикова ул., вл. 12, корп. 1, 2)",1,oks,Строится,ФОНД РЕНОВАЦИИ,СВАО,Останкинский,55.8386265,37.6302466,district_centroid,approximate,True
улица годовикова земельный участок 7 (годовикова ул вл 7),"улица Годовикова, земельный участок 7 (Годовикова ул., вл. 7)",1,oks,Строится,ФОНД РЕНОВАЦИИ,СВАО,Останкинский,55.8386265,37.6302466,district_centroid,approximate,True
улица городская земельный участок 6/9,"улица Городская, земельный участок 6/9",1,rv,Введено,ИНДИВИДУАЛЬНЫЕ ПРЕДПРИНИМАТЕЛИ,ТАО,Троицк,55.5274153,37.2817736,manual_exact,exact,True
улица госпитальный вал земельный участок 5/10,"улица Госпитальный Вал, земельный участок 5/10",1,oks,Строится,ФОНД РЕНОВАЦИИ,ЦАО,Басманный,55.7672809,37.6697732,district_centroid,approximate,True
улица грина земельный участок 1/3,"улица Грина, земельный участок 1/3",1,rv,Введено,"АО ""КАПСТРОЙСИТИ""",ЮЗАО,Северное Бутово,55.5692452,37.5794073,manual_exact,exact,True
улица грузинский вал земельный участок 3,"улица Грузинский Вал, земельный участок 3",1,oks,Строится,"ООО ""РОЛЛАГРО""",ЦАО,Пресненский,55.7580051,37.5654894,district_centroid,approximate,True
улица даниловский вал д 13,"улица Даниловский Вал, д. 13",1,oks,Строится,ПРАВОСЛАВИЕ,ЮАО,Даниловский,55.7116125,37.6310412,nominatim,secondary,True
улица демьяна бедного земельный участок 22а,"улица Демьяна Бедного, земельный участок 22А",1,rv,Введено,ФОНД РЕНОВАЦИИ,СЗАО,Хорошёво-Мнёвники,55.765528,37.4972546,manual_exact,exact,True
улица демьяна бедного земельный участок 24 а корп 2,"улица Демьяна Бедного, земельный участок 24 А, корп. 2",1,oks,Строится,КОНЦЕРН КРОСТ,СЗАО,Хорошёво-Мнёвники,55.765528,37.4972546,district_centroid,approximate,True
улица дербеневская земельный участок 20/29,"улица Дербеневская, земельный участок 20/29",1,oks,Строится,TEKTA GROUP,ЮАО,Даниловский,55.711814,37.6597584,district_centroid,approximate,True
улица дмитрия ульянова влд.47,Улица Дмитрия Ульянова влд.47,1,rv,Введено,ФОНД РЕНОВАЦИИ,ЮЗАО,Котловка,55.6845587,37.5919839,manual_exact,exact,True
улица докукина земельный участок 10/2,"улица Докукина, земельный участок 10/2",1,oks,Строится,ФОНД РЕНОВАЦИИ,СВАО,Ростокино,55.8328934,37.6506684,district_centroid,approximate,True
улица долгопрудная земельный участок 3/5 (зона 13.1),"улица Долгопрудная, земельный участок 3/5 (зона 13.1)",1,rv,Введено,ФОНД РЕНОВАЦИИ,САО,Дмитровский,55.88855115,37.53574255,manual_exact,exact,True
улица долгопрудная зу 10,улица Долгопрудная з/у 10,1,rv,Введено,ФОНД РЕНОВАЦИИ,САО,Дмитровский,55.88855115,37.53574255,manual_exact,exact,True
улица долгопрудная зу 8/1/1,"улица Долгопрудная, з/у 8/1/1",1,oks,Строится,ФОНД РЕНОВАЦИИ,САО,Дмитровский,55.88855115,37.53574255,district_centroid,approximate,True
улица дорожная вл 7,"улица Дорожная, вл. 7",1,rv,Введено,"ООО ""ОСТРОВ""",ЮАО,Чертаново Южное,55.5982529,37.6203279,nominatim,secondary,True
улица дурова дом 2 строение 1,"улица Дурова,дом 2, строение 1",1,rv,Введено,ДЕПАРТАМЕНТ ГРАЖДАНСКОГО СТРОИТЕЛЬСТВА ГОРОДА МОСКВЫ,ЦАО,Мещанский,55.7816543,37.6340098,manual_exact,exact,True
улица евсеевская,улица Евсеевская,3,rv,Введено,ПИК,ТАО,Троицк,55.4957569,37.4309525,nominatim,unclassified,True
улица евсеевская земельный участок 13,"улица Евсеевская, земельный участок 13",4,rv,Введено,ПИК,ТАО,Троицк,55.5274153,37.2817736,manual_exact,exact,True
улица жигулевская земельный участок 3/3/1 (мкр. 120 зона 3.1),"улица Жигулёвская, земельный участок 3/3/1 (мкр. 120, зона 3.1)",2,oks,Строится,ФОНД РЕНОВАЦИИ,ЮВАО,Кузьминки,55.7097739,37.7688408,district_centroid,approximate,True
улица заводская земельный участок 30,"Улица Заводская, земельный участок 30",1,oks,Строится,"ООО ""РЕНТА""",ЗелАО,Крюково,55.9658925,37.173983,district_centroid,approximate,True
улица заводская земельный участок 4,"улица Заводская, земельный участок 4",4,oks,Строится,ФОНД РЕНОВАЦИИ,ЗелАО,Крюково,55.9658925,37.173983,district_centroid,approximate,True
улица загорьевская земельный участок 2/5,"улица Загорьевская, земельный участок 2/5",1,oks,Строится,ФОНД РЕНОВАЦИИ,ЮАО,Бирюлёво Восточное,55.6234134,37.7935045,district_centroid,approximate,True
улица зарайская земельный участок 46/1 (зарайская ул вл 46 корп1 и 2 шатурская ул вл 39,"улица Зарайская, земельный участок 46/1 (Зарайская ул., вл. 46, корп.1 и 2,Шатурская ул. Вл. 39",1,oks,Строится,ФОНД РЕНОВАЦИИ,ЮВАО,Рязанский,55.722711,37.77755000000001,district_centroid,approximate,True
улица зеленоградская дом 24,"Улица Зеленоградская, Дом 24",1,rv,Введено,МОСКОВСКИЙ МЕТРОПОЛИТЕН,САО,Ховрино,55.8654472,37.5155332,nominatim,tertiary,True
улица зеленодольская земельный участок 28/3 (зона 3.3 3.4),"улица Зеленодольская, земельный участок , 28/3 (зона 3.3, 3.4)",1,rv,Введено,ФОНД РЕНОВАЦИИ,ЮВАО,Кузьминки,55.7097739,37.7688408,manual_exact,exact,True
улица зорге земельный участок 23а,"улица Зорге, земельный участок 23А",1,rv,Введено,А101,САО,Сокол,55.80638795,37.4990888,manual_exact,exact,True
улица ивана франко земельный участок 22/1,"улица Ивана Франко, земельный участок 22/1",1,oks,Строится,ПИК,ЗАО,Кунцево,55.74346005,37.39999495,district_centroid,approximate,True
улица ивантеевская земельный участок 1/3,"улица Ивантеевская, земельный участок 1/3",1,oks,Строится,ФОНД РЕНОВАЦИИ,ВАО,Богородское,55.81164245,37.7153353,district_centroid,approximate,True
улица игральная дом 8,Улица Игральная Дом 8,1,rv,Введено,"АНО ""РСИ""",ВАО,Богородское,55.81164245,37.7153353,manual_exact,exact,True
улица ижорская земельный участок 6/1,"улица Ижорская, земельный участок 6/1",1,oks,Строится,ПИК,САО,Западное Дегунино,55.8710935,37.5304893,district_centroid,approximate,True
улица ижорская земельный участок 6/2,"улица Ижорская, земельный участок 6/2",1,oks,Строится,ПИК,САО,Западное Дегунино,55.8710935,37.5304893,district_centroid,approximate,True
улица ижорская земельный участок 6/4,"улица Ижорская, земельный участок 6/4",1,oks,Строится,ПИК,САО,Западное Дегунино,55.8710935,37.5304893,district_centroid,approximate,True
улица ижорская земельный участок 6/5,"улица Ижорская, земельный участок 6/5",1,rv,Введено,ПИК,САО,Западное Дегунино,55.8821295,37.5041415,geometry_permit,,True
улица ижорская земельный участок 6/6,"улица Ижорская, земельный участок 6/6",1,oks,Строится,ПИК,САО,Западное Дегунино,55.8710935,37.5304893,district_centroid,approximate,True
улица изваринская земельный участок 2/1,"улица Изваринская, земельный участок 2/1",1,rv,Введено,АНО РСИО,НАО,Внуково,55.58975,37.26383705,manual_exact,exact,True
улица изумрудная земельный участок 44/2,"улица Изумрудная, земельный участок 44/2",1,rv,Введено,ФОНД РЕНОВАЦИИ,СВАО,Лосиноостровский,55.8641682,37.6872725,manual_exact,exact,True
улица илимская вл 3/5,"улица Илимская, вл. 3/5",1,rv,Введено,SEVEN SUNS DEVELOPMENT,СВАО,Лианозово,55.8899091,37.5823139,nominatim,tertiary,True
улица иловайская земельный участок 2б/1,"улица Иловайская, земельный участок 2Б/1",1,rv,Введено,ПИК,ЮВАО,Люблино,55.6681995,37.7454006,manual_exact,exact,True
улица иловайская земельный участок 3/4,"улица Иловайская, земельный участок 3/4",1,oks,Строится,СТРАНА ДЕВЕЛОПМЕНТ,ЮВАО,Марьино,55.6518099,37.719279,district_centroid,approximate,True
улица камова зу 24а,"улица Камова, з/у 24А",1,rv,Введено,ФОНД РЕНОВАЦИИ,ВАО,Косино-Ухтомский,55.722810325,37.8601839,manual_exact,exact,True
улица каспийская земельный участок 24/4/1 (каспийская ул вл 24 корп 4),"улица Каспийская, земельный участок 24/4/1 (Каспийская ул., вл. 24, корп. 4)",1,oks,Строится,ФОНД РЕНОВАЦИИ,ЮАО,Царицыно,55.6267611,37.6571114,district_centroid,approximate,True
улица каховка земельный участок 14/2 (кв.38 зона 33.3),"улица Каховка, земельный участок 14/2 (кв.38, зона 33.3)",1,oks,Строится,ФОНД РЕНОВАЦИИ,ЮЗАО,Зюзино,55.6528725,37.5867464,district_centroid,approximate,True
улица квантовая дом 1,Улица Квантовая Дом 1,1,rv,Введено,"АО ""СТРОЙ СИТИ""",ТАО,Троицк,55.5274153,37.2817736,manual_exact,exact,True
улица квантовая земельный участок 4,Улица Квантовая Земельный участок 4,4,oks,Строится,"АО ""СТРОЙ СИТИ""",ТАО,Троицк,55.5274153,37.2817736,district_centroid,approximate,True
улица кедрова вл16,"улица Кедрова, вл.16",1,rv,Введено,ФОНД РЕНОВАЦИИ,ЮЗАО,Академический,55.6844881,37.5699269,nominatim,tertiary,True
улица кировоградская вл 21а,"улица Кировоградская, вл. 21А",1,oks,Строится,ПРАВОСЛАВИЕ,ЮАО,Чертаново Южное,55.6230412,37.6091256,nominatim,tertiary,True
улица кировоградская дом 25а,Улица Кировоградская Дом 25А,1,rv,Введено,КП УГС,ЮАО,Чертаново Южное,55.58849015,37.5972518,manual_exact,exact,True
улица константина бескова земельный участок 6,"улица Константина Бескова, земельный участок 6",1,rv,Введено,ТУШИНО 2018,СЗАО,Покровское-Стрешнево,55.814555,37.426621499999996,geometry_permit,,True
улица константина симонова дом 3,Улица Константина Симонова Дом 3,1,rv,Введено,КП УГС,САО,Аэропорт,55.80185185000001,37.5368174,manual_exact,exact,True
улица константина федина вл 3,"улица Константина Федина, вл. 3",1,rv,Введено,ФОНД РЕНОВАЦИИ,ВАО,Северное Измайлово,55.8065524,37.7977201,nominatim,residential,True
улица константинова земельный участок 2,"улица Константинова, земельный участок 2",1,oks,Строится,ФОНД РЕНОВАЦИИ,СВАО,Алексеевский,55.8099469,37.6429319,district_centroid,approximate,True
улица конструктора лукина дом 14 строение 16,"улица Конструктора Лукина, дом 14, строение 16",1,rv,Введено,ОЭЗ ТЕХНОПОЛИС МОСКВА,ЗелАО,Силино,56.0080842,37.1406636,manual_exact,exact,True
улица корабельная зу 5,"улица Корабельная, з/у 5",1,rv,Введено,РЕЧНИКОВ ИНВЕСТ,ЮАО,Нагатинский Затон,55.6816039,37.6959841,nominatim,residential,True
улица корнейчука земельный участок 47а/1 (ул корнейчука вл 47а),"улица Корнейчука, земельный участок 47А/1 (ул. Корнейчука, вл. 47А)",1,oks,Строится,ФОНД РЕНОВАЦИИ,СВАО,Бибирево,55.88684175,37.60154745,district_centroid,approximate,True
улица котляковская земельный участок 7/4 земельный участок 6б,"улица Котляковская, земельный участок 7/4, земельный участок 6Б",2,oks,Строится,ПИК,ЮАО,Москворечье-Сабурово,55.6457793,37.6342936,district_centroid,approximate,True
улица красная сосна д 3а,"улица Красная Сосна, д. 3А",1,rv,Введено,ФСК,СВАО,Ярославский,55.8653274,37.701726,manual_exact,exact,True
улица красная сосна д. 3,"улица Красная Сосна, д.. 3",1,rv,Введено,ФСК,СВАО,Ярославский,55.8653274,37.701726,manual_exact,exact,True
улица красного маяка дом 22б.,"улица Красного Маяка, дом 22Б».",1,rv,Введено,"КП ""БСА ""ЛУЖНИКИ""",ЮАО,Чертаново Северное,55.62381185,37.61200049999999,manual_exact,exact,True
улица краснодарская дом 6,Улица Краснодарская Дом 6,1,rv,Введено,ФОНД РЕНОВАЦИИ,ЮВАО,Люблино,55.6681995,37.7454006,manual_exact,exact,True
улица краснодарская земельный участок 8 (краснодарская ул вл 8),"улица Краснодарская, земельный участок 8 (Краснодарская ул., вл. 8)",1,oks,Строится,ФОНД РЕНОВАЦИИ,ЮВАО,Люблино,55.6681995,37.7454006,district_centroid,approximate,True
улица краснодонская земельный участок 18а (улица краснодарская земельный участок 18),"улица Краснодонская, земельный участок 18А (улица Краснодарская, земельный участок 18)",1,rv,Введено,ФОНД РЕНОВАЦИИ,ЮВАО,Люблино,55.6681995,37.7454006,manual_exact,exact,True
улица кременчугская вл 11-17,"улица Кременчугская, вл. 11-17",1,oks,Строится,ФОНД РЕНОВАЦИИ,ЗАО,Фили-Давыдково,55.7212366,37.4622918,district_centroid,approximate,True
улица кржижановского земельный участок 31/1 (кржижановского ул вл 31),"улица Кржижановского, земельный участок 31/1 (Кржижановского ул., вл. 31)",1,oks,Строится,ФОНД РЕНОВАЦИИ,ЮЗАО,Котловка,55.6845587,37.5919839,district_centroid,approximate,True
улица кубинка земельный участок 16/1 (ул кубинка вл 16-1),"улица Кубинка, земельный участок 16/1 (ул. Кубинка, вл. 16-1)",1,oks,Строится,ФОНД РЕНОВАЦИИ,ЗАО,Можайский,55.7015105,37.3937955,district_centroid,approximate,True
улица кубинка земельный участок 16/2 (ул кубинка вл 16-1),"улица Кубинка, земельный участок 16/2 (ул. Кубинка, вл. 16-1)",1,oks,Строится,ФОНД РЕНОВАЦИИ,ЗАО,Можайский,55.7015105,37.3937955,district_centroid,approximate,True
улица леонова 1-я дом 18,"улица Леонова 1-я, дом 18",1,rv,Введено,PIONEER,СВАО,Ростокино,55.8328934,37.6506684,manual_exact,exact,True
улица летниковская земельный участок 11/10/6,"улица Летниковская, земельный участок 11/10/6",1,oks,Строится,PIONEER,ЮАО,Даниловский,55.711814,37.6597584,district_centroid,approximate,True
улица летчика бабушкина земельный участок 29/5,"улица Лётчика Бабушкина, земельный участок 29/5",1,rv,Введено,ФОНД РЕНОВАЦИИ,СВАО,Бабушкинский,55.8661636,37.66230705,manual_exact,exact,True
улица лобачевского вл 3-5,"улица Лобачевского, вл. 3-5",1,oks,Строится,"ООО ""СЗ ""ГРАД ПЛАЗА""",ЗАО,Проспект Вернадского,55.6904422,37.4715177,nominatim,secondary,True
улица лобачевского земельный участок 114б,"улица Лобачевского, земельный участок 114Б",1,oks,Строится,ДОНСТРОЙ,ЗАО,Раменки,55.7010074,37.5041069,district_centroid,approximate,True
улица лобачевского земельный участок 120/1,"улица Лобачевского, земельный участок 120/1",1,oks,Строится,ЭТАЛОН,ЗАО,Раменки,55.7010074,37.5041069,district_centroid,approximate,True
улица лобачевского земельный участок 120а/2,"улица Лобачевского, земельный участок 120А/2",1,oks,Строится,ДОНСТРОЙ,ЗАО,Раменки,55.7010074,37.5041069,district_centroid,approximate,True
улица лобачевского земельный участок 50 (кв. 32-33 34-35 проспект вернадского вл 74/50 зона 13.1),"улица Лобачевского, земельный участок 50 (кв. 32-33, 34-35, Проспект Вернадского, вл. 74/50, зона 13.1)",1,oks,Строится,АНО РСИО,ЗАО,Проспект Вернадского,55.6729,37.5060646,district_centroid,approximate,True
улица лобненская земельный участок 13,"улица Лобненская, земельный участок 13",1,rv,Введено,ПИК,САО,Дмитровский,55.887902,37.5271635,geometry_permit,,True
улица лужники напротив д 24,улица Лужники напротив д. 24,1,rv,Введено,АНО РСИО,ЦАО,Хамовники,55.72162725,37.5633727,manual_exact,exact,True
улица люблинская,улица Люблинская,1,rv,Введено,ПИК,ЮВАО,Люблино,55.6779974,37.738842,nominatim,primary,True
улица люблинская д 52 стр 1,"улица Люблинская, д. 52, стр. 1",1,rv,Введено,ФОНД РЕНОВАЦИИ,ЮВАО,Люблино,55.6681995,37.7454006,manual_exact,exact,True
улица люблинская земельный участок 111/2/1,"улица Люблинская, земельный участок 111/2/1",1,rv,Введено,ФОНД РЕНОВАЦИИ,ЮВАО,Люблино,55.6681995,37.7454006,manual_exact,exact,True
улица люблинская земельный участок 74/1,"улица Люблинская, земельный участок 74/1",1,rv,Введено,ПИК,ЮВАО,Люблино,55.6681995,37.7454006,manual_exact,exact,True
улица люблинская зу 72,"улица Люблинская , з/у 72",1,rv,Введено,ПИК,ЮВАО,Люблино,55.6681995,37.7357855,geometry_address_match,,True
улица любучанская земельный участок 2,"улица Любучанская, земельный участок 2",2,rv,Введено,САМОЛЕТ,НАО,Щербинка,55.49523050000001,37.518144,manual_exact,exact,True
улица любучанская земельный участок 6 земельный участок 8,"улица Любучанская, земельный участок 6, земельный участок 8",1,oks,Строится,САМОЛЕТ,НАО,Щербинка,55.496702,37.5272395,geometry,,True
улица ляпидевского дом/владение дом вл 1,"улица Ляпидевского, дом/владение дом вл 1",1,rv,Введено,ГРАС,САО,Ховрино,55.8643521,37.50288,manual_exact,exact,True
улица магистральная 1-я влд.25,"Улица Магистральная 1-я, влд.25",1,rv,Введено,САМОЛЕТ,САО,Хорошёвский,55.7801228,37.5325428,manual_exact,exact,True
улица малая грузинская дом 24 корпус 3,Улица Малая Грузинская Дом 24 Корпус 3,1,rv,Введено,МИНКУЛЬТУРЫ РОССИИ,ЦАО,Пресненский,55.7580051,37.5654894,manual_exact,exact,True
улица малая юшуньская земельный участок 12/1,"улица Малая Юшуньская, земельный участок 12/1",1,rv,Введено,ФОНД РЕНОВАЦИИ,ЮЗАО,Зюзино,55.6528725,37.5867464,manual_exact,exact,True
улица малыгина дом 12а,Улица Малыгина Дом 12А,1,rv,Введено,МОСКОВСКИЙ ФОНД ЗАЩИТЫ ПРАВ ДОЛЬЩИКОВ,СВАО,Лосиноостровский,55.8641682,37.6872725,manual_exact,exact,True
улица маресьева земельный участок 11 зона 52,"улица Маресьева, земельный участок 11, зона 52",1,rv,Введено,ОЭЗ ТЕХНОПОЛИС МОСКВА,ЮВАО,Некрасовка,55.6883621,37.9289173,manual_exact,exact,True
улица маресьева земельный участок 9,"улица Маресьева, земельный участок 9",1,rv,Введено,ОЭЗ ТЕХНОПОЛИС МОСКВА,ЮВАО,Некрасовка,55.6883621,37.9289173,manual_exact,exact,True
улица маршала еременко земельный участок 2 (зона 36),"улица Маршала Ерёменко, земельный участок 2 (зона 36)",1,oks,Строится,"АНО ""РСИ""",ЮВАО,Некрасовка,55.6883621,37.9289173,district_centroid,approximate,True
улица маршала прошлякова земельный участок 12а проезд № 607 вл 12 к 4.,"улица Маршала Прошлякова, земельный участок 12А; проезд № 607, вл. 12, к. 4.",1,oks,Строится,ПИК,СЗАО,Строгино,55.794645,37.3863686,district_centroid,approximate,True
улица маршала чуйкова земельный участок 9/5/3,"улица Маршала Чуйкова, земельный участок 9/5/3",1,rv,Введено,ФОНД РЕНОВАЦИИ,ЮВАО,Кузьминки,55.7097739,37.7688408,manual_exact,exact,True
улица матросова земельный участок 29/1 (матросова ул вл 21-29),"улица Матросова, земельный участок 29/1 (Матросова ул., вл. 21-29)",1,oks,Строится,ФОНД РЕНОВАЦИИ,ЗАО,Солнцево,55.6521865,37.40060335,district_centroid,approximate,True
улица мельникова д 2,"улица Мельникова, д. 2",1,rv,Введено,КП УГС,ЦАО,Таганский,55.8998701,37.4096048,nominatim,furniture,True
улица местечко барыши дом 25 корпус 1,Улица Местечко Барыши Дом 25 Корпус 1,1,rv,Введено,"ООО ""СТРОИТЕЛЬНАЯ КОМПАНИЯ ВЕЛЕСЪ""",НАО,Щербинка,55.49523050000001,37.518144,manual_exact,exact,True
улица металлургов земельный участок 30,"улица Металлургов, земельный участок 30",1,oks,Строится,ФОНД РЕНОВАЦИИ,ВАО,Перово,55.7468432,37.7887908,district_centroid,approximate,True
улица миклухо-маклая вл 18/2,"улица Миклухо-Маклая, вл. 18/2",1,oks,Строится,"ЗАО ""ВЛГ""",ЮЗАО,Коньково,55.64880935,37.5488697,district_centroid,approximate,True
улица миклухо-маклая земельный участок 61 (мкр. 6 зона 2.3),"улица Миклухо-Маклая, земельный участок 61 (мкр. 6, зона 2.3)",1,oks,Строится,ФОНД РЕНОВАЦИИ,ЮЗАО,Коньково,55.64880935,37.5488697,district_centroid,approximate,True
улица милашенкова вл 6,"улица Милашенкова, вл. 6",1,rv,Введено,КП УГС,СВАО,Бутырский,55.8227848,37.5880858,nominatim,secondary,True
улица милашенкова земельный участок 7/3,"улица Милашенкова, земельный участок 7/3",1,rv,Введено,ФОНД РЕНОВАЦИИ,СВАО,Бутырский,55.8116348,37.596868,manual_exact,exact,True
улица михайлова земельный участок 27 (михайлова ул вл 27),"улица Михайлова, земельный участок 27 (Михайлова ул., вл. 27)",2,oks,Строится,ФОНД РЕНОВАЦИИ,ЮВАО,Рязанский,55.722711,37.77755000000001,district_centroid,approximate,True
улица михайлова земельный участок 38,"улица Михайлова, земельный участок 38",1,oks,Строится,ФОНД РЕНОВАЦИИ,ЮВАО,Рязанский,55.722711,37.77755000000001,district_centroid,approximate,True
улица москворечье д 4 к 1,"улица Москворечье, д. 4, к. 1",1,oks,Строится,АНО РСИО,ЮАО,Москворечье-Сабурово,55.6457793,37.6342936,district_centroid,approximate,True
улица мусы джалиля вл 23/56,"улица Мусы Джалиля, вл. 23/56",1,oks,Строится,"ГСК ""НАРОДНЫЙ ГАРАЖ В ЗЯБЛИКОВО""",ЮАО,Зябликово,55.6178373,37.7671258,district_centroid,approximate,True
улица мытная дом 40 корпус 2,"улица Мытная, дом 40, корпус 2",1,rv,Введено,CAPITAL GROUP,ЦАО,Якиманка,55.7425825,37.6157213,manual_exact,exact,True
улица народного ополчения влад. 33,"улица Народного Ополчения, влад. 33",1,oks,Строится,ALVEK,СЗАО,Хорошёво-Мнёвники,55.765528,37.4972546,district_centroid,approximate,True
улица народного ополчения земельный участок 15,"улица Народного Ополчения, земельный участок 15",1,oks,Строится,КОНЦЕРН КРОСТ,СЗАО,Хорошёво-Мнёвники,55.765528,37.4972546,district_centroid,approximate,True
улица народного ополчения земельный участок 34,"улица Народного Ополчения, земельный участок 34",2,oks,Строится,ГРАНЕЛЬ,СЗАО,Хорошёво-Мнёвники,55.765528,37.4972546,district_centroid,approximate,True
улица нижние мневники 3 ст.1,"улица Нижние Мнёвники, 3 ст.1",1,oks,Строится,"ГКУ ""УДМС""",СЗАО,Хорошёво-Мнёвники,55.7632265,37.4673412,nominatim,secondary,True
улица нижние мневники земельный участок 11,"улица Нижние Мнёвники, земельный участок 11",1,rv,Введено,"ООО ""ЯРМАРКА""",СЗАО,Хорошёво-Мнёвники,55.7498592,37.4340491,nominatim,secondary,True
улица нижние мневники земельный участок 41,"улица Нижние Мнёвники, земельный участок 41",1,oks,Строится,"АО ""ДОРОЖНОЕ СТРОИТЕЛЬСТВО""",СЗАО,Хорошёво-Мнёвники,55.765528,37.4972546,district_centroid,approximate,True
улица нижние мневники земельный участок 6/2,"улица Нижние Мнёвники, земельный участок 6/2",1,rv,Введено,МОСВОДОКАНАЛ,СЗАО,Хорошёво-Мнёвники,55.765528,37.4972546,manual_exact,exact,True
улица нижние мневники земельный участок 62б,"улица Нижние Мневники, земельный участок 62Б",2,oks,Строится,ДОНСТРОЙ,СЗАО,Хорошёво-Мнёвники,55.765528,37.4972546,district_centroid,approximate,True
улица нижние мневники уч 37б,"улица Нижние Мнёвники, уч. 37Б",1,rv,Введено,ДОНСТРОЙ,СЗАО,Хорошёво-Мнёвники,55.765528,37.4972546,manual_exact,exact,True
улица никитина д 9,"улица Никитина, д. 9",2,rv,Введено,ФОНД РЕНОВАЦИИ,НАО,Коммунарка,55.6050114,37.3566358,nominatim,tertiary,True
улица никитина дом 11 корпус 7,"улица Никитина, дом 11, корпус 7",4,rv,Введено,АБСОЛЮТ,НАО,Московский,55.613434,37.415014,manual_exact,exact,True
улица никитина земельный участок 3,"улица Никитина, земельный участок 3",1,oks,Строится,АБСОЛЮТ,НАО,Филимонковский,55.5500805,37.314627,district_centroid,approximate,True
улица николая озерова земельный участок 8,"улица Николая Озерова, земельный участок 8",1,rv,Введено,ТУШИНО 2018,СЗАО,Покровское-Стрешнево,55.813995500000004,37.428152999999995,geometry_permit,,True
улица николая старостина земельный участок 6,"улица Николая Старостина, земельный участок 6",1,rv,Введено,АПСИС АКТИВ,ВАО,Косино-Ухтомский,55.722810325,37.8601839,manual_exact,exact,True
улица новая басманная земельный участок 26/4,"улица Новая Басманная, земельный участок 26/4",1,oks,Строится,MR GROUP,ЦАО,Басманный,55.7672809,37.6697732,district_centroid,approximate,True
улица новодачная земельный участок 67/68,"улица Новодачная, земельный участок 67/68",1,rv,Введено,ОСНОВА,СВАО,Северный,55.92835525,37.5459852,manual_exact,exact,True
улица новомосковская вл 18-22,"улица Новомосковская, вл. 18-22",1,rv,Введено,ТЕЛЕКОМПАНИЯ НТВ,СВАО,Останкинский,55.8386265,37.6302466,manual_exact,exact,True
улица новочеремушкинская владение 27,"улица Новочеремушкинская, владение 27",1,rv,Введено,ФОНД РЕНОВАЦИИ,ЮЗАО,Академический,55.6895237,37.57025695,manual_exact,exact,True
улица новочеремушкинская дом 56/3,Улица Новочерёмушкинская Дом 56/3,1,rv,Введено,ФОНД РЕНОВАЦИИ,ЮЗАО,Черёмушки,55.6711698,37.5566241,manual_exact,exact,True
улица новочеремушкинская земельный участок 41а,"улица Новочерёмушкинская, земельный участок 41А",1,oks,Строится,ФОНД РЕНОВАЦИИ,ЮЗАО,Академический,55.6895237,37.57025695,district_centroid,approximate,True
улица обручева вл 23,"улица Обручева, вл. 23",1,rv,Введено,"ОБЩЕСТВО С ОГРАНИЧЕННОЙ ОТВЕТСТВЕННОСТЬЮ ""МАТРЕШКА""",ЮЗАО,Обручевский,55.6575505,37.5235895,nominatim,secondary,True
улица одесская земельный участок 6/1,"улица Одесская, земельный участок 6/1",2,oks,Строится,ПИК,ЮЗАО,Зюзино,55.6528725,37.5867464,district_centroid,approximate,True
улица окская земельный участок 9а,"улица Окская, земельный участок 9А",1,oks,Строится,ГЛАВСТРОЙ,ЮВАО,Рязанский,55.722711,37.77755000000001,district_centroid,approximate,True
улица октябрьская вл98,"улица Октябрьская, вл.98",1,rv,Введено,САМОЛЕТ,СВАО,Марьина Роща,55.7415438,37.6548777,nominatim,primary_link,True
улица олеко дундича вл 31/35,"улица Олеко Дундича, вл. 31/35",1,rv,Введено,ФОНД РЕНОВАЦИИ,ЗАО,Фили-Давыдково,55.7212366,37.4622918,manual_exact,exact,True
улица олонецкая владение 14 строение 1 2 3,"улица Олонецкая, владение 14, строение 1, 2, 3",1,rv,Введено,"АО ""РОСТ""",СВАО,Останкинский,55.8386265,37.6302466,manual_exact,exact,True
улица оренбургская земельный участок 26,"улица Оренбургская, земельный участок 26",1,oks,Строится,ФОНД РЕНОВАЦИИ,ВАО,Косино-Ухтомский,55.722810325,37.8601839,district_centroid,approximate,True
улица остафьевская корпус г,"улица Остафьевская, корпус Г",1,rv,Введено,АНО РСИО,ЮЗАО,Южное Бутово,55.54729475,37.5747165,manual_exact,exact,True
улица островитянова 1,"Улица Островитянова, 1",1,oks,Строится,МИНЗДРАВ РОССИИ,ЮЗАО,Обручевский,55.6325076,37.5367697,nominatim,apartments,True
улица перекопская земельный участок 27,"улица Перекопская, земельный участок 27",1,oks,Строится,ФОНД РЕНОВАЦИИ,ЮЗАО,Черёмушки,55.6711698,37.5566241,district_centroid,approximate,True
улица перекопская земельный участок 4 ( кв.37 зона 22.3),"улица Перекопская, земельный участок 4 ( кв.37, зона 22.3)",1,oks,Строится,ФОНД РЕНОВАЦИИ,ЮЗАО,Зюзино,55.6528725,37.5867464,district_centroid,approximate,True
улица петра алексеева дом 10,Улица Петра Алексеева Дом 10,1,rv,Введено,ФОНД РЕНОВАЦИИ,ЗАО,Можайский,55.7193811,37.4290866,nominatim,residential,True
улица петра алексеева земельный участок 3 (зоны 6.1 и 6.2),"улица Петра Алексеева, земельный участок 3 (зоны 6.1 и 6.2)",1,oks,Строится,ФОНД РЕНОВАЦИИ,ЗАО,Можайский,55.7015105,37.3937955,district_centroid,approximate,True
улица плеханова земельный участок 11б 13б,"улица Плеханова, земельный участок 11Б, 13Б",1,oks,Строится,ПИК,ВАО,Перово,55.7468432,37.7887908,district_centroid,approximate,True
улица плющева земельный участок 9а,"улица Плющева, земельный участок 9А",1,oks,Строится,ФОНД РЕНОВАЦИИ,ВАО,Перово,55.7468432,37.7887908,district_centroid,approximate,True
улица погодинская дом 24 корпус 1 корпус 2,"улица Погодинская, дом 24, корпус 1, корпус 2",1,oks,Строится,"АО ""СЗ ""КОМПАНИЯ ""РУССКИЙ КАПИТАЛ""",ЦАО,Хамовники,55.72162725,37.5633727,district_centroid,approximate,True
улица полбина влд. 37,"улица Полбина, влд. 37",1,rv,Введено,"АНО ""РСИ""",ЮВАО,Печатники,55.6990676,37.6984857,manual_exact,exact,True
улица поляны земельный участок 50д,"улица Поляны, земельный участок 50Д",4,oks,Строится,А101,НАО,Коммунарка,55.581794,37.448441,district_centroid,approximate,True
улица поляны земельный участок 5а/3,"улица Поляны, земельный участок 5А/3",1,rv,Введено,ПИК,ЮЗАО,Южное Бутово,55.54729475,37.5747165,manual_exact,exact,True
улица полярная дом 9,"улица Полярная, дом 9",1,rv,Введено,"АНО ""РСИ""",СВАО,Южное Медведково,55.883743,37.6366379,manual_exact,exact,True
улица полярная земельный участок 39/1,"улица Полярная, земельный участок 39/1",1,oks,Строится,ПИК,СВАО,Северное Медведково,55.886639,37.6405375,district_centroid,approximate,True
улица полярная зу 39/4,"улица Полярная, з/у 39/4",1,oks,Строится,ПИК,СВАО,Северное Медведково,55.8921245,37.6447785,geometry,,True
улица пресненский вал влд. 27,"улица Пресненский Вал, влд. 27",1,oks,Строится,АО «СТРАНА ДЕВЕЛОПМЕНТ»,ЦАО,Пресненский,55.7580051,37.5654894,district_centroid,approximate,True
улица пресненский вал земельный участок 27/5,"улица Пресненский Вал, земельный участок 27/5",1,oks,Строится,АО «СТРАНА ДЕВЕЛОПМЕНТ»,ЦАО,Пресненский,55.7580051,37.5654894,district_centroid,approximate,True
улица пржевальского земельный участок 12 (зона 6.2),"улица Пржевальского, земельный участок 12 (зона 6.2)",1,oks,Строится,ФОНД РЕНОВАЦИИ,ЗАО,Очаково-Матвеевское,55.6907105,37.443805,district_centroid,approximate,True
улица производственная зу 6,"улица Производственная, з/у 6",1,rv,Введено,ЛСР,ЗАО,Солнцево,55.6456479,37.384447,nominatim,secondary,True
улица промышленная. д11 стр4,"улица Промышленная. д.11, стр.4",1,rv,Введено,"ООО ""СИНИКОН""",ТАО,Троицк,55.5274153,37.2817736,manual_exact,exact,True
улица профессора летохова 1,"улица Профессора Летохова, 1",1,rv,Введено,"ООО ""АКАДЕМПРОЕКТ""",ТАО,Троицк,55.4839355,37.29821,geometry_permit,,True
улица профсоюзная земельный участок 2/22,"улица Профсоюзная, земельный участок 2/22",1,rv,Введено,LEVEL GROUP,ЮЗАО,Академический,55.6895237,37.57025695,manual_exact,exact,True
улица профсоюзная земельный участок 60 (участок 3.2),"улица Профсоюзная, земельный участок 60 (участок 3.2)",1,oks,Строится,ФОНД РЕНОВАЦИИ,ЮЗАО,Обручевский,55.6575505,37.5383225,district_centroid,approximate,True
улица профсоюзная земельный участок 76а,улица Профсоюзная земельный участок 76А,1,oks,Строится,КОРТРОС,ЮЗАО,Обручевский,55.6575505,37.5383225,district_centroid,approximate,True
улица прохладная вл30,"Улица Прохладная, вл.30",1,rv,Введено,"АО ""МОСЭКОСТРОЙ""",ЮАО,Бирюлёво Восточное,55.6163069,37.67402,nominatim,secondary,True
улица пушковых земельный участок 5а,"Улица Пушковых, Земельный участок 5А",2,oks,Строится,ИНДИВИДУАЛЬНЫЕ ПРЕДПРИНИМАТЕЛИ,ТАО,Троицк,55.5274153,37.2817736,district_centroid,approximate,True
улица рабочая дом 34 строение 1,Улица Рабочая Дом 34 Строение 1,1,rv,Введено,"ГБУ ""ДИРЕКЦИЯ РАЗВИТИЯ ОБЪЕКТОВ ЗДРАВООХРАНЕНИЯ ГОРОДА МОСКВЫ""",ЦАО,Таганский,55.75004445,37.6571372,manual_exact,exact,True
улица речников дом 5,"улица Речников, дом 5",1,rv,Введено,КП УГС,ЮАО,Нагатинский Затон,55.6820448,37.6907376,manual_exact,exact,True
улица родниковая земельный участок 6/1,"улица Родниковая, земельный участок 6/1",1,oks,Строится,ФОНД РЕНОВАЦИИ,ЗАО,Солнцево,55.6521865,37.40060335,district_centroid,approximate,True
улица россолимо земельный участок 11/1,"улица Россолимо, земельный участок 11/1",1,oks,Строится,МИНЗДРАВ РОССИИ,ЦАО,Хамовники,55.72162725,37.5633727,district_centroid,approximate,True
улица руденко земельный участок 1,"улица Руденко, земельный участок 1",1,oks,Строится,САМОЛЕТ,НАО,Щербинка,55.49523050000001,37.518144,district_centroid,approximate,True
улица руставели д 16 корпус 1,"улица Руставели, д. 16, корпус 1",1,rv,Введено,ПИК,СВАО,Бутырский,55.8116348,37.596868,manual_exact,exact,True
улица рябиновая земельный участок 42/1,"улица Рябиновая, земельный участок 42/1",11,oks,Строится,SEZAR GROUP,ЗАО,Очаково-Матвеевское,55.6919338,37.426465,nominatim,secondary:fallback,True
улица саларьевская земельный участок 13 улица трехполье земельный участок 6,"улица Саларьевская, земельный участок 13, улица Трёхполье, земельный участок 6",1,rv,Введено,ПИК,НАО,Коммунарка,55.581794,37.448441,manual_exact,exact,True
улица саларьевская земельный участок 17,"улица Саларьевская, земельный участок 17",1,oks,Строится,ПИК,НАО,Коммунарка,55.581794,37.448441,district_centroid,approximate,True
улица салтыковская земельный участок 4а,"улица Салтыковская, земельный участок 4А",1,oks,Строится,"ООО ""ЭКОСПОРТПРО""",ВАО,Косино-Ухтомский,55.722810325,37.8601839,district_centroid,approximate,True
улица саляма адиля дом 2а,Улица Саляма Адиля Дом 2А,1,rv,Введено,КОНЦЕРН КРОСТ,СЗАО,Хорошёво-Мнёвники,55.765528,37.4972546,manual_exact,exact,True
улица свободы земельный участок 69 (свободы ул вл69),"улица Свободы, земельный участок 69 (Свободы ул., вл.69)",1,rv,Введено,ФОНД РЕНОВАЦИИ,СЗАО,Северное Тушино,55.8549291,37.43681055,manual_exact,exact,True
улица сергея макеева владение 11/9 строение 1-10 13,"улица Сергея Макеева, владение 11/9, строение 1-10, 13",1,oks,Строится,SMINEX,ЦАО,Пресненский,55.7580051,37.5654894,district_centroid,approximate,True
улица сергея макеева земельный участок 7/1,"улица Сергея Макеева, земельный участок 7/1",2,oks,Строится,ДОНСТРОЙ,ЦАО,Пресненский,55.7580051,37.5654894,district_centroid,approximate,True
улица сергея эйзенштейна земельный участок 8,"улица Сергея Эйзенштейна, земельный участок 8",3,rv,Введено,"АО ""Киностудия им. М. Горького""",СВАО,Останкинский,55.8386265,37.6302466,manual_exact,exact,True
улица складочная земельный участок 1/1,"улица Складочная, земельный участок 1/1",1,oks,Строится,"АО ""ГКС""",СВАО,Бутырский,55.8116348,37.596868,district_centroid,approximate,True
улица складочная земельный участок 6/5,"улица Складочная, земельный участок 6/5",1,rv,Введено,ПИК,СВАО,Марьина Роща,55.802665000000005,37.5977475,geometry_permit,,True
улица скульптора мухиной вл 11/1,"улица Скульптора Мухиной, вл. 11/1",1,rv,Введено,ФОНД РЕНОВАЦИИ,ЗАО,Ново-Переделкино,55.644386,37.3591625,manual_exact,exact,True
улица снежная земельный участок 20а,"улица Снежная, земельный участок 20А",1,rv,Введено,ФСК,СВАО,Свиблово,55.85444735,37.65271355,manual_exact,exact,True
улица совхозная земельный участок 55/2 (участок 21.1),"улица Совхозная, земельный участок 55/2 (участок 21.1)",1,rv,Введено,ФОНД РЕНОВАЦИИ,ЮВАО,Люблино,55.6681995,37.7454006,manual_exact,exact,True
улица солнечная земельный участок 4,"улица Солнечная, земельный участок 4",1,oks,Строится,АБСОЛЮТ,НАО,Филимонковский,55.5500805,37.314627,district_centroid,approximate,True
улица софьи ковалевской вл 2а,"улица Софьи Ковалевской, вл. 2А",1,oks,Строится,ДЕПАРТАМЕНТ ГРАЖДАНСКОГО СТРОИТЕЛЬСТВА ГОРОДА МОСКВЫ,САО,Дмитровский,55.88855115,37.53574255,district_centroid,approximate,True
улица ставропольская земельный участок 7,"улица Ставропольская, земельный участок 7",1,oks,Строится,ФОНД РЕНОВАЦИИ,ЮВАО,Люблино,55.6681995,37.7454006,district_centroid,approximate,True
улица ставропольская земельный участок 9а,"улица Ставропольская, земельный участок 9А",1,oks,Строится,ФОНД РЕНОВАЦИИ,ЮВАО,Люблино,55.6681995,37.7454006,district_centroid,approximate,True
улица таганрогская земельный участок 8,"улица Таганрогская, земельный участок 8",1,oks,Строится,ФОНД РЕНОВАЦИИ,ЮВАО,Люблино,55.6681995,37.7454006,district_centroid,approximate,True
улица ташкентская земельный участок 14/1,"улица Ташкентская, земельный участок 14/1",1,rv,Введено,ФОНД РЕНОВАЦИИ,ЮВАО,Выхино-Жулебино,55.7022001,37.81384715,manual_exact,exact,True
улица ташкентская земельный участок 14/5 (зоны 3.3 и 3.4),"улица Ташкентская, земельный участок 14/5 (зоны 3.3 и 3.4)",1,rv,Введено,ФОНД РЕНОВАЦИИ,ЮВАО,Выхино-Жулебино,55.7022001,37.81384715,manual_exact,exact,True
улица твардовского вл 8,"улица Твардовского, вл. 8",1,oks,Строится,"КП ""ТЕХНОПАРК ""СТРОГИНО""",СЗАО,Строгино,55.7999452,37.3901161,nominatim,secondary,True
улица твардовского д 10 стр 5,"улица Твардовского, д. 10, стр. 5",1,rv,Введено,"АНО ""РСИ""",СЗАО,Строгино,55.794645,37.3863686,manual_exact,exact,True
улица трехполье земельный участок 6,"улица Трёхполье, земельный участок 6",1,rv,Введено,ПИК,НАО,Коммунарка,55.613434,37.415014,geometry_permit,,True
улица трехполье земельный участок 7,"улица Трёхполье, земельный участок 7",1,oks,Строится,ПИК,НАО,Коммунарка,55.581794,37.448441,district_centroid,approximate,True
улица удальцова д 75а,"улица Удальцова, д. 75А",1,oks,Строится,"АО ""РУССКАЯ ТРОЙКА""",ЗАО,Проспект Вернадского,55.6729,37.5060646,district_centroid,approximate,True
улица флотская земельный участок 66/1,"улица Флотская, земельный участок 66/1",1,oks,Строится,ФОНД РЕНОВАЦИИ,САО,Головинский,55.84324995,37.49734265,district_centroid,approximate,True
улица флотская земельный участок 66/2,"улица Флотская, земельный участок 66/2",1,oks,Строится,ФОНД РЕНОВАЦИИ,САО,Головинский,55.84324995,37.49734265,district_centroid,approximate,True
улица флотская земельный участок 68,"улица Флотская, земельный участок 68",1,oks,Строится,ФОНД РЕНОВАЦИИ,САО,Головинский,55.84324995,37.49734265,district_centroid,approximate,True
улица херсонская земельный участок 10/1,"улица Херсонская, земельный участок 10/1",1,rv,Введено,ФОНД РЕНОВАЦИИ,ЮЗАО,Зюзино,55.6528725,37.5867464,manual_exact,exact,True
улица херсонская земельный участок 14 (участок 1.4),"улица Херсонская, земельный участок 14 (участок 1.4)",1,oks,Строится,ФОНД РЕНОВАЦИИ,ЮЗАО,Зюзино,55.6528725,37.5867464,district_centroid,approximate,True
улица херсонская земельный участок 16 (участок 1.3),"улица Херсонская, земельный участок 16 (участок 1.3)",1,oks,Строится,ФОНД РЕНОВАЦИИ,ЮЗАО,Зюзино,55.6528725,37.5867464,district_centroid,approximate,True
улица центральная земельный участок 1б,"улица Центральная, земельный участок 1Б",1,rv,Введено,ИНДИВИДУАЛЬНЫЕ ПРЕДПРИНИМАТЕЛИ,НАО,Коммунарка,55.581794,37.448441,manual_exact,exact,True
улица цеткин клары д 33,"улица Цеткин Клары, д. 33",1,rv,Введено,КОНЦЕРН ВКО АЛМАЗ - АНТЕЙ,САО,Войковский,55.8182888,37.5191101,nominatim,tertiary,True
улица циолковского вл 3,"улица Циолковского, вл. 3",1,oks,Строится,ФОНД РЕНОВАЦИИ,СЗАО,Покровское-Стрешнево,55.8290116,37.4415913,nominatim,residential,True
улица чапаева земельный участок 4,"улица Чапаева, земельный участок 4",1,rv,Введено,ФОНД РЕНОВАЦИИ,НАО,Щербинка,55.49523050000001,37.518144,manual_exact,exact,True
улица чароитовая земельный участок 5б,"улица Чароитовая, земельный участок 5Б",1,oks,Строится,ИНДИВИДУАЛЬНЫЕ ПРЕДПРИНИМАТЕЛИ,НАО,Коммунарка,55.581794,37.448441,district_centroid,approximate,True
улица часовая вл 27/12,"улица Часовая, вл. 27/12",1,rv,Введено,КП УГС,САО,Аэропорт,55.80185185000001,37.5368174,manual_exact,exact,True
улица часовая земельный участок 28/1,"улица Часовая, земельный участок 28/1",2,oks; rv,Строится; Введено,ПИК,САО,Аэропорт,55.80185185000001,37.5368174,district_centroid,approximate,True
улица часовая земельный участок 6/3,"улица Часовая, земельный участок 6/3",1,oks,Строится,DAR,САО,Аэропорт,55.80185185000001,37.5368174,district_centroid,approximate,True
улица шарикоподшипниковская земельный участок 11/2,"улица Шарикоподшипниковская, земельный участок 11/2",1,oks,Строится,ГРАНЕЛЬ,ЮВАО,Южнопортовый,55.7236223,37.6824575,district_centroid,approximate,True
улица шеногина земельный участок 2/23,"улица Шеногина, земельный участок 2/23",1,oks,Строится,ФСК,СЗАО,Хорошёво-Мнёвники,55.765528,37.4972546,district_centroid,approximate,True
улица шеногина земельный участок 2/8,"улица Шеногина, земельный участок 2/8",1,oks,Строится,ФСК,СЗАО,Хорошёво-Мнёвники,55.765528,37.4972546,district_centroid,approximate,True
улица шепелюгинская дом 16а,Улица Шепелюгинская Дом 16А,1,rv,Введено,ФОНД РЕНОВАЦИИ,ЮВАО,Лефортово,55.754854,37.70693,manual_exact,exact,True
улица шепелюгинская земельный участок 14,"улица Шепелюгинская, земельный участок 14",1,rv,Введено,ФОНД РЕНОВАЦИИ,ЮВАО,Лефортово,55.754854,37.70693,manual_exact,exact,True
улица шереметьевская дом 5 корпус 1,"улица Шереметьевская, дом 5, корпус 1",1,rv,Введено,КП УГС,СВАО,Марьина роща,55.7925842,37.6043898,manual_exact,exact,True
улица шоссейная вл 90 стр 6,"улица Шоссейная вл. 90, стр. 6",1,rv,Введено,САМОЛЕТ,ЮВАО,Печатники,55.6990676,37.6984857,manual_exact,exact,True
улица шоссейная земельный участок 4а,"улица Шоссейная, земельный участок 4А",1,oks,Строится,ГАЛС,ЮВАО,Печатники,55.6990676,37.6984857,district_centroid,approximate,True
улица шумилова земельный участок 26,"улица Шумилова, земельный участок 26",1,rv,Введено,ФОНД РЕНОВАЦИИ,ЮВАО,Кузьминки,55.7097739,37.7688408,manual_exact,exact,True
улица шумкина,улица Шумкина,1,oks,Строится,"ООО ""СЗ ""СОКОЛЬНИКИ""",ВАО,Сокольники,55.7888869,37.6681236,nominatim,tertiary,True
улица шушенская вл 8,"улица Шушенская, вл. 8",1,rv,Введено,МАНГАЗЕЯ,СВАО,Лосиноостровский,55.8641682,37.6872725,manual_exact,exact,True
улица эдварда грига дом 12,Улица Эдварда Грига Дом 12,1,rv,Введено,А101,НАО,Коммунарка,55.55522,37.502447000000004,geometry_permit,,True
улица эдварда грига земельный участок 16а/2,"улица Эдварда Грига, земельный участок 16А/2",1,oks,Строится,А101,НАО,Коммунарка,55.581794,37.448441,district_centroid,approximate,True
улица эдварда грига земельный участок 18а/1 по проекту строительства комплексной застройки ппт 2-5,"улица Эдварда Грига, земельный участок 18А/1, по проекту строительства комплексной застройки ППТ 2-5",1,oks,Строится,А101,НАО,Коммунарка,55.581794,37.448441,district_centroid,approximate,True
улица эдварда грига земельный участок 9в,"улица Эдварда Грига, земельный участок 9В",1,rv,Введено,А101,НАО,Коммунарка,55.581794,37.448441,manual_exact,exact,True
улица южнопортовая дом 28а,"улица Южнопортовая, дом 28А",1,rv,Введено,LEVEL GROUP,ЮВАО,Печатники,55.6990676,37.6984857,manual_exact,exact,True
улица южнопортовая земельный участок 21/53/54/4,"улица Южнопортовая, земельный участок 21/53/54/4",1,oks,Строится,КОРТРОС,ЮВАО,Печатники,55.6990676,37.6984857,district_centroid,approximate,True
улица южнопортовая земельный участок 52/2,"улица Южнопортовая, земельный участок 52/2",1,rv,Введено,ПИК,ЮВАО,Печатники,55.6990676,37.6984857,manual_exact,exact,True
улица юных ленинцев земельный участок 113/12/8 (ул юных ленинцев зу 111 зона 12.8),"улица Юных Ленинцев, земельный участок 113/12/8 (ул. Юных Ленинцев, з/у 111, зона 12.8)",1,rv,Введено,ФОНД РЕНОВАЦИИ,ЮВАО,Кузьминки,55.7097739,37.7688408,manual_exact,exact,True
улица юных ленинцев земельный участок 113/5,"улица Юных Ленинцев, земельный участок 113/5",1,rv,Введено,ФОНД РЕНОВАЦИИ,ЮВАО,Кузьминки,55.7097739,37.7688408,manual_exact,exact,True
улица юных ленинцев земельный участок 44а,"улица Юных Ленинцев, земельный участок 44А",1,rv,Введено,ФОНД РЕНОВАЦИИ,ЮВАО,Кузьминки,55.7097739,37.7688408,manual_exact,exact,True
улица ярцевская участок 21/1,"улица Ярцевская, участок 21/1",1,oks,Строится,АКВИЛОН,ЗАО,Кунцево,55.74346005,37.39999495,district_centroid,approximate,True
уллодочная вл20 (сзао район южное тушино),"ул.Лодочная ,вл.20 (СЗАО, район Южное Тушино)",1,oks,Строится,"ООО ""ТОРГОВЫЙ ДОМ РУСЛАН Э""",СЗАО,Южное Тушино,55.8406297,37.447248,district_centroid,approximate,True
улмаршала савицкого вл6. корп1 (корп26),"ул.Маршала Савицкого, вл.6. корп.1 (корп.26)",1,oks,Строится,"ООО ""МОНТАНА""",ЮЗАО,Южное Бутово,55.54729475,37.5747165,district_centroid,approximate,True
улмихайлова земельный участок 15,"ул.Михайлова, земельный участок 15",1,rv,Введено,ФОНД РЕНОВАЦИИ,ЮВАО,Рязанский,55.722711,37.77755000000001,manual_exact,exact,True
улниколая сладкова дом поз.23,"ул.Николая Сладкова, дом поз.23",1,oks,Строится,"ООО ""ЛЕСНАЯ СКАЗКА""",ТАО,Троицк,55.5274153,37.2817736,district_centroid,approximate,True
улниколая химушина зу 2/7б,"ул.Николая Химушина, з/у 2/7Б",1,rv,Введено,ПИК,ВАО,Метрогородок,55.8171965,37.7595835,manual_exact,exact,True
улобручева д7,"ул.Обручева, д.7",1,rv,Введено,РЕМСТРОЙТРЕСТ,ЮЗАО,Обручевский,55.6629071,37.5096393,nominatim,secondary,True
улпетровка д38,УЛ.ПЕТРОВКА Д.38,1,rv,Введено,МОНАРХ,ЦАО,Тверской,55.7787255,37.5996357,manual_exact,exact,True
улполяны пересечение с ул скобелевская,"ул.Поляны, пересечение с ул. Скобелевская",1,rv,Введено,ПИК,ЮЗАО,Южное Бутово,55.54729475,37.5747165,manual_exact,exact,True
улсинявинская д9,"ул.Синявинская, д.9",1,rv,Введено,ИНДИВИДУАЛЬНЫЕ ПРЕДПРИНИМАТЕЛИ,САО,Молжаниновский,55.9480726,37.3503702,nominatim,living_street,True
улусачева д13,"ул.Усачёва, д.13",1,rv,Введено,SMINEX,ЦАО,Хамовники,55.72162725,37.5633727,manual_exact,exact,True
уральская ул вл 21,Уральская ул. вл. 21,1,rv,Введено,ПРАВОСЛАВИЕ,ВАО,Гольяново,55.8203513,37.7992248,nominatim,place_of_worship,True
уржумская ул вл 4/1,Уржумская ул. вл. 4/1,1,rv,Введено,"АНО ""РСИ""",СВАО,Свиблово,55.8533007,37.6647901,nominatim,residential,True
утренняя ул вл 20 стр 2,Утренняя ул. вл. 20 стр. 2,1,rv,Введено,ФОНД РЕНОВАЦИИ,ВАО,Новогиреево,55.7491465,37.8024271,manual_exact,exact,True
уч 12 вблизи дер николо-хованское,"уч. 12, вблизи дер. Николо-Хованское",1,rv,Введено,А101,НАО,Коммунарка,55.581794,37.448441,manual_exact,exact,True
участок грп десна - снт ракитки,Участок ГРП «Десна» - СНТ «Ракитки»,1,rv,Введено,МОСГАЗ,НАО,Коммунарка,55.581794,37.448441,manual_exact,exact,True
участок от ст. улица новаторов до ст. славянский мир,Участок от ст. «Улица Новаторов» до ст. «Славянский мир»,5,rv,Введено,МОСКОВСКИЙ МЕТРОПОЛИТЕН,ЮЗАО,Коньково,55.64880935,37.5488697,manual_exact,exact,True
фабрики имени 1 мая пос кв-л №99 влд. 1,"Фабрики имени 1 Мая пос. , кв-л №99, влд. 1",1,rv,Введено,КП УГС,НАО,Щербинка,55.49523050000001,37.518144,manual_exact,exact,True
федора полетаева улица д 36 корп 2,"Федора Полетаева улица, д. 36, корп. 2",1,rv,Введено,ИНДИВИДУАЛЬНЫЕ ПРЕДПРИНИМАТЕЛИ,ЮВАО,Кузьминки,55.7097739,37.7688408,manual_exact,exact,True
феодосийская ул д 7 к 2,"Феодосийская ул., д. 7, к. 2",1,oks,Строится,НАРОМИЛА ДЕВЕЛОПМЕНТ ЛТД,ЮЗАО,Северное Бутово,55.5692452,37.5794073,district_centroid,approximate,True
феодосийская улица вл 1/1,"Феодосийская улица, вл. 1/1",1,oks,Строится,НАРОМИЛА ДЕВЕЛОПМЕНТ ЛТД,ЮЗАО,Северное Бутово,55.5692452,37.5794073,district_centroid,approximate,True
ферганская ул вл 17-21,"Ферганская ул., вл. 17-21",1,rv,Введено,"ООО ""ФКА""",ЮВАО,Выхино-Жулебино,55.7022001,37.81384715,manual_exact,exact,True
ферганская ул д 8,"ФЕРГАНСКАЯ УЛ., Д. 8",1,rv,Введено,"ООО ""ПРОФ ФИНАНС""",ЮВАО,Выхино-Жулебино,55.7022001,37.81384715,manual_exact,exact,True
ферганский пр вл 14,"Ферганский пр., вл. 14",1,rv,Введено,ФОНД РЕНОВАЦИИ,ЮВАО,Выхино-Жулебино,55.6956134,37.8209626,nominatim,tertiary,True
фестивальная ул вл 13 вл 13а,"Фестивальная ул. вл. 13, вл. 13А",2,oks,Строится,"АО СЗ ""ЦЕНТР-ИНВЕСТ""",САО,Левобережный,55.8692475,37.4578945,district_centroid,approximate,True
фестивальная ул вл 15,Фестивальная ул. вл. 15,2,rv,Введено,"АО СЗ ""ЦЕНТР-ИНВЕСТ""",САО,Левобережный,55.8615602,37.50288,nominatim,tertiary,True
фестивальная ул д 4 б,"ФЕСТИВАЛЬНАЯ УЛ., Д. 4 Б",1,rv,Введено,"КП ""БСА ""ЛУЖНИКИ""",САО,Левобережный,55.8692475,37.4578945,manual_exact,exact,True
фестивальная улица дом 29,"Фестивальная улица, дом 29",1,rv,Введено,"АО СЗ ""ЦЕНТР-ИНВЕСТ""",САО,Левобережный,55.8692475,37.4578945,manual_exact,exact,True
фестивальная. дом 16 а,Фестивальная. дом 16 А,1,rv,Введено,"АНО ""РСИ""",САО,Ховрино,55.8643521,37.50288,manual_exact,exact,True
физическая ул д 29,Физическая ул. д 29,1,rv,Введено,"АО ""СМП-1""",ТАО,Троицк,55.6986768,37.5610561,nominatim,residential,True
физическая ул д 31 стррое2,Физическая ул. д 31 стррое2,1,rv,Введено,"АО ""СМП-1""",ТАО,Троицк,55.5274153,37.2817736,manual_exact,exact,True
физическая ул зу 27,"Физическая ул., з/у 27",1,rv,Введено,"ГКУ ""МОСКВОРЕЧЬЕ""",ТАО,Троицк,55.5274153,37.2817736,manual_exact,exact,True
филевский бульв. вл 18,Филевский бульв. вл. 18,1,rv,Введено,ПРАВОСЛАВИЕ,ЗАО,Филевский Парк,55.7499566,37.5151422,manual_exact,exact,True
филевский бульвар (ул новозаводская),Филевский бульвар (ул. Новозаводская),9,rv,Введено,МОСИНЖПРОЕКТ,ЗАО,Филёвский Парк,55.7504635,37.5074345,manual_exact,exact,True
филевский бульвар напротив вл 18,"Филёвский бульвар, напротив вл. 18",1,oks,Строится,ПРАВОСЛАВИЕ,ЗАО,Филёвский Парк,55.7504635,37.5074345,district_centroid,approximate,True
фили-давыдково кв. 1-2 корп 18 18а,"Фили-Давыдково кв. 1-2 корп. 18, 18А",1,rv,Введено,МОСКОВСКИЙ ФОНД ЗАЩИТЫ ПРАВ ДОЛЬЩИКОВ,ЗАО,Фили-Давыдково,55.7212366,37.4622918,manual_exact,exact,True
филимонковское кв-л 174,"Филимонковское, кв-л 174",2,oks,Строится,САМОЛЕТ,НАО,Филимонковский,55.5500805,37.314627,district_centroid,approximate,True
филимонковское кв-л 25 зу 1,"Филимонковское, кв-л 25, з/у 1",2,rv,Введено,ПИК,НАО,Филимонковский,55.5500805,37.314627,manual_exact,exact,True
филимонковское кв.65 зу 3,"Филимонковское, кв.65, з/у 3",2,oks,Строится,САМОЛЕТ,НАО,Филимонковский,55.5500805,37.314627,district_centroid,approximate,True
франко ивана ул,Франко Ивана ул.,1,rv,Введено,ПИК,ЗАО,Кунцево,55.727823,37.4271687,nominatim,tertiary,True
франко ивана ул вл 4 6,"Франко Ивана ул. вл. 4,6",1,rv,Введено,ОСНОВА,ЗАО,Фили-Давыдково,55.7212366,37.4622918,manual_exact,exact,True
фрезер ш вл 17 стр 1 2,"Фрезер ш., вл. 17, стр. 1, 2",1,rv,Введено,ФОНД РЕНОВАЦИИ,ЮВАО,Нижегородский,55.7297194,37.7095577,manual_exact,exact,True
фридриха энгельса 56/1 вл 58 стр 1 2 3 вл 60 стр 1 вл 62 стр 1,"Фридриха Энгельса 56/1 вл. 58 стр. 1,2,3 вл. 60 стр. 1, вл. 62 стр. 1",1,oks,Строится,ГАЛС,ЦАО,Басманный,55.7672809,37.6697732,district_centroid,approximate,True
фролов пер вл2,"ФРОЛОВ ПЕР., ВЛ.2",1,rv,Введено,КП УГС,ЦАО,Красносельский,55.7778643,37.6749192,manual_exact,exact,True
фрунзенская наб. вл 30 вл 30 стр 2 вл 30 стр 19,"Фрунзенская наб., вл. 30, вл. 30 стр. 2, вл. 30, стр. 19",1,oks,Строится,SMINEX,ЦАО,Хамовники,55.72162725,37.5633727,district_centroid,approximate,True
харьковский пр д 2б,"ХАРЬКОВСКИЙ ПР., Д. 2Б",1,rv,Введено,"ООО ""АГМО И КО""",ЮАО,Бирюлево Западное,55.5897898,37.630707,manual_exact,exact,True
хвостов 2-й пер вл 8 стр 2,Хвостов 2-й пер. вл. 8 стр. 2,1,rv,Введено,"АО СЗ ""ЦЕНТР-ИНВЕСТ""",ЦАО,Якиманка,55.7425825,37.6157213,manual_exact,exact,True
херсонская ул зу 8 (участок 6.5),"Херсонская ул., з/у 8 (участок 6.5)",1,rv,Введено,ФОНД РЕНОВАЦИИ,ЮЗАО,Зюзино,55.6528725,37.5867464,manual_exact,exact,True
хлебный пер вл 24 стр 1,Хлебный пер. вл. 24 стр. 1,1,rv,Введено,"ЖСК ""ХЛЕБНЫЙ 24""",ЦАО,Пресненский,55.7580051,37.5654894,manual_exact,exact,True
ходынская ул уч 2/9,Ходынская ул. уч. 2/9,1,oks,Строится,"АО ""КАРАТ ИНВЕСТ""",ЦАО,Пресненский,55.7580051,37.5654894,district_centroid,approximate,True
ходынский б-р зу 4/1,"Ходынский б-р, з/у 4/1",1,oks,Строится,STONE,САО,Хорошёвский,55.7801228,37.5325428,district_centroid,approximate,True
ходынский бульвар д 2 стр 1 стр 2,"ХОДЫНСКИЙ БУЛЬВАР, Д. 2, СТР. 1, СТР. 2",1,rv,Введено,ПРАВОСЛАВИЕ,САО,Хорошевский,55.7953866,37.504053,manual_exact,exact,True
ходынский бульвар д 22,"ХОДЫНСКИЙ БУЛЬВАР, Д. 22",1,rv,Введено,SMINEX,САО,Хорошевский,55.7953866,37.504053,manual_exact,exact,True
ходынский бульвар земельный участок 20а/1,"Ходынский бульвар, земельный участок 20А/1",1,oks,Строится,"АО ""РЕТОС ИНВЕСТ""",САО,Хорошёвский,55.7801228,37.5325428,district_centroid,approximate,True
ходынский бульвар зу 20 а/2,"Ходынский бульвар, з/у 20 А/2",1,oks,Строится,STONE,САО,Хорошёвский,55.7801228,37.5325428,district_centroid,approximate,True
ходынский бульвар зу 6/2,"Ходынский бульвар, з/у 6/2",1,oks,Строится,STONE,САО,Хорошёвский,55.7801228,37.5325428,district_centroid,approximate,True
холодильный переулок дом 3 корп 1,"Холодильный переулок, дом 3, корп. 1",1,oks,Строится,"АО ""ИЗМЕРИТЕЛЬ""",ЮАО,Даниловский,55.711814,37.6597584,district_centroid,approximate,True
хорошево-мневники ул народного ополчения зу 15,"Хорошево-Мневники, ул. Народного Ополчения, з/у 15",5,rv,Введено,КОНЦЕРН КРОСТ,СЗАО,Хорошёво-Мнёвники,55.765528,37.4972546,manual_exact,exact,True
хорошевский,Хорошёвский,1,rv,Введено,МОСКОВСКИЙ МЕТРОПОЛИТЕН,САО,Хорошёвский,55.778943,37.5271371,nominatim,administrative,True
хорошевское ш вл 38а,"Хорошевское ш., вл. 38А",1,rv,Введено,КП УГС,САО,Хорошёвский,55.7801228,37.5325428,manual_exact,exact,True
хорошевское ш владение 39,"Хорошёвское ш., владение 39",1,oks,Строится,"ООО ""СЗ ""АСПЕЙС ХОРОШЕВСКАЯ""",САО,Хорошёвский,55.7801228,37.5325428,district_centroid,approximate,True
хорошевское шоссе,Хорошевское шоссе,7,rv,Введено,Э.К. ДЕВЕЛОПМЕНТ,САО,Хорошёвский,55.7773228,37.5165075,nominatim,secondary,True
хорошевское шоссе вл 25,Хорошевское шоссе вл. 25,1,rv,Введено,SEZAR GROUP,САО,Хорошёвский,55.7773228,37.5165075,nominatim,secondary,True
хорошевское шоссе вл 25 стр 25,"Хорошевское шоссе, вл. 25, стр 25",1,rv,Введено,"ООО ""ГАРАНТ-ИНВЕСТ""",САО,Хорошёвский,55.7801228,37.5325428,manual_exact,exact,True
хорошевское шоссе вл 38а,"Хорошевское шоссе, вл. 38А",1,rv,Введено,CAPITAL GROUP,САО,Хорошёвский,55.7801228,37.5325428,manual_exact,exact,True
хорошевское шоссе на пересечении с ул куусинена (участок 1),Хорошёвское шоссе на пересечении с ул. Куусинена (Участок 1),1,oks,Строится,УЭЗ,САО,Хорошёвский,55.7801228,37.5325428,district_centroid,approximate,True
хорошевское шоссе ул куусинена ул пересечение (участок № 2),"Хорошёвское шоссе ул., Куусинена ул., пересечение (участок № 2)",1,oks,Строится,УЭЗ,САО,Хорошёвский,55.7801228,37.5325428,district_centroid,approximate,True
цао,ЦАО,1,rv,Введено,МОСКОВСКИЙ МЕТРОПОЛИТЕН,ЦАО,Тверской,55.7787255,37.5996357,manual_exact,exact,True
цао район мещанский свао районы алексеевский марьина роща вао район сокольники,"ЦАО, район Мещанский; СВАО, районы Алексеевский, Марьина Роща; ВАО, район Сокольники",3,rv,Введено,МОСКОВСКИЙ МЕТРОПОЛИТЕН,ЦАО,Мещанский,55.7816543,37.6340098,manual_exact,exact,True
цветной бульвар д32 а.,"Цветной бульвар, д.32 А.",1,rv,Введено,УК АЛЬФА-КАПИТАЛ,ЦАО,Мещанский,55.7816543,37.6340098,manual_exact,exact,True
центральная ул (дер десна) вл 144,Центральная ул. (дер. Десна) вл. 144,1,rv,Введено,"ООО ""НОВАЯ ЗЕМЛЯ""",НАО,Троицк,55.5274153,37.2817736,manual_exact,exact,True
цимлянская ул вл 2 (38 мкр люблино),"ЦИМЛЯНСКАЯ УЛ., ВЛ. 2 (38 МКР ""ЛЮБЛИНО"")",1,rv,Введено,"ООО ""ПРИВАТ-ИВ""",ЮВАО,Люблино,55.6681995,37.7454006,manual_exact,exact,True
часовая ул,Часовая ул.,1,oks,Строится,ПИК,САО,Аэропорт,55.8082422,37.5311513,nominatim,tertiary,True
челобитьевское шоссе д10а,"ЧЕЛОБИТЬЕВСКОЕ ШОССЕ, Д.10А",1,rv,Введено,"ООО ""БАСМАННЫЙ ДОМ""",СВАО,Северный,55.92835525,37.5459852,manual_exact,exact,True
челобитьевское шоссе д10б,"ЧЕЛОБИТЬЕВСКОЕ ШОССЕ, Д.10Б",1,rv,Введено,"ООО ""АКВАМАРИН""",СВАО,Северный,55.92835525,37.5459852,manual_exact,exact,True
челомея академика ул вл 3б,"Челомея Академика ул., вл. 3Б",2,oks,Строится,ПРАВОСЛАВИЕ,ЮЗАО,Обручевский,55.6575505,37.5383225,district_centroid,approximate,True
челомея академика ул д 7а стр 1,"ЧЕЛОМЕЯ АКАДЕМИКА УЛ., Д. 7А, СТР. 1",1,rv,Введено,АКВАМАРЕ УНО ЛТД,ЮЗАО,Обручевский,55.6575505,37.5383225,manual_exact,exact,True
челомея академика ул д 7а стр 2,"ЧЕЛОМЕЯ АКАДЕМИКА УЛ., Д. 7А, СТР. 2",1,rv,Введено,АКВАМАРЕ УНО ЛТД,ЮЗАО,Обручевский,55.6575505,37.5383225,manual_exact,exact,True
челомея академика ул юзао обручевский,"Челомея академика ул., ЮЗАО, Обручевский",1,oks,Строится,AFI DEVELOPMENT,ЮЗАО,Обручевский,55.6575505,37.5383225,district_centroid,approximate,True
черемушки кв.32а,"Черемушки, кв.32А",1,oks,Строится,ПРАВОСЛАВИЕ,ЮЗАО,Черёмушки,55.6711698,37.5566241,district_centroid,approximate,True
черемушки нахимовский проспект ул новочеремушкинская тпу профсоюзная (участок 1),"Черёмушки, Нахимовский проспект, ул. Новочеремушкинская, ТПУ ""Профсоюзная"" (участок 1)",1,rv,Введено,"ООО УК ""ПРОГРЕСС-ФИНАНС""",ЮЗАО,Черемушки,55.6635403,37.5610662,manual_exact,exact,True
черепановых д 54а,"Черепановых, д. 54А",1,rv,Введено,ФОНД РЕНОВАЦИИ,САО,Коптево,55.8408195,37.5234607,nominatim,tertiary,True
черепановых пр вл 56а,Черепановых пр. вл. 56А,1,rv,Введено,ФОНД РЕНОВАЦИИ,САО,Коптево,55.8305705,37.5234607,manual_exact,exact,True
чермянская ул вл 3,Чермянская ул. вл. 3,5,oks,Строится,"АО ""СВОБОДА""",СВАО,Южное Медведково,55.8850089,37.6316241,nominatim,unclassified,True
чермянский проезд зу 4/1,"Чермянский проезд, з/у 4/1",3,rv,Введено,УК А КЛАСС КАПИТАЛ,СВАО,Северное Медведково,55.886639,37.6405375,manual_exact,exact,True
черное озеро ул зу 7,"Черное озеро ул., з/у 7",1,rv,Введено,ФОНД РЕНОВАЦИИ,ВАО,Косино-Ухтомский,55.722810325,37.8601839,manual_exact,exact,True
черноморский б-р д20 (участок 6.1),"Черноморский б-р, д.20 (участок 6.1)",1,rv,Введено,ФОНД РЕНОВАЦИИ,ЮЗАО,Зюзино,55.6528725,37.5867464,manual_exact,exact,True
черноморский бульвар вл 22 корп 2,"Черноморский бульвар, вл. 22, корп. 2",1,rv,Введено,ФОНД РЕНОВАЦИИ,ЮЗАО,Зюзино,55.6528725,37.5867464,manual_exact,exact,True
черняховского ул вл 19,"Черняховского ул., вл. 19",2,oks,Строится,"ПУБЛИЧНОЕ АКЦИОНЕРНОЕ ОБЩЕСТВО ""ПИК-СПЕЦИАЛИЗИРОВАННЫЙ ЗАСТРОЙЩИК""; ПИК",САО,Аэропорт,55.8031335,37.5337498,nominatim,residential,True
чертаново северное битцевский проезд дом 12,"Чертаново Северное, Битцевский проезд, дом 12",1,rv,Введено,КП УГС,ЮАО,Чертаново Северное,55.62381185,37.61200049999999,manual_exact,exact,True
чертаново северное мкр. опжр,"Чертаново Северное, мкр. ОПЖР",1,rv,Введено,КП УГС,ЮАО,Чертаново Северное,55.62381185,37.61200049999999,manual_exact,exact,True
чертановская ул вл 2 угол сумского пр,"Чертановская ул., вл. 2, угол Сумского пр.",1,oks,Строится,ПРАВОСЛАВИЕ,ЮАО,Чертаново Северное,55.62381185,37.61200049999999,district_centroid,approximate,True
чертановская ул вл 45,"Чертановская ул., вл. 45",1,rv,Введено,АНО РСИО,ЮАО,Чертаново Центральное,55.6252841,37.5959994,nominatim,secondary,True
чертановская улица вл 47 (пересечение чертановской ул и кировоградского проезда),"ЧЕРТАНОВСКАЯ УЛИЦА, ВЛ. 47, (ПЕРЕСЕЧЕНИЕ ЧЕРТАНОВСКОЙ УЛ. И КИРОВОГРАДСКОГО ПРОЕЗДА)",1,rv,Введено,"ООО ""ТОРГОВО-ПРОИЗВОДСТВЕННАЯ ФИРМА ""ГУСАР""",ЮАО,Чертаново Центральное,55.6170863,37.5959994,manual_exact,exact,True
чечерский пр-д вл 28,"Чечерский пр-д, вл. 28",2,rv,Введено,ФОНД РЕНОВАЦИИ,ЮЗАО,Южное Бутово,55.54729475,37.5747165,manual_exact,exact,True
чечерский проезд вл 22,"Чечерский проезд, вл. 22",1,oks,Строится,"ООО ""ГРИС-СТРОЙ""",ЮЗАО,Южное Бутово,55.5365435,37.5412302,nominatim,secondary,True
чечерский проезд земельный участок 15 (напротив вл 54 56),"Чечерский проезд, земельный участок 15 (напротив вл. 54, 56)",1,rv,Введено,ФОНД РЕНОВАЦИИ,ЮЗАО,Южное Бутово,55.54729475,37.5747165,manual_exact,exact,True
чечерский проезд напротив вл 92-94 (участок № 3),"Чечёрский проезд, напротив вл. 92-94 (участок № 3)",1,rv,Введено,ЛУКОЙЛ,ЮЗАО,Южное Бутово,55.54729475,37.5747165,manual_exact,exact,True
чистова ул вл 3а стр 1,Чистова ул. вл. 3А стр. 1,1,rv,Введено,ФОНД РЕНОВАЦИИ,ЮВАО,Текстильщики,55.719618,37.725135,manual_exact,exact,True
чоботовская ул д 2 корп1,"Чоботовская ул., д. 2,корп.1",1,rv,Введено,"АО СЗ ""ЦЕНТР-ИНВЕСТ""",ЗАО,Ново-Переделкино,55.644386,37.3591625,geometry_permit,,True
чонгарский б-р д 26а к1,"ЧОНГАРСКИЙ Б-Р, Д. 26А, К1",1,rv,Введено,РГ-ДЕВЕЛОПМЕНТ,ЮЗАО,Зюзино,55.6528725,37.5867464,manual_exact,exact,True
чонгарский б-р д 26а к2,"ЧОНГАРСКИЙ Б-Р, Д. 26А, К2",2,rv,Введено,РГ-ДЕВЕЛОПМЕНТ,ЮЗАО,Зюзино,55.6528725,37.5867464,manual_exact,exact,True
чонгарский б-р д 26а к3,"ЧОНГАРСКИЙ Б-Р, Д. 26А, К3",1,rv,Введено,РГ-ДЕВЕЛОПМЕНТ,ЮЗАО,Зюзино,55.6528725,37.5867464,manual_exact,exact,True
чонгарский б-р д 26а стр 4,"ЧОНГАРСКИЙ Б-Р, Д. 26А, стр. 4",1,rv,Введено,РГ-ДЕВЕЛОПМЕНТ,ЮЗАО,Зюзино,55.6528725,37.5867464,manual_exact,exact,True
чуйкова маршала ул земельный участок 9/5/2,Чуйкова маршала ул. земельный участок 9/5/2,1,rv,Введено,ФОНД РЕНОВАЦИИ,ЮВАО,Кузьминки,55.7097739,37.7688408,manual_exact,exact,True
ш алтуфьевское зу 33г,"ш. Алтуфьевское, з/у 33Г",1,rv,Введено,"АО ""СМАК""",СВАО,Отрадное,55.85055975,37.5782006,manual_exact,exact,True
ш боровское 2 корпус 6.1,"ш. Боровское 2, Корпус 6.1",1,rv,Введено,ПИК,ЗАО,Солнцево,55.6521865,37.40060335,manual_exact,exact,True
ш боровское 2 корпус 6.2,"ш. Боровское 2, Корпус 6.2",1,rv,Введено,ПИК,ЗАО,Солнцево,55.6521865,37.40060335,manual_exact,exact,True
ш варшавское 139,ш Варшавское 139,1,rv,Введено,КП УГС,ЮАО,Чертаново Южное,55.58849015,37.5972518,manual_exact,exact,True
ш варшавское 210 стр 1,"ш Варшавское 210, Стр 1",1,rv,Введено,"ООО ""ЛОБАЗ-М""",ЮЗАО,Южное Бутово,55.54729475,37.5747165,manual_exact,exact,True
ш варшавское вл 150б/1,"ш. Варшавское, вл. 150Б/1",1,rv,Введено,"ООО ""РАССВЕТ""",ЮАО,Чертаново Южное,55.58849015,37.5972518,manual_exact,exact,True
ш варшавское вл 170г,"ш. Варшавское, вл. 170Г",1,oks,Строится,"ООО ""ТРЕЛАС ГРУПП""",ЮАО,Донской,55.6976942,37.58841435,district_centroid,approximate,True
ш волоколамское 71 3,"ш Волоколамское,71,3",1,rv,Введено,ТУШИНО 2018,СЗАО,Покровское-Стрешнево,55.8192621,37.4415913,manual_exact,exact,True
ш волоколамское зу 93,"ш. Волоколамское, з/у 93",1,oks,Строится,MR GROUP,СЗАО,Покровское-Стрешнево,55.8192621,37.4415913,district_centroid,approximate,True
ш дмитровское 169в,ш Дмитровское 169В,1,rv,Введено,КП УГС,СВАО,Северный,55.92835525,37.5459852,manual_exact,exact,True
ш дмитровское 55,ш Дмитровское 55,1,rv,Введено,"АО ""КАПСТРОЙПРОЕКТ""",САО,Тимирязевский,55.8452897,37.5620884,manual_exact,exact,True
ш дмитровское вл 71 корп 2 стр 1-6,"ш. Дмитровское, вл. 71, корп. 2, стр. 1-6",1,rv,Введено,3S GROUP,САО,Западное Дегунино,55.8710935,37.5304893,manual_exact,exact,True
ш калужское вл 52б 35 км,"ш. Калужское, вл. 52Б, 35 км",4,rv,Введено,САМОЛЕТ,НАО,Троицк,55.5274153,37.2817736,manual_exact,exact,True
ш куркинское 15,"ш. Куркинское, 15",1,oks,Строится,"ООО ""СЗ ""КУРКИНСКИЙ ПРОЕКТ""",СЗАО,Куркино,55.8841622,37.3767618,nominatim,hospital,True
ш ленинградское д 2б стр 6,"ш. Ленинградское, д. 2Б, стр. 6",1,rv,Введено,МОСКОВСКИЙ МЕТРОПОЛИТЕН,САО,Сокол,55.80638795,37.4990888,manual_exact,exact,True
ш новомихайловское 1,ш Новомихайловское 1,5,rv,Введено,ФОНД РЕНОВАЦИИ,НАО,Мосрентген,55.5702958,37.3970203,manual_exact,exact,True
ш остафьевское 8,ш Остафьевское 8,1,rv,Введено,САМОЛЕТ,НАО,Рязановское,55.49523050000001,37.518144,manual_exact,exact,True
ш остафьевское зу 20/2,"ш. Остафьевское, з/у 20/2",2,oks; rv,Строится; Введено,САМОЛЕТ,НАО,Щербинка,55.49523050000001,37.518144,district_centroid,approximate,True
ш открытое 26 к6,"ш Открытое 26, к6",1,rv,Введено,ФОНД РЕНОВАЦИИ,ВАО,Метрогородок,55.8171965,37.7595835,manual_exact,exact,True
ш очаковское,ш. Очаковское,1,oks,Строится,ПИК,ЗАО,Очаково-Матвеевское,55.6863057,37.4385902,nominatim,tertiary,True
ш очаковское (зао очаково-матвеевское),"ш. Очаковское (ЗАО, Очаково-Матвеевское)",1,oks,Строится,ПИК,ЗАО,Очаково-Матвеевское,55.6921215,37.460952000000006,geometry,,True
ш перовское,ш. Перовское,1,oks,Строится,BAZA Development,ЮВАО,Нижегородский,55.7347583,37.7421318,nominatim,tertiary,True
ш пятницкое .вл 53,ш. Пятницкое .вл. 53,1,oks,Строится,ИНДИВИДУАЛЬНЫЕ ПРЕДПРИНИМАТЕЛИ,СЗАО,Митино,55.8358781,37.3875208,nominatim,primary,True
ш рублевское 70 к1,"ш Рублёвское 70, К1",1,rv,Введено,"ООО ""СТРОЙ ВЕСТ""",ЗАО,Крылатское,55.7493698,37.4120281,manual_exact,exact,True
ш старокалужское пересечение с ул академика челомея,"ш. Старокалужское, пересечение с ул. Академика Челомея",1,rv,Введено,AFI DEVELOPMENT,ЮЗАО,Обручевский,55.663543000000004,37.5383225,geometry_permit,,True
ш фрезер 7/2,ш Фрезер 7/2,1,rv,Введено,ДЕПАРТАМЕНТ ГРАЖДАНСКОГО СТРОИТЕЛЬСТВА ГОРОДА МОСКВЫ,ЮВАО,Нижегородский,55.7297194,37.7095577,manual_exact,exact,True
ш хорошевское 25а к3,"ш Хорошёвское 25А, К3",1,rv,Введено,SEZAR GROUP,САО,Хорошевский,55.7953866,37.504053,manual_exact,exact,True
ш энтузиастов влд. 33 ( зу 33/1),"ш. Энтузиастов, влд. 33 ( з/у 33/1)",1,oks,Строится,МОСГАЗ,ВАО,Перово,55.7468432,37.7887908,district_centroid,approximate,True
шарикоподшипниковская земельный участок 11/2,"Шарикоподшипниковская, земельный участок 11/2",1,rv,Введено,ГРАНЕЛЬ,ЮВАО,Южнопортовый,55.7236223,37.6824575,manual_exact,exact,True
шелепихинская набережная дом 34 корп 4,"Шелепихинская набережная, дом 34, корп. 4",1,rv,Введено,ДОНСТРОЙ,СЗАО,Хорошево-Мневники,55.7601052,37.5183196,manual_exact,exact,True
шелепихинская набережная дом 34 корпус 5,"Шелепихинская набережная, дом 34, корпус 5",1,rv,Введено,ДОНСТРОЙ,СЗАО,Хорошёво-Мнёвники,55.765528,37.4972546,manual_exact,exact,True
шелепихинский тупик земельный участок 17/1,"Шелепихинский тупик, земельный участок 17/1",1,oks,Строится,УЭЗ,ЦАО,Пресненский,55.7580051,37.5654894,district_centroid,approximate,True
шелепихинское шоссе д 6а соор. 1,"ШЕЛЕПИХИНСКОЕ ШОССЕ, Д. 6А, СООР. 1",1,rv,Введено,"АО ""МКЖД""",ЦАО,Пресненский,55.7580051,37.5654894,manual_exact,exact,True
шеногина ул вл2,"Шеногина ул., вл.2",2,rv,Введено,ФСК,СЗАО,Хорошёво-Мнёвники,55.7642519,37.5092908,nominatim,unclassified,True
шеногина ул зу 2/17,"Шеногина ул., з/у 2/17",1,oks,Строится,ФСК,СЗАО,Хорошёво-Мнёвники,55.765528,37.4972546,district_centroid,approximate,True
шереметьевская ул зу 17,"Шереметьевская ул., з/у 17",1,oks,Строится,ФОНД РЕНОВАЦИИ,СВАО,Марьина Роща,55.798009,37.6064327,district_centroid,approximate,True
шипиловская ул вл 41 корп 1,Шипиловская ул. вл. 41 корп. 1,1,rv,Введено,ПЕРСПЕКТИВА,ЮАО,Зябликово,55.6178373,37.7671258,manual_exact,exact,True
шкалужское вл 52б 35 км,"ш.Калужское, вл. 52Б, 35 км",4,rv,Введено,САМОЛЕТ,НАО,Десеновское,55.5702958,37.3970203,manual_exact,exact,True
школьная ул,Школьная ул.,1,rv,Введено,"ООО ""КОРД""",НАО,Внуково,55.745558,37.6718461,nominatim,pedestrian,True
шлюзовая набережная вл 2/1,"Шлюзовая набережная, вл. 2/1",1,oks,Строится,ГАЛС,ЦАО,Замоскворечье,55.7292918,37.6518075,nominatim,secondary,True
шлюзовая набережная д 2а,"ШЛЮЗОВАЯ НАБЕРЕЖНАЯ, Д. 2А",1,rv,Введено,ГРУППА ПСН,ЦАО,Замоскворечье,55.7402846,37.6328629,manual_exact,exact,True
шмитовский пр вл 39 стр 4 5 6 12 13 16 17,"Шмитовский пр. вл. 39 стр. 4, 5, 6, 12, 13, 16, 17",1,oks,Строится,КОРТРОС,ЦАО,Пресненский,55.7580051,37.5654894,district_centroid,approximate,True
шмитовский проезд вл 39 - мукомольный проезд вл 6 участок 2,"Шмитовский проезд, вл. 39 - Мукомольный проезд, вл. 6, участок 2",2,rv,Введено,КОРТРОС,ЦАО,Пресненский,55.7580051,37.5654894,manual_exact,exact,True
шмитовский проезд вл 39 мукомольный проезд вл 6 участок 2,"Шмитовский проезд, вл. 39, Мукомольный проезд, вл. 6, Участок 2",1,rv,Введено,КОРТРОС,ЦАО,Пресненский,55.7580051,37.5654894,manual_exact,exact,True
шмитовский проезд вл40,"Шмитовский проезд, вл.40",1,oks,Строится,УЭЗ,ЦАО,Пресненский,55.7550547,37.52213,nominatim,secondary,True
шокальского пр вл 28а,"Шокальского пр., вл. 28А",1,rv,Введено,ФОНД РЕНОВАЦИИ,СВАО,Северное Медведково,55.886639,37.6405375,manual_exact,exact,True
шокальского пр д 27 корп 2,"ШОКАЛЬСКОГО ПР., Д. 27 КОРП. 2",1,rv,Введено,КП УГС,СВАО,Северное Медведково,55.886639,37.6405375,manual_exact,exact,True
шокина пл. д 2 стр 5,Шокина пл. д. 2 стр. 5,3,oks,Строится,ВЭБ.РФ,ЗелАО,Крюково,55.9658925,37.173983,district_centroid,approximate,True
шоссе аминьевское дом 4д строение 4,Шоссе Аминьевское Дом 4Д Строение 4,1,rv,Введено,SMINEX,ЗАО,Очаково-Матвеевское,55.6907105,37.443805,manual_exact,exact,True
шоссе боровское вл2,"шоссе Боровское, вл.2",1,oks,Строится,ПИК,ЗАО,Солнцево,55.6521865,37.40060335,district_centroid,approximate,True
шоссе варшавское дом 280 а,"шоссе Варшавское, дом 280 А",1,rv,Введено,ПИК,ЮЗАО,Южное Бутово,55.518032000000005,37.574672500000005,geometry_permit,,True
шоссе варшавское километр 64-й земельный участок 1/2,"шоссе Варшавское, километр 64-й, земельный участок 1/2",1,oks,Строится,"ГБУ ""МИГРАЦИОННЫЙ ЦЕНТР""",ТАО,Вороново,55.323827,37.3468956,district_centroid,approximate,True
шоссе внуковское рядом с д 11-а строен. 2,"шоссе Внуковское, рядом с д. 11-А, строен. 2",1,oks,Строится,"ООО ""АВАНТАЖ""",ЗАО,Внуково,55.58975,37.26383705,district_centroid,approximate,True
шоссе волоколамское вл 63,"Шоссе Волоколамское, вл. 63",1,rv,Введено,"АНО ""РСИ""",СЗАО,Покровское-Стрешнево,55.8190744,37.4547251,nominatim,secondary,True
шоссе волоколамское дом 71 а,Шоссе Волоколамское Дом 71 А,2,rv,Введено,ТУШИНО 2018,СЗАО,Покровское-Стрешнево,55.8192621,37.4415913,manual_exact,exact,True
шоссе волоколамское дом 71/7,Шоссе Волоколамское Дом 71/7,1,rv,Введено,ТУШИНО 2018,СЗАО,Покровское-Стрешнево,55.8192621,37.4415913,manual_exact,exact,True
шоссе волоколамское дом 77 строение 2,Шоссе Волоколамское Дом 77 Строение 2,1,oks,Строится,РОСИМУЩЕСТВО,СЗАО,Покровское-Стрешнево,55.8192621,37.4415913,district_centroid,approximate,True
шоссе волоколамское земельный участок 106 (зона 1.2),"шоссе Волоколамское, земельный участок 106 (зона 1.2)",4,oks,Строится,ФОНД РЕНОВАЦИИ,СЗАО,Покровское-Стрешнево,55.8192621,37.4415913,district_centroid,approximate,True
шоссе волоколамское земельный участок 71/14,"шоссе Волоколамское, земельный участок 71/14",1,oks,Строится,ТУШИНО 2018,СЗАО,Покровское-Стрешнево,55.813811,37.429629000000006,geometry,,True
шоссе волоколамское земельный участок 71/15,"шоссе Волоколамское, земельный участок 71/15",1,oks,Строится,ТУШИНО 2018,СЗАО,Покровское-Стрешнево,55.813272999999995,37.431270999999995,geometry,,True
шоссе дмитровское земельный участок 73б,"шоссе Дмитровское, земельный участок 73Б",1,rv,Введено,ГРАНЕЛЬ,САО,Западное Дегунино,55.8710935,37.5304893,manual_exact,exact,True
шоссе дмитровское земельный участок 93/2,"шоссе Дмитровское, земельный участок 93/2",1,rv,Введено,ФОНД РЕНОВАЦИИ,САО,Бескудниковский,55.8725195,37.5462316,manual_exact,exact,True
шоссе коровинское,шоссе Коровинское,1,oks,Строится,ПИК,САО,Западное Дегунино,55.879696499999994,37.503396,geometry,,True
шоссе коровинское дом 2,Шоссе Коровинское Дом 2,1,rv,Введено,TASHIR,САО,Дмитровский,55.88855115,37.53574255,manual_exact,exact,True
шоссе коровинское земельный участок 29,Шоссе Коровинское Земельный участок 29,1,rv,Введено,ФОНД РЕНОВАЦИИ,САО,Западное Дегунино,55.8710935,37.5304893,manual_exact,exact,True
шоссе ленинградское зу 13 зу 202,"шоссе Ленинградское, з/у 13, з/у 202",2,oks,Строится,САМОЛЕТ,САО,Молжаниновский,55.9367,37.377,district_centroid,approximate,True
шоссе ленинградское корпус 3,"Шоссе Ленинградское, Корпус 3",1,rv,Введено,ФСК,САО,Молжаниновский,55.8222984,37.4992684,nominatim,commercial,True
шоссе открытое дом 14д,Шоссе Открытое Дом 14Д,1,rv,Введено,3S GROUP,ВАО,Богородское,55.81164245,37.7153353,manual_exact,exact,True
шоссе открытое дом 30,Шоссе Открытое Дом 30,1,rv,Введено,ФОНД РЕНОВАЦИИ,ВАО,Метрогородок,55.8171965,37.7595835,manual_exact,exact,True
шоссе очаковское земельный участок 3а/12,"шоссе Очаковское, земельный участок 3А/12",4,rv,Введено,ПИК,ЗАО,Очаково-Матвеевское,55.6907105,37.443805,manual_exact,exact,True
шоссе перовское,шоссе Перовское,2,oks,Строится,БРУСНИКА,ЮВАО,Нижегородский,55.7347583,37.7421318,nominatim,tertiary,True
шоссе перовское дом 2 корпус 1,"Шоссе Перовское, дом 2, корпус 1",1,rv,Введено,ПИК,ЮВАО,Нижегородский,55.7297194,37.7095577,manual_exact,exact,True
шоссе перовское земельный участок 2/3 1-й участок горьковского направления московской железной дороги от пересечения с курским направлением московской железной дороги до пересечения с московской окружной железной дорогой,"шоссе Перовское, земельный участок 2/3, 1-й участок Горьковского направления Московской железной дороги от пересечения с Курским направлением Московской железной дороги до пересечения с Московской окружной железной дорогой",1,rv,Введено,ПИК,ЮВАО,Нижегородский,55.7335105,37.7410425,geometry_permit,,True
шоссе энтузиастов,шоссе Энтузиастов,5,oks,Строится,МОСКОВСКИЙ МЕТРОПОЛИТЕН,ЮВАО,Лефортово,55.7575686,37.7494868,nominatim,station,True
шоссе энтузиастов вл 4,"шоссе Энтузиастов, вл. 4",1,oks,Строится,МОСКОВСКИЙ МЕТРОПОЛИТЕН,ЮВАО,Лефортово,55.7620919,37.7710285,nominatim,primary,True
шоссе энтузиастов вл4,"шоссе Энтузиастов, вл.4",1,rv,Введено,МОСКОВСКИЙ МЕТРОПОЛИТЕН,ЮВАО,Лефортово,55.7517208,37.7177272,nominatim,primary,True
шоссе энтузиастов влд 86с,"шоссе Энтузиастов, влд 86С",1,rv,Введено,"АНО ""РСИ""",ВАО,Перово,55.7468432,37.7887908,manual_exact,exact,True
шоссе энтузиастов дом 4 строение 19,"шоссе Энтузиастов, дом 4, строение 19",1,oks,Строится,МОСКОВСКИЙ МЕТРОПОЛИТЕН,ЮВАО,Лефортово,55.754854,37.70693,district_centroid,approximate,True
шоссе энтузиастов земельный участок 12,"шоссе Энтузиастов, земельный участок 12",1,oks,Строится,"ООО ""СЗ ""ОБЪЕКТ ГАРАНТ""",ЮВАО,Лефортово,55.754854,37.70693,district_centroid,approximate,True
шоссе энтузиастов земельный участок 56/39,"Шоссе Энтузиастов, земельный участок 56/39",1,oks,Строится,"ООО ""ПИКСЕЛ СТ""",ВАО,Перово,55.7468432,37.7887908,district_centroid,approximate,True
шоссе энтузиастов земельный участок 86/3,"шоссе Энтузиастов, земельный участок 86/3",1,rv,Введено,"АНО ""РСИ""",ВАО,Перово,55.7468432,37.7887908,manual_exact,exact,True
шоссе энтузиастов улица лабораторная земельный участок 23/1 земельный участок 12,"шоссе Энтузиастов, улица Лабораторная, земельный участок 23/1, земельный участок 12",1,oks,Строится,РОСИМУЩЕСТВО,ВАО,Соколиная Гора,55.7654052,37.7370939,district_centroid,approximate,True
шоссе ярославское земельный участок 26/12,Шоссе Ярославское Земельный участок 26/12,2,oks,Строится,МИНОБРНАУКИ РОССИИ,СВАО,Ярославский,55.8653274,37.701726,district_centroid,approximate,True
шоссейный проезд д 34,"ШОССЕЙНЫЙ ПРОЕЗД, Д. 34",1,rv,Введено,"ООО ""МОСКВИЧГРАЖДАНСТРОЙ""",ЮВАО,Печатники,55.6990676,37.6984857,manual_exact,exact,True
шоссейный проезд зу 12а,"Шоссейный проезд, з/у 12А",3,rv,Введено,ОЭЗ ТЕХНОПОЛИС МОСКВА,ЮВАО,Печатники,55.6990676,37.6984857,manual_exact,exact,True
шумкина ул вл 14,Шумкина ул. вл. 14,2,rv,Введено,МОСТРАНССКЛАД,ВАО,Сокольники,55.7884326,37.6690908,nominatim,tertiary,True
щапово пос,ЩАПОВО ПОС.,1,rv,Введено,"ООО ""РЕМПРОМСТРОЙ""",ТАО,Щаповское,55.50185,37.1284207,manual_exact,exact,True
щелковское шоссе влд.92 к3,"Щелковское шоссе, влд.92, к.3",1,rv,Введено,ФОНД РЕНОВАЦИИ,ВАО,Северное Измайлово,55.8065524,37.7977201,manual_exact,exact,True
щелковское шоссе д2а,"Щелковское шоссе, д.2А",1,oks,Строится,"ООО ""СЗ ""ДОМИНАНТА""",ВАО,Северное Измайлово,55.8065524,37.7977201,district_centroid,approximate,True
щелковское шоссе дом 71,"Щелковское шоссе, дом 71",1,rv,Введено,КП УГС,ВАО,Гольяново,55.8073766,37.7566198,manual_exact,exact,True
щербаковская ул д 38,Щербаковская ул. д. 38,1,oks,Строится,ПРАВИТЕЛЬСТВО РОССИЙСКОЙ ФЕДЕРАЦИИ,ВАО,Соколиная Гора,55.7829613,37.7366559,nominatim,secondary,True
щербинка нао,"Щербинка, НАО",2,rv,Введено,"АО ""ТУКС-2""",НАО,Щербинка,55.49523050000001,37.518144,manual_exact,exact,True
щербинка ул мостотреста земельный участок 3а,"Щербинка, ул. Мостотреста, земельный участок 3А",1,rv,Введено,ПИК,НАО,Щербинка,55.49523050000001,37.518144,manual_exact,exact,True
щипок ул д 26 стр 2,"Щипок ул., д. 26, стр. 2",1,oks,Строится,ZIGGURAT,ЦАО,Замоскворечье,55.7402846,37.6328629,district_centroid,approximate,True
щукино 1-й пехотный пер вл 2,"Щукино, 1-й Пехотный пер., вл. 2",1,rv,Введено,ГРАД,СЗАО,Щукино,55.8051302,37.4843128,nominatim,residential,True
щукинская ул д1,"ЩУКИНСКАЯ УЛ., Д.1",1,rv,Введено,МИНЗДРАВ РОССИИ,СЗАО,Щукино,55.8051302,37.4803087,manual_exact,exact,True
щукинская ул уч 7б,Щукинская ул. уч. 7Б,1,rv,Введено,ФОНД РЕНОВАЦИИ,СЗАО,Щукино,55.8051302,37.4803087,manual_exact,exact,True
эдварда грига дом 1а,Эдварда Грига Дом 1А,1,rv,Введено,А101,НАО,Коммунарка,55.581794,37.448441,manual_exact,exact,True
электрический пер вл 1,"Электрический пер., вл. 1",2,oks,Строится,SMINEX,ЦАО,Пресненский,55.7715693,37.5762692,nominatim,unclassified,True
электрический пер вл1,"Электрический пер., вл.1",1,oks,Строится,SMINEX,ЦАО,Пресненский,55.7715693,37.5762692,nominatim,unclassified,True
электродепо аминьевское. 2.1 этап,Электродепо «Аминьевское». 2.1 этап,1,rv,Введено,МОСКОВСКИЙ МЕТРОПОЛИТЕН,ЗАО,Можайский,55.7015105,37.3937955,manual_exact,exact,True
электрозаводская ул д 60 вао преображенское,"Электрозаводская ул. д. 60, ВАО, Преображенское",1,oks,Строится,КАРСТАН,ВАО,Преображенское,55.79672395,37.7208723,district_centroid,approximate,True
электролитный пр вл,Электролитный пр. вл.,1,rv,Введено,TASHIR,ЮАО,Нагорный,55.67199305,37.6133392,manual_exact,exact,True
электролитный пр вл 16/а,Электролитный пр. вл. 16/А,1,rv,Введено,"ООО""СОРОКОВОЙ МАГАЗИН""",ЮАО,Нагорный,55.6736181,37.6125879,nominatim,tertiary,True
электролитный пр вл 7а,"Электролитный пр., вл. 7А",1,rv,Введено,SMINEX (ранее INGRAD),ЮАО,Нагорный,55.6736181,37.6125879,nominatim,tertiary,True
электролитный пр-д д 7,"Электролитный пр-д, д. 7",1,rv,Введено,SMINEX (ранее INGRAD),ЮАО,Нагорный,55.67199305,37.6133392,manual_exact,exact,True
электролитный проезд вл 12б,"Электролитный проезд, вл. 12Б",1,rv,Введено,TEKTA GROUP,ЮАО,Нагорный,55.6701501,37.6219657,nominatim,tertiary,True
электролитный проезд вл 7а,"Электролитный проезд, вл. 7А",1,rv,Введено,ФОНД РЕНОВАЦИИ,ЮАО,Нагорный,55.6736181,37.6125879,nominatim,tertiary,True
энтузиастов 2-я ул вл 5а,Энтузиастов 2-я ул. вл. 5а,1,rv,Введено,"ГКУ ""УДМС""",ВАО,Перово,55.7468432,37.7887908,manual_exact,exact,True
энтузиастов ш зу 46,"Энтузиастов ш., з/у 46",1,oks,Строится,РГ-ДЕВЕЛОПМЕНТ,ВАО,Перово,55.7468432,37.7887908,district_centroid,approximate,True
энтузиастов шоссе вл 4,Энтузиастов шоссе вл. 4,1,rv,Введено,МОСКОВСКИЙ МЕТРОПОЛИТЕН,ЮВАО,Лефортово,55.754854,37.70693,manual_exact,exact,True
энтузиастов шоссе вл 86,Энтузиастов шоссе вл. 86,1,rv,Введено,"АНО ""РСИ""",ВАО,Перово,55.7468432,37.7887908,manual_exact,exact,True
энтузиастов шоссе вл5,"ЭНТУЗИАСТОВ ШОССЕ, ВЛ.5",1,rv,Введено,"ООО ""СИНТЕЗ""",ЮВАО,Лефортово,55.754854,37.70693,manual_exact,exact,True
энтузиастов шоссе вл88,"ЭНТУЗИАСТОВ ШОССЕ, ВЛ.88",1,rv,Введено,MR GROUP,ВАО,Перово,55.7468432,37.7887908,manual_exact,exact,True
энтузиастов шоссе д 4,Энтузиастов шоссе д. 4,1,rv,Введено,МОСКОВСКИЙ МЕТРОПОЛИТЕН,ЮВАО,Лефортово,55.775058,37.8349365,nominatim,primary,True
ювао р-н печатники улюжнопортовая д7а вл 7а стр3,"ЮВАО, р-н Печатники, ул.Южнопортовая,д.7А, вл. 7А, стр.3",1,rv,Введено,ССД,ЮВАО,Печатники,55.6990676,37.6984857,manual_exact,exact,True
южная ул (г. щербинка) д 14. д16,Южная ул. (г. Щербинка) д. 14. д.16,1,oks,Строится,ГЕЛЕНА ХИМАВТО,НАО,Щербинка,55.49523050000001,37.518144,district_centroid,approximate,True
южнобутовская улица напротив владения 9,"Южнобутовская улица, напротив владения 9",1,oks,Строится,ИНДИВИДУАЛЬНЫЕ ПРЕДПРИНИМАТЕЛИ,ЮЗАО,Южное Бутово,55.54729475,37.5747165,district_centroid,approximate,True
южное бутово коммунальная зона гавриково,"Южное Бутово, коммунальная зона «Гавриково""",1,oks,Строится,А101,ЮЗАО,Южное Бутово,55.54729475,37.5747165,district_centroid,approximate,True
южнопортовая земельный участок 28а/10,"Южнопортовая, земельный участок 28А/10",1,rv,Введено,LEVEL GROUP,ЮВАО,Печатники,55.6990676,37.6984857,manual_exact,exact,True
южнопортовая ул ( ювао: район печатники ),Южнопортовая ул. ( ЮВАО: район Печатники ),2,oks,Строится,КОРТРОС,ЮВАО,Печатники,55.6990676,37.6984857,district_centroid,approximate,True
южнопортовая ул влд. 21,"Южнопортовая ул., влд. 21",1,oks,Строится,CAPITAL GROUP,ЮВАО,Печатники,55.6990676,37.6984857,district_centroid,approximate,True
южнопортовый 2-й пр вл 12а,Южнопортовый 2-й пр. вл. 12а,1,oks,Строится,СБЕРБАНК,ЮВАО,Печатники,55.6990676,37.6984857,district_centroid,approximate,True
юровская ул д99,"ЮРОВСКАЯ УЛ., Д.99",1,rv,Введено,КП УГС,СЗАО,Куркино,55.8953035,37.384267,manual_exact,exact,True
яблочкова земельный участок 26а,"Яблочкова, земельный участок 26А",1,rv,Введено,ФОНД РЕНОВАЦИИ,СВАО,Бутырский,55.8116348,37.596868,manual_exact,exact,True
язово дер,Язово дер.,1,oks,Строится,КВАТРА НЕДВИЖИМОСТЬ,НАО,Коммунарка,55.581794,37.448441,district_centroid,approximate,True
ямского поля 1-я ул вл 12,Ямского поля 1-я ул. вл. 12,1,oks,Строится,"ООО ""Я-ДЕВЕЛОПМЕНТ""",САО,Беговой,55.7828983,37.563588,district_centroid,approximate,True
ямского поля 5-я ул вл 23/25 стр 2,Ямского поля 5-я ул. вл. 23/25 стр. 2,1,rv,Введено,ТЕНЗОР,САО,Беговой,55.7828983,37.563588,manual_exact,exact,True
ярославская улица влд. 12,"Ярославская улица, влд. 12",3,oks,Строится,"ООО ""ДЕВЕЛОПЕР БИЛДИНГ""",СВАО,Алексеевский,55.8099469,37.6429319,district_centroid,approximate,True
ярославская улица земельный участок 2/1,"Ярославская улица, земельный участок 2/1",1,rv,Введено,ФОНД РЕНОВАЦИИ,СВАО,Алексеевский,55.8099469,37.6429319,manual_exact,exact,True
ярославское шоссе вл 147,"Ярославское шоссе, вл. 147",2,oks,Строится,ПРАВОСЛАВИЕ,СВАО,Ярославский,55.8653274,37.701726,district_centroid,approximate,True
ярославское шоссе вл 51,Ярославское шоссе вл. 51,1,rv,Введено,ПАТЕК ГРУПП,СВАО,Ярославский,55.8653274,37.701726,nominatim,primary,True
ярцевская уд. д 33 к 1,"ЯРЦЕВСКАЯ УД., Д. 33, К. 1",1,rv,Введено,ПИК,ЗАО,Кунцево,55.74346005,37.39999495,manual_exact,exact,True
ярцевская ул д 24 к1 к2,"ЯРЦЕВСКАЯ УЛ., Д. 24, К1, К2",1,rv,Введено,ПИК,ЗАО,Кунцево,55.74346005,37.39999495,manual_exact,exact,True
ясеневая ул,Ясеневая ул.,2,rv,Введено,ПИК,ЮАО,Орехово-Борисово Южное,55.6135333,37.7444387,nominatim,secondary,True
ясный проезд д 10а д 10 к 3 д 10 к 2,"Ясный проезд, д. 10А, д. 10, к. 3, д. 10, к. 2",1,oks,Строится,"ООО ""СЗ ""БОРУС""",СВАО,Южное Медведково,55.883743,37.6366379,district_centroid,approximate,True
