registry,object_id,address,address_key,lat,lon,coord_source,precision,updated_at
rv,FJ7301-10-0002-001,Зверево уч. 100,зверево уч 100,55.50185,36.9304823,nominatim,village,2026-07-07T22:48:05
rv,HH5331-04-0001-001,"ул. Зорге, д. 5А",ул зорге д 5а,55.7953866,37.504053,nominatim,tertiary,2026-07-07T22:48:10
rv,HI3959-17-0002-001,"Коммунарка, улица Сосенский Стан, дом 8",коммунарка улица сосенский стан дом 8,55.5676919,37.4666941,nominatim,hospital,2026-07-07T22:48:15
rv,HI5403-10-0001-001,"ул.Обручева, д.7",улобручева д7,55.6629071,37.5096393,nominatim,secondary,2026-07-07T22:48:18
rv,HI7210-10-0003-001,"ул. Керченская , д. 28А",ул керченская д 28а,55.648112,37.5779116,nominatim,tertiary,2026-07-07T22:48:21
rv,IH5587-04-0002-001,"ул. Авиаконструктора Миля, д.3А",ул авиаконструктора миля д3а,55.6788353,37.8583828,nominatim,tertiary,2026-07-07T22:48:29
rv,FI7899-10-0003-001,"пос. Новофедоровское, д. Зверево, уч. 101",пос новофедоровское д зверево уч 101,,,,not_found,2026-07-07T22:48:39
rv,FJ6143-08-0002-001,"пос. Киевский, р.п. Киевский, д.3Б",пос киевский р.п. киевский д3б,55.4154899,36.8690227,nominatim,service,2026-07-07T22:48:44
rv,FJ7400-10-0001-005,"ЗВЕРЕВО Д., УЧ.100",зверево д уч 100,55.5099302,36.9243965,nominatim,residential,2026-07-07T22:48:47
rv,FJ7400-10-0001-024,"ул. Вышгородская, д. 4",ул вышгородская д 4,55.4976024,36.9150474,nominatim,residential,2026-07-07T22:48:56
rv,FJ7400-10-0001-034,ул Генерала Донскова 19,ул генерала донскова 19,55.4877814,36.9158553,nominatim,apartments,2026-07-07T22:49:02
rv,GG5120-04-0002-001,"г. Зеленоград, промзона ЦИЭ",г. зеленоград промзона циэ,55.9658925,37.173983,geometry_address,,
rv,GG5120-12-0001-001,"г. Зеленоград, промзона ЦИЭ",г. зеленоград промзона циэ,55.9658925,37.173983,geometry_address,,
rv,GG5120-12-0002-001,"г. Зеленоград, промзона ЦИЭ",г. зеленоград промзона циэ,55.9658925,37.173983,geometry_address,,
rv,GG5120-12-0003-001,"г. Зеленоград, промзона ЦИЭ",г. зеленоград промзона циэ,55.9658925,37.173983,geometry_address,,
rv,GG5120-12-0004-001,"г. Зеленоград, промзона ЦИЭ",г. зеленоград промзона циэ,55.9658925,37.173983,geometry_address,,
rv,GG5120-14-0001-001,"г. Зеленоград, промзона ЦИЭ",г. зеленоград промзона циэ,55.9658925,37.173983,geometry_address,,
rv,GI9919-10-0002-002,"п.Внуковское, ул. Анны Ахматовой, д. 11, корп. 1",п.внуковское ул анны ахматовой д 11 корп 1,55.6341565,37.3311795,geometry_permit,,
rv,HI0713-10-0002-001,"Чоботовская ул., д. 2,корп.1",чоботовская ул д 2 корп1,55.644386,37.3591625,geometry_permit,,
rv,HI2336-10-0002-001,вблизи д. Николо-Хованское,вблизи д николо-хованское,55.6043455,37.417744,geometry_address,,
rv,HI2336-10-0003-001,вблизи д. Николо-Хованское,вблизи д николо-хованское,55.6043455,37.417744,geometry_address,,
rv,HI2336-10-0004-001,вблизи д. Николо-Хованское,вблизи д николо-хованское,55.6043455,37.417744,geometry_address,,
rv,HI2337-10-0004-001,вблизи д. Николо-Хованское,вблизи д николо-хованское,55.6043455,37.417744,geometry_address,,
rv,HI2339-10-0001-001,вблизи д. Николо-Хованское,вблизи д николо-хованское,55.6043455,37.417744,geometry_address,,
rv,HI2339-10-0003-001,вблизи д. Николо-Хованское,вблизи д николо-хованское,55.6043455,37.417744,geometry_address,,
rv,HI2439-10-0002-001,вблизи д. Николо-Хованское,вблизи д николо-хованское,55.6043455,37.417744,geometry_address,,
rv,HJ5401-08-0002-001,с. Остафьево,с. остафьево,55.495230500000005,37.518144,geometry_address,,
rv,HJ5500-08-0002-001,с. Остафьево,с. остафьево,55.495230500000005,37.518144,geometry_address,,
rv,IH0651-10-0001-001,"ЗОЛОТОРОЖСКИЙ ВАЛ УЛ., ВЛ.11",золоторожский вал ул вл11,55.750706,37.692565,geometry_address,,
oks,GG5416-08-0001-001,"г. Зеленоград, промзона ЦИЭ",г. зеленоград промзона циэ,55.9658925,37.173983,geometry_address,,
oks,GG5517-08-0001-001,"г. Зеленоград, промзона ЦИЭ",г. зеленоград промзона циэ,55.9658925,37.173983,geometry_address,,
oks,GI4941-08-0001-001,вблизи деревни Санино,вблизи деревни санино,55.58725375,37.1639898,geometry_address,,
oks,GI5041-08-0001-001,вблизи деревни Санино,вблизи деревни санино,55.58725375,37.1639898,geometry_address,,
oks,GI5041-08-0002-001,вблизи деревни Санино,вблизи деревни санино,55.58725375,37.1639898,geometry_address,,
oks,GI5247-10-0001-001,вблизи деревни Санино,вблизи деревни санино,55.58725375,37.1639898,geometry_address,,
oks,GI6621-05-0001-001,вблизи с. Рождествено,вблизи с. рождествено,55.859553,37.3776845,geometry_address,,
oks,HG1743-08-0001-001,Ленинградское шоссе,ленинградское шоссе,55.9316885,37.3833655,geometry_address,,
oks,HG3884-08-0001-001,Ленинградское шоссе,ленинградское шоссе,55.9316885,37.3833655,geometry_address,,
oks,HI4354-08-0001-001,в районе пос. Газопровод,в районе пос газопровод,55.577406,37.4793665,geometry_address,,
oks,HI4473-99-0001-001,"поселение Сосенское, квартал 26, земельный участок 3/3",поселение сосенское квартал 26 земельный участок 3/3,55.595963,37.428412,geometry_address,,
oks,HJ4600-14-0001-001,с. Остафьево,с. остафьево,55.495230500000005,37.518144,geometry_address,,
oks,II2101-08-0001-001,"ул. Люблинская, з/у 72",ул люблинская зу 72,55.664139000000006,37.736877,geometry_address,,
oks,TT0000-08-0184-001,вблизи с. Рождествено,вблизи с. рождествено,55.859553,37.3776845,geometry_address,,
oks,TT0000-08-0187-001,"г.Москва, 3-й Нижнелихоборский проезд, вл.1",г.москва 3-й нижнелихоборский проезд вл1,55.8467985,37.5608155,geometry,,
oks,TT0000-99-8077-001,"Сиреневый бульвар, вл. 4",сиреневый бульвар вл 4,55.7976144,37.7600907,geometry_address,,
rv,HG9374-06-0001-001,"Москва, проезд Шокальского, вл. 9-9а",москва проезд шокальского вл 9-9а,,,,not_found,2026-07-08T22:10:15
rv,HH5296-10-0003-001,"проспект Вернадского, кв. 32-33, корп.77-1",проспект вернадского кв. 32-33 корп77-1,,,,not_found,2026-07-08T22:10:17
rv,HH5445-10-0001-001,"Береговой проезд, дом 1Б",береговой проезд дом 1б,,,,not_found,2026-07-08T22:10:18
rv,HI4760-10-0002-001,"пос. Коммунарка, жилые дома №1",пос коммунарка жилые дома №1,,,,not_found,2026-07-08T22:10:22
rv,HI6667-10-0002-001,"ул.Поляны, пересечение с ул. Скобелевская",улполяны пересечение с ул скобелевская,,,,not_found,2026-07-08T22:10:23
rv,IH0383-03-0001-001,"Нагатинская пойма, участок №1",нагатинская пойма участок №1,,,,not_found,2026-07-08T22:10:25
rv,IH0441-13-0002-001,"Москва, Технический пер. д. 2. стр. 1, 2, 3",москва технический пер д 2. стр 1 2 3,,,,not_found,2026-07-08T22:10:26
rv,IH3297-04-0001-001,"ул Цимлянская 3, к3",ул цимлянская 3 к3,,,,not_found,2026-07-08T22:10:28
rv,IH3480-10-0002-001,"ул. Юных Ленинцев, д. 99/1",ул юных ленинцев д 99/1,,,,not_found,2026-07-08T22:10:29
rv,IH7786-06-0001-002,"Некрасовка, ул. 2-я Вольская, д. 11А",некрасовка ул 2-я вольская д 11а,,,,not_found,2026-07-08T22:10:32
rv,IH8479-10-0001-001,"Люберецкие поля (1 очередь), кв. 13а,б корпус 7",люберецкие поля (1 очередь) кв. 13а б корпус 7,,,,not_found,2026-07-08T22:10:33
rv,II1903-10-0002-001,"ул. Люблинская, д. 80, корп. 6",ул люблинская д 80 корп 6,,,,not_found,2026-07-08T22:10:35
rv,FJ6042-03-0001-001,"Москва, ТАО, п. Киевский, пос. Киевский",москва тао п. киевский пос киевский,,,,not_found,2026-07-08T22:10:41
rv,FJ7400-10-0001-001,"ЗВЕРЕВО Д., УЧ.100, 166",зверево д уч 100 166,,,,not_found,2026-07-08T22:10:43
rv,FJ7400-10-0001-006,"дер. Зверево, уч. 101, №174 секция 1",дер зверево уч 101 №174 секция 1,,,,not_found,2026-07-08T22:10:44
rv,FJ7400-10-0001-008,"ВЫШГОРОДСКАЯ 11, К1",вышгородская 11 к1,,,,not_found,2026-07-08T22:10:46
rv,FJ7400-10-0001-017,"ЗВЕРЕВО Д., УЧ.100, 208",зверево д уч 100 208,,,,not_found,2026-07-08T22:10:47
rv,FJ7400-10-0001-018,"ПОС. НОВОФЕДОРОВСКОЕ, Д. ЗВЕРЕВО, УЛ. 100 ЖИЛЫЕ ДОМА № 149, 180, 182, 183, 184, 185, 186, 194, 195, 196, 197, 199",пос новофедоровское д зверево ул 100 жилые дома № 149 180 182 183 184 185 186 194 195 196 197 199,,,,not_found,2026-07-08T22:10:49
rv,FJ7400-10-0001-020,"дер. Зверево, уч. 101, №174 секция 2",дер зверево уч 101 №174 секция 2,,,,not_found,2026-07-08T22:10:51
rv,FJ7400-10-0001-025,"д. Зверево, уч. 100",д зверево уч 100,,,,not_found,2026-07-08T22:10:53
rv,FJ7400-10-0001-028,Зверево дер. уч.100,зверево дер уч 100,,,,not_found,2026-07-08T22:10:54
rv,FJ7400-10-0001-029,"НОВОФЕДОРОВСКОЕ, Д. ЗВЕРЕВО, УЧ.100",новофедоровское д зверево уч 100,,,,not_found,2026-07-08T22:10:56
rv,FJ7400-10-0001-058,"УЛ. БОРИСОГЛЕБСКАЯ СЛОБОДА, Д. 4, К1",ул борисоглебская слобода д 4 к1,,,,not_found,2026-07-08T22:10:57
rv,FJ7400-10-0001-060,"УЛ. БОРИСОГЛЕБСКАЯ СЛОБОДА, Д. 4, К2",ул борисоглебская слобода д 4 к2,,,,not_found,2026-07-08T22:10:59
rv,FJ7400-10-0001-062,"УЛ. БОРИСОГЛЕБСКАЯ СЛОБОДА, Д. 5",ул борисоглебская слобода д 5,55.4984839,36.9213113,nominatim,residential,2026-07-08T22:11:00
rv,FJ7500-10-0002-001,"г. Москва, внутригородская территория пос. Новофедоровское, ул. Генерала Донскова, д. 19, корп. 1",г. москва внутригородская территория пос новофедоровское ул генерала донскова д 19 корп 1,,,,not_found,2026-07-08T22:11:04
rv,FJ7501-10-0001-001,"Д. ЗВЕРЕВО, УЧ. 100, Д. 187",д зверево уч 100 д 187,,,,not_found,2026-07-08T22:11:05
rv,FJ7602-10-0002-001,"Москва, внутригородская территория пос. Новофедоровское, ул. Генерала Донскова, д. 29, корп. 4",москва внутригородская территория пос новофедоровское ул генерала донскова д 29 корп 4,,,,not_found,2026-07-08T22:11:11
rv,FJ7606-10-0002-001,"дер. Зверево, уч. 101, №31",дер зверево уч 101 №31,,,,not_found,2026-07-08T22:11:14
rv,FJ7606-10-0002-002,"дер. Зверево, уч. 101, №25",дер зверево уч 101 №25,,,,not_found,2026-07-08T22:11:16
rv,FJ7606-10-0002-003,"Москва, пос. Новофедоровское, ул. Генерала Донскова, д. 23",москва пос новофедоровское ул генерала донскова д 23,,,,not_found,2026-07-08T22:11:18
rv,FJ7606-10-0002-004,"дер. Зверево, уч. 101, №24",дер зверево уч 101 №24,,,,not_found,2026-07-08T22:11:19
rv,FJ7606-10-0002-006,ул Генерала Донскова 21,ул генерала донскова 21,55.48864,36.9165311,nominatim,apartments,2026-07-08T22:11:21
rv,FJ7606-10-0002-009,"г. Москва, пос. Новофедоровское, ул. Генерала Донскова, д. 19, к. 4",г. москва пос новофедоровское ул генерала донскова д 19 к 4,,,,not_found,2026-07-08T22:11:23
rv,FJ7606-10-0002-010,"дер. Зверево, уч. 101, №33",дер зверево уч 101 №33,,,,not_found,2026-07-08T22:11:24
rv,FJ7606-10-0002-011,"дер. Зверево, уч. 101, №32",дер зверево уч 101 №32,,,,not_found,2026-07-08T22:11:26
rv,FJ7606-10-0002-014,"Москва, внутригородская территория пос. Новофедоровское, ул. Генерала Донскова, д. 29, корп. 2",москва внутригородская территория пос новофедоровское ул генерала донскова д 29 корп 2,,,,not_found,2026-07-08T22:11:27
rv,FJ8119-08-0001-002,"Новофедоровское, деревня Яковлевское, д. 29, строение 1",новофедоровское деревня яковлевское д 29 строение 1,,,,not_found,2026-07-08T22:11:33
rv,FJ8221-14-0001-001,д. Яковлевское,д яковлевское,55.4430703,37.9512648,nominatim,hamlet,2026-07-08T22:11:35
rv,GG4718-06-0001-001,"ул Заречная, вл 19",ул заречная вл 19,55.5281831,37.4933052,nominatim,residential,2026-07-08T22:16:40
rv,GG5314-15-0001-002,район Крюково,район крюково,55.9763429,37.1596291,nominatim,administrative,2026-07-08T22:16:45
rv,GG6109-01-0002-001,Проезд N 4806,проезд n 4806,55.7915987,37.5489196,nominatim,unclassified,2026-07-08T22:16:52
rv,GG6109-01-0002-002,проезд 4806,проезд 4806,55.7570001,37.6175175,nominatim,restaurant,2026-07-08T22:16:53
rv,GG7513-01-0001-001,"Сосновая аллея, вл. 6",сосновая аллея вл 6,55.9868367,37.2348652,nominatim,secondary,2026-07-08T22:17:00
rv,GI3747-10-0001-001,"""Крекшино""",крекшино,55.5778111,37.1097363,nominatim,station,2026-07-08T22:17:12
rv,GI3773-10-0002-001,Троицк,троицк,55.4728168,37.3017465,nominatim,town,2026-07-08T22:17:13
rv,GI4441-99-0001-001,поселение Кокошкино,поселение кокошкино,55.5930926,37.2052197,nominatim,post_office,2026-07-08T22:17:15
rv,GI4776-13-0002-001,"Москва, поселение Первомайское",москва поселение первомайское,55.5213396,37.1592874,nominatim,service,2026-07-08T22:17:16
rv,GI4938-04-0002-001,Школьная ул.,школьная ул,55.745558,37.6718461,nominatim,pedestrian,2026-07-08T22:17:18
rv,GI5577-10-0002-001,деревня Рогозинино,деревня рогозинино,55.5362705,37.1947291,nominatim,village,2026-07-08T22:17:27
rv,GI6685-11-0001-001,п. Птичное,п. птичное,55.5150555,37.2243355,nominatim,bus_stop,2026-07-08T22:17:37
rv,GI8029-14-0001-001,ул. Войсковая вл. 1 В,ул войсковая вл 1 в,55.6171376,37.2719076,nominatim,residential,2026-07-08T22:17:52
rv,GI8832-04-0002-001,"Большая Внуковская улица, вл. 8",большая внуковская улица вл 8,55.6105011,37.2973075,nominatim,residential,2026-07-08T22:18:06
rv,GG4717-10-0001-001,"г. Зеленоград, промзона ЦИЭ",г. зеленоград промзона циэ,55.9658925,37.173983,geometry_address,,
rv,GG5020-08-0001-001,"г. Зеленоград, промзона ЦИЭ",г. зеленоград промзона циэ,55.9658925,37.173983,geometry_permit,,
rv,GG5020-10-0001-001,"г. Зеленоград, промзона ЦИЭ",г. зеленоград промзона циэ,55.9658925,37.173983,geometry_address,,
rv,GG5118-11-0001-001,промзона ЦИЭ,промзона циэ,55.964671,37.1733845,geometry_permit,,
rv,GG5118-11-0001-002,промзона ЦИЭ,промзона циэ,55.964671,37.1733845,geometry_permit,,
rv,GG5219-15-0001-001,Промзона ЦИЭ,промзона циэ,55.964671,37.1733845,geometry_permit,,
rv,GI4848-10-0001-001,вблизи деревни Санино,вблизи деревни санино,55.58725375,37.1639898,geometry_address,,
rv,GI4848-10-0001-002,вблизи деревни Санино,вблизи деревни санино,55.58725375,37.1639898,geometry_address,,
rv,GI4848-10-0001-003,вблизи деревни Санино,вблизи деревни санино,55.58725375,37.1639898,geometry_address,,
rv,GI4947-10-0003-001,вблизи д. Санино,вблизи д санино,55.589749999999995,37.169483,geometry_address,,
rv,GI4947-10-0003-002,вблизи д. Санино,вблизи д санино,55.589749999999995,37.169483,geometry_address,,
rv,GI4947-10-0003-003,вблизи д. Санино,вблизи д санино,55.589749999999995,37.169483,geometry_address,,
rv,GI4947-10-0003-004,вблизи д. Санино,вблизи д санино,55.589749999999995,37.169483,geometry_address,,
rv,GI4947-10-0003-005,вблизи д. Санино,вблизи д санино,55.589749999999995,37.169483,geometry_address,,
rv,GI4948-10-0001-001,вблизи д. Санино,вблизи д санино,55.589749999999995,37.169483,geometry_address,,
rv,GI4948-10-0001-004,вблизи д. Санино,вблизи д санино,55.589749999999995,37.169483,geometry_address,,
rv,GI4948-10-0001-005,вблизи д. Санино,вблизи д санино,55.589749999999995,37.169483,geometry_address,,
rv,GI5045-08-0001-001,вблизи деревни Санино,вблизи деревни санино,55.58725375,37.1639898,geometry_address,,
rv,GI6386-08-0002-001,"д. Горчаково ул. Школьная, вл. 5",д горчаково ул школьная вл 5,55.522078,37.2128965,geometry_permit,,
rv,GI9326-08-0001-001,"пос. Внуковское, кв-л 88, з/у 1",пос внуковское кв-л 88 зу 1,55.622875,37.310447999999994,geometry_permit,,
rv,GI9615-08-0001-001,Бульвар Андрея Тарковского дом 2А,бульвар андрея тарковского дом 2а,55.626809,37.338855499999994,geometry_permit,,
rv,GI9616-08-0001-001,д. Рассказовка,д рассказовка,55.628026,37.339003000000005,geometry_permit,,
rv,GI9670-08-0001-001,пос. Филимонковское,пос филимонковское,55.5489065,37.3194905,geometry_permit,,
rv,GJ8811-08-0001-001,"Октябрьский пр., 33",октябрьский пр 33,55.481493,37.298714000000004,geometry_permit,,
rv,GJ9906-99-0001-002,д. Ватутинки,д ватутинки,55.4884335,37.339371,geometry_address,,
rv,HG1381-08-0001-001,вблизи с. Рождествено,вблизи с. рождествено,55.859553,37.3776845,geometry_permit,,
rv,HG1383-10-0004-001,вблизи с. Рождествено,вблизи с. рождествено,55.859553,37.3776845,geometry_address,,
rv,HG1441-10-0001-001,Ленинградское шоссе,ленинградское шоссе,55.9316885,37.3833655,geometry_address,,
rv,HG1539-10-0002-001,Ленинградское шоссе,ленинградское шоссе,55.9316885,37.3833655,geometry_address,,
rv,HG1560-08-0001-001,"ул. Юровская, дом 99А",ул юровская дом 99а,55.8995905,37.384267,geometry_permit,,
rv,HG1560-08-0001-002,"ул. Юровская, дом 99А",ул юровская дом 99а,55.8995905,37.384267,geometry_permit,,
rv,HG3778-10-0002-001,Ленинградское шоссе вл. 69,ленинградское шоссе вл 69,55.8692475,37.4578945,geometry_address,,
rv,HG3778-10-0002-002,"Ленинградское шоссе, вл. 69",ленинградское шоссе вл 69,55.8692475,37.4578945,geometry_address,,
rv,HG4694-08-0001-001,"бульвар Кронштадтский, земельный участок 9",бульвар кронштадтский земельный участок 9,55.841627,37.488902,geometry_permit,,
rv,HG4694-10-0002-002,"бульв. Кронштадтский, вл.9",бульв. кронштадтский вл9,55.84324995,37.488648850000004,geometry_permit,,
rv,HG4694-10-0002-003,"бульв. Кронштадский, вл.9",бульв. кронштадский вл9,55.84324995,37.488648850000004,geometry_permit,,
rv,HG4694-10-0002-004,"Кронштадский бульвар, вл. 9, стр. 1.4",кронштадский бульвар вл 9 стр 1.4,55.84324995,37.488648850000004,geometry_permit,,
rv,HG4694-10-0002-005,"бульв. Кронштадтский, вл.9",бульв. кронштадтский вл9,55.84324995,37.488648850000004,geometry_permit,,
rv,HG4694-10-0002-007,"Кронштадтский бульвар, земельный участок 9",кронштадтский бульвар земельный участок 9,55.84324995,37.488648850000004,geometry_permit,,
rv,HG5070-08-0001-001,"улица Ижорская, земельный участок 6/5",улица ижорская земельный участок 6/5,55.8821295,37.5041415,geometry_permit,,
rv,HG5172-08-0001-001,"улица Базовская, земельный участок 13",улица базовская земельный участок 13,55.879594499999996,37.505851,geometry_permit,,
rv,HG5867-08-0001-001,"улица Лобненская, земельный участок 13",улица лобненская земельный участок 13,55.887902,37.5271635,geometry_permit,,
rv,HG5867-10-0001-002,Лобненская ул. вл. 13,лобненская ул вл 13,55.887902,37.5271635,geometry_address,,
rv,HG9070-08-0002-001,Полярная ул. вл. 25,полярная ул вл 25,55.883742999999996,37.6376855,geometry_address,,
rv,HG9070-10-0003-001,"Полярная улица, вл.25",полярная улица вл25,55.8811535,37.6362965,geometry_permit,,
rv,HG9070-10-0005-001,Полярная ул. вл. 25,полярная ул вл 25,55.883742999999996,37.6376855,geometry_address,,
rv,HG9171-08-0001-001,"Полярная ул., вл. 25",полярная ул вл 25,55.883742999999996,37.6376855,geometry_permit,,
rv,HG9186-08-0001-001,"пр-д Русанова, к. 50 (участок 80)",пр-д русанова к 50 (участок 80),55.855593999999996,37.640637,geometry_permit,,
rv,HH1778-10-0002-002,пересечение Сколковского шоссе и МКАД,пересечение сколковского шоссе и мкад,55.7015105,37.3950995,geometry_permit,,
rv,HH2297-08-0001-001,"Большая Очаковская, вл. 2",большая очаковская вл 2,55.6907105,37.46687,geometry_permit,,
rv,HH2709-08-0001-001,"Волоколамское шоссе, 75В",волоколамское шоссе 75в,55.818426,37.424139999999994,geometry_permit,,
rv,HH2709-08-0001-002,"Волоколамское шоссе, 75В",волоколамское шоссе 75в,55.818426,37.424139999999994,geometry_permit,,
rv,HH2907-08-0001-001,"улица Константина Бескова, земельный участок 6",улица константина бескова земельный участок 6,55.814555,37.426621499999996,geometry_permit,,
rv,HH3299-99-0001-001,"ул. Малая Очаковская, земельный участок 5А",ул малая очаковская земельный участок 5а,55.668746999999996,37.441160999999994,geometry_permit,,
rv,HH3784-08-0001-001,"Очаковское ш., з/у 5А/16",очаковское ш зу 5а/16,55.6931485,37.4582415,geometry_permit,,
rv,HH3944-08-0001-001,"ул. Нижние Мневники, земельный участок 9",ул нижние мневники земельный участок 9,55.746825,37.4548685,geometry_permit,,
rv,HH3998-08-0001-001,"Никулинская улица, мкр. 2А",никулинская улица мкр. 2а,55.668625500000005,37.466507500000006,geometry_permit,,
rv,HH4084-10-0002-001,Очаковская Б. ул. вл. 2,очаковская б. ул вл 2,55.6907105,37.46687,geometry_address,,
rv,HH5139-10-0002-001,"ул. Шеногина, вл. 2",ул шеногина вл 2,55.765528,37.506483,geometry_address,,
rv,HH5155-08-0001-001,"Барклая ул. вл. 6, 6Т",барклая ул вл 6 6т,55.741361999999995,37.5074345,geometry_permit,,
rv,HH5544-08-0001-001,"Причальный пр. вл. 7 стр. 1 , стр. 1/1",причальный пр вл 7 стр 1 стр 1/1,55.759426500000004,37.5178365,geometry_permit,,
rv,HH5885-08-0001-001,"проспект Вернадского, земельный участок 8Б",проспект вернадского земельный участок 8б,55.691544,37.518328999999994,geometry_permit,,
rv,HH5885-08-0001-002,"проспект Вернадского, земельный участок 8Б",проспект вернадского земельный участок 8б,55.691544,37.518328999999994,geometry_permit,,
rv,HH5885-08-0001-003,"проспект Вернадского, земельный участок 8Б",проспект вернадского земельный участок 8б,55.691544,37.518328999999994,geometry_permit,,
rv,HH7038-13-0002-001,"Большой Тишинский переулок, д. 39",большой тишинский переулок д 39,55.7686025,37.569699,geometry_permit,,
rv,HH7063-08-0001-001,ул. Усачева,ул усачева,55.727418,37.573587,geometry_permit,,
rv,HH7229-08-0001-001,"Правды ул., дом 1А",правды ул дом 1а,55.7848788,37.5741181,geometry_permit,,
rv,HH7918-08-0001-001,"улица Складочная, земельный участок 6/5",улица складочная земельный участок 6/5,55.802665000000005,37.5977475,geometry_permit,,
rv,HH9293-08-0001-001,"проезд Нагатинский 2-й, з/у 2/1",проезд нагатинский 2-й зу 2/1,55.677645999999996,37.640307,geometry_permit,,
rv,HI0210-08-0003-001,"ул. Лукинская, д. 12",ул лукинская д 12,55.649981,37.340154999999996,geometry_permit,,
rv,HI0224-10-0003-001,д. Рассказовка,д рассказовка,55.626809,37.338855499999994,geometry_address,,
rv,HI0713-10-0004-001,"р-н Ново-Переделкино, пересечение Боровского шоссе и ул. Чоботовская",р-н ново-переделкино пересечение боровского шоссе и ул чоботовская,55.644386,37.3591625,geometry_permit,,
rv,HI0783-08-0001-001,"пос. Десеновское, проект № 50, участок № 25",пос десеновское проект № 50 участок № 25,55.516594,37.34376,geometry_permit,,
rv,HI2235-08-0002-001,вблизи д. Николо-Хованское,вблизи д николо-хованское,55.6043455,37.417744,geometry_address,,
rv,HI2335-10-0001-002,вблизи д. Николо-Хованское,вблизи д николо-хованское,55.6043455,37.417744,geometry_address,,
rv,HI2335-10-0002-001,вблизи д. Николо-Хованское,вблизи д николо-хованское,55.6043455,37.417744,geometry_address,,
rv,HI2335-10-0003-001,вблизи д. Николо-Хованское,вблизи д николо-хованское,55.6043455,37.417744,geometry_address,,
rv,HI2335-10-0005-001,вблизи д. Николо-Хованское,вблизи д николо-хованское,55.6043455,37.417744,geometry_address,,
rv,HI2336-99-0001-001,вблизи д. Николо-Хованское,вблизи д николо-хованское,55.6043455,37.417744,geometry_permit,,
rv,HI2338-08-0001-001,вблизи д. Николо-Хованское,вблизи д николо-хованское,55.6043455,37.417744,geometry_address,,
rv,HI2430-08-0001-001,д. Саларьево,д саларьево,55.613434,37.415014,geometry_address,,
rv,HI2432-08-0001-001,"город Москва, вн.тер.г. муниципальный округ Коммунарка, улица Трёхполье, земельный участок 6",город москва вн.тер.г. муниципальный округ коммунарка улица трехполье земельный участок 6,55.6143085,37.4136095,geometry_permit,,
rv,HI2436-08-0001-001,вблизи д. Николо-Хованское,вблизи д николо-хованское,55.6051705,37.4160225,geometry_permit,,
rv,HI2437-10-0002-001,вблизи д. Николо-Хованское,вблизи д николо-хованское,55.6043455,37.417744,geometry_address,,
rv,HI2438-10-0001-001,вблизи д. Николо-Хованское,вблизи д николо-хованское,55.6043455,37.417744,geometry_address,,
rv,HI2942-10-0001-001,"Коммунарка, квартал 226, земельный участок 3/3",коммунарка квартал 226 земельный участок 3/3,55.595963,37.428412,geometry_permit,,
rv,HI2943-10-0004-001,вблизи д. Николо-Хованское,вблизи д николо-хованское,55.6043455,37.417744,geometry_address,,
rv,HI3284-08-0002-001,"п. Воскресенское, вл. 20А/1",п. воскресенское вл 20а/1,55.5268,37.4425805,geometry_permit,,
rv,HI3858-08-0001-001,Улица Эдварда Грига Дом 12,улица эдварда грига дом 12,55.55522,37.502447000000004,geometry_permit,,
rv,HI3937-11-0002-001,пос. Мосрентген,пос мосрентген,55.6058135,37.4702135,geometry_address,,
rv,HI4152-08-0001-001,"улица Александры Монаховой, земельный участок 87",улица александры монаховой земельный участок 87,55.549066499999995,37.489246,geometry_permit,,
rv,HI4152-08-0002-001,"поселок Коммунарка, улица Александры Монаховой, земельный участок 87",поселок коммунарка улица александры монаховой земельный участок 87,55.547793999999996,37.4900845,geometry_permit,,
rv,HI4152-08-0003-001,"улица Александры Монаховой, земельный участок 87",улица александры монаховой земельный участок 87,55.550479499999994,37.4878,geometry_permit,,
rv,HI4599-10-0001-001,с. Остафьево,с. остафьево,55.495230500000005,37.518144,geometry_address,,
rv,HI4599-10-0001-002,с. Остафьево,с. остафьево,55.495230500000005,37.518144,geometry_address,,
rv,HI4661-08-0001-001,"ул. Александры Монаховой, д. 43, стрп. 3",ул александры монаховой д 43 стрп. 3,55.563380499999994,37.488333,geometry_permit,,
rv,HI4670-10-0001-001,"ул. Александры Монаховой, з/у 87",ул александры монаховой зу 87,55.549066499999995,37.489246,geometry_address,,
rv,HI4670-10-0002-001,"ул. Александры Монаховой, З/У 87",ул александры монаховой зу 87,55.549066499999995,37.489246,geometry_address,,
rv,HI4670-10-0002-002,"ул. Александры Монаховой, З/У 87",ул александры монаховой зу 87,55.549066499999995,37.489246,geometry_address,,
rv,HI5167-10-0002-001,пос. Коммунарка,пос коммунарка,55.563380499999994,37.488333,geometry_address,,
rv,HI6102-10-0002-001,"ш. Старокалужское, пересечение с ул. Академика Челомея",ш старокалужское пересечение с ул академика челомея,55.663543000000004,37.5383225,geometry_permit,,
rv,HI6102-10-0002-002,Старокалужское шоссе пересечение с ул. Академика Челомея,старокалужское шоссе пересечение с ул академика челомея,55.663543000000004,37.5383225,geometry_permit,,
rv,HI7186-99-0001-001,"Варшавское шоссе, 1-й планировочный комплекс промзоны «Бутово»",варшавское шоссе 1-й планировочный комплекс промзоны бутово,55.51896549999999,37.5747165,geometry_address,,
rv,HI7186-99-0001-002,"Варшавское шоссе, 1-й планировочный комплекс промзоны «Бутово»",варшавское шоссе 1-й планировочный комплекс промзоны бутово,55.51896549999999,37.5747165,geometry_address,,
rv,HI7186-99-0001-003,"Варшавское шоссе, 1-й планировочный комплекс промзоны «Бутово»",варшавское шоссе 1-й планировочный комплекс промзоны бутово,55.51896549999999,37.5747165,geometry_address,,
rv,HI7282-10-0001-001,"Варшавское шоссе, 1-й планировочный комплекс промзоны «Бутово»",варшавское шоссе 1-й планировочный комплекс промзоны бутово,55.51896549999999,37.5747165,geometry_address,,
rv,HJ2348-08-0001-001,п. Щаповское уч. 21/1,п. щаповское уч 21/1,55.4186915,37.4121565,geometry_permit,,
rv,HJ4400-10-0001-001,с. Остафьево,с. остафьево,55.495230500000005,37.518144,geometry_address,,
rv,HJ4400-10-0001-002,с. Остафьево,с. остафьево,55.495230500000005,37.518144,geometry_address,,
rv,HJ5200-10-0001-001,с. Остафьево,с. остафьево,55.495230500000005,37.518144,geometry_address,,
rv,HJ5200-10-0001-002,с. Остафьево,с. остафьево,55.495230500000005,37.518144,geometry_address,,
rv,HJ5302-08-0001-001,"село Остафьево, Логинова 6",село остафьево логинова 6,55.496139,37.5122425,geometry_permit,,
rv,HJ5302-08-0002-001,с. Остафьево,с. остафьево,55.495230500000005,37.518144,geometry_address,,
rv,HJ5501-10-0001-001,с. Остафьево,с. остафьево,55.495230500000005,37.518144,geometry_address,,
rv,IH0465-10-0001-001,"ул. Новоостаповская, земельный участок 7",ул новоостаповская земельный участок 7,55.724611,37.6824575,geometry_permit,,
rv,IH0465-10-0001-002,"ул. Новоостаповская, земельный участок 7",ул новоостаповская земельный участок 7,55.724611,37.6824575,geometry_permit,,
rv,IH0465-10-0002-001,"ул. Новоостаповская, земельный участок 7",ул новоостаповская земельный участок 7,55.724611,37.6824575,geometry_permit,,
rv,IH1145-08-0001-001,"ул. Красноказарменная, вл. 15",ул красноказарменная вл 15,55.756817999999996,37.70693,geometry_permit,,
rv,IH1146-10-0002-004,"ул. Красноказарменная, вл. 15",ул красноказарменная вл 15,55.756817999999996,37.70693,geometry_address,,
rv,IH1667-08-0001-001,"1-й Грайвороновский проезд, вл. 3",1-й грайвороновский проезд вл 3,55.719618,37.723011,geometry_address,,
rv,IH1667-14-0001-002,"1-й Грайвороновский проезд, вл. 3",1-й грайвороновский проезд вл 3,55.719618,37.723011,geometry_address,,
rv,IH2112-08-0002-001,Тюменский пр. вл. 3,тюменский пр вл 3,55.811796,37.7393735,geometry_permit,,
rv,IH2719-08-0001-001,"Сиреневый бульвар, вл. 4",сиреневый бульвар вл 4,55.7976144,37.7600907,geometry_permit,,
rv,IH3220-10-0002-001,"Измайлово, ул. Никитинская, вл. 10/1",измайлово ул никитинская вл 10/1,55.799459999999996,37.7783845,geometry_permit,,
rv,IH3466-08-0002-001,"Михайлова ул., з/у 30А/1",михайлова ул зу 30а/1,55.722711000000004,37.777550000000005,geometry_permit,,
rv,II2000-10-0001-001,"ул. Люблинская, вл. 72",ул люблинская вл 72,55.6681995,37.7357855,geometry_address,,
rv,TT0000-02-0021-001,"шоссе Перовское, земельный участок 2/3, 1-й участок Горьковского направления Московской железной дороги от пересечения с Курским направлением Московской железной дороги до пересечения с Московской окружной железной дорогой",шоссе перовское земельный участок 2/3 1-й участок горьковского направления московской железной дороги от пересечения с курским направлением московской железной дороги до пересечения с московской окружной железной дорогой,55.7335105,37.7410425,geometry_permit,,
rv,TT0000-08-0006-001,"Коммунарка, квартал 226, земельный участок 3/3",коммунарка квартал 226 земельный участок 3/3,55.595963,37.428412,geometry_permit,,
rv,TT0000-08-0027-001,"улица Профессора Летохова, 1",улица профессора летохова 1,55.4839355,37.29821,geometry_permit,,
rv,TT0000-08-0064-001,"пос. Мосрентген, кв. 24, вл. 2",пос мосрентген кв. 24 вл 2,55.6058135,37.4702135,geometry_permit,,
rv,TT0000-08-0186-001,"Полярная улица, вл.25",полярная улица вл25,55.881153499999996,37.6362965,geometry_permit,,
rv,TT0000-08-0191-001,"п. Филимонковское, кв-л 25",п. филимонковское кв-л 25,55.569365,37.288799499999996,geometry_permit,,
rv,TT0000-08-0199-001,"село Остафьево, Логинова 11",село остафьево логинова 11,55.495230500000005,37.518144,geometry_permit,,
rv,TT0000-08-0200-001,"ул. Базовская, вл. 15",ул базовская вл 15,55.878765,37.510594499999996,geometry_permit,,
rv,TT0000-08-0202-001,"Бульвар Андрея Тарковского, з/у 2А",бульвар андрея тарковского зу 2а,55.626847,37.3395895,geometry_permit,,
rv,TT0000-08-0206-001,"проспект Куприна, З/У 24/1",проспект куприна зу 24/1,55.5460505,37.4783415,geometry_permit,,
rv,TT0000-08-0207-001,пос. Московский,пос московский,55.6044305,37.3735,geometry_permit,,
rv,TT0000-08-0208-001,"улица Трёхполье, земельный участок 6",улица трехполье земельный участок 6,55.613434,37.415014,geometry_permit,,
rv,TT0000-08-0213-001,промзона ЦИЭ,промзона циэ,55.964670999999996,37.1733845,geometry_permit,,
rv,TT0000-08-0214-001,"ул. Шеногина, з/у 2/21",ул шеногина зу 2/21,55.7667845,37.5031735,geometry_permit,,
rv,TT0000-08-0215-001,ул. Шеногина вл. 2/15,ул шеногина вл 2/15,55.765528,37.506483,geometry_permit,,
rv,TT0000-08-0215-003,ул. Шеногина вл. 2/15,ул шеногина вл 2/15,55.765528,37.506483,geometry_permit,,
rv,TT0000-08-0216-001,вблизи с. Рождествено,вблизи с. рождествено,55.864348500000006,37.37646,geometry_permit,,
rv,TT0000-08-0218-001,"улица Николая Озерова, земельный участок 8",улица николая озерова земельный участок 8,55.813995500000004,37.428152999999995,geometry_permit,,
rv,TT0000-08-0285-001,"шоссе Варшавское, дом 280 А",шоссе варшавское дом 280 а,55.518032000000005,37.574672500000005,geometry_permit,,
rv,TT0000-10-0306-001,Ленинградское шоссе,ленинградское шоссе,55.9316885,37.3833655,geometry_address,,
rv,TT0000-10-0420-002,Волоколамское шоссе,волоколамское шоссе,55.829865999999996,37.400519,geometry_address,,
rv,TT0000-10-0492-001,вблизи д. Николо-Хованское,вблизи д николо-хованское,55.6043455,37.417744,geometry_address,,
rv,TT0000-10-0679-001,вблизи деревни Санино,вблизи деревни санино,55.58725375,37.1639898,geometry_address,,
rv,TT0000-10-0679-004,вблизи деревни Санино,вблизи деревни санино,55.58725375,37.1639898,geometry_address,,
rv,TT0000-10-0679-005,вблизи деревни Санино,вблизи деревни санино,55.58725375,37.1639898,geometry_address,,
rv,TT0000-10-0679-006,вблизи деревни Санино,вблизи деревни санино,55.58725375,37.1639898,geometry_address,,
rv,TT0000-10-0715-001,"1-й Грайвороновский проезд, вл. 3",1-й грайвороновский проезд вл 3,55.719618,37.723011,geometry_address,,
rv,TT0000-10-0715-003,"1-й Грайвороновский проезд, вл. 3",1-й грайвороновский проезд вл 3,55.719618,37.723011,geometry_address,,
rv,TT0000-10-0726-001,вблизи деревни Санино,вблизи деревни санино,55.58725375,37.1639898,geometry_address,,
rv,TT0000-10-0726-002,вблизи деревни Санино,вблизи деревни санино,55.58725375,37.1639898,geometry_address,,
rv,TT0000-10-0726-003,вблизи деревни Санино,вблизи деревни санино,55.58725375,37.1639898,geometry_address,,
rv,TT0000-10-0732-001,вблизи д. Николо-Хованское,вблизи д николо-хованское,55.6043455,37.417744,geometry_address,,
rv,TT0000-10-0732-002,вблизи д. Николо-Хованское,вблизи д николо-хованское,55.6043455,37.417744,geometry_address,,
rv,TT0000-15-0138-001,Волоколамское шоссе,волоколамское шоссе,55.829865999999996,37.400519,geometry_address,,
rv,TT0000-99-0020-001,"д. Ватутинки, пос. Десёновское",д ватутинки пос десеновское,55.4884335,37.339371,geometry_permit,,
rv,TT0000-99-1785-001,"район тепличного комбината № 1, третий микрорайон, квартал 1",район тепличного комбината № 1 третий микрорайон квартал 1,55.604071,37.3762295,geometry_permit,,
rv,TT0000-99-2597-001,"Дубнинская улица, д. 9",дубнинская улица д 9,55.8587355,37.566415,geometry_permit,,
rv,TT0000-99-3931-001,"ул. Верхняя Масловка, 29А",ул верхняя масловка 29а,55.798311,37.555974,geometry_permit,,
rv,TT0000-99-7235-001,"2-я Пугачёвская улица, д. 12А",2-я пугачевская улица д 12а,55.791689000000005,37.725764999999996,geometry_permit,,
rv,TT0000-99-7586-001,"ул. Юлиана Семенова, земельный участок 8Б",ул юлиана семенова земельный участок 8б,55.6445905,37.394060499999995,geometry_permit,,
oks,GG5020-08-0001-001,"г. Зеленоград, промзона ЦИЭ",г. зеленоград промзона циэ,55.9658925,37.173983,geometry,,
oks,GG5020-10-0001-001,"г. Зеленоград, промзона ЦИЭ",г. зеленоград промзона циэ,55.9658925,37.173983,geometry_address,,
oks,GG5021-99-0001-001,"г. Зеленоград, Промзона ЦИЭ",г. зеленоград промзона циэ,55.9658925,37.173983,geometry_address,,
oks,GG5118-11-0001-001,промзона ЦИЭ,промзона циэ,55.964671,37.1733845,geometry_permit,,
oks,GG5118-11-0001-002,промзона ЦИЭ,промзона циэ,55.964671,37.1733845,geometry_permit,,
oks,GG5120-10-0002-001,"г. Зеленоград, промзона ЦИЭ",г. зеленоград промзона циэ,55.9658925,37.173983,geometry_address,,
oks,GI4049-10-0001-001,вблизи деревни Санино,вблизи деревни санино,55.58725375,37.1639898,geometry_address,,
oks,GI4049-10-0001-003,вблизи деревни Санино,вблизи деревни санино,55.58725375,37.1639898,geometry_address,,
oks,GI4350-13-0001-001,вблизи д. Санино,вблизи д санино,55.589749999999995,37.169483,geometry_address,,
oks,GI4352-08-0001-001,"вблизи дер. Большое Свинорье, НАО, Марушкинское (НАО, поселение, Марушкинское)",вблизи дер большое свинорье нао марушкинское (нао поселение марушкинское),55.581833,37.151917999999995,geometry,,
oks,GI4472-08-0002-001,вблизи дер. Ивановское уч. 1/1,вблизи дер ивановское уч 1/1,55.545166,37.1494515,geometry,,
oks,GI4548-10-0001-001,вблизи д. Санино,вблизи д санино,55.589749999999995,37.169483,geometry_address,,
oks,GI4548-10-0001-002,вблизи д. Санино,вблизи д санино,55.589749999999995,37.169483,geometry_address,,
oks,GI4548-10-0001-003,вблизи д. Санино,вблизи д санино,55.589749999999995,37.169483,geometry_address,,
oks,GI4548-10-0001-004,вблизи д. Санино,вблизи д санино,55.589749999999995,37.169483,geometry_address,,
oks,GI4548-10-0001-005,вблизи д. Санино,вблизи д санино,55.589749999999995,37.169483,geometry_address,,
oks,GI4946-05-0001-001,вблизи деревни Санино,вблизи деревни санино,55.58725375,37.1639898,geometry_address,,
oks,GI4947-08-0001-001,вблизи деревни Санино,вблизи деревни санино,55.58725375,37.1639898,geometry,,
oks,GI4947-10-0001-001,вблизи д. Санино,вблизи д санино,55.589749999999995,37.169483,geometry_address,,
oks,GI4947-10-0001-002,вблизи д. Санино,вблизи д санино,55.589749999999995,37.169483,geometry_address,,
oks,GI4947-10-0001-003,вблизи д. Санино,вблизи д санино,55.589749999999995,37.169483,geometry_address,,
oks,GI4947-10-0001-004,вблизи д. Санино,вблизи д санино,55.589749999999995,37.169483,geometry_address,,
oks,GI4947-10-0001-005,вблизи д. Санино,вблизи д санино,55.589749999999995,37.169483,geometry_address,,
oks,GI4947-10-0003-001,вблизи д. Санино,вблизи д санино,55.589749999999995,37.169483,geometry_address,,
oks,GI4947-10-0003-002,вблизи д. Санино,вблизи д санино,55.589749999999995,37.169483,geometry_address,,
oks,GI4947-10-0003-003,вблизи д. Санино,вблизи д санино,55.589749999999995,37.169483,geometry_address,,
oks,GI4947-10-0003-004,вблизи д. Санино,вблизи д санино,55.589749999999995,37.169483,geometry_address,,
oks,GI4947-10-0003-005,вблизи д. Санино,вблизи д санино,55.589749999999995,37.169483,geometry_address,,
oks,GI5045-08-0001-001,вблизи деревни Санино,вблизи деревни санино,55.58725375,37.1639898,geometry_address,,
oks,GI6386-08-0002-001,"д. Горчаково, ул.Школьная, вл.5",д горчаково улшкольная вл5,55.522078,37.2128965,geometry,,
oks,GI8960-10-0001-005,пос. Филимонковское,пос филимонковское,55.5489065,37.3194905,geometry_permit,,
oks,GI9326-08-0001-001,"вн.тер.г. пос. Внуковское, кв-л 88, з/у 1",вн.тер.г. пос внуковское кв-л 88 зу 1,55.622875,37.310447999999994,geometry,,
oks,GI9569-08-0001-001,"ул. Харлампиева, земельный участок 32",ул харлампиева земельный участок 32,55.5500805,37.314627,geometry,,
oks,GI9569-08-0001-002,"ул. Харлампиева, земельный участок 32",ул харлампиева земельный участок 32,55.551418,37.319057,geometry,,
oks,GI9569-08-0001-003,"ул. Харлампиева, земельный участок 32",ул харлампиева земельный участок 32,55.5500805,37.314627,geometry_address,,
oks,GI9569-08-0001-004,"ул. Харлампиева, земельный участок 32",ул харлампиева земельный участок 32,55.5500805,37.314627,geometry_address,,
oks,GI9569-08-0001-005,"ул. Харлампиева, земельный участок 32",ул харлампиева земельный участок 32,55.5500805,37.314627,geometry_address,,
oks,GI9615-08-0001-001,д. Рассказовка,д рассказовка,55.626809,37.338855499999994,geometry,,
oks,GI9616-08-0001-001,д. Рассказовка,д рассказовка,55.628026,37.339003000000005,geometry,,
oks,GI9670-08-0001-001,п. Марьино,п. марьино,55.5489065,37.3194905,geometry,,
oks,GI9714-08-0001-001,"д. Рассказовка, уч. № 13/2, 10-й квартал",д рассказовка уч № 13/2 10-й квартал,55.639424500000004,37.3141015,geometry,,
oks,GI9868-08-0001-001,"вблизи д. Марьино, квартал 176, земельный участок 1/3",вблизи д марьино квартал 176 земельный участок 1/3,55.549628999999996,37.305035000000004,geometry,,
oks,GI9871-04-0001-001,п. Марьино,п. марьино,55.5489065,37.3194905,geometry_address,,
oks,GI9919-08-0001-001,"тер. ТПУ ""Рассказовка"", з/у 13/6А, 13/9А",тер. тпу рассказовка зу 13/6а 13/9а,55.6341565,37.3311795,geometry,,
oks,GI9919-10-0002-001,"тер. ТПУ ""Рассказовка"", з/у 13/6А, 13/9А",тер. тпу рассказовка зу 13/6а 13/9а,55.6341565,37.3311795,geometry_permit,,
oks,GI9919-10-0002-003,"тер. ТПУ ""Рассказовка"", з/у 13/6А, 13/9А",тер. тпу рассказовка зу 13/6а 13/9а,55.6341565,37.3311795,geometry_permit,,
oks,GI9968-10-0008-001,п. Марьино,п. марьино,55.5489065,37.3194905,geometry_address,,
oks,GJ8811-08-0001-001,"Октябрьский просп., д. 33",октябрьский просп. д 33,55.481493,37.298714000000004,geometry,,
oks,HG0837-08-0001-001,"Молжаниновская, земельный участок 7",молжаниновская земельный участок 7,55.937452,37.3640185,geometry,,
oks,HG1034-10-0001-001,Ленинградское шоссе,ленинградское шоссе,55.9316885,37.3833655,geometry_address,,
oks,HG1279-10-0002-001,вблизи с. Рождествено,вблизи с. рождествено,55.859553,37.3776845,geometry_address,,
oks,HG1284-14-0002-001,вблизи с. Рождествено,вблизи с. рождествено,55.859553,37.3776845,geometry_address,,
oks,HG1381-08-0001-001,вблизи с. Рождествено,вблизи с. рождествено,55.859553,37.3776845,geometry,,
oks,HG1440-08-0001-001,Ленинградское шоссе,ленинградское шоссе,55.9316885,37.3833655,geometry,,
oks,HG1440-10-0002-001,Ленинградское шоссе,ленинградское шоссе,55.9316885,37.3833655,geometry_address,,
oks,HG1539-10-0002-001,Ленинградское шоссе,ленинградское шоссе,55.9316885,37.3833655,geometry_address,,
oks,HG1560-08-0001-001,"Юровская улица, д. 99",юровская улица д 99,55.8995905,37.384267,geometry,,
oks,HG1560-08-0001-002,"Юровская улица, д. 99",юровская улица д 99,55.8995905,37.384267,geometry,,
oks,HG3778-08-0002-001,Ленинградское шоссе вл. 69,ленинградское шоссе вл 69,55.8692475,37.4578945,geometry,,
oks,HG3781-10-0002-001,Ленинградское шоссе,ленинградское шоссе,55.9316885,37.3833655,geometry_address,,
oks,HG3782-10-0001-001,Ленинградское шоссе,ленинградское шоссе,55.9316885,37.3833655,geometry_address,,
oks,HG3881-01-0001-001,Ленинградское шоссе,ленинградское шоссе,55.9316885,37.3833655,geometry_address,,
oks,HG4694-08-0001-001,"Кронштадтский бульвар, вл. 9",кронштадтский бульвар вл 9,55.841627,37.488902,geometry,,
oks,HG4694-10-0002-002,"бульв. Кронштадтский, вл. 9",бульв. кронштадтский вл 9,55.84324995,37.488648850000004,geometry_permit,,
oks,HG4694-10-0002-003,"бульв. Кронштадтский, вл. 9",бульв. кронштадтский вл 9,55.84324995,37.488648850000004,geometry_permit,,
oks,HG4694-10-0002-004,"бульв. Кронштадтский, вл. 9",бульв. кронштадтский вл 9,55.84324995,37.488648850000004,geometry_permit,,
oks,HG4694-10-0002-005,"бульв. Кронштадтский, вл. 9",бульв. кронштадтский вл 9,55.84324995,37.488648850000004,geometry_permit,,
oks,HG4694-10-0002-007,"б-р Кронштадтский, вл. 9",б-р кронштадтский вл 9,55.84324995,37.488648850000004,geometry,,
oks,HG4895-08-0001-001,"Кронштадтский бульвар, вл. 14",кронштадтский бульвар вл 14,55.840683999999996,37.4975635,geometry,,
oks,HG5070-08-0001-001,"улица Ижорская, земельный участок 6/5",улица ижорская земельный участок 6/5,55.8821295,37.5041415,geometry,,
oks,HG5072-08-0001-001,шоссе Коровинское,шоссе коровинское,55.879696499999994,37.503396,geometry,,
oks,HG5172-08-0001-001,Коровинское шоссе,коровинское шоссе,55.879594499999996,37.505851,geometry,,
oks,HG5775-10-0001-001,Коровинское шоссе,коровинское шоссе,55.879594499999996,37.505851,geometry_address,,
oks,HG5867-08-0001-001,"Лобненская ул., вл. 13",лобненская ул вл 13,55.887902,37.5271635,geometry,,
oks,HG5867-10-0001-001,Лобненская ул. вл. 13,лобненская ул вл 13,55.887902,37.5271635,geometry_address,,
oks,HG6171-99-0001-001,"Дмитровское шоссе, земельный участок 107/1",дмитровское шоссе земельный участок 107/1,55.880283000000006,37.537784,geometry,,
oks,HG7476-08-0001-001,"Алтуфьевское шоссе, земельный участок 53/7",алтуфьевское шоссе земельный участок 53/7,55.872806,37.579459,geometry,,
oks,HG7989-99-0001-001,"Сигнальный проезд, вл. 16, стр. 2",сигнальный проезд вл 16 стр 2,55.8496295,37.6028445,geometry,,
oks,HG8089-08-0001-001,"Сигнальный проезд, вл. 16, строение 27/1",сигнальный проезд вл 16 строение 27/1,55.8502085,37.603443,geometry,,
oks,HG8685-08-0001-001,"ул. Сельскохозяйственная, вл.35, земельный участок 35/1",ул сельскохозяйственная вл35 земельный участок 35/1,55.856779,37.622161000000006,geometry,,
oks,HG9171-08-0001-001,Полярная ул. вл. 25,полярная ул вл 25,55.883742999999996,37.6376855,geometry,,
oks,HG9186-08-0001-001,Русанова пр. уч. 23/2,русанова пр уч 23/2,55.855593999999996,37.640637,geometry,,
oks,HG9364-08-0002-001,"улица Полярная, з/у 39/4",улица полярная зу 39/4,55.8921245,37.6447785,geometry,,
oks,HG9483-08-0001-001,"ул. Кольская, вл.8",ул кольская вл8,55.859984,37.6504815,geometry,,
oks,HG9483-08-0002-001,Кольская улица вл. 8,кольская улица вл 8,55.8613145,37.651108,geometry,,
oks,HH0225-08-0002-001,"квартал 120, земельный участок 99",квартал 120 земельный участок 99,55.790717,37.3401655,geometry,,
oks,HH0325-08-0001-001,"квартал 120, земельный участок 81",квартал 120 земельный участок 81,55.792688,37.3426085,geometry,,
oks,HH1778-10-0002-002,пересечение Сколковского шоссе и МКАД,пересечение сколковского шоссе и мкад,55.7015105,37.3950995,geometry_permit,,
oks,HH1778-10-0002-003,пересечение Сколковского шоссе и МКАД,пересечение сколковского шоссе и мкад,55.7015105,37.3950995,geometry_permit,,
oks,HH1778-10-0002-004,пересечение Сколковского шоссе и МКАД,пересечение сколковского шоссе и мкад,55.7015105,37.3950995,geometry,,
oks,HH1778-10-0002-005,пересечение Сколковского шоссе и МКАД,пересечение сколковского шоссе и мкад,55.7015105,37.3950995,geometry_permit,,
oks,HH1778-10-0002-006,пересечение Сколковского шоссе и МКАД,пересечение сколковского шоссе и мкад,55.7022945,37.3937955,geometry,,
oks,HH1778-10-0002-007,пересечение Сколковского шоссе и МКАД,пересечение сколковского шоссе и мкад,55.7015105,37.3950995,geometry_permit,,
oks,HH1778-10-0002-008,пересечение Сколковского шоссе и МКАД,пересечение сколковского шоссе и мкад,55.7015105,37.3950995,geometry_permit,,
oks,HH2102-10-0001-001,Волоколамское шоссе,волоколамское шоссе,55.829865999999996,37.400519,geometry_address,,
oks,HH2297-08-0001-001,Очаковская Б. ул. вл. 2,очаковская б. ул вл 2,55.6907105,37.46687,geometry,,
oks,HH2709-08-0001-001,"Волоколамское шоссе, дом 75В (Летная ул.)",волоколамское шоссе дом 75в (летная ул),55.818426,37.424139999999994,geometry,,
oks,HH2709-08-0001-002,"Волоколамское шоссе, дом 75В (Летная ул.)",волоколамское шоссе дом 75в (летная ул),55.818426,37.424139999999994,geometry,,
oks,HH2812-08-0001-001,"шоссе Волоколамское, земельный участок 71/14",шоссе волоколамское земельный участок 71/14,55.813811,37.429629000000006,geometry,,
oks,HH2907-08-0001-001,"ш. Волоколамское, з/у 71/13",ш волоколамское зу 71/13,55.814555,37.426621499999996,geometry,,
oks,HH2912-08-0001-001,"шоссе Волоколамское, земельный участок 71/15",шоссе волоколамское земельный участок 71/15,55.813272999999995,37.431270999999995,geometry,,
oks,HH3098-08-0001-001,ул. Озёрная,ул озерная,55.669681999999995,37.436417500000005,geometry,,
oks,HH3104-10-0001-001,Волоколамское шоссе,волоколамское шоссе,55.829865999999996,37.400519,geometry_address,,
oks,HH3104-10-0001-002,Волоколамское шоссе,волоколамское шоссе,55.829865999999996,37.400519,geometry_address,,
oks,HH3198-10-0001-001,ул. Озерная,ул озерная,55.669681999999995,37.436417500000005,geometry_address,,
oks,HH3206-08-0001-001,Волоколамское шоссе,волоколамское шоссе,55.829865999999996,37.400519,geometry,,
oks,HH3299-10-0001-001,ул. Озерная,ул озерная,55.669681999999995,37.436417500000005,geometry_address,,
oks,HH3299-99-0001-001,ул. Озерная,ул озерная,55.668746999999996,37.441160999999994,geometry,,
oks,HH3396-08-0001-001,"ул. Озерная, вл. 42",ул озерная вл 42,55.671589,37.443805,geometry,,
oks,HH3685-10-0001-001,Очаковское шоссе,очаковское шоссе,55.6931485,37.4582415,geometry_address,,
oks,HH3685-10-0001-002,Очаковское шоссе,очаковское шоссе,55.6931485,37.4582415,geometry_address,,
oks,HH3731-99-0001-001,"Москва, СЗАО, Хорошево-Мневники, Глаголева генерала ул. д. 5 корп. 3",москва сзао хорошево-мневники глаголева генерала ул д 5 корп 3,55.7804445,37.458757500000004,geometry,,
oks,HH3784-08-0001-001,Очаковское шоссе,очаковское шоссе,55.6931485,37.4582415,geometry,,
oks,HH3883-99-0001-001,"ш. Очаковское (ЗАО, Очаково-Матвеевское)",ш очаковское (зао очаково-матвеевское),55.6921215,37.460952000000006,geometry,,
oks,HH3944-08-0001-001,Мневники Нижн. ул. уч. 9,мневники нижн. ул уч 9,55.746825,37.4548685,geometry,,
oks,HH3944-10-0001-001,Мневники Нижн. ул. уч. 9,мневники нижн. ул уч 9,55.746825,37.4548685,geometry_address,,
oks,HH3983-10-0001-001,Очаковское шоссе,очаковское шоссе,55.6931485,37.4582415,geometry_address,,
oks,HH3998-08-0001-001,Никулинская ул. мкр. 2А,никулинская ул мкр. 2а,55.668625500000005,37.466507500000006,geometry,,
oks,HH3998-10-0002-004,"Никулинская ул. , мкр. 2А",никулинская ул мкр. 2а,55.668625500000005,37.466507500000006,geometry_address,,
oks,HH5155-08-0001-001,"ул. Барклая, вл.6, вл.6Т",ул барклая вл6 вл6т,55.741361999999995,37.5074345,geometry,,
oks,HH5255-10-0001-001,"Барклая ул. вл. 6,6Т",барклая ул вл 6 6т,55.741362,37.5074345,geometry_permit,,
oks,HH5255-10-0001-002,"Барклая ул. вл. 6,6Т",барклая ул вл 6 6т,55.741362,37.5074345,geometry_permit,,
oks,HH5464-08-0001-001,"километр МЖД Киевское 5-й, земельный участок 5/4",километр мжд киевское 5-й земельный участок 5/4,55.7267115,37.516544499999995,geometry,,
oks,HH5544-08-0001-001,"Причальный проезд, д. 5",причальный проезд д 5,55.759426500000004,37.5178365,geometry,,
oks,HH5885-08-0001-001,"Проспект Вернадского,з/у 8Б",проспект вернадского зу 8б,55.691544,37.518328999999994,geometry_permit,,
oks,HH5885-08-0001-002,"Проспект Вернадского,з/у 8Б",проспект вернадского зу 8б,55.691544,37.518328999999994,geometry,,
oks,HH7038-13-0002-001,"Б. Тишинский пер., д.39",б. тишинский пер д39,55.7686025,37.569699,geometry,,
oks,HH7063-08-0001-001,"1-й Шибаевский переулок, д.4",1-й шибаевский переулок д4,55.727418,37.573587,geometry,,
oks,HH7229-08-0001-001,"ул. Правды, вл.1а",ул правды вл1а,55.7848788,37.5741181,geometry,,
oks,HH7773-08-0001-001,"2-й Донской проезд. вл. 10 (ул. Орджоникидзе, вл. 10)",2-й донской проезд. вл 10 (ул орджоникидзе вл 10),55.710923,37.591774,geometry,,
oks,HH7775-99-0002-001,"ул. Орджоникидзе, д.11, стр.35; Вавилова ул., вл. 3",ул орджоникидзе д11 стр35 вавилова ул вл 3,55.6980913,37.364559549999996,geometry_address,,
oks,HH7918-08-0001-001,"ул. Складочная, з/у 6",ул складочная зу 6,55.802665000000005,37.5977475,geometry,,
oks,HH8212-08-0001-001,"Огородный проезд, земельный участок 4/3",огородный проезд земельный участок 4/3,55.812605500000004,37.608303,geometry,,
oks,HH9286-08-0001-001,"ул. Автозаводская, вл. 23/77",ул автозаводская вл 23/77,55.688094,37.6419345,geometry,,
oks,HH9293-08-0001-001,"проезд Нагатинский 2-й, вл. 2/3",проезд нагатинский 2-й вл 2/3,55.677645999999996,37.640307,geometry,,
oks,HH9293-08-0002-001,"2-й Нагатинский проезд, вл. 2/3",2-й нагатинский проезд вл 2/3,55.6778915,37.641678,geometry,,
oks,HI0210-08-0003-001,"район Ново-Переделкино, мкр. 14, корп. 20",район ново-переделкино мкр. 14 корп 20,55.649981,37.340154999999996,geometry,,
oks,HI0224-10-0003-001,д. Рассказовка,д рассказовка,55.626809,37.338855499999994,geometry_address,,
oks,HI0289-08-0001-001,"п. Десеновское, мкр. ""Десна""",п. десеновское мкр. десна,55.533491,37.379444500000005,geometry,,
oks,HI0616-14-0001-001,Д. Рассказовка,д рассказовка,55.626809,37.338855499999994,geometry_address,,
oks,HI0692-03-0001-001,поселение Десеновское,поселение десеновское,55.534667999999996,37.3750085,geometry_address,,
oks,HI0692-03-0001-002,поселение Десеновское,поселение десеновское,55.534667999999996,37.3750085,geometry_address,,
oks,HI0713-10-0004-003,пересечение Боровского шоссе и ул. Чоботовская,пересечение боровского шоссе и ул чоботовская,55.644386,37.3591625,geometry,,
oks,HI0713-10-0004-004,пересечение Боровского шоссе и ул. Чоботовская,пересечение боровского шоссе и ул чоботовская,55.644821,37.3584175,geometry,,
oks,HI0783-08-0001-001,"пос. Десеновское, мкр. ""Центральный""",пос десеновское мкр. центральный,55.516594,37.34376,geometry,,
oks,HI2235-08-0002-001,вблизи д. Николо-Хованское,вблизи д николо-хованское,55.6043455,37.417744,geometry_address,,
oks,HI2335-10-0001-002,вблизи д. Николо-Хованское,вблизи д николо-хованское,55.6043455,37.417744,geometry_address,,
oks,HI2335-10-0002-001,вблизи д. Николо-Хованское,вблизи д николо-хованское,55.6043455,37.417744,geometry_address,,
oks,HI2335-10-0003-001,вблизи д. Николо-Хованское,вблизи д николо-хованское,55.6043455,37.417744,geometry_address,,
oks,HI2335-10-0004-001,вблизи д. Николо-Хованское,вблизи д николо-хованское,55.6043455,37.417744,geometry_address,,
oks,HI2335-10-0005-001,вблизи д. Николо-Хованское,вблизи д николо-хованское,55.6043455,37.417744,geometry_address,,
oks,HI2335-10-0006-001,вблизи д. Николо-Хованское,вблизи д николо-хованское,55.6043455,37.417744,geometry_address,,
oks,HI2336-99-0001-001,вблизи д. Николо-Хованское,вблизи д николо-хованское,55.6043455,37.417744,geometry,,
oks,HI2402-08-0001-001,"Боровское шоссе, вл. 2а",боровское шоссе вл 2а,55.6627345,37.41415705,geometry,,
oks,HI2429-10-0001-001,вблизи д. Николо-Хованское,вблизи д николо-хованское,55.6043455,37.417744,geometry_address,,
oks,HI2431-08-0001-001,д Саларьево,д саларьево,55.613434,37.415014,geometry_address,,
oks,HI2432-08-0001-001,"Квартал 75, з/у 3",квартал 75 зу 3,55.6143085,37.4136095,geometry,,
oks,HI2433-10-0001-001,"Коммунарка, квартал 226, земельный участок 3/3",коммунарка квартал 226 земельный участок 3/3,55.595963,37.428412,geometry_permit,,
oks,HI2436-08-0001-001,вблизи д. Николо-Хованское,вблизи д николо-хованское,55.6051705,37.4160225,geometry,,
oks,HI2502-08-0001-001,"Боровское шоссе, вл. 2а",боровское шоссе вл 2а,55.6628628,37.417360349999996,geometry,,
oks,HI2531-08-0001-001,"город Москва, вн.тер.г. муниципальный округ Коммунарка, улица Трёхполье, земельный участок 6",город москва вн.тер.г. муниципальный округ коммунарка улица трехполье земельный участок 6,55.6143085,37.4136095,geometry_permit,,
oks,HI2943-10-0003-001,"поселение Сосенское, квартал 26, земельный участок 3/3",поселение сосенское квартал 26 земельный участок 3/3,55.595963,37.428412,geometry_address,,
oks,HI2943-10-0005-001,"поселение Сосенское, квартал 26, земельный участок 3/3",поселение сосенское квартал 26 земельный участок 3/3,55.595963,37.428412,geometry_address,,
oks,HI3042-10-0001-001,"Коммунарка, квартал 226, земельный участок 3/3",коммунарка квартал 226 земельный участок 3/3,55.595963,37.428412,geometry_permit,,
oks,HI3284-08-0002-001,"п. Воскресенское, вл. 20А/1 (Участок 1)",п. воскресенское вл 20а/1 (участок 1),55.5268,37.4425805,geometry,,
oks,HI3342-10-0001-001,вблизи д. Николо-Хованское,вблизи д николо-хованское,55.6043455,37.417744,geometry_address,,
oks,HI3858-08-0001-001,поселок Коммунарка,поселок коммунарка,55.55522,37.502447000000004,geometry,,
oks,HI4152-08-0001-001,"ул. Александры Монаховой, зу 87",ул александры монаховой зу 87,55.549066499999995,37.489246,geometry,,
oks,HI4152-08-0002-001,"поселение Сосенское, поселок Коммунарка, улица Александры Монаховой, земельный участок 87",поселение сосенское поселок коммунарка улица александры монаховой земельный участок 87,55.547793999999996,37.4900845,geometry,,
oks,HI4152-08-0003-001,"поселок Коммунарка, улица Александры Монаховой, земельный участок 87",поселок коммунарка улица александры монаховой земельный участок 87,55.550479499999994,37.4878,geometry,,
oks,HI4377-08-0001-001,"квартал 191, земельный участок 1/3",квартал 191 земельный участок 1/3,55.538786,37.478837999999996,geometry,,
oks,HI4556-08-0001-001,в районе пос. Газопровод,в районе пос газопровод,55.577405999999996,37.4793665,geometry,,
oks,HI4599-10-0001-001,с. Остафьево,с. остафьево,55.495230500000005,37.518144,geometry_address,,
oks,HI4599-10-0001-002,с. Остафьево,с. остафьево,55.495230500000005,37.518144,geometry_address,,
oks,HI4599-10-0001-003,с. Остафьево,с. остафьево,55.495230500000005,37.518144,geometry_address,,
oks,HI4657-10-0002-001,пос. Коммунарка,пос коммунарка,55.563380499999994,37.488333,geometry_address,,
oks,HI4661-08-0001-001,пос. Коммунарка,пос коммунарка,55.563380499999994,37.488333,geometry,,
oks,HI5067-10-0001-001,пос. Коммунарка,пос коммунарка,55.563380499999994,37.488333,geometry_address,,
oks,HI5164-08-0001-001,"ул. Эдварда Грига, з/у 11Б",ул эдварда грига зу 11б,55.558192,37.504808999999995,geometry,,
oks,HI5599-08-0001-001,"ул. Любучанская, ЗУ 13",ул любучанская зу 13,55.4936275,37.5258305,geometry,,
oks,HI6102-10-0002-001,"Старокалужское шоссе , пересечение с ул. Академика Челомея",старокалужское шоссе пересечение с ул академика челомея,55.663543000000004,37.5383225,geometry_permit,,
oks,HI6102-10-0002-002,"Старокалужское шоссе, пересечение с ул. Академика Челомея",старокалужское шоссе пересечение с ул академика челомея,55.663543000000004,37.5383225,geometry,,
oks,HI7186-99-0001-001,"Варшавское шоссе, 1-й планировочный комплекс промзоны ""Бутово""",варшавское шоссе 1-й планировочный комплекс промзоны бутово,55.51896549999999,37.5747165,geometry_address,,
oks,HI7186-99-0001-002,"Варшавское шоссе, 1-й планировочный комплекс промзоны ""Бутово""",варшавское шоссе 1-й планировочный комплекс промзоны бутово,55.51896549999999,37.5747165,geometry_address,,
oks,HI7186-99-0001-003,"Варшавское шоссе, 1-й планировочный комплекс промзоны ""Бутово""",варшавское шоссе 1-й планировочный комплекс промзоны бутово,55.51896549999999,37.5747165,geometry_address,,
oks,HI7283-12-0001-002,"Варшавское шоссе, 1-й планировочный комплекс промзоны ""Бутово""",варшавское шоссе 1-й планировочный комплекс промзоны бутово,55.51896549999999,37.5747165,geometry_address,,
oks,HI7283-12-0001-003,"Варшавское шоссе, 1-й планировочный комплекс промзоны ""Бутово""",варшавское шоссе 1-й планировочный комплекс промзоны бутово,55.51896549999999,37.5747165,geometry_address,,
oks,HI7283-12-0001-004,"Варшавское шоссе, 1-й планировочный комплекс промзоны ""Бутово""",варшавское шоссе 1-й планировочный комплекс промзоны бутово,55.51896549999999,37.5747165,geometry_address,,
oks,HI7287-08-0001-001,"Варшавское шоссе, 1-й планировочный комплекс промзоны ""Бутово""",варшавское шоссе 1-й планировочный комплекс промзоны бутово,55.51896549999999,37.5747165,geometry,,
oks,HI8348-08-0001-001,Газопровод ул. уч. 6Г/24,газопровод ул уч 6г/24,55.585823,37.611788000000004,geometry,,
oks,HJ2348-08-0001-001,п. Щаповское уч. 21/1,п. щаповское уч 21/1,55.4186915,37.4121565,geometry,,
oks,HJ4400-10-0001-001,с. Остафьево,с. остафьево,55.495230500000005,37.518144,geometry_address,,
oks,HJ4400-10-0001-002,с. Остафьево,с. остафьево,55.495230500000005,37.518144,geometry_address,,
oks,HJ4903-10-0001-001,с. Остафьево,с. остафьево,55.495230500000005,37.518144,geometry_address,,
oks,HJ5200-10-0001-001,с. Остафьево,с. остафьево,55.495230500000005,37.518144,geometry_address,,
oks,HJ5200-10-0001-002,с. Остафьево,с. остафьево,55.495230500000005,37.518144,geometry_address,,
oks,HJ5302-08-0001-001,"улица Логинова, дом 6",улица логинова дом 6,55.496139,37.5122425,geometry,,
oks,HJ5501-10-0001-001,с. Остафьево,с. остафьево,55.495230500000005,37.518144,geometry_address,,
oks,HJ5515-08-0001-001,"Поселение Рязановское, д. Алхимово",поселение рязановское д алхимово,55.4752275,37.51936,geometry,,
oks,HJ5802-08-0001-001,"улица Любучанская, земельный участок 6, земельный участок 8",улица любучанская земельный участок 6 земельный участок 8,55.496702,37.5272395,geometry,,
oks,HJ6301-99-0001-001,"ул. Местечко Барыши, з/у 25",ул местечко барыши зу 25,55.4993255,37.542092,geometry,,
oks,IH0465-10-0001-001,"1-й Дубровский проезд, вл. 78/14",1-й дубровский проезд вл 78/14,55.724611,37.6824575,geometry_address,,
oks,IH0465-10-0001-002,"1-й Дубровский проезд, вл. 78/14",1-й дубровский проезд вл 78/14,55.724611,37.6824575,geometry,,
oks,IH0465-10-0002-001,"1-й Дубровский проезд, вл. 78/14",1-й дубровский проезд вл 78/14,55.724611,37.6824575,geometry_address,,
oks,IH0766-99-0001-001,"пр-кт Волгоградский, вл 32/4",пр-кт волгоградский вл 32/4,55.719082,37.6918585,geometry,,
oks,IH1145-08-0001-001,"ул. Красноказарменная, вл. 15",ул красноказарменная вл 15,55.756817999999996,37.70693,geometry,,
oks,IH1146-10-0002-002,"ул. Красноказарменная, вл. 15",ул красноказарменная вл 15,55.756817999999996,37.70693,geometry_address,,
oks,IH1146-10-0002-004,"ул. Красноказарменная, вл. 15",ул красноказарменная вл 15,55.756817999999996,37.70693,geometry_address,,
oks,IH1667-08-0001-001,"1-й Грайвороновский проезд, вл.3",1-й грайвороновский проезд вл3,55.720241,37.724222499999996,geometry,,
oks,IH1667-10-0002-001,"1-й Грайвороновский проезд, вл. 3",1-й грайвороновский проезд вл 3,55.719618,37.723011,geometry_address,,
oks,IH1667-10-0002-002,"1-й Грайвороновский проезд, вл.3",1-й грайвороновский проезд вл3,55.720241,37.724222499999996,geometry_address,,
oks,IH1667-10-0002-003,"1-й Грайвороновский проезд, вл. 3",1-й грайвороновский проезд вл 3,55.719618,37.723011,geometry_address,,
oks,IH1667-10-0002-004,"1-й Грайвороновский проезд, вл.3",1-й грайвороновский проезд вл3,55.720241,37.724222499999996,geometry_address,,
oks,IH1668-08-0001-001,"1-й Грайвороновский проезд, вл. 3",1-й грайвороновский проезд вл 3,55.719618,37.723011,geometry,,
oks,IH2112-08-0002-001,"Тюменский проезд, влд. 3, стр. 10,11,12",тюменский проезд влд. 3 стр 10 11 12,55.811796,37.7393735,geometry,,
oks,IH2199-08-0001-001,"ул. Люблинская, вл. 72",ул люблинская вл 72,55.6681995,37.7357855,geometry,,
oks,IH2309-08-0001-001,"Открытое шоссе, земельный участок 18/1",открытое шоссе земельный участок 18/1,55.817086,37.7478865,geometry,,
oks,IH2516-99-0001-001,"ул. Амурская, вл. 2",ул амурская вл 2,55.8046315,37.75251,geometry,,
oks,IH2709-99-0001-001,ул. Николая Химушина,ул николая химушина,55.8171965,37.7595835,geometry_address,,
oks,IH2719-08-0001-001,"Сиреневый бульвар, вл. 4",сиреневый бульвар вл 4,55.7976144,37.7600907,geometry,,
oks,IH2809-08-0001-001,ул. Николая Химушина,ул николая химушина,55.8171965,37.7595835,geometry,,
oks,IH3220-10-0002-002,"ул. Никитинская, вл. 10/1",ул никитинская вл 10/1,55.799459999999996,37.7783845,geometry,,
oks,IH3466-08-0002-001,"ул. Михайлова, з/у 30А/1",ул михайлова зу 30а/1,55.722711000000004,37.777550000000005,geometry,,
oks,II2000-10-0014-001,"ул. Люблинская, вл. 72",ул люблинская вл 72,55.6681995,37.7357855,geometry_address,,
oks,II2001-08-0001-001,"ул. Люблинская, з/у 72",ул люблинская зу 72,55.664139000000006,37.736877,geometry,,
oks,II2003-05-0001-001,"ул. Люблинская, вл. 72",ул люблинская вл 72,55.6681995,37.7357855,geometry_address,,
oks,TT0000-02-0021-001,"шоссе Перовское, зу 2",шоссе перовское зу 2,55.7335105,37.7410425,geometry,,
oks,TT0000-08-0006-001,"поселение Сосенское, квартал 26, земельный участок 3/3",поселение сосенское квартал 26 земельный участок 3/3,55.595963,37.428412,geometry,,
oks,TT0000-08-0027-001,"г. Троицк, Октябрьский проспект, владение 35",г. троицк октябрьский проспект владение 35,55.4839355,37.29821,geometry,,
oks,TT0000-08-0064-001,пос. Мосрентген,пос мосрентген,55.6058135,37.4702135,geometry,,
oks,TT0000-08-0185-001,вблизи с.Рождествено,вблизи с.рождествено,55.8619165,37.3712385,geometry,,
oks,TT0000-08-0186-001,Полярная ул. вл. 25,полярная ул вл 25,55.881153499999996,37.6362965,geometry,,
oks,TT0000-08-0191-001,"г. Москва, вн.тер.г. поселение Филимонковское, кв-л 25, з/у 1",г. москва вн.тер.г. поселение филимонковское кв-л 25 зу 1,55.569365,37.288799499999996,geometry,,
oks,TT0000-08-0197-001,вблизи д. Санино,вблизи д санино,55.589749999999995,37.169483,geometry,,
oks,TT0000-08-0199-001,с. Остафьево,с. остафьево,55.495230500000005,37.518144,geometry,,
oks,TT0000-08-0200-001,"Базовская ул., д.15, корп.13",базовская ул д15 корп13,55.878765,37.510594499999996,geometry,,
oks,TT0000-08-0202-001,д. Рассказовка,д рассказовка,55.626847,37.3395895,geometry,,
oks,TT0000-08-0206-001,"проспект Куприна, земельный участок 24/1, корп. 2.11",проспект куприна земельный участок 24/1 корп 2.11,55.5460505,37.4783415,geometry,,
oks,TT0000-08-0207-001,"г. Московский, район тепличного комбината №1, третий микрорайон, квартал 1",г. московский район тепличного комбината №1 третий микрорайон квартал 1,55.6044305,37.3735,geometry,,
oks,TT0000-08-0208-001,д. Саларьево,д саларьево,55.613434,37.415014,geometry,,
oks,TT0000-08-0209-001,поселение Десёновское,поселение десеновское,55.534667999999996,37.3750085,geometry,,
oks,TT0000-08-0212-001,"поселение Сосенское, д. Столбово, проспект Куприна, з/у 30/9",поселение сосенское д столбово проспект куприна зу 30/9,55.5429855,37.456072000000006,geometry,,
oks,TT0000-08-0213-001,"Крюково, промзона ЦИЭ, кор.13",крюково промзона циэ кор.13,55.964670999999996,37.1733845,geometry,,
oks,TT0000-08-0214-001,"ул. Шеногина, земельный участок 20/21, з/у 20/22",ул шеногина земельный участок 20/21 зу 20/22,55.7667845,37.5031735,geometry,,
oks,TT0000-08-0215-001,"ул. Шеногина, вл. 2",ул шеногина вл 2,55.765528,37.506483,geometry,,
oks,TT0000-08-0216-001,вблизи с.Рождествено,вблизи с.рождествено,55.864348500000006,37.37646,geometry,,
oks,TT0000-08-0217-001,"вблизи д. Алхимово, ЖК ""Алхимово""",вблизи д алхимово жк алхимово,55.4737875,37.533252,geometry,,
oks,TT0000-08-0218-001,"ш. Волоколамское, уч. 71/14",ш волоколамское уч 71/14,55.813995500000004,37.428152999999995,geometry,,
oks,TT0000-08-0219-001,"переулок Любучанский, зу 2",переулок любучанский зу 2,55.5003045,37.528354500000006,geometry,,
oks,TT0000-08-0285-001,"Варшавское шоссе, 1-й планировочный комплекс промзоны""Бутово""",варшавское шоссе 1-й планировочный комплекс промзоныбутово,55.518032000000005,37.574672500000005,geometry,,
oks,TT0000-08-0287-001,"Сельскохозяйственная, вл. 35",сельскохозяйственная вл 35,55.8567965,37.6235305,geometry,,
oks,TT0000-10-0270-001,вблизи д. Николо-Хованское,вблизи д николо-хованское,55.6043455,37.417744,geometry_address,,
oks,TT0000-10-0296-001,вблизи д. Николо-Хованское,вблизи д николо-хованское,55.6043455,37.417744,geometry_address,,
oks,TT0000-10-0306-001,Ленинградское шоссе,ленинградское шоссе,55.9316885,37.3833655,geometry_address,,
oks,TT0000-10-0505-001,Очаковское шоссе,очаковское шоссе,55.6931485,37.4582415,geometry_address,,
oks,TT0000-10-0549-001,ул. Озерная,ул озерная,55.669681999999995,37.436417500000005,geometry_address,,
oks,TT0000-10-0549-002,ул. Озерная,ул озерная,55.669681999999995,37.436417500000005,geometry_address,,
oks,TT0000-10-0593-003,"Кавказский бульвар, земельный участок 51/6",кавказский бульвар земельный участок 51/6,55.626019,37.640797,geometry,,
oks,TT0000-10-0688-001,в районе пос. Газопровод,в районе пос газопровод,55.577405999999996,37.4793665,geometry_address,,
oks,TT0000-10-0688-003,в районе пос. Газопровод,в районе пос газопровод,55.577405999999996,37.4793665,geometry_address,,
oks,TT0000-10-0715-001,"1-й Грайвороновский проезд, вл.3",1-й грайвороновский проезд вл3,55.720241,37.724222499999996,geometry_address,,
oks,TT0000-10-0715-002,"1-й Грайвороновский проезд, вл.3",1-й грайвороновский проезд вл3,55.720241,37.724222499999996,geometry_address,,
oks,TT0000-10-0715-003,"1-й Грайвороновский проезд, вл.3",1-й грайвороновский проезд вл3,55.720241,37.724222499999996,geometry_address,,
oks,TT0000-10-0715-004,"1-й Грайвороновский проезд, вл.3",1-й грайвороновский проезд вл3,55.720241,37.724222499999996,geometry_address,,
oks,TT0000-10-0730-002,д. Саларьево,д саларьево,55.613434,37.415014,geometry_address,,
oks,TT0000-10-0825-001,ул. Шеногина вл. 2,ул шеногина вл 2,55.765528,37.506483,geometry_address,,
oks,TT0000-10-0828-001,"1-й Грайвороновский проезд, вл. 3",1-й грайвороновский проезд вл 3,55.719618,37.723011,geometry_address,,
oks,TT0000-10-0828-002,"1-й Грайвороновский проезд, вл. 3",1-й грайвороновский проезд вл 3,55.719618,37.723011,geometry_address,,
oks,TT0000-99-0020-001,д. Ватутинки,д ватутинки,55.4884335,37.339371,geometry,,
oks,TT0000-99-0941-001,"Золоторожский Вал ул., вл.11",золоторожский вал ул вл11,55.750706,37.692565,geometry,,
oks,TT0000-99-0975-001,"проспект Вернадского, вл. 12Б",проспект вернадского вл 12б,55.6880225,37.510892,geometry,,
oks,TT0000-99-1665-001,"ул. Орджоникидзе, д.11, стр.35; Вавилова ул., вл. 3",ул орджоникидзе д11 стр35 вавилова ул вл 3,55.6980913,37.364559549999996,geometry,,
oks,TT0000-99-1785-001,"район тепличного комбината № 1, третий микрорайон, квартал 1",район тепличного комбината № 1 третий микрорайон квартал 1,55.604071,37.3762295,geometry,,
oks,TT0000-99-2597-001,"Дубнинская улица, д. 9",дубнинская улица д 9,55.8587355,37.566415,geometry,,
oks,TT0000-99-3082-001,ул. Салтыковская,ул салтыковская,55.72594885,37.86455435,geometry,,
oks,TT0000-99-3643-001,пересечение ул. Минской с Киевским направлением Московской железной дороги в пойме реки Раменки,пересечение ул минской с киевским направлением московской железной дороги в пойме реки раменки,55.715561,37.500068,geometry,,
oks,TT0000-99-3931-001,Масловка Верхн. ул. д. 29 А,масловка верхн. ул д 29 а,55.798311,37.555974,geometry,,
oks,TT0000-99-4113-001,"Багратионовский проезд, вл.10",багратионовский проезд вл10,55.7455205,37.5093405,geometry,,
oks,TT0000-99-4580-001,"ул. Соколово-Мещерская, д, 2, корп. 2, стр. 1",ул соколово-мещерская д 2 корп 2 стр 1,55.891016500000006,37.389101,geometry,,
oks,TT0000-99-6056-001,"Тюменская улица, влд. 5",тюменская улица влд. 5,55.80977,37.7438855,geometry,,
oks,TT0000-99-7235-001,"2-я Пугачёвская улица, д. 12А, стр. 1",2-я пугачевская улица д 12а стр 1,55.791689000000005,37.725764999999996,geometry,,
oks,TT0000-99-7585-001,"г. Москва, улица Производственная, вл. 6",г. москва улица производственная вл 6,55.643928,37.395327,geometry,,
oks,TT0000-99-7586-001,"г. Москва, улица Производственная, вл. 6",г. москва улица производственная вл 6,55.6445905,37.394060499999995,geometry,,
oks,TT0000-99-8066-001,"Стрельбищенский переулок, вл. 14",стрельбищенский переулок вл 14,55.7597935,37.5400385,geometry,,
oks,TT0000-99-8269-001,"ул. Люблинская, вл. 72",ул люблинская вл 72,55.6681995,37.7357855,geometry_address,,
rv,GG5608-06-0002-001,"г. Зеленоград, корпус 912А",г. зеленоград корпус 912а,,,,not_found,2026-07-08T22:18:36
rv,HH8521-16-0001-006,"ЦАО, район Мещанский; СВАО, районы Алексеевский, Марьина Роща; ВАО, район Сокольники",цао район мещанский свао районы алексеевский марьина роща вао район сокольники,,,,not_found,2026-07-08T22:18:37
rv,FI7599-10-0001-001,"пос. Новофедоровское, д. Зверево, уч.101",пос новофедоровское д зверево уч 101,,,,not_found,2026-07-08T22:18:38
rv,FI7799-10-0001-001,"Новофёдоровское, пос. Новофедоровское, д. Зверево, уч.101",новофедоровское пос новофедоровское д зверево уч 101,,,,not_found,2026-07-08T22:18:40
rv,FJ5942-06-0002-001,"пос. Киевский, рядом с домом №25",пос киевский рядом с домом №25,,,,not_found,2026-07-08T22:18:41
rv,FJ7409-10-0001-002,Зверево дер. уч.101,зверево дер уч 101,,,,not_found,2026-07-08T22:18:42
rv,FJ7502-10-0001-001,"д. Зверево, уч. 101, д. 25",д зверево уч 101 д 25,,,,not_found,2026-07-08T22:18:44
rv,FJ7600-10-0001-001,"п. Новофёдоровское, дер. Зверево, уч.101",п. новофедоровское дер зверево уч 101,,,,not_found,2026-07-08T22:18:45
rv,FJ7600-10-0002-003,"д. Зверево, уч.101",д зверево уч 101,,,,not_found,2026-07-08T22:18:46
rv,FJ7606-10-0002-017,"д. Зверево, уч. 101 корпус 40",д зверево уч 101 корпус 40,,,,not_found,2026-07-08T22:18:48
rv,FJ7606-10-0002-019,"д. Зверево, уч. 101 корпус 2",д зверево уч 101 корпус 2,,,,not_found,2026-07-08T22:18:49
rv,GF4392-12-0002-001,"ОЭЗ ""Алабушево""",оэз алабушево,,,,not_found,2026-07-08T22:18:50
rv,GF4493-12-0002-001,"площадка ""Алабушево""",площадка алабушево,,,,not_found,2026-07-08T22:18:52
rv,GF4495-12-0001-001,"г. Зеленоград, площадка ""Алабушево""",г. зеленоград площадка алабушево,,,,not_found,2026-07-08T22:18:53
rv,GF4495-12-0003-001,"территория Алабушево (особая экономическая зона технико-внедренческой деятельности, участок № 26 площадки ""Алабушево"")",территория алабушево (особая экономическая зона технико-внедренческой деятельности участок № 26 площадки алабушево),,,,not_found,2026-07-08T22:18:54
rv,GF4496-12-0001-001,территория Алабушево,территория алабушево,,,,not_found,2026-07-08T22:18:56
rv,GF4793-12-0001-001,"проспект Генерала Алексеева, вл. 17-19",проспект генерала алексеева вл 17-19,,,,not_found,2026-07-08T22:18:57
rv,GF5793-12-0002-001,"Зеленоград, улица Академика Валиева, дом 4",зеленоград улица академика валиева дом 4,,,,not_found,2026-07-08T22:18:58
rv,GG4405-99-0001-001,"Коммунальная зона Александровка, ул. Александровка (проезд 624)",коммунальная зона александровка ул александровка (проезд 624),,,,not_found,2026-07-08T22:19:00
rv,GG4419-11-0002-001,"город Зеленоград, Георгиевский проспект, дом 37, строение 4",город зеленоград георгиевский проспект дом 37 строение 4,,,,not_found,2026-07-08T22:19:01
rv,GG4505-13-0001-001,"ул. Александровка, влд. 4",ул александровка влд. 4,,,,not_found,2026-07-08T22:19:02
rv,GG4519-08-0003-001,"д. Андреевка, мкр. 17, поз. 19",д андреевка мкр. 17 поз. 19,,,,not_found,2026-07-08T22:19:04
rv,GG4618-03-0002-001,"пр-кт Георгиевский, з/у 31",пр-кт георгиевский зу 31,,,,not_found,2026-07-08T22:19:05
rv,GG4620-08-0002-001,"Москва, ЗелАО, Крюково, д. Андреевка",москва зелао крюково д андреевка,,,,not_found,2026-07-08T22:19:06
rv,GG4819-15-0001-003,"проектируемый проезд 658, з/у 1, ЗелАО, Крюково",проектируемый проезд 658 зу 1 зелао крюково,,,,not_found,2026-07-08T22:19:08
rv,GG4913-05-0001-001,"Панфиловский пр-т, к.1841",панфиловский пр-т к1841,,,,not_found,2026-07-08T22:19:09
rv,GG5417-10-0001-001,"Георгиевский проспект, влд. 1936",георгиевский проспект влд. 1936,,,,not_found,2026-07-08T22:19:10
rv,GG5707-06-0001-001,Зеленоград мкр. 9,зеленоград мкр. 9,,,,not_found,2026-07-08T22:19:12
rv,GG5718-01-0002-001,"Заводская ул. д. 28 стр. 1,2",заводская ул д 28 стр 1 2,,,,not_found,2026-07-08T22:19:13
rv,GG6404-12-0001-001,"Силино, площадка ""Алабушево""",силино площадка алабушево,,,,not_found,2026-07-08T22:19:14
rv,GG6504-10-0002-001,"Москва, ЗелАО, район Савелки, Савелкинский пр. корп. 328",москва зелао район савелки савелкинский пр корп 328,,,,not_found,2026-07-08T22:19:16
rv,GG6603-08-0001-001,"г. Зеленоград, корп. 344А",г. зеленоград корп 344а,,,,not_found,2026-07-08T22:19:17
rv,GG7713-12-0001-001,"Савёлки, проезд 5500-й, земельный участок 4/2",савелки проезд 5500-й земельный участок 4/2,,,,not_found,2026-07-08T22:19:18
rv,GG7713-12-0002-001,"Савелки, проезд 5500-й, д. 1, стр. 4",савелки проезд 5500-й д 1 стр 4,,,,not_found,2026-07-08T22:19:20
rv,GG7714-12-0001-001,"Савелки, 5500-й проезд, земельный участок 4/4",савелки 5500-й проезд земельный участок 4/4,,,,not_found,2026-07-08T22:19:21
rv,GG7912-99-0001-001,"Зеленоград, проезд 5500-й, земельный участок 4/3",зеленоград проезд 5500-й земельный участок 4/3,,,,not_found,2026-07-08T22:19:22
rv,GI3252-12-0001-001,"д. Крекшино, кад. номер 50:26:0170103:133",д крекшино кад. номер 50:26:0170103:133,,,,not_found,2026-07-08T22:19:24
rv,GI3341-04-0002-001,у п. с-за Крекшино,у п. с-за крекшино,,,,not_found,2026-07-08T22:19:25
rv,GI4947-10-0001-001,"пос. Кокошкино, дер. Санино",пос кокошкино дер санино,,,,not_found,2026-07-08T22:19:26
rv,GI4948-10-0001-002,вблизи д.Санино,вблизи дсанино,,,,not_found,2026-07-08T22:19:28
rv,GI5050-11-0002-001,"д. Шарапово, ул. Придорожная, стр. 1",д шарапово ул придорожная стр 1,,,,not_found,2026-07-08T22:19:29
rv,GI5137-10-0002-001,ул. Труда д. 9. к.1,ул труда д 9. к1,,,,not_found,2026-07-08T22:19:30
rv,GI5478-10-0001-001,вблизи деревни Рогозинино,вблизи деревни рогозинино,,,,not_found,2026-07-08T22:19:32
rv,GI5650-11-0001-001,"поселение Марушкинское, квартал 63",поселение марушкинское квартал 63,,,,not_found,2026-07-08T22:19:33
rv,GI5851-12-0001-001,"поселение Марушкинское, д. Давыдково",поселение марушкинское д давыдково,,,,not_found,2026-07-08T22:19:34
rv,GI6243-10-0002-001,"дер. Марушкино, д. 1, 2, 3, 4",дер марушкино д 1 2 3 4,,,,not_found,2026-07-08T22:19:36
rv,GI6484-05-0001-001,"Лесная ул., з/у 86",лесная ул зу 86,,,,not_found,2026-07-08T22:19:37
rv,GI6643-01-0001-001,"ул. Привольная, з/у 11",ул привольная зу 11,,,,not_found,2026-07-08T22:19:38
rv,GI6744-01-0002-001,ОНО «ОПХ «Толстопальцево»,оно опх толстопальцево,,,,not_found,2026-07-08T22:19:40
rv,GI6744-12-0002-001,ОНО «Толстопальцево»,оно толстопальцево,,,,not_found,2026-07-08T22:19:41
rv,GI6956-11-0001-001,"д. Большое Покровское, земельный участок 21",д большое покровское земельный участок 21,,,,not_found,2026-07-08T22:19:42
rv,GI6961-11-0001-001,д. Большое Покровское,д большое покровское,,,,not_found,2026-07-08T22:19:44
rv,GI7057-11-0002-001,"пос. Марушкинское, д. Большое Покровское",пос марушкинское д большое покровское,,,,not_found,2026-07-08T22:19:45
rv,GI7249-10-0002-001,"пос. Десеновское, квартал 2/2",пос десеновское квартал 2/2,,,,not_found,2026-07-08T22:19:46
rv,GI7250-10-0002-001,"Десеновское пос., квартал 2/1",десеновское пос квартал 2/1,,,,not_found,2026-07-08T22:19:48
rv,GI7633-06-0002-001,"улица Изваринская, земельный участок 2/1",улица изваринская земельный участок 2/1,,,,not_found,2026-07-08T22:19:49
rv,GI8057-04-0001-001,Бурцево дер. уч. № 107,бурцево дер уч № 107,,,,not_found,2026-07-08T22:19:50
rv,GI8129-04-0002-001,Войсковая ул. уч. № 1,войсковая ул уч № 1,,,,not_found,2026-07-08T22:19:52
rv,GI8129-11-0001-001,улица Войсковая участок 1,улица войсковая участок 1,,,,not_found,2026-07-08T22:19:53
rv,GI8558-10-0001-001,"ОАО ""Марьинская птицефабрика"", вблизи д. Середнево, уч. VIII-1/1",оао марьинская птицефабрика вблизи д середнево уч viii-1/1,,,,not_found,2026-07-08T22:19:54
rv,GI8558-10-0004-001,"кв-л 25, з/у 1",кв-л 25 зу 1,,,,not_found,2026-07-08T22:19:56
rv,GI8558-10-0005-001,"поселение Филимонковское, ОАО «Марьинская птицефабрика», вблизи д. Середнево, уч.VIII-1/1",поселение филимонковское оао марьинская птицефабрика вблизи д середнево учviii-1/1,,,,not_found,2026-07-08T22:19:57
rv,GI8559-10-0001-001,"Филимонковское, кв-л 25, з/у 1",филимонковское кв-л 25 зу 1,,,,not_found,2026-07-08T22:19:58
rv,GI8759-10-0001-001,"улица Братьев Бромлей, земельный участок 3",улица братьев бромлей земельный участок 3,,,,not_found,2026-07-08T22:19:59
rv,GI8857-13-0001-002,"г. Москва, поселение Филимонковское, ОАО ""Марьинская птицефабрика"", вблизи д. Середнево, участок VIII-1/1""",г. москва поселение филимонковское оао марьинская птицефабрика вблизи д середнево участок viii-1/1,,,,not_found,2026-07-08T22:20:01
rv,GI8874-08-0001-002,"ОАО ""Марьинская птицефабрика"", вблизи д. Середнево, уч. № 8-1/1",оао марьинская птицефабрика вблизи д середнево уч № 8-1/1,,,,not_found,2026-07-08T22:20:02
rv,GI8960-10-0001-005,поселение Филимонковское,поселение филимонковское,55.5765148,37.3531081,nominatim,government,2026-07-08T22:20:03
rv,GI8972-99-0001-001,тер. ОАО Марьинская птицефабрика,тер. оао марьинская птицефабрика,,,,not_found,2026-07-08T22:20:05
rv,GI9117-10-0001-001,"Рассказовка дер., уч. № 13/4, кв. 17",рассказовка дер уч № 13/4 кв. 17,,,,not_found,2026-07-08T22:20:06
rv,GI9121-01-0001-001,"Внуковское, квартал 9, земельный участок 1",внуковское квартал 9 земельный участок 1,,,,not_found,2026-07-08T22:20:08
rv,GI9324-01-0003-001,"Внуковское, д. Пыхтино",внуковское д пыхтино,,,,not_found,2026-07-08T22:20:09
rv,GI9326-01-0001-001,поселение Внуковское,поселение внуковское,55.6156891,37.2661999,nominatim,memorial,2026-07-08T22:20:11
rv,GI9364-08-0002-001,"дер. Староселье, з/у 1",дер староселье зу 1,,,,not_found,2026-07-08T22:20:13
rv,GI9364-10-0001-001,Староселье дер.,староселье дер,,,,not_found,2026-07-08T22:20:15
rv,GI9374-13-0002-001,"OAO ""Марьинская птицефабрика»",oao марьинская птицефабрика,,,,not_found,2026-07-08T22:20:16
rv,GI9517-10-0002-006,"д. Рассказовка, уч. № 13/2. Кварталы 9,10,14,15,16",д рассказовка уч № 13/2. кварталы 9 10 14 15 16,,,,not_found,2026-07-08T22:20:18
rv,GI9517-10-0002-007,"д.Рассказовка, 9,10,14,15,16 кварталы уч. №13/2",драссказовка 9 10 14 15 16 кварталы уч №13/2,,,,not_found,2026-07-08T22:20:19
rv,GI9517-10-0002-008,"дер. Рассказовка, уч. 13/2",дер рассказовка уч 13/2,,,,not_found,2026-07-08T22:20:21
rv,GI9517-10-0002-009,дер. Рассказовка,дер рассказовка,,,,not_found,2026-07-08T22:20:22
rv,GI9517-10-0002-010,"д.Рассказовка, 9,10,14,15,16 кварталы",драссказовка 9 10 14 15 16 кварталы,,,,not_found,2026-07-08T22:20:24
rv,GI9566-10-0001-001,"улица Братьев Бромлей, земельный участок 5",улица братьев бромлей земельный участок 5,,,,not_found,2026-07-08T22:20:26
rv,GI9616-08-0002-001,"деревня Рассказовка, уч. № 13/2",деревня рассказовка уч № 13/2,,,,not_found,2026-07-08T22:20:28
rv,GI9697-99-0001-001,"п.. Ватутинки, уч. № 110ю и уч. № 111ю",п.. ватутинки уч № 110ю и уч № 111ю,,,,not_found,2026-07-08T22:20:30
rv,GI9697-99-0001-003,"Поселение Десеновское, Улица 1-я Ватутинская Дом 14 Строение 3",поселение десеновское улица 1-я ватутинская дом 14 строение 3,,,,not_found,2026-07-08T22:20:31
rv,GI9697-99-0001-004,"пос. Ватутинки, уч. 110ю и уч. 111ю",пос ватутинки уч 110ю и уч 111ю,,,,not_found,2026-07-08T22:20:33
rv,GI9733-10-0001-001,в районе д. Лапшинка,в районе д лапшинка,,,,not_found,2026-07-08T22:20:35
rv,GI9770-08-0001-001,"поселение Филимонковское, поселок Марьино",поселение филимонковское поселок марьино,,,,not_found,2026-07-08T22:20:36
rv,GI9865-04-0001-001,"д. Марьино, з/у 1Б",д марьино зу 1б,,,,not_found,2026-07-08T22:20:38
rv,GI9869-05-0001-001,"Светлый бульв, вл. 11/3, 11/1",светлый бульв вл 11/3 11/1,,,,not_found,2026-07-08T22:20:39
rv,GI9869-10-0008-001,"пос. Марьино, участок № III-1/3в",пос марьино участок № iii-1/3в,,,,not_found,2026-07-08T22:20:42
rv,GI9896-01-0002-001,"ул. Офицерская, вл. 11",ул офицерская вл 11,55.5055613,37.3305081,nominatim,residential,2026-07-08T22:20:44
rv,GI9918-04-0001-001,"п. Внуковское, кв-л 6, вл. 2",п. внуковское кв-л 6 вл 2,,,,not_found,2026-07-08T22:20:46
rv,GI9919-10-0002-001,Улица Анны Ахматовой Дом 11 Корпус 3,улица анны ахматовой дом 11 корпус 3,,,,not_found,2026-07-08T22:20:47
rv,GJ4459-11-0001-001,пос. Михайлово-Ярцевское,пос михайлово-ярцевское,,,,not_found,2026-07-08T22:20:49
rv,GJ4459-11-0001-002,поселение Михайлово-Ярцевское,поселение михайлово-ярцевское,,,,not_found,2026-07-08T22:20:50
rv,GJ4511-10-0001-001,"дер. Каменка, уч. 51",дер каменка уч 51,55.9669325,37.1592379,nominatim,neighbourhood,2026-07-08T22:20:52
rv,GJ5579-13-0001-001,"д. Голохвастово, уч. 2",д голохвастово уч 2,,,,not_found,2026-07-08T22:20:54
rv,GJ6322-04-0001-001,Вблизи дер. Поляны,вблизи дер поляны,,,,not_found,2026-07-08T22:20:56
rv,GJ7023-04-0002-001,"п. Краснопахорское, вблизи д. Поляны",п. краснопахорское вблизи д поляны,,,,not_found,2026-07-08T22:20:57
rv,GJ7231-04-0001-001,"Краснопахорское, с.Былово, вл.1Г",краснопахорское с.былово вл1г,,,,not_found,2026-07-08T22:20:59
rv,GJ7815-10-0001-003,С. Троицк,с. троицк,55.4578187,37.2951157,nominatim,fast_food,2026-07-08T22:21:00
rv,GJ7815-10-0001-004,ул. Николая Сладкова,ул николая сладкова,,,,not_found,2026-07-08T22:21:02
rv,GJ7815-10-0001-006,"ул. Николая Сладкова, влд. 2",ул николая сладкова влд. 2,,,,not_found,2026-07-08T22:21:04
rv,GJ8024-11-0001-001,"улица Промышленная. д.11, стр.4",улица промышленная. д11 стр4,,,,not_found,2026-07-08T22:21:06
rv,GJ8043-08-0002-001,"пос. Красная Пахра, влд. 23-1",пос красная пахра влд. 23-1,,,,not_found,2026-07-08T22:21:08
rv,GJ8129-12-0001-001,Улица Квантовая Дом 1,улица квантовая дом 1,,,,not_found,2026-07-08T22:21:09
rv,GJ8229-01-0002-001,Улица Академика Франка Дом 21 Строение 2,улица академика франка дом 21 строение 2,,,,not_found,2026-07-08T22:21:11
rv,GJ8229-01-0003-001,Улица Академика Франка Дом 21,улица академика франка дом 21,55.4508077,37.2751043,nominatim,tertiary,2026-07-08T22:21:13
rv,GJ8230-01-0001-003,Улица Академика Франка Дом 21 Строение 3,улица академика франка дом 21 строение 3,,,,not_found,2026-07-08T22:21:15
rv,GJ8322-11-0001-001,Физическая ул. д 31 стррое2,физическая ул д 31 стррое2,,,,not_found,2026-07-08T22:21:17
rv,GJ8329-11-0001-001,"п. Краснопахорское, кв-л. 92, вл. 1",п. краснопахорское кв-л. 92 вл 1,,,,not_found,2026-07-08T22:21:18
rv,GJ8522-11-0001-001,"г. Троицк, улица Дальняя, д. 6",г. троицк улица дальняя д 6,,,,not_found,2026-07-08T22:21:20
rv,GJ8706-06-0001-001,"г. Троицк, микрорайон В дом 13А",г. троицк микрорайон в дом 13а,,,,not_found,2026-07-08T22:21:22
rv,GJ9019-01-0001-001,Физическая ул. д 29,физическая ул д 29,55.6986768,37.5610561,nominatim,residential,2026-07-08T22:21:24
rv,GJ9102-04-0002-001,"Троицк, Улица Прибрежная Дом 17",троицк улица прибрежная дом 17,55.4956808,37.3046787,nominatim,service,2026-07-08T22:21:25
rv,GJ9103-04-0001-001,"г.Троицк, ул.Прибрежная, д.11",г.троицк улприбрежная д11,,,,not_found,2026-07-08T22:21:27
rv,GJ9203-10-0002-001,"ул. Заречная, стр. 8",ул заречная стр 8,,,,not_found,2026-07-08T22:21:29
rv,GJ9205-10-0001-001,"Город Троицк, Улица Текстильщиков Дом 3 Корпус 2",город троицк улица текстильщиков дом 3 корпус 2,,,,not_found,2026-07-08T22:21:30
rv,GJ9205-10-0001-002,"Город Троицк, Улица Текстильщиков Дом 3 Корпус 1",город троицк улица текстильщиков дом 3 корпус 1,,,,not_found,2026-07-08T22:21:32
rv,GJ9503-10-0002-001,тер. СНТ Ветеран,тер. снт ветеран,,,,not_found,2026-07-08T22:21:33
rv,GJ9504-10-0001-001,"тер. СНТ Ветеран-1, корпус 1",тер. снт ветеран-1 корпус 1,,,,not_found,2026-07-08T22:21:35
rv,GJ9604-14-0001-001,"улица Городская, земельный участок 6/9",улица городская земельный участок 6/9,,,,not_found,2026-07-08T22:21:37
rv,GJ9707-10-0001-001,"в е д. Ватутинки, уч. 2",в е д ватутинки уч 2,,,,not_found,2026-07-08T22:21:38
rv,GJ9707-10-0001-003,"в районе д. Ватутинки, уч. 2 (квартал № 102, дом 4, корпус 3)",в районе д ватутинки уч 2 (квартал № 102 дом 4 корпус 3),,,,not_found,2026-07-08T22:21:40
rv,GJ9739-10-0001-001,"п. Краснопахорское, дер. Раево",п. краснопахорское дер раево,,,,not_found,2026-07-08T22:21:42
rv,GJ9739-10-0001-002,"Москва, ТАО, Краснопахорское, Раево дер. 77:22:0020330:590",москва тао краснопахорское раево дер 77:22:0020330:590,,,,not_found,2026-07-08T22:21:43
rv,GJ9739-10-0002-001,деревня Раево,деревня раево,,,,not_found,2026-07-08T22:21:45
rv,GK1964-11-0002-001,"п. Роговское, вблизи п. Рогово",п. роговское вблизи п. рогово,,,,not_found,2026-07-08T22:21:46
rv,GK2171-10-0002-001,Рогово пос.,рогово пос,,,,not_found,2026-07-08T22:21:48
rv,GK3634-01-0001-001,вблизи деревни Львово,вблизи деревни львово,,,,not_found,2026-07-08T22:21:49
rv,GK5309-04-0002-001,"поселение Вороновское, пос. ЛМС",поселение вороновское пос лмс,,,,not_found,2026-07-08T22:21:51
rv,GK5414-03-0001-001,ЛМС пос. мкр. Центральный,лмс пос мкр. центральный,,,,not_found,2026-07-08T22:21:52
rv,GK6003-07-0002-001,"Вороновское, ТАО",вороновское тао,,,,not_found,2026-07-08T22:21:54
rv,HG0430-04-0001-001,"ул.Синявинская, д.9",улсинявинская д9,55.9480726,37.3503702,nominatim,living_street,2026-07-08T22:21:56
rv,HG0497-11-0002-001,"ул. Зенитчиков, д. 2",ул зенитчиков д 2,55.8347314,37.3488742,nominatim,tertiary,2026-07-08T22:21:57
rv,HG0531-99-0002-001,"Синявинская улица, вл. 11",синявинская улица вл 11,55.9480726,37.3503702,nominatim,living_street,2026-07-08T22:21:59
rv,HG0586-05-0001-001,Митинская ул. вл. 57,митинская ул вл 57,55.8474575,37.3587011,nominatim,secondary,2026-07-08T22:22:01
rv,HG0595-04-0002-001,"ул. Дубравная, вл. 51",ул дубравная вл 51,55.8401344,37.347954,nominatim,secondary,2026-07-08T22:22:03
rv,HG0595-04-0002-002,Дубравная ул. вл. 51,дубравная ул вл 51,55.8489139,37.3647387,nominatim,secondary,2026-07-08T22:22:04
rv,HG0636-08-0001-001,"1-я Сестрорецкая улица, 6Б",1-я сестрорецкая улица 6б,55.9407815,37.3549008,nominatim,kindergarten,2026-07-08T22:22:06
rv,HG0681-04-0002-001,"тер. ТПУ «Пятницкое шоссе», з/у 2",тер. тпу пятницкое шоссе зу 2,,,,not_found,2026-07-08T22:22:07
rv,HG0792-03-0002-001,Дубравная ул. вл. 33,дубравная ул вл 33,55.8438542,37.3559211,nominatim,secondary,2026-07-08T22:22:09
rv,HG0932-10-0001-001,"Ленинградское шоссе, дом 228, корпус 4",ленинградское шоссе дом 228 корпус 4,,,,not_found,2026-07-08T22:22:11
rv,HG1034-10-0001-001,"Ленинградское шоссе, дом 228 корпус 5",ленинградское шоссе дом 228 корпус 5,,,,not_found,2026-07-08T22:22:13
rv,HG1050-12-0001-001,"КСПХ ""Химки""",кспх химки,,,,not_found,2026-07-08T22:22:14
rv,HG1055-06-0002-001,"Машкинское шоссе, вл. 23",машкинское шоссе вл 23,55.9126355,37.389962,nominatim,secondary,2026-07-08T22:22:16
rv,HG1281-10-0001-001,"Муравская, земельный участок 38Б",муравская земельный участок 38б,,,,not_found,2026-07-08T22:22:18
rv,HG1281-10-0002-001,вблизи села Рождествено,вблизи села рождествено,,,,not_found,2026-07-08T22:22:19
rv,HG1284-10-0002-001,"Митино, вблизи с. Рождествено",митино вблизи с. рождествено,,,,not_found,2026-07-08T22:22:21
rv,HG1339-10-0001-001,"КСХП ""Химки""",ксхп химки,,,,not_found,2026-07-08T22:22:23
rv,HG1339-10-0001-002,"Молжаниновское, КСХП ""Химки""",молжаниновское ксхп химки,,,,not_found,2026-07-08T22:22:24
rv,HG1340-13-0002-001,"Ленинградское шоссе, дом 229А, строение 3",ленинградское шоссе дом 229а строение 3,,,,not_found,2026-07-08T22:22:26
rv,HG1369-13-0001-001,"Куркинское шоссе, 29",куркинское шоссе 29,55.8845173,37.3823299,nominatim,hospital,2026-07-08T22:22:27
rv,HG1383-10-0001-001,"вблизи с. Рождествено, участок № 7",вблизи с. рождествено участок № 7,,,,not_found,2026-07-08T22:22:29
rv,HG1383-14-0002-001,"Рождествено, участок №7",рождествено участок №7,,,,not_found,2026-07-08T22:22:30
rv,HG1439-14-0001-001,Молжаниновский,молжаниновский,55.9367,37.377,nominatim,administrative,2026-07-08T22:22:32
rv,HG1440-10-0002-001,"Шоссе Ленинградское, Корпус 3",шоссе ленинградское корпус 3,55.8222984,37.4992684,nominatim,commercial,2026-07-08T22:22:34
rv,HG1440-15-0001-002,Молжаниновский район,молжаниновский район,55.9367,37.377,nominatim,administrative,2026-07-08T22:22:36
rv,HG1651-04-0002-001,Проектируемый пр. N 5082 вл. 8,проектируемый пр n 5082 вл 8,,,,not_found,2026-07-08T22:22:38
rv,HG1898-14-0002-001,МКАД 67 км вл. 7,мкад 67 км вл 7,,,,not_found,2026-07-08T22:22:39
rv,HG2092-10-0001-002,"кв. 4, Светлогорский пр-д, влд. 7/1/1",кв. 4 светлогорский пр-д влд. 7/1/1,,,,not_found,2026-07-08T22:22:42
rv,HG2485-10-0001-001,"ул. Героев Панфиловцев, вл. 31",ул героев панфиловцев вл 31,55.8569639,37.4347906,nominatim,secondary,2026-07-08T22:22:43
rv,HG2894-03-0002-001,"ул. Фабрициуса, вл. 33-35",ул фабрициуса вл 33-35,,,,not_found,2026-07-08T22:22:46
rv,HG2980-03-0002-001,"ул. Вилиса Лациса, вл. 2-1, 2-2",ул вилиса лациса вл 2-1 2-2,,,,not_found,2026-07-08T22:22:48
rv,HG3085-04-0001-002,"ул. Героев Панфиловцев, д. 10, стр. 2",ул героев панфиловцев д 10 стр 2,,,,not_found,2026-07-08T22:22:49
rv,HG3193-10-0001-001,"ул. Сходненская, вл. 42",ул сходненская вл 42,55.8477448,37.4401333,nominatim,secondary,2026-07-08T22:22:51
rv,HG3196-10-0001-002,"г. Москва, СЗАО, Южное Тушино, ул. Сходненская, вл.12",г. москва сзао южное тушино ул сходненская вл12,,,,not_found,2026-07-08T22:22:52
rv,HG3677-11-0001-001,"Ленинградское шоссе, земельный участок 77Б/1",ленинградское шоссе земельный участок 77б/1,,,,not_found,2026-07-08T22:22:55
rv,HG3792-04-0002-001,"проезд Досфлота, д. 12",проезд досфлота д 12,55.8406297,37.4572435,nominatim,residential,2026-07-08T22:22:56
rv,HG3795-10-0001-001,"проезд Досфлота, вл. 2",проезд досфлота вл 2,55.8406297,37.4572435,nominatim,residential,2026-07-08T22:22:58
rv,HG3797-10-0001-002,Лодочная ул. вл. 11,лодочная ул вл 11,55.8369177,37.447248,nominatim,tertiary,2026-07-08T22:22:59
rv,HG3984-04-0002-001,"Ленинградское шоссе, д. 61, стр. 2",ленинградское шоссе д 61 стр 2,,,,not_found,2026-07-08T22:23:01
rv,HG4078-01-0001-001,"Валдайский проезд, д. 16",валдайский проезд д 16,55.8675649,37.4675168,nominatim,residential,2026-07-08T22:23:02
rv,HG4095-13-0001-001,"Капотня, кв.2, вл. 1",капотня кв.2 вл 1,,,,not_found,2026-07-08T22:23:04
rv,HG4178-08-0001-001,"Смольная улица, дом 61а",смольная улица дом 61а,,,,not_found,2026-07-08T22:23:05
rv,HG4179-06-0002-001,"р-н Левобережный, мкр.1Б, корп. 39А",р-н левобережный мкр.1б корп 39а,,,,not_found,2026-07-08T22:23:07
rv,HG4276-08-0001-001,"ул. Левобережная, влд. 4, 4а, участок № 2",ул левобережная влд. 4 4а участок № 2,,,,not_found,2026-07-08T22:23:09
rv,HG4284-10-0002-001,Фестивальная ул. вл. 15,фестивальная ул вл 15,55.8615602,37.50288,nominatim,tertiary,2026-07-08T22:23:10
rv,HG4284-10-0002-003,"ул. Фестивальная, вл. 15",ул фестивальная вл 15,55.8615602,37.50288,nominatim,tertiary,2026-07-08T22:23:13
rv,HG4472-16-0002-004,"Левобережный, Ховрино",левобережный ховрино,55.8605337,37.4675129,nominatim,public_service,2026-07-08T22:23:14
rv,HG4493-10-0001-001,"Ленинградское ш., вл.58, стр.14, 21",ленинградское ш вл58 стр14 21,,,,not_found,2026-07-08T22:23:16
rv,HG4493-10-0003-001,Пулковская ул. вл. 3,пулковская ул вл 3,55.843845,37.4809539,nominatim,residential,2026-07-08T22:23:18
rv,HG4572-99-0001-001,"Улица Зеленоградская, Дом 24",улица зеленоградская дом 24,55.8654472,37.5155332,nominatim,tertiary,2026-07-08T22:23:19
rv,HG4579-04-0002-001,"Дыбенко, д. 1Б, стр. 1",дыбенко д 1б стр 1,,,,not_found,2026-07-08T22:23:21
rv,HG4694-10-0003-001,Кронштадтский бульв. вл. 9,кронштадтский бульв. вл 9,,,,not_found,2026-07-08T22:23:23
rv,HG4697-04-0002-001,"ул. Адмирала Макарова, вл. 41",ул адмирала макарова вл 41,55.8263608,37.4957553,nominatim,tertiary,2026-07-08T22:23:24
rv,HG4796-05-0002-001,Головинское шоссе д. 6А,головинское шоссе д 6а,55.8375204,37.5028015,nominatim,tertiary,2026-07-08T22:23:26
rv,HG4797-10-0002-001,Макарова адмирала ул.,макарова адмирала ул,55.8301423,37.4939879,nominatim,tertiary,2026-07-08T22:23:28
rv,HG4875-05-0002-001,"Зеленоградская ул., вл. 27, корп. 1",зеленоградская ул вл 27 корп 1,,,,not_found,2026-07-08T22:23:30
rv,HG4895-10-0002-001,"Кронштадтский бульв., д.14",кронштадтский бульв. д14,,,,not_found,2026-07-08T22:23:31
rv,HG5071-10-0002-001,Ижорская ул. вл. 6,ижорская ул вл 6,55.8965999,37.5263415,nominatim,tertiary,2026-07-08T22:23:33
rv,HG5078-10-0001-001,Клинская ул. вл. 2,клинская ул вл 2,55.8658315,37.5041641,nominatim,tertiary,2026-07-08T22:23:34
rv,HG5170-10-0002-001,Ижорская ул. вл. 6/6,ижорская ул вл 6/6,,,,not_found,2026-07-08T22:23:36
rv,HG5287-10-0002-001,Онежская ул. вл. 35 корп. 5,онежская ул вл 35 корп 5,,,,not_found,2026-07-08T22:23:38
rv,HG5368-14-0003-001,"Коровинское шоссе, вл. 41А , корп. 1, корпус 2",коровинское шоссе вл 41а корп 1 корпус 2,,,,not_found,2026-07-08T22:23:40
rv,HG5387-10-0001-002,"ул. Онежская, вл. 35 корп. 6",ул онежская вл 35 корп 6,,,,not_found,2026-07-08T22:23:41
rv,HG5396-04-0002-001,"ул. Михалковская, вл. 52, стр. 7,11",ул михалковская вл 52 стр 7 11,,,,not_found,2026-07-08T22:23:43
rv,HG5396-10-0001-002,"Михалковская улица, вл. 48",михалковская улица вл 48,55.8368189,37.53763,nominatim,secondary,2026-07-08T22:23:44
rv,HG5470-10-0001-001,"Коровинское шоссе, з/у 35/18",коровинское шоссе зу 35/18,,,,not_found,2026-07-08T22:23:46
rv,HG5471-06-0002-001,"ул. Базовская, вл. 15, (участок 2)",ул базовская вл 15 (участок 2),,,,not_found,2026-07-08T22:23:48
rv,HG5471-99-0001-001,Базовская ул. уч. 24Б,базовская ул уч 24б,,,,not_found,2026-07-08T22:23:49
rv,HG5478-10-0001-002,Талдомская ул. вл. 1,талдомская ул вл 1,55.8710935,37.5149932,nominatim,residential,2026-07-08T22:23:51
rv,HG5488-10-0001-002,"Кронштадтский бульвар, вл. 55А",кронштадтский бульвар вл 55а,,,,not_found,2026-07-08T22:23:52
rv,HG5496-10-0002-001,"ул. Михалковская, вл. 48",ул михалковская вл 48,55.8368189,37.53763,nominatim,secondary,2026-07-08T22:23:54
rv,HG5598-10-0001-001,Старокоптевский пер. вл. 4,старокоптевский пер вл 4,55.8354946,37.5186585,nominatim,residential,2026-07-08T22:23:55
rv,HG5799-10-0001-002,"Соболевский проезд, д. 20Б",соболевский проезд д 20б,55.8389202,37.5291879,nominatim,residential,2026-07-08T22:23:58
rv,HG5867-10-0001-001,"ул. Лобненская, земельный участок 13",ул лобненская земельный участок 13,,,,not_found,2026-07-08T22:23:59
rv,HG5872-06-0002-001,"ул. Ангарская, влд. 34/1",ул ангарская влд. 34/1,,,,not_found,2026-07-08T22:24:01
rv,HG5946-04-0001-001,"улица Новодачная, земельный участок 67/68",улица новодачная земельный участок 67/68,,,,not_found,2026-07-08T22:24:03
rv,HG5949-13-0001-001,"Новодачное шоссе, д. 32, стр. 1, стр. 2",новодачное шоссе д 32 стр 1 стр 2,,,,not_found,2026-07-08T22:24:04
rv,HG5966-05-0001-001,"Лобненская ул., д.10, стр.4",лобненская ул д10 стр4,,,,not_found,2026-07-08T22:24:06
rv,HG5977-10-0001-001,"Коровинское шоссе, уч. 35/18",коровинское шоссе уч 35/18,,,,not_found,2026-07-08T22:24:08
rv,HG6070-08-0001-001,"ул. Софьи Ковалевской, вл. 8А/1",ул софьи ковалевской вл 8а/1,,,,not_found,2026-07-08T22:24:09
rv,HG6077-10-0001-001,"Коровинское шоссе, д. 10",коровинское шоссе д 10,55.8685104,37.5382384,nominatim,secondary,2026-07-08T22:24:11
rv,HG6081-04-0002-001,Дегунинская ул. вл. 5А,дегунинская ул вл 5а,55.8692469,37.5304893,nominatim,residential,2026-07-08T22:24:12
rv,HG6163-10-0003-001,улица Долгопрудная з/у 10,улица долгопрудная зу 10,,,,not_found,2026-07-08T22:24:14
rv,HG6172-01-0002-001,"Дмитровское шоссе, вл. 107",дмитровское шоссе вл 107,,,,not_found,2026-07-08T22:24:16
rv,HG6173-08-0002-001,Дмитровское шоссе д. 107,дмитровское шоссе д 107,55.922253,37.5450873,nominatim,trunk,2026-07-08T22:24:18
rv,HG6178-10-0002-001,Коровинское шоссе вл. 4А,коровинское шоссе вл 4а,55.8883271,37.5126714,nominatim,secondary,2026-07-08T22:24:19
rv,HG6194-99-0001-001,"Черепановых, д. 54А",черепановых д 54а,55.8408195,37.5234607,nominatim,tertiary,2026-07-08T22:24:21
rv,HG6267-10-0001-001,"Дмитровское шоссе, вл. 127",дмитровское шоссе вл 127,,,,not_found,2026-07-08T22:24:22
rv,HG6271-05-0002-001,Дмитровское шоссе вл. 107Г,дмитровское шоссе вл 107г,,,,not_found,2026-07-08T22:24:24
rv,HG6271-99-0001-001,"Дмитровское шоссе, земельный участок 107/2",дмитровское шоссе земельный участок 107/2,,,,not_found,2026-07-08T22:24:26
rv,HG6277-10-0001-001,"шоссе Дмитровское, земельный участок 93/2",шоссе дмитровское земельный участок 93/2,,,,not_found,2026-07-08T22:24:28
rv,HG6277-10-0002-001,"Дмитровское шоссе, земельный участок 93/3/1",дмитровское шоссе земельный участок 93/3/1,,,,not_found,2026-07-08T22:24:30
rv,HG6283-08-0002-001,"Ильменский проспект, З/У 17",ильменский проспект зу 17,,,,not_found,2026-07-08T22:24:31
rv,HG6283-14-0002-001,Ильменский пр. вл. 17,ильменский пр вл 17,55.8608541,37.5388804,nominatim,service,2026-07-08T22:24:33
rv,HG6342-03-0002-001,"Северный мкр. 9, корп. 25",северный мкр. 9 корп 25,,,,not_found,2026-07-08T22:24:34
rv,HG6344-03-0001-001,"Дмитровское шоссе, вл. 165Е, кв. 9",дмитровское шоссе вл 165е кв. 9,,,,not_found,2026-07-08T22:24:36
rv,HG6363-13-0002-001,Дмитровское шоссе,дмитровское шоссе,55.9097516,37.5439581,nominatim,primary,2026-07-08T22:24:37
rv,HG6379-04-0002-001,Шоссе Коровинское Дом 2,шоссе коровинское дом 2,,,,not_found,2026-07-08T22:24:39
rv,HG6382-15-0001-002,Селигерская улица,селигерская улица,55.8683419,37.5461915,nominatim,tertiary,2026-07-08T22:24:40
rv,HG6383-10-0002-001,"проезд Ильменский, вл. 12",проезд ильменский вл 12,55.8581505,37.547069,nominatim,tertiary,2026-07-08T22:24:42
rv,HG6383-10-0003-001,"Ильменский проезд, д, 14, корп. 1",ильменский проезд д 14 корп 1,,,,not_found,2026-07-08T22:24:43
rv,HG6479-10-0001-002,Коровинское шоссе вл. 2А,коровинское шоссе вл 2а,55.8883271,37.5126714,nominatim,secondary,2026-07-08T22:24:45
rv,HG6561-16-0001-003,"Люблинско-Дмитровская линия метрополитена от станции метро ""Лианозово"" до станции метро ""Физтех""",люблинско-дмитровская линия метрополитена от станции метро лианозово до станции метро физтех,,,,not_found,2026-07-08T22:24:46
rv,HG6578-05-0002-001,Рогачевский пер. вл. 3А,рогачевский пер вл 3а,55.8681401,37.5545426,nominatim,residential,2026-07-08T22:24:48
rv,HG6584-10-0001-001,"Ильменский проезд, земельный участок 4, земельный участок 4/1",ильменский проезд земельный участок 4 земельный участок 4/1,,,,not_found,2026-07-08T22:24:50
rv,HG6589-99-0001-001,"Технологическая часть ТПУ на станции метро ""Верхние Лихоборы. Этап 1.2. Этап 1.2.2",технологическая часть тпу на станции метро верхние лихоборы. этап 1.2. этап 1.2.2,,,,not_found,2026-07-08T22:24:51
rv,HG6639-99-0002-001,"9-я Северная линия ул., д. 25, корп. 2",9-я северная линия ул д 25 корп 2,,,,not_found,2026-07-08T22:24:53
rv,HG6662-04-0001-001,ул. Дубнинская,ул дубнинская,55.8805852,37.5585195,nominatim,post_office,2026-07-08T22:24:55
rv,HG6668-11-0002-001,"Дубнинская ул., вл.75А",дубнинская ул вл75а,,,,not_found,2026-07-08T22:24:56
rv,HG6674-03-0001-001,"Бескудниковский проезд, вл. 4",бескудниковский проезд вл 4,55.8765286,37.5544789,nominatim,place_of_worship,2026-07-08T22:24:58
rv,HG6679-08-0001-002,"район Бескудниковский, мкр. 6, корп. 16",район бескудниковский мкр. 6 корп 16,,,,not_found,2026-07-08T22:24:59
rv,HG6684-10-0001-001,"Дмитровское шоссе, З/У 75/77",дмитровское шоссе зу 75/77,,,,not_found,2026-07-08T22:25:01
rv,HG6686-10-0001-001,"шоссе Дмитровское, земельный участок 73Б",шоссе дмитровское земельный участок 73б,,,,not_found,2026-07-08T22:25:03
rv,HG6786-10-0001-001,"Дмитровское шоссе, вл. 71, корпус 5",дмитровское шоссе вл 71 корпус 5,,,,not_found,2026-07-08T22:25:05
rv,HG6786-10-0002-001,"ш. Дмитровское, вл. 71, корп. 2, стр. 1-6",ш дмитровское вл 71 корп 2 стр 1-6,,,,not_found,2026-07-08T22:25:07
rv,HG6891-10-0002-001,3-й Нижнелихоборский проезд,3-й нижнелихоборский проезд,55.8452897,37.5620884,nominatim,secondary,2026-07-08T22:25:09
rv,HG6892-10-0001-001,"3-й Нижнелихоборский пр., вл. 1 (, Тимирязевский)",3-й нижнелихоборский пр вл 1 ( тимирязевский),,,,not_found,2026-07-08T22:25:10
rv,HG6892-10-0002-001,Нижнелихоборский 3-й пр. вл. 1,нижнелихоборский 3-й пр вл 1,,,,not_found,2026-07-08T22:25:12
rv,HG7165-10-0002-001,"улица Илимская, вл. 3/5",улица илимская вл 3/5,55.8899091,37.5823139,nominatim,tertiary,2026-07-08T22:25:13
rv,HG7188-15-0001-001,район Марфино,район марфино,55.8309084,37.5914584,nominatim,administrative,2026-07-08T22:25:15
rv,HG7188-15-0001-007,ул Станционная 8В,ул станционная 8в,55.8964478,37.5543627,nominatim,tertiary,2026-07-08T22:25:17
rv,HG7274-10-0002-001,"пр-д Черского, земельный участок 21Б",пр-д черского земельный участок 21б,,,,not_found,2026-07-08T22:25:18
rv,HG7283-99-0001-001,"ш. Алтуфьевское, з/у 33Г",ш алтуфьевское зу 33г,,,,not_found,2026-07-08T22:25:20
rv,HG7295-10-0001-002,"Линейный пр-д, д.8А",линейный пр-д д8а,,,,not_found,2026-07-08T22:25:22
rv,HG7372-06-0001-001,Инженерная ул. вл. 5а,инженерная ул вл 5а,55.8800379,37.5729104,nominatim,tertiary,2026-07-08T22:25:23
rv,HG7381-13-0001-001,"Алтуфьевское ш., вл. 33Ж",алтуфьевское ш вл 33ж,,,,not_found,2026-07-08T22:25:25
rv,HG7573-03-0002-002,"Алтуфьевское шоссе, вл.77",алтуфьевское шоссе вл77,55.877029,37.5859174,nominatim,recycling,2026-07-08T22:25:27
rv,HG7575-15-0001-002,Алтуфьевское шоссе,алтуфьевское шоссе,55.8884331,37.5868104,nominatim,primary,2026-07-08T22:25:29
rv,HG7576-10-0001-001,"Алтуфьевское шоссе, з/у 53/1",алтуфьевское шоссе зу 53/1,,,,not_found,2026-07-08T22:25:31
rv,HG7576-10-0001-002,"Алтуфьевское шоссе, земельный участок 53/1",алтуфьевское шоссе земельный участок 53/1,,,,not_found,2026-07-08T22:25:32
rv,HG7899-10-0002-001,"ул. Ботаническая, вл.29",ул ботаническая вл29,55.8367772,37.5906338,nominatim,secondary,2026-07-08T22:25:34
rv,HG8074-08-0002-001,Высоковольтный пр.,высоковольтный пр,55.8731862,37.5911737,nominatim,tertiary,2026-07-08T22:25:36
rv,HG8088-06-0001-001,Сигнальный пр. вл. 37,сигнальный пр вл 37,55.8488333,37.5897542,nominatim,secondary,2026-07-08T22:25:37
rv,HG8089-10-0001-001,"Сигнальный проезд, влд. 16, стр.2",сигнальный проезд влд. 16 стр2,,,,not_found,2026-07-08T22:25:39
rv,HG8089-10-0002-001,Сигнальный пр. вл. 16,сигнальный пр вл 16,55.8486551,37.5883644,nominatim,secondary,2026-07-08T22:25:41
rv,HG8174-10-0003-001,ул. Римского-Корсакова,ул римского-корсакова,55.8751287,37.6093132,nominatim,tertiary,2026-07-08T22:25:43
rv,HG8185-10-0001-001,ул Отрадная 4А,ул отрадная 4а,55.8576129,37.606942,nominatim,apartments,2026-07-08T22:25:44
rv,HG8390-16-0001-001,"улица Березовая Аллея, дом 8",улица березовая аллея дом 8,55.6300158,37.2578612,nominatim,residential,2026-07-08T22:25:46
rv,HG8583-05-0002-001,Ул Декабристов Дом 39 Стр 1,ул декабристов дом 39 стр 1,,,,not_found,2026-07-08T22:25:48
rv,HG8587-10-0001-001,"ул. Олонецкая, вл. 21В",ул олонецкая вл 21в,,,,not_found,2026-07-08T22:25:49
rv,HG8591-03-0001-001,"Берёзовая ал., влд. 5/1",березовая ал. влд. 5/1,,,,not_found,2026-07-08T22:25:51
rv,HG8664-06-0001-001,Лескова ул. вл. 25а,лескова ул вл 25а,,,,not_found,2026-07-08T22:25:52
rv,HG8686-10-0001-002,"ул. Сельскохозяйственная, вл. 35",ул сельскохозяйственная вл 35,55.8473783,37.6266712,nominatim,secondary,2026-07-08T22:25:54
rv,HG8686-10-0004-001,Сельскохозяйственная ул. вл. 35,сельскохозяйственная ул вл 35,55.8391384,37.6307293,nominatim,secondary,2026-07-08T22:25:56
rv,HG8760-04-0001-001,"ул. Корнейчука, вл. 27, вл. 27, стр. 5, 6, 7",ул корнейчука вл 27 вл 27 стр 5 6 7,,,,not_found,2026-07-08T22:25:57
rv,HG8789-04-0002-001,пересечение ул. Березовая аллея и ул. Сельскохозяйственная,пересечение ул березовая аллея и ул сельскохозяйственная,,,,not_found,2026-07-08T22:25:59
rv,HG8789-04-0003-001,Березовая аллея и Сельскохозяйственная ул.,березовая аллея и сельскохозяйственная ул,,,,not_found,2026-07-08T22:26:00
rv,HG8868-11-0002-001,"Чермянский проезд, з/у 4/1",чермянский проезд зу 4/1,,,,not_found,2026-07-08T22:26:02
rv,HG8872-10-0001-001,Молодцова ул. вл. 25/1,молодцова ул вл 25/1,,,,not_found,2026-07-08T22:26:03
rv,HG8972-99-0001-001,"Молодцова ул., д. 14 с 6",молодцова ул д 14 с 6,55.8775144,37.6464079,nominatim,tertiary,2026-07-08T22:26:05
rv,HG8973-10-0001-002,"ул. Молодцова, д. 17. к.1",ул молодцова д 17. к1,55.878595,37.6364294,nominatim,tertiary,2026-07-08T22:26:06
rv,HG8976-99-0001-001,"проезд Дежнева, вл. 30, корп. 3",проезд дежнева вл 30 корп 3,,,,not_found,2026-07-08T22:26:08
rv,HG8993-03-0001-001,Улица Вильгельма Пика Земельный участок 14/2,улица вильгельма пика земельный участок 14/2,,,,not_found,2026-07-08T22:26:09
rv,HG9071-10-0002-001,"ул. Полярная, вл.25. Этап 9",ул полярная вл25. этап 9,,,,not_found,2026-07-08T22:26:11
rv,HG9071-10-0004-001,"ул. Полярная, вл. 25",ул полярная вл 25,55.8863336,37.643632,nominatim,secondary,2026-07-08T22:26:13
rv,HG9074-10-0003-001,"Полярная ул., з/у 17/1",полярная ул зу 17/1,,,,not_found,2026-07-08T22:26:15
rv,HG9075-03-0001-001,"улица Полярная, дом 9",улица полярная дом 9,,,,not_found,2026-07-08T22:26:16
rv,HG9075-05-0001-002,"ул. Полярная, вл. 11",ул полярная вл 11,55.8753208,37.6366379,nominatim,residential,2026-07-08T22:26:18
rv,HG9076-99-0005-001,"ул. Полярная, З/У 3/1",ул полярная зу 3/1,,,,not_found,2026-07-08T22:26:20
rv,HG9176-09-0001-001,"ул. Полярная, вл. 4",ул полярная вл 4,55.8753208,37.6366379,nominatim,residential,2026-07-08T22:26:22
rv,HG9179-99-0001-001,"Полярная ул., вл. 16",полярная ул вл 16,55.8753208,37.6366379,nominatim,residential,2026-07-08T22:26:23
rv,HG9193-04-0001-001,"ТПУ ""Ботанический сад""",тпу ботанический сад,,,,not_found,2026-07-08T22:26:25
rv,HG9199-04-0002-001,"ул. Вильгельма Пика, влд. 3, стр. 1-8",ул вильгельма пика влд. 3 стр 1-8,,,,not_found,2026-07-08T22:26:27
rv,HG9199-10-0001-001,"ул. Вильгельма Пика, вл. 3, стр. 1-8",ул вильгельма пика вл 3 стр 1-8,,,,not_found,2026-07-08T22:26:29
rv,HG9297-10-0001-001,Сельскохозяйственная ул. уч. 26/2,сельскохозяйственная ул уч 26/2,,,,not_found,2026-07-08T22:26:30
rv,HG9298-11-0001-001,"улица Сергея Эйзенштейна, земельный участок 8",улица сергея эйзенштейна земельный участок 8,,,,not_found,2026-07-08T22:26:32
rv,HG9364-10-0001-001,"Полярная, земельный участок 39/1, земельный участок 39/3",полярная земельный участок 39/1 земельный участок 39/3,,,,not_found,2026-07-08T22:26:34
rv,HG9483-10-0001-001,"ул. Кольская, вл. 8",ул кольская вл 8,55.8574771,37.653164,nominatim,secondary,2026-07-08T22:26:36
rv,HG9483-99-0001-001,"ул. Кольская, земельный участок 8/1",ул кольская земельный участок 8/1,,,,not_found,2026-07-08T22:26:38
rv,HG9591-10-0001-001,"проезд Серебрякова, вл. 11-13",проезд серебрякова вл 11-13,,,,not_found,2026-07-08T22:26:39
rv,HG9599-99-0001-001,"проспект Мира, д. 135А",проспект мира д 135а,,,,not_found,2026-07-08T22:26:41
rv,HG9779-05-0002-001,ул Ленская 21А,ул ленская 21а,55.8671517,37.6576238,nominatim,clinic,2026-07-08T22:26:43
rv,HG9888-05-0001-001,Уржумская ул. вл. 4/1,уржумская ул вл 4/1,55.8533007,37.6647901,nominatim,residential,2026-07-08T22:26:44
rv,HG9981-05-0001-001,"Бабушкинский, ул. Ленская, д. 15",бабушкинский ул ленская д 15,55.8664321,37.6676744,nominatim,residential,2026-07-08T22:26:46
rv,HG9985-99-0001-001,"улица Верхоянская,земельный участок 12",улица верхоянская земельный участок 12,,,,not_found,2026-07-08T22:26:47
rv,HH0024-01-0001-001,"Кунцево, у д. Захарково, квартал А24",кунцево у д захарково квартал а24,,,,not_found,2026-07-08T22:26:49
rv,HH0024-01-0002-001,д. Захарково,д захарково,55.7776093,37.3197851,nominatim,bus_stop,2026-07-08T22:26:51
rv,HH0189-01-0001-001,"территория инновационного центра ""Сколково""",территория инновационного центра сколково,,,,not_found,2026-07-08T22:26:52
rv,HH0190-05-0001-001,"""Сколково"", Большой Бульвар, 69",сколково большой бульвар 69,55.682067,37.3394683,nominatim,construction,2026-07-08T22:26:54
rv,HH0319-08-0002-001,вблизи Мякининской поймы,вблизи мякининской поймы,,,,not_found,2026-07-08T22:26:56
rv,HH0385-04-0001-001,"""Сколково"", Большой бульвар, 56",сколково большой бульвар 56,55.682164,37.342748,nominatim,yes,2026-07-08T22:26:57
rv,HH0482-13-0001-001,"Большой бульвар, з/у 49Б",большой бульвар зу 49б,,,,not_found,2026-07-08T22:26:59
rv,HH0486-06-0001-001,"г. Москва, территория инновационного центра ""Сколково""",г. москва территория инновационного центра сколково,,,,not_found,2026-07-08T22:27:00
rv,HH0489-05-0001-001,"""Сколково"", Большой бульвар, д. 46, стр. 3",сколково большой бульвар д 46 стр 3,,,,not_found,2026-07-08T22:27:02
rv,HH0583-01-0002-001,"Большой бульвар, з/у 49/1",большой бульвар зу 49/1,,,,not_found,2026-07-08T22:27:04
rv,HH1201-13-0001-001,"г. Москва, СЗАО, район Митино, ул. Волоколамское шоссе, вл. 140",г. москва сзао район митино ул волоколамское шоссе вл 140,,,,not_found,2026-07-08T22:27:05
rv,HH1276-01-0002-001,"Территория инновационного центра ""Сколково"", Большой бульвар, д. 7",территория инновационного центра сколково большой бульвар д 7,,,,not_found,2026-07-08T22:27:07
rv,HH1413-04-0002-001,"ул. 5-я Мякининская, вл. 20, ул. 4-я Мякининская, вл. 27, стр. 1",ул 5-я мякининская вл 20 ул 4-я мякининская вл 27 стр 1,,,,not_found,2026-07-08T22:27:09
rv,HH1648-13-0001-001,"ул Маршала Тимошенко 15, Стр 13",ул маршала тимошенко 15 стр 13,,,,not_found,2026-07-08T22:27:10
rv,HH1648-13-0001-002,"ул Маршала Тимошенко 15, Стр 14",ул маршала тимошенко 15 стр 14,,,,not_found,2026-07-08T22:27:12
rv,HH1648-13-0003-001,"ул Маршала Тимошенко 15, Стр 11",ул маршала тимошенко 15 стр 11,,,,not_found,2026-07-08T22:27:14
rv,HH1648-13-0003-002,"ул Маршала Тимошенко 15, Стр 12",ул маршала тимошенко 15 стр 12,,,,not_found,2026-07-08T22:27:15
rv,HH1648-13-0003-003,"ул Маршала Тимошенко 15, Стр 20",ул маршала тимошенко 15 стр 20,,,,not_found,2026-07-08T22:27:17
rv,HH1752-05-0002-002,"ул. Маршала Тимоенко, вл. 15",ул маршала тимоенко вл 15,,,,not_found,2026-07-08T22:27:18
rv,HH1823-05-0002-001,"улица Твардовского, д. 10, стр. 5",улица твардовского д 10 стр 5,,,,not_found,2026-07-08T22:27:20
rv,HH1854-10-0002-001,"ул. Маршала Тимошенко, вл. 8",ул маршала тимошенко вл 8,55.752706,37.4061138,nominatim,tertiary,2026-07-08T22:27:22
rv,HH1954-10-0002-001,"ул.Академика Павлова, вл.7, корп.1",улакадемика павлова вл7 корп1,,,,not_found,2026-07-08T22:27:23
rv,HH1980-04-0001-001,Сколковское шоссе з/у 43,сколковское шоссе зу 43,,,,not_found,2026-07-08T22:27:25
rv,HH1980-04-0001-002,"Сколковское шоссе, з/у 43 (Заречье р.п.)",сколковское шоссе зу 43 (заречье р.п.),,,,not_found,2026-07-08T22:27:26
rv,HH2001-10-0002-001,"Волоколамское шоссе, д. 95/2",волоколамское шоссе д 95/2,,,,not_found,2026-07-08T22:27:28
rv,HH2001-10-0002-002,"Волоколамское ш., вл.95",волоколамское ш вл95,55.8192621,37.452785,nominatim,primary,2026-07-08T22:27:29
rv,HH2046-03-0001-001,"Рублевское шоссе, вл. 54",рублевское шоссе вл 54,55.7604208,37.3894104,nominatim,primary,2026-07-08T22:27:31
rv,HH2054-05-0001-001,"ул. Академика Павлова, вл. 40 (напротив), (уровень 1)",ул академика павлова вл 40 (напротив) (уровень 1),,,,not_found,2026-07-08T22:27:32
rv,HH2154-10-0002-001,ул. Оршанская,ул оршанская,55.7441376,37.4019479,nominatim,tertiary,2026-07-08T22:27:34
rv,HH2200-12-0001-001,"Походный проезд, земельный участок 2Г",походный проезд земельный участок 2г,,,,not_found,2026-07-08T22:27:36
rv,HH2251-10-0002-001,"ул. Академика Павлова, з/у 56",ул академика павлова зу 56,,,,not_found,2026-07-08T22:27:37
rv,HH2253-10-0003-001,Павлова академика ул.,павлова академика ул,55.7427825,37.398042,nominatim,post_office,2026-07-08T22:27:39
rv,HH2256-02-0002-001,"ул. Оршанская, д.3",ул оршанская д3,55.7441376,37.4019479,nominatim,tertiary,2026-07-08T22:27:40
rv,HH2297-10-0001-001,"ул. Большая Очаковская, вл. 2",ул большая очаковская вл 2,,,,not_found,2026-07-08T22:27:43
rv,HH2341-05-0001-001,Крылатские холмы ул. вл. 51.,крылатские холмы ул вл 51.,,,,not_found,2026-07-08T22:27:45
rv,HH2404-04-0002-001,"Волоколамское шоссе, вл. 81, корп. 2",волоколамское шоссе вл 81 корп 2,,,,not_found,2026-07-08T22:27:46
rv,HH2404-04-0002-003,Волоколамское шоссе вл. 81,волоколамское шоссе вл 81,55.8190357,37.4526104,nominatim,secondary,2026-07-08T22:27:48
rv,HH2608-08-0001-001,"Лётная улица, дом 95Б, строение 1",летная улица дом 95б строение 1,,,,not_found,2026-07-08T22:27:50
rv,HH2608-10-0001-002,ул. Аэроклубная 8А,ул аэроклубная 8а,,,,not_found,2026-07-08T22:27:51
rv,HH2608-10-0002-001,"ул. Летная, влд. 95Б",ул летная влд. 95б,,,,not_found,2026-07-08T22:27:53
rv,HH2608-10-0002-002,"ул. Лётная, земельный участок 95Б",ул летная земельный участок 95б,,,,not_found,2026-07-08T22:27:56
rv,HH2610-10-0001-001,Волоколамское шоссе вл. 71/12,волоколамское шоссе вл 71/12,,,,not_found,2026-07-08T22:27:58
rv,HH2612-03-0001-001,Шоссе Волоколамское Дом 71 А,шоссе волоколамское дом 71 а,,,,not_found,2026-07-08T22:28:00
rv,HH2658-10-0002-001,"Кунцево, Молодогвардейская ул., 22",кунцево молодогвардейская ул 22,55.7342706,37.4206292,nominatim,apartments,2026-07-08T22:28:01
rv,HH2709-10-0002-001,Шоссе Волоколамское Дом 71/7,шоссе волоколамское дом 71/7,,,,not_found,2026-07-08T22:28:03
rv,HH2711-10-0002-001,"набережная Покровская, земельный участок 16",набережная покровская земельный участок 16,,,,not_found,2026-07-08T22:28:04
rv,HH2711-10-0003-001,"Волоколамское шоссе, вл.71/13",волоколамское шоссе вл71/13,,,,not_found,2026-07-08T22:28:06
rv,HH2776-01-0002-001,"Рябиновая, 39",рябиновая 39,55.5159365,37.3099699,nominatim,house,2026-07-08T22:28:08
rv,HH2781-11-0001-001,Рябиновая ул. вл. 45,рябиновая ул вл 45,55.6997799,37.4215355,nominatim,secondary,2026-07-08T22:28:10
rv,HH2791-11-0002-001,"Российская Федерация, , внутригородская территория муниципальный округ Очаково-Матвеевское, Рябиновая улица, дом 40В",российская федерация внутригородская территория муниципальный округ очаково-матвеевское рябиновая улица дом 40в,,,,not_found,2026-07-08T22:28:11
rv,HH2809-08-0002-001,"Волоколамское шоссе, вл. 71/8, стр. 3",волоколамское шоссе вл 71/8 стр 3,,,,not_found,2026-07-08T22:28:13
rv,HH2809-08-0003-001,Волоколамское ш. 71/8,волоколамское ш 71/8,55.8185745,37.4287115,nominatim,apartments,2026-07-08T22:28:14
rv,HH2809-10-0002-001,Волоколамское шоссе вл. 71/8,волоколамское шоссе вл 71/8,,,,not_found,2026-07-08T22:28:16
rv,HH2811-10-0002-001,"Волоколамское шоссе, вл. 71/14",волоколамское шоссе вл 71/14,,,,not_found,2026-07-08T22:28:17
rv,HH2869-10-0002-002,Улица Петра Алексеева Дом 10,улица петра алексеева дом 10,55.7193811,37.4290866,nominatim,residential,2026-07-08T22:28:19
rv,HH2886-11-0001-001,"ул. Рябиновая, вл. 55, стр. 29, 30",ул рябиновая вл 55 стр 29 30,,,,not_found,2026-07-08T22:28:21
rv,HH2909-08-0001-001,Волоколамское шоссе вл. 71/9,волоколамское шоссе вл 71/9,,,,not_found,2026-07-08T22:28:23
rv,HH2909-08-0003-001,"Волоколамское шоссе, д. 71, стр. 5А",волоколамское шоссе д 71 стр 5а,,,,not_found,2026-07-08T22:28:24
rv,HH2970-10-0003-001,Алексеева Петра ул. вл. 12,алексеева петра ул вл 12,,,,not_found,2026-07-08T22:28:26
rv,HH2970-10-0003-003,"ул. Петра Алексеева, вл. 12",ул петра алексеева вл 12,55.7193811,37.4290866,nominatim,residential,2026-07-08T22:28:27
rv,HH2973-13-0002-001,"ул. Верейская, д.41",ул верейская д41,55.7131928,37.4305076,nominatim,bus_stop,2026-07-08T22:28:29
rv,HH2987-14-0001-001,"Рябиновая, вл. 55, стр. 29,30",рябиновая вл 55 стр 29 30,,,,not_found,2026-07-08T22:28:30
rv,HH3006-10-0001-002,Волоколамское шоссе 71/1,волоколамское шоссе 71/1,55.8192621,37.452785,nominatim,primary,2026-07-08T22:28:32
rv,HH3063-10-0001-001,Франко Ивана ул.,франко ивана ул,55.727823,37.4271687,nominatim,tertiary,2026-07-08T22:28:34
rv,HH3070-10-0001-001,"ул. Багрицкого, земельный участок 28",ул багрицкого земельный участок 28,,,,not_found,2026-07-08T22:28:35
rv,HH3071-10-0001-001,"Москва, ЗАО, район Можайский, Гжатская ул. вл. 9",москва зао район можайский гжатская ул вл 9,,,,not_found,2026-07-08T22:28:37
rv,HH3094-12-0001-001,"ул. Рябиновая, вл. 44/1",ул рябиновая вл 44/1,,,,not_found,2026-07-08T22:28:38
rv,HH3106-04-0002-001,"Волоколамское шоссе, вл. 71/22",волоколамское шоссе вл 71/22,,,,not_found,2026-07-08T22:28:40
rv,HH3134-06-0001-001,"ул. Таманская, вл. 1, стр. 3",ул таманская вл 1 стр 3,,,,not_found,2026-07-08T22:28:42
rv,HH3198-10-0001-001,Озерная ул.,озерная ул,55.670695,37.4468038,nominatim,tertiary,2026-07-08T22:28:44
rv,HH3298-01-0001-001,"ул. Озерная, земельный участок 42/5",ул озерная земельный участок 42/5,,,,not_found,2026-07-08T22:28:45
rv,HH3299-10-0003-001,Озерная ул. 44,озерная ул 44,55.6681932,37.4409591,nominatim,apartments,2026-07-08T22:28:47
rv,HH3374-16-0001-001,"ЗАО, Очаково-Матвеевское",зао очаково-матвеевское,,,,not_found,2026-07-08T22:28:48
rv,HH3390-10-0001-001,"проезд Стройкомбината, земельный участок 1/22",проезд стройкомбината земельный участок 1/22,,,,not_found,2026-07-08T22:28:50
rv,HH3474-16-0003-001,Электродепо «Аминьевское». 2.1 этап,электродепо аминьевское. 2.1 этап,,,,not_found,2026-07-08T22:28:52
rv,HH3497-04-0001-001,Транспортно-пересадочный узел «Озерная» 2.1 этап,транспортно-пересадочный узел озерная 2.1 этап,,,,not_found,2026-07-08T22:28:53
rv,HH3497-04-0002-001,"ул. Озерная, вл. 33",ул озерная вл 33,55.6832583,37.4613272,nominatim,tertiary,2026-07-08T22:28:55
rv,HH3530-10-0002-001,Новикова-Прибоя наб. вл. 6/3/1,новикова-прибоя наб. вл 6/3/1,,,,not_found,2026-07-08T22:28:56
rv,HH3548-10-0001-008,"улица Нижние Мнёвники, уч. 37Б",улица нижние мневники уч 37б,,,,not_found,2026-07-08T22:28:58
rv,HH3548-10-0002-004,"ул. Нижние Мнёвники, земельный участок 35",ул нижние мневники земельный участок 35,,,,not_found,2026-07-08T22:29:00
rv,HH3553-06-0001-001,"ул. Нижние Мнёвники, земельный участок 5",ул нижние мневники земельный участок 5,,,,not_found,2026-07-08T22:29:02
rv,HH3562-04-0002-001,"Франко Ивана ул. вл. 4,6",франко ивана ул вл 4 6,,,,not_found,2026-07-08T22:29:04
rv,HH3593-10-0001-002,Очаковская Б. ул. вл. 35А,очаковская б. ул вл 35а,,,,not_found,2026-07-08T22:29:06
rv,HH3609-05-0002-004,"Волоколамское шоссе, вл. 63",волоколамское шоссе вл 63,55.8190744,37.4547251,nominatim,secondary,2026-07-08T22:29:08
rv,HH3650-04-0001-001,"улица Нижние Мнёвники, земельный участок 11",улица нижние мневники земельный участок 11,,,,not_found,2026-07-08T22:29:09
rv,HH3650-10-0002-001,"ул. Нижние Мнёвники, земельный участок 13",ул нижние мневники земельный участок 13,,,,not_found,2026-07-08T22:29:11
rv,HH3652-10-0001-001,ул. Нижние Мневники,ул нижние мневники,55.7632265,37.4673412,nominatim,secondary,2026-07-08T22:29:12
rv,HH3779-13-0001-004,"ул. Матвеевская, д. 1А",ул матвеевская д 1а,55.7054857,37.4812731,nominatim,tertiary,2026-07-08T22:29:14
rv,HH3782-10-0001-001,"шоссе Очаковское, земельный участок 3А/12",шоссе очаковское земельный участок 3а/12,,,,not_found,2026-07-08T22:29:15
rv,HH3782-10-0001-004,"Очаковское шоссе, З/У 3А/12",очаковское шоссе зу 3а/12,,,,not_found,2026-07-08T22:29:17
rv,HH3795-03-0002-001,"Мичуринский пр-т , вл. 15",мичуринский пр-т вл 15,,,,not_found,2026-07-08T22:29:19
rv,HH3808-05-0002-001,"Волоколамское шоссе, вл.80",волоколамское шоссе вл80,55.8192621,37.452785,nominatim,primary,2026-07-08T22:29:21
rv,HH3865-05-0002-001,Кременчугская ул. д. 3,кременчугская ул д 3,55.7184753,37.4617422,nominatim,tertiary,2026-07-08T22:29:22
rv,HH3882-04-0001-001,Очаковское ш. з/у 3а,очаковское ш зу 3а,,,,not_found,2026-07-08T22:29:24
rv,HH3884-10-0001-001,"Очаковское шоссе, влд. 3А, 5А",очаковское шоссе влд. 3а 5а,,,,not_found,2026-07-08T22:29:26
rv,HH3913-03-0002-001,"Авиационная ул., вл. 30",авиационная ул вл 30,55.8095465,37.4510577,nominatim,residential,2026-07-08T22:29:28
rv,HH3930-10-0002-001,"ул. Генерала Глаголева, д. 14А",ул генерала глаголева д 14а,55.7888669,37.4656118,nominatim,tertiary,2026-07-08T22:29:29
rv,HH3944-10-0001-001,"ул. Нижние Мневники, уч. 9",ул нижние мневники уч 9,55.7498592,37.4340491,nominatim,secondary,2026-07-08T22:29:31
rv,HH3968-02-0001-001,Кременчугская ул. вл. 11,кременчугская ул вл 11,55.7205263,37.4622918,nominatim,tertiary,2026-07-08T22:29:33
rv,HH3980-08-0002-001,Шоссе Аминьевское Дом 4Д Строение 4,шоссе аминьевское дом 4д строение 4,,,,not_found,2026-07-08T22:29:34
rv,HH3981-16-0001-002,"ТПУ на станции метро ""Аминьевское шоссе""",тпу на станции метро аминьевское шоссе,,,,not_found,2026-07-08T22:29:36
rv,HH3983-10-0001-001,Очаковское ш,очаковское ш,55.6880217,37.4361078,nominatim,tertiary,2026-07-08T22:29:37
rv,HH3984-06-0002-001,"ул. Большая Очаковская, вл. 2, корп. 2",ул большая очаковская вл 2 корп 2,,,,not_found,2026-07-08T22:29:39
rv,HH4031-10-0002-001,"квартал 82 а , корпус 9 (бульвар Генерала Карбышева, вл. 9, корп. 1, вл. 11 корп. 1)",квартал 82 а корпус 9 (бульвар генерала карбышева вл 9 корп 1 вл 11 корп 1),,,,not_found,2026-07-08T22:29:40
rv,HH4036-06-0002-001,Улица Саляма Адиля Дом 2А,улица саляма адиля дом 2а,,,,not_found,2026-07-08T22:29:42
rv,HH4041-15-0002-006,От ул. Нижние Мневники д.62 до проспекта Маршала Жукова.,от ул нижние мневники д62 до проспекта маршала жукова.,,,,not_found,2026-07-08T22:29:43
rv,HH4080-10-0003-001,пересечение Аминьевского шоссе с Киевским направлением Московской железной дороги,пересечение аминьевского шоссе с киевским направлением московской железной дороги,,,,not_found,2026-07-08T22:29:45
rv,HH4097-14-0002-001,"Олимпийская деревня, вл. 4",олимпийская деревня вл 4,55.6740481,37.4646789,nominatim,neighbourhood,2026-07-08T22:29:47
rv,HH4124-01-0001-001,"ул. Берзарина, вл. 32/4",ул берзарина вл 32/4,,,,not_found,2026-07-08T22:29:48
rv,HH4125-10-0001-001,Берзарина ул. уч. 32/2,берзарина ул уч 32/2,,,,not_found,2026-07-08T22:29:50
rv,HH4126-08-0002-001,Берзарина ул. уч. 32/14,берзарина ул уч 32/14,,,,not_found,2026-07-08T22:29:52
rv,HH4126-10-0002-001,Берзарина ул. вл. 32/14/2,берзарина ул вл 32/14/2,,,,not_found,2026-07-08T22:29:54
rv,HH4146-13-0001-001,"улица Нижние Мнёвники, земельный участок 6/2",улица нижние мневники земельный участок 6/2,,,,not_found,2026-07-08T22:29:55
rv,HH4166-10-0001-001,"Давыдковская ул., д. 12",давыдковская ул д 12,55.7212366,37.4706335,nominatim,tertiary,2026-07-08T22:29:57
rv,HH4180-99-0001-001,"ул. Лобачевского, з/у 124/3А",ул лобачевского зу 124/3а,,,,not_found,2026-07-08T22:29:58
rv,HH4182-10-0002-001,"ул. Лобачевского, вл. 120",ул лобачевского вл 120,,,,not_found,2026-07-08T22:30:00
rv,HH4186-10-0002-001,"ул. Озерная, з/у 1",ул озерная зу 1,55.6888283,37.472707,nominatim,tertiary,2026-07-08T22:30:04
rv,HH4187-10-0001-001,"ул. Озерная, вл. 1",ул озерная вл 1,55.6712666,37.4496034,nominatim,retail,2026-07-08T22:30:06
rv,HH4199-13-0001-002,Анохина академика ул. вл. 8,анохина академика ул вл 8,,,,not_found,2026-07-08T22:30:08
rv,HH4235-04-0002-001,"Народного ополчения ул. вл. 13 корп. 3,4",народного ополчения ул вл 13 корп 3 4,,,,not_found,2026-07-08T22:30:09
rv,HH4235-10-0002-001,"Хорошево-Мневники, ул. Народного Ополчения, з/у 15",хорошево-мневники ул народного ополчения зу 15,,,,not_found,2026-07-08T22:30:11
rv,HH4237-08-0001-001,"Народного ополчения ул. уч. 3/2 влд. 9, к. 5, 6",народного ополчения ул уч 3/2 влд. 9 к 5 6,,,,not_found,2026-07-08T22:30:13
rv,HH4264-10-0002-001,"Фили-Давыдково кв. 1-2 корп. 18, 18А",фили-давыдково кв. 1-2 корп 18 18а,,,,not_found,2026-07-08T22:30:14
rv,HH4272-03-0001-001,"ул. Нежинская, д. 4",ул нежинская д 4,55.7105761,37.4729098,nominatim,tertiary,2026-07-08T22:30:16
rv,HH4282-10-0001-002,"между ул. Лобачевского и платформой ""Матвеевская"", квартал 3, 1-я очередь, корпус 1",между ул лобачевского и платформой матвеевская квартал 3 1-я очередь корпус 1,,,,not_found,2026-07-08T22:30:17
rv,HH4282-10-0003-001,"между ул. Лобачевского и платформой ""Матвеевское"", кв. 2, корп. 1",между ул лобачевского и платформой матвеевское кв. 2 корп 1,,,,not_found,2026-07-08T22:30:19
rv,HH4282-10-0003-002,"между ул. Лобачевского и платформой ""Матвеевское"", кв. 2, корп. 2",между ул лобачевского и платформой матвеевское кв. 2 корп 2,,,,not_found,2026-07-08T22:30:20
rv,HH4325-10-0002-001,ул. Расплетина,ул расплетина,55.790745,37.4816567,nominatim,tertiary,2026-07-08T22:30:22
rv,HH4325-10-0002-003,"ул. Ротмистрова, земельный участок 2",ул ротмистрова земельный участок 2,,,,not_found,2026-07-08T22:30:24
rv,HH4325-10-0002-005,"ул. Ротмистрова, З/У 2, корпус 2",ул ротмистрова зу 2 корпус 2,,,,not_found,2026-07-08T22:30:26
rv,HH4325-10-0002-011,"ул. Ротмистрова, З/У 2, корпус 3",ул ротмистрова зу 2 корпус 3,,,,not_found,2026-07-08T22:30:27
rv,HH4341-03-0001-002,Филевский бульв. вл. 18,филевский бульв. вл 18,,,,not_found,2026-07-08T22:30:29
rv,HH4382-10-0001-001,"между ул. Лобачевского и платформой ""Матвеевская"", Квартал 9.1",между ул лобачевского и платформой матвеевская квартал 9.1,,,,not_found,2026-07-08T22:30:31
rv,HH4383-10-0002-001,"квартал 9.2, между ул. Лобачевского и платформой «Матвеевское»",квартал 9.2 между ул лобачевского и платформой матвеевское,,,,not_found,2026-07-08T22:30:32
rv,HH4411-10-0001-001,"проезд 3-й Красногорский, земельный участок 2",проезд 3-й красногорский земельный участок 2,,,,not_found,2026-07-08T22:30:34
rv,HH4414-10-0002-001,"ул. Щукинская, З/У 7А",ул щукинская зу 7а,,,,not_found,2026-07-08T22:30:35
rv,HH4474-10-0002-001,"Москва, ЗАО, район Очаково-Матвеевское, Веерная ул. вл. 26 А, Б",москва зао район очаково-матвеевское веерная ул вл 26 а б,,,,not_found,2026-07-08T22:30:37
rv,HH4484-10-0001-001,"между ул. Лобачевского и платформой ""Матвеевское"", 2-ая очередь, квартал 10, корпус 2",между ул лобачевского и платформой матвеевское 2-ая очередь квартал 10 корпус 2,,,,not_found,2026-07-08T22:30:39
rv,HH4499-10-0001-001,"проспект Вернадского, вл. 78, участок №2",проспект вернадского вл 78 участок №2,,,,not_found,2026-07-08T22:30:41
rv,HH4512-04-0001-002,Волоколамское шоссе вл. 24,волоколамское шоссе вл 24,55.8192621,37.452785,nominatim,primary,2026-07-08T22:30:43
rv,HH4516-10-0002-001,"Щукино, 1-й Пехотный пер., вл. 2",щукино 1-й пехотный пер вл 2,55.8051302,37.4843128,nominatim,residential,2026-07-08T22:30:44
rv,HH4533-10-0002-001,"ул. Демьяна Бедного, вл. 17, корп. 2",ул демьяна бедного вл 17 корп 2,,,,not_found,2026-07-08T22:30:46
rv,HH4557-10-0002-001,"ул. Олеко Дундича, вл. 29",ул олеко дундича вл 29,55.7420703,37.4966682,nominatim,tertiary,2026-07-08T22:30:48
rv,HH4596-10-0002-001,"проспект Вернадского, вл. 76",проспект вернадского вл 76,,,,not_found,2026-07-08T22:30:49
rv,HH4614-04-0002-001,Волоколамский Б. пр. вл. 23,волоколамский б. пр вл 23,55.8086771,37.4892702,nominatim,residential,2026-07-08T22:30:51
rv,HH4631-10-0001-001,"ул. Демьяна Бедного, земельный участок 24А",ул демьяна бедного земельный участок 24а,,,,not_found,2026-07-08T22:30:53
rv,HH4635-03-0001-001,"ул. Мневники, вл. 10",ул мневники вл 10,55.7748088,37.5005564,nominatim,secondary,2026-07-08T22:30:54
rv,HH4742-01-0001-002,Филевский бульвар (ул. Новозаводская),филевский бульвар (ул новозаводская),,,,not_found,2026-07-08T22:30:56
rv,HH4829-10-0002-001,"ул. Хорошевская, вл. 19, стр. 3",ул хорошевская вл 19 стр 3,,,,not_found,2026-07-08T22:30:58
rv,HH4879-10-0002-001,Винницкая ул. вл. 8,винницкая ул вл 8,55.6994975,37.4939987,nominatim,tertiary,2026-07-08T22:31:00
rv,HH4880-13-0002-001,Винницкая ул. около дома №7,винницкая ул около дома №7,,,,not_found,2026-07-08T22:31:01
rv,HH4970-10-0003-001,"пересечение ул.Минской с Киевским направлением Московской железной дороги в пойме реки Раменки (ТД ""Волынская"")",пересечение улминской с киевским направлением московской железной дороги в пойме реки раменки (тд волынская),,,,not_found,2026-07-08T22:31:02
rv,HH5016-10-0001-001,"ул. Врубеля, вл. 4/1",ул врубеля вл 4/1,55.806006,37.5033323,nominatim,tertiary,2026-07-08T22:31:04
rv,HH5039-10-0001-001,"Шеногина ул., вл.2",шеногина ул вл2,55.7642519,37.5092908,nominatim,unclassified,2026-07-08T22:31:06
rv,HH5039-10-0001-003,ул. Шеногина вл.2,ул шеногина вл2,55.7642519,37.5092908,nominatim,unclassified,2026-07-08T22:31:07
rv,HH5071-10-0002-001,пересечение улицы Минской с Киевским направлением МЖД в пойме реки Раменки,пересечение улицы минской с киевским направлением мжд в пойме реки раменки,,,,not_found,2026-07-08T22:31:09
rv,HH5098-05-0003-001,"ул. Лобачевского, д. 42, стр. 2",ул лобачевского д 42 стр 2,,,,not_found,2026-07-08T22:31:10
rv,HH5100-10-0001-001,"Нарвская ул.,з/у 5/1",нарвская ул зу 5/1,,,,not_found,2026-07-08T22:31:12
rv,HH5144-10-0002-001,"Береговой проезд, д.2",береговой проезд д2,55.7583903,37.5110051,nominatim,residential,2026-07-08T22:31:13
rv,HH5209-10-0001-001,Волкова космонавта ул. д. 5Б стр. 1,волкова космонавта ул д 5б стр 1,,,,not_found,2026-07-08T22:31:15
rv,HH5217-08-0001-001,"Малый Песчаный переулок, дом 4А",малый песчаный переулок дом 4а,,,,not_found,2026-07-08T22:31:17
rv,HH5230-04-0001-001,ул. Зорге вл.9,ул зорге вл9,55.782549,37.5112632,nominatim,tertiary,2026-07-08T22:31:18
rv,HH5230-10-0002-001,Зорге ул. вл. 9,зорге ул вл 9,55.7778742,37.5134766,nominatim,tertiary,2026-07-08T22:31:20
rv,HH5255-10-0001-001,"ул Барклая, вл 6, вл 6Т",ул барклая вл 6 вл 6т,,,,not_found,2026-07-08T22:31:22
rv,HH5255-10-0001-002,"ул. Барклая, земельный участок 6А",ул барклая земельный участок 6а,,,,not_found,2026-07-08T22:31:24
rv,HH5274-10-0001-001,"просп. Ломоносовский, вл. 36,",просп. ломоносовский вл 36 ,55.7064699,37.5137637,nominatim,secondary,2026-07-08T22:31:25
rv,HH5277-14-0002-001,"Мичуринский проспект, корп. 16, квартал 5-6",мичуринский проспект корп 16 квартал 5-6,,,,not_found,2026-07-08T22:31:27
rv,HH5302-12-0001-001,"улица Цеткин Клары, д. 33",улица цеткин клары д 33,55.8182888,37.5191101,nominatim,tertiary,2026-07-08T22:31:29
rv,HH5312-16-0002-002,"Ленинградское шоссе, влд. 2Б",ленинградское шоссе влд. 2б,,,,not_found,2026-07-08T22:31:31
rv,HH5341-10-0001-001,"Шелепихинская набережная, дом 34, корпус 5",шелепихинская набережная дом 34 корпус 5,,,,not_found,2026-07-08T22:31:32
rv,HH5342-10-0002-001,"ул. Шеногина, вл. 1, Шелепихинская наб., вл. 34",ул шеногина вл 1 шелепихинская наб. вл 34,,,,not_found,2026-07-08T22:31:34
rv,HH5354-10-0002-001,Багратионовский пр-д вл. 5,багратионовский пр-д вл 5,,,,not_found,2026-07-08T22:31:36
rv,HH5443-10-0002-001,"Причальный пр., вл. 8",причальный пр вл 8,55.7601052,37.5183196,nominatim,tertiary,2026-07-08T22:31:37
rv,HH5443-10-0002-002,"Причальный пр., д.8",причальный пр д8,55.7601052,37.5183196,nominatim,tertiary,2026-07-08T22:31:39
rv,HH5466-04-0002-001,"ул. Довженко, вл. 4",ул довженко вл 4,55.7207764,37.5133239,nominatim,residential,2026-07-08T22:31:41
rv,HH5467-04-0001-001,"Мосфильмовская ул. д. 42 стр. 1, 2",мосфильмовская ул д 42 стр 1 2,,,,not_found,2026-07-08T22:31:42
rv,HH5487-10-0001-001,"проспект Вернадского, вл. 10",проспект вернадского вл 10,55.6768257,37.5002093,nominatim,administrative,2026-07-08T22:31:44
rv,HH5537-04-0001-001,"Улица Магистральная 1-я, влд.25",улица магистральная 1-я влд.25,,,,not_found,2026-07-08T22:31:46
rv,HH5550-01-0001-001,"ул. Заречная, вл. 2/1",ул заречная вл 2/1,55.7499566,37.5151422,nominatim,garages,2026-07-08T22:31:48
rv,HH5552-01-0001-001,Строительство основного хода и съездов Северного дублера Кутузовского проспекта,строительство основного хода и съездов северного дублера кутузовского проспекта,,,,not_found,2026-07-08T22:31:49
rv,HH5560-10-0002-001,ул. Братьев Фонченко,ул братьев фонченко,55.730179,37.5132012,nominatim,service,2026-07-08T22:31:51
rv,HH5591-06-0002-001,"внутригородское муниципальное образование Ломоносовское, кв. 18, корп. 5Б",внутригородское муниципальное образование ломоносовское кв. 18 корп 5б,,,,not_found,2026-07-08T22:31:52
rv,HH5596-99-0001-001,Ленинский просп. вл. 90/2,ленинский просп. вл 90/2,55.6729,37.520968,nominatim,company,2026-07-08T22:31:54
rv,HH5596-99-0001-002,"Ленинский проспект, вл. 90/2",ленинский проспект вл 90/2,55.6729,37.520968,nominatim,company,2026-07-08T22:31:56
rv,HH5642-01-0001-001,"ул. 3-я Магистральная, вл. 10",ул 3-я магистральная вл 10,55.7669333,37.5179612,nominatim,secondary,2026-07-08T22:31:57
rv,HH5656-99-0001-002,Варшавское шоссе земельный участок 47/2,варшавское шоссе земельный участок 47/2,,,,not_found,2026-07-08T22:31:59
rv,HH5733-04-0003-001,"Хорошевское шоссе, вл. 25, стр 25",хорошевское шоссе вл 25 стр 25,,,,not_found,2026-07-08T22:32:00
rv,HH5748-10-0002-001,"Шмитовский проезд, вл. 39 - Мукомольный проезд, вл. 6, участок 2",шмитовский проезд вл 39 - мукомольный проезд вл 6 участок 2,,,,not_found,2026-07-08T22:32:02
rv,HH5748-10-0002-002,"Шмитовский проезд, вл. 39, Мукомольный проезд, вл. 6, Участок 2",шмитовский проезд вл 39 мукомольный проезд вл 6 участок 2,,,,not_found,2026-07-08T22:32:04
rv,HH5759-04-0002-001,Поклонная ул. вл. 9,поклонная ул вл 9,55.7369374,37.5311391,nominatim,unclassified,2026-07-08T22:32:05
rv,HH5765-10-0001-001,2-й Мосфильмовский пер.,2-й мосфильмовский пер,55.7233253,37.5241626,nominatim,residential,2026-07-08T22:32:07
rv,HH5767-03-0001-001,Мосфильмовская ул.,мосфильмовская ул,55.7176233,37.5190845,nominatim,secondary,2026-07-08T22:32:09
rv,HH5768-01-0001-001,"ул. Мосфильмовская, з/у 1В",ул мосфильмовская зу 1в,,,,not_found,2026-07-08T22:32:10
rv,HH5801-03-0001-001,"ул. Большая Академическая, вл. 33",ул большая академическая вл 33,55.8305705,37.5282201,nominatim,place_of_worship,2026-07-08T22:32:12
rv,HH5822-10-0002-002,"Москва, САО, район Хорошевский, Викторенко ул. вл. 11",москва сао район хорошевский викторенко ул вл 11,,,,not_found,2026-07-08T22:32:13
rv,HH5834-10-0002-001,Хорошевское шоссе вл. 25,хорошевское шоссе вл 25,55.7773228,37.5165075,nominatim,secondary,2026-07-08T22:32:15
rv,HH5842-14-0002-003,Магистральная 2-я ул. вл. 18,магистральная 2-я ул вл 18,,,,not_found,2026-07-08T22:32:17
rv,HH5907-05-0002-001,"ул. Приорова, вл. 10",ул приорова вл 10,55.818012,37.5302182,nominatim,tertiary,2026-07-08T22:32:18
rv,HH5928-04-0001-001,Хорошёвский,хорошевский,55.778943,37.5271371,nominatim,administrative,2026-07-08T22:32:20
rv,HH5945-12-0001-001,Ермакова роща ул. вл. 3,ермакова роща ул вл 3,,,,not_found,2026-07-08T22:32:21
rv,HH5946-01-0001-001,"ТПУ ""СИТИ"", тупик Шелепихинский, з/у 1,2,3,4,5,6,7,8,9,10",тпу сити тупик шелепихинский зу 1 2 3 4 5 6 7 8 9 10,,,,not_found,2026-07-08T22:32:23
rv,HH5946-01-0001-002,"тупик Шелепихинский з/у 1,2,3,4,5,6,7,8,9,10",тупик шелепихинский зу 1 2 3 4 5 6 7 8 9 10,,,,not_found,2026-07-08T22:32:24
rv,HH5951-04-0002-001,в районе ММДЦ «Москва-Сити»,в районе ммдц москва-сити,,,,not_found,2026-07-08T22:32:26
rv,HH6044-08-0002-001,Подвойского ул. вл. 2,подвойского ул вл 2,55.7601522,37.5358704,nominatim,tertiary,2026-07-08T22:32:28
rv,HH6061-03-0001-001,Сетуньский 2-й пр. вл. 9,сетуньский 2-й пр вл 9,,,,not_found,2026-07-08T22:32:30
rv,HH6063-08-0001-004,Пудовкина ул. вл. 4а,пудовкина ул вл 4а,55.7261041,37.5286959,nominatim,residential,2026-07-08T22:32:32
rv,HH6131-08-0001-001,"Хорошевское ш., вл. 38А",хорошевское ш вл 38а,,,,not_found,2026-07-08T22:32:33
rv,HH6137-01-0001-001,"ул. Розанова, з/у 6",ул розанова зу 6,,,,not_found,2026-07-08T22:32:35
rv,HH6146-14-0002-001,г. Москва,г. москва,55.7118014,37.6067824,nominatim,board,2026-07-08T22:32:37
rv,HH6161-10-0001-002,Севастопольский просп. вл. 7 корп. 6/1,севастопольский просп. вл 7 корп 6/1,,,,not_found,2026-07-08T22:32:38
rv,HH6183-02-0001-001,"Раменский бульвар, дом 1, строение 1",раменский бульвар дом 1 строение 1,,,,not_found,2026-07-08T22:32:40
rv,HH6220-08-0002-001,Улица Константина Симонова Дом 3,улица константина симонова дом 3,,,,not_found,2026-07-08T22:32:41
rv,HH6231-01-0001-001,"Хорошевское шоссе, вл. 38А",хорошевское шоссе вл 38а,,,,not_found,2026-07-08T22:32:43
rv,HH6233-10-0001-001,Хорошевское шоссе,хорошевское шоссе,55.7773228,37.5165075,nominatim,secondary,2026-07-08T22:32:44
rv,HH6249-01-0001-001,Краснопресненская наб. уч.№15,краснопресненская наб. уч№15,55.7527794,37.5552355,nominatim,secondary,2026-07-08T22:32:46
rv,HH6250-01-0002-001,"Москва, ЦАО, район Пресненский, Краснопресненская набережная, ММДЦ «Москва - Сити»",москва цао район пресненский краснопресненская набережная ммдц москва - сити,,,,not_found,2026-07-08T22:32:47
rv,HH6260-10-0001-001,"1-й Сетуньский проезд, вл. 6-10",1-й сетуньский проезд вл 6-10,,,,not_found,2026-07-08T22:32:49
rv,HH6323-10-0001-002,"Москва, САО, район Хорошевский, Ленинградский просп. вл. 37",москва сао район хорошевский ленинградский просп. вл 37,,,,not_found,2026-07-08T22:32:51
rv,HH6323-10-0001-003,"Ленинградский проспект, вл.37",ленинградский проспект вл37,55.7970326,37.539885,nominatim,primary,2026-07-08T22:32:53
rv,HH6323-10-0001-004,"пр-кт Ленинградский, вл. 37",пр-кт ленинградский вл 37,,,,not_found,2026-07-08T22:32:54
rv,HH6367-04-0001-001,"Лужники ул. д. 24 стр. 4Б , (объект № 45)",лужники ул д 24 стр 4б (объект № 45),,,,not_found,2026-07-08T22:32:56
rv,HH6367-04-0003-001,"ул. Лужники, д. 24 (объект № 50)",ул лужники д 24 (объект № 50),,,,not_found,2026-07-08T22:32:57
rv,HH6368-06-0003-001,"ул. Лужники, вл. 24",ул лужники вл 24,55.7263941,37.5470343,nominatim,unclassified,2026-07-08T22:32:59
rv,HH6374-06-0001-001,ул Косыгина 28,ул косыгина 28,55.7085129,37.544767,nominatim,yes,2026-07-08T22:33:01
rv,HH6374-06-0003-001,Косыгина ул. вл. 28,косыгина ул вл 28,55.7072434,37.5680348,nominatim,secondary,2026-07-08T22:33:03
rv,HH6431-99-0001-001,"2-й Боткинский проезд, д. 5",2-й боткинский проезд д 5,55.7828983,37.5530579,nominatim,tertiary,2026-07-08T22:33:04
rv,HH6441-10-0001-001,"Звенигородское шоссе, вл. 11",звенигородское шоссе вл 11,55.7662014,37.5371997,nominatim,primary,2026-07-08T22:33:06
rv,HH6449-10-0001-001,"набережная Краснопресненская, земельный участок 14",набережная краснопресненская земельный участок 14,,,,not_found,2026-07-08T22:33:07
rv,HH6449-10-0001-002,"Краснопресненская набережная, вл. 14",краснопресненская набережная вл 14,55.7537103,37.5584278,nominatim,secondary,2026-07-08T22:33:09
rv,HH6467-04-0001-001,"ул. Лужники, д. 24 (объект № 49)",ул лужники д 24 (объект № 49),,,,not_found,2026-07-08T22:33:10
rv,HH6476-04-0001-001,"проспект Вернадского, вл.4",проспект вернадского вл4,55.6768257,37.5002093,nominatim,administrative,2026-07-08T22:33:13
rv,HH6500-03-0001-001,"ул. Тимирязевская, вл. 52",ул тимирязевская вл 52,55.8194496,37.5614953,nominatim,secondary,2026-07-08T22:33:15
rv,HH6531-14-0002-001,"улица Бориса Петровского, дом 3",улица бориса петровского дом 3,55.7819429,37.5481593,nominatim,tertiary,2026-07-08T22:33:16
rv,HH6542-01-0003-001,Звенигородская 2-я ул. д. 12 стр. 6,звенигородская 2-я ул д 12 стр 6,,,,not_found,2026-07-08T22:33:18
rv,HH6555-01-0001-001,Резервный 11А,резервный 11а,55.7406035,37.5521096,nominatim,commercial,2026-07-08T22:33:19
rv,HH6566-06-0001-001,улица Лужники напротив д. 24,улица лужники напротив д 24,,,,not_found,2026-07-08T22:33:21
rv,HH6642-10-0002-001,"Звенигородская 2-я ул. вл. 12 стр. 62, 63, 70, 71",звенигородская 2-я ул вл 12 стр 62 63 70 71,,,,not_found,2026-07-08T22:33:23
rv,HH6643-10-0003-001,"ул.2-я Звенигородская, вл.12, стр. 9, 11, 12, 13, 14, 15, 17, 29, 32, 33",ул2-я звенигородская вл12 стр 9 11 12 13 14 15 17 29 32 33,,,,not_found,2026-07-08T22:33:24
rv,HH6650-01-0001-001,"Кутузовский проспект, вл. 12, 14А",кутузовский проспект вл 12 14а,,,,not_found,2026-07-08T22:33:26
rv,HH6669-06-0002-001,Лужники ул. вл. 24,лужники ул вл 24,55.7204024,37.5556598,nominatim,unclassified,2026-07-08T22:33:28
rv,HH6690-10-0001-002,"г. Москва, ЮЗАО, Ломоносовский, ул. Архитектора Власова, вл. 2",г. москва юзао ломоносовский ул архитектора власова вл 2,,,,not_found,2026-07-08T22:33:29
rv,HH6733-08-0001-001,"ул. Старокрымская, вл. 13",ул старокрымская вл 13,55.5571603,37.5601918,nominatim,residential,2026-07-08T22:33:31
rv,HH6742-01-0002-001,"ул. 2-я Звенигородская, вл. 12 (Участок 2)",ул 2-я звенигородская вл 12 (участок 2),,,,not_found,2026-07-08T22:33:33
rv,HH6742-01-0002-009,"Звенигородская 2-я ул. вл. 12 стр. 1, 3, 4, 5, 7, 8, 10, 18, 19, 21, 22, 23, 26, 64",звенигородская 2-я ул вл 12 стр 1 3 4 5 7 8 10 18 19 21 22 23 26 64,,,,not_found,2026-07-08T22:33:35
rv,HH6742-01-0003-001,Звенигородская 2-я ул. д. 12 стр. 2,звенигородская 2-я ул д 12 стр 2,,,,not_found,2026-07-08T22:33:36
rv,HH6761-04-0001-001,"Саввинская набережная, дом 25А",саввинская набережная дом 25а,,,,not_found,2026-07-08T22:33:38
rv,HH6786-05-0001-001,"ул. Вавилова, вл. 61",ул вавилова вл 61,55.6878654,37.5576047,nominatim,place_of_worship,2026-07-08T22:33:39
rv,HH6787-03-0002-001,"ул. Вавилова, д. 63",ул вавилова д 63,55.7027436,37.5811665,nominatim,secondary,2026-07-08T22:33:42
rv,HH6797-10-0003-001,ул Профсоюзная 37,ул профсоюзная 37,55.6711698,37.5566241,nominatim,residential,2026-07-08T22:33:44
rv,HH6819-10-0002-001,"проезд Старый Петровско Разумовский, земельный участок 1/23",проезд старый петровско разумовский земельный участок 1/23,,,,not_found,2026-07-08T22:33:45
rv,HH6858-13-0001-001,"Бережковская наб, д. 16",бережковская наб д 16,55.744577,37.5720721,nominatim,secondary,2026-07-08T22:33:47
rv,HH6872-04-0002-001,"Лужники ул., д. 24, стр. 4В , (объект № 46)",лужники ул д 24 стр 4в (объект № 46),,,,not_found,2026-07-08T22:33:48
rv,HH6887-11-0001-001,"Академический, ул. Вавилова, вл. 57А, стр.11",академический ул вавилова вл 57а стр11,,,,not_found,2026-07-08T22:33:50
rv,HH6898-10-0001-001,"улица Гарибальди, земельный участок 31/1/1, зона 6.8",улица гарибальди земельный участок 31/1/1 зона 6.8,,,,not_found,2026-07-08T22:33:52
rv,HH6925-06-0001-001,"Ленинградский проспект, вл. 36",ленинградский проспект вл 36,55.7970326,37.539885,nominatim,primary,2026-07-08T22:33:54
rv,HH6959-10-0001-001,"Саввинская набережная, вл. 17",саввинская набережная вл 17,55.7348696,37.565441,nominatim,secondary,2026-07-08T22:33:55
rv,HH6976-01-0002-001,ул Академика Зельдовича 1,ул академика зельдовича 1,55.7050392,37.5645854,nominatim,construction,2026-07-08T22:33:57
rv,HH6994-01-0002-001,"Черёмушки, Нахимовский проспект, ул. Новочеремушкинская, ТПУ ""Профсоюзная"" (участок 1)",черемушки нахимовский проспект ул новочеремушкинская тпу профсоюзная (участок 1),,,,not_found,2026-07-08T22:33:59
rv,HH7017-10-0001-001,"улица 2-я Хуторская, земельный участок 31А",улица 2-я хуторская земельный участок 31а,,,,not_found,2026-07-08T22:34:00
rv,HH7028-01-0002-001,Проспект Ленинградский Дом 34А,проспект ленинградский дом 34а,,,,not_found,2026-07-08T22:34:03
rv,HH7062-04-0002-001,"Пироговская М. ул. вл. 14 стр. 2, 6",пироговская м. ул вл 14 стр 2 6,,,,not_found,2026-07-08T22:34:05
rv,HH7063-10-0002-001,"ул. Усачева, вл. 11",ул усачева вл 11,55.7235128,37.5613044,nominatim,tertiary,2026-07-08T22:34:06
rv,HH7085-10-0001-001,ул. Дмитрия Ульянова,ул дмитрия ульянова,55.691182,37.5627289,nominatim,secondary,2026-07-08T22:34:08
rv,HH7091-01-0001-001,"ул. Кржижановского, вл. 13, корп. 3",ул кржижановского вл 13 корп 3,,,,not_found,2026-07-08T22:34:09
rv,HH7108-10-0002-001,"Тимирязевский, Ивановская ул., вл.16 стр.1,вл. 18 стр.2",тимирязевский ивановская ул вл16 стр1 вл 18 стр2,,,,not_found,2026-07-08T22:34:12
rv,HH7116-10-0001-002,"2-я Хуторская ул., влд.34",2-я хуторская ул влд.34,,,,not_found,2026-07-08T22:34:13
rv,HH7125-01-0002-001,"ул. Нижняя Масловка, вл. 17",ул нижняя масловка вл 17,55.7917503,37.5719479,nominatim,tertiary,2026-07-08T22:34:15
rv,HH7138-10-0002-001,"ул. Малая Грузинская, д.44/30, стр. 1",ул малая грузинская д44/30 стр 1,,,,not_found,2026-07-08T22:34:16
rv,HH7140-10-0001-002,Улица Малая Грузинская Дом 24 Корпус 3,улица малая грузинская дом 24 корпус 3,,,,not_found,2026-07-08T22:34:18
rv,HH7157-99-0001-001,"1-й Тружеников пер., вл. 12",1-й тружеников пер вл 12,,,,not_found,2026-07-08T22:34:19
rv,HH7164-10-0002-001,"Москва, ЦАО, район Хамовники, Усачева ул. вл. 11",москва цао район хамовники усачева ул вл 11,,,,not_found,2026-07-08T22:34:22
rv,HH7177-04-0002-001,"Ленинский проспект, вл. 38",ленинский проспект вл 38,55.700615,37.5682893,nominatim,tertiary,2026-07-08T22:34:24
rv,HH7184-06-0001-001,"Косыгина, влд. 28",косыгина влд. 28,,,,not_found,2026-07-08T22:34:26
rv,HH7187-99-0001-001,"улица Профсоюзная, земельный участок 2/22",улица профсоюзная земельный участок 2/22,,,,not_found,2026-07-08T22:34:28
rv,HH7191-10-0002-001,"улица Кедрова, вл.16",улица кедрова вл16,55.6844881,37.5699269,nominatim,tertiary,2026-07-08T22:34:29
rv,HH7227-03-0001-001,"ул. 5-я Ямского поля, 25 А",ул 5-я ямского поля 25 а,,,,not_found,2026-07-08T22:34:31
rv,HH7244-04-0001-001,"Дружинниковская ул., д.15А",дружинниковская ул д15а,55.7598336,37.575907,nominatim,residential,2026-07-08T22:34:33
rv,HH7244-04-0001-002,"Дружинниковская ул., вл. 15А",дружинниковская ул вл 15а,55.756383,37.5751871,nominatim,pedestrian,2026-07-08T22:34:35
rv,HH7293-10-0001-002,"Новочеремушкинская ул., вл. 35",новочеремушкинская ул вл 35,55.6738872,37.570587,nominatim,tertiary,2026-07-08T22:34:36
rv,HH7310-99-0001-001,"ул. Яблочкова, вл. 5/5",ул яблочкова вл 5/5,,,,not_found,2026-07-08T22:34:38
rv,HH7323-04-0001-001,"ул. Нижняя Масловка, вл. 10, стр. Б",ул нижняя масловка вл 10 стр б,,,,not_found,2026-07-08T22:34:39
rv,HH7327-03-0001-001,Ямского поля 5-я ул. вл. 23/25 стр. 2,ямского поля 5-я ул вл 23/25 стр 2,,,,not_found,2026-07-08T22:34:41
rv,HH7335-01-0002-001,Грузинский вал ул. вл. 11,грузинский вал ул вл 11,55.7749822,37.5825157,nominatim,secondary,2026-07-08T22:34:43
rv,HH7342-03-0002-001,"Большая Грузинская улица, влд. 1, стр. 109",большая грузинская улица влд. 1 стр 109,,,,not_found,2026-07-08T22:34:45
rv,HH7391-10-0002-001,"улица Новочеремушкинская, владение 27",улица новочеремушкинская владение 27,,,,not_found,2026-07-08T22:34:47
rv,HH7420-05-0001-001,Вятская ул. вл. 37-39,вятская ул вл 37-39,,,,not_found,2026-07-08T22:34:49
rv,HH7432-04-0001-002,"Ленинградский проспект, вл. 8",ленинградский проспект вл 8,55.7929202,37.548719,nominatim,primary,2026-07-08T22:34:51
rv,HH7434-04-0002-001,Ул. Грузинский Вал Земельный уч. 29/31,ул грузинский вал земельный уч 29/31,,,,not_found,2026-07-08T22:34:52
rv,HH7497-04-0002-001,Нахимовский просп. вл. 31 (площадка 10),нахимовский просп. вл 31 (площадка 10),,,,not_found,2026-07-08T22:34:54
rv,HH7505-10-0003-001,"улица Милашенкова, земельный участок 7/3",улица милашенкова земельный участок 7/3,,,,not_found,2026-07-08T22:34:56
rv,HH7516-99-0001-001,Новодмитровская Б. ул. д. 63,новодмитровская б. ул д 63,55.8045981,37.5844367,nominatim,unclassified,2026-07-08T22:34:57
rv,HH7525-01-0001-001,"Бумажный пр., вл. 19",бумажный пр вл 19,55.7885923,37.5861058,nominatim,unclassified,2026-07-08T22:34:59
rv,HH7526-01-0002-001,Бумажный пр. д. 19/1,бумажный пр д 19/1,,,,not_found,2026-07-08T22:35:00
rv,HH7530-04-0001-001,"1-я ул. Ямского Поля, влд. 28, стр. 3",1-я ул ямского поля влд. 28 стр 3,,,,not_found,2026-07-08T22:35:02
rv,HH7531-01-0001-001,"ул. 1-я Ямского Поля, вл. 8, вл. 10 стр.1",ул 1-я ямского поля вл 8 вл 10 стр1,,,,not_found,2026-07-08T22:35:04
rv,HH7543-03-0002-002,"ул. Б. Грузинская, вл. 8",ул б. грузинская вл 8,,,,not_found,2026-07-08T22:35:05
rv,HH7605-10-0001-002,"улица Милашенкова, вл. 6",улица милашенкова вл 6,55.8227848,37.5880858,nominatim,secondary,2026-07-08T22:35:07
rv,HH7626-12-0001-003,"Остаповский проезд, вл. 22, стр. 4",остаповский проезд вл 22 стр 4,,,,not_found,2026-07-08T22:35:09
rv,HH7717-08-0001-001,Складочная ул. вл. 1,складочная ул вл 1,55.8045563,37.5977241,nominatim,unclassified,2026-07-08T22:35:11
rv,HH7746-10-0001-001,Хлебный пер. вл. 24 стр. 1,хлебный пер вл 24 стр 1,,,,not_found,2026-07-08T22:35:12
rv,HH7813-10-0001-001,"ул. Руставели, ул. Добролюбова, з/у 8",ул руставели ул добролюбова зу 8,,,,not_found,2026-07-08T22:35:14
rv,HH7822-99-0001-001,"ул. Двинцев, влд. 3",ул двинцев влд. 3,,,,not_found,2026-07-08T22:35:15
rv,HH7837-04-0001-001,"ул. 1-я Тверская-Ямская, вл. 2",ул 1-я тверская-ямская вл 2,,,,not_found,2026-07-08T22:35:17
rv,HH7839-04-0001-001,"ул. Большая Садовая, дом 16, стр.5",ул большая садовая дом 16 стр5,,,,not_found,2026-07-08T22:35:19
rv,HH7892-10-0001-001,"Большая Черемушкинская улица, вл.25",большая черемушкинская улица вл25,55.6845587,37.5919839,nominatim,secondary,2026-07-08T22:35:20
rv,HH7912-10-0002-001,"Руставели ул. вл.14/2, з/у 14/3",руставели ул вл14/2 зу 14/3,,,,not_found,2026-07-08T22:35:22
rv,HH7912-10-0002-002,"улица Руставели, д. 16, корпус 1",улица руставели д 16 корпус 1,,,,not_found,2026-07-08T22:35:24
rv,HH7912-10-0002-003,"ул. Руставели, вл. 14/2",ул руставели вл 14/2,,,,not_found,2026-07-08T22:35:25
rv,HH7913-10-0001-001,"ул. Добролюбова, дом 8",ул добролюбова дом 8,55.8163353,37.5926676,nominatim,tertiary,2026-07-08T22:35:27
rv,HH7919-10-0003-001,"ул. Складочная, вл. 6",ул складочная вл 6,55.8044277,37.5965573,nominatim,unclassified,2026-07-08T22:35:29
rv,HH7919-10-0003-002,Складочная ул. вл. 6,складочная ул вл 6,55.8035085,37.5957763,nominatim,tertiary,2026-07-08T22:35:31
rv,HH7958-06-0002-001,Турчанинов пер. вл. 3 стр. 1,турчанинов пер вл 3 стр 1,,,,not_found,2026-07-08T22:35:33
rv,HH8008-10-0001-001,"улица Академика Королева, дом 21",улица академика королева дом 21,55.8256256,37.5918724,nominatim,residential,2026-07-08T22:35:35
rv,HH8010-01-0002-001,Проезд Огородный Дом 16/1,проезд огородный дом 16/1,,,,not_found,2026-07-08T22:35:36
rv,HH8010-01-0003-001,Огородный пр. уч. 16/1,огородный пр уч 16/1,,,,not_found,2026-07-08T22:35:38
rv,HH8010-01-0004-001,"проезд Огородный, земельный участок 16/1",проезд огородный земельный участок 16/1,,,,not_found,2026-07-08T22:35:40
rv,HH8021-99-0001-001,"Полковая улица, вл. 1",полковая улица вл 1,55.798181,37.6064327,nominatim,tertiary,2026-07-08T22:35:41
rv,HH8026-10-0002-001,"ул. Новосущевская, вл. 37",ул новосущевская вл 37,55.7925842,37.6043898,nominatim,residential,2026-07-08T22:35:43
rv,HH8094-10-0001-001,"ул. Ремизова, вл. 11 к.2",ул ремизова вл 11 к2,55.6788218,37.5961659,nominatim,tertiary,2026-07-08T22:35:44
rv,HH8132-01-0002-001,"ул. Краснопролетарская, д. 31",ул краснопролетарская д 31,55.7787255,37.6056012,nominatim,memorial,2026-07-08T22:35:46
rv,HH8145-99-0001-001,"Брюсов пер., вл. 2/14, стр. 10",брюсов пер вл 2/14 стр 10,,,,not_found,2026-07-08T22:35:48
rv,HH8155-10-0001-001,"Пожарский пер., вл. 5/12, стр. 1; вл. 3",пожарский пер вл 5/12 стр 1 вл 3,,,,not_found,2026-07-08T22:35:49
rv,HH8185-16-0003-001,"от ст. ""ЗИЛ"" - до ст. ""Крымская""",от ст. зил - до ст. крымская,,,,not_found,2026-07-08T22:35:51
rv,HH8233-10-0002-001,Обручева ул. вл. 23,обручева ул вл 23,55.6517779,37.5491259,nominatim,secondary,2026-07-08T22:35:53
rv,HH8233-10-0002-002,"Архитектора Власова, д. 71, корп. 1",архитектора власова д 71 корп 1,,,,not_found,2026-07-08T22:35:54
rv,HH8275-04-0001-001,"4-й Верхний Михайловский проезд, вл. 1; вл.1, стр.2, 3, 4, 5, 6, 7, 8, 11 (, Донской)",4-й верхний михайловский проезд вл 1 вл1 стр2 3 4 5 6 7 8 11 ( донской),,,,not_found,2026-07-08T22:35:56
rv,HH8295-10-0001-001,"Электролитный пр., вл. 7А",электролитный пр вл 7а,55.6736181,37.6125879,nominatim,tertiary,2026-07-08T22:35:58
rv,HH8295-10-0001-007,"Электролитный пр-д, д. 7",электролитный пр-д д 7,,,,not_found,2026-07-08T22:35:59
rv,HH8341-01-0002-001,Петровка ул. д. 17 стр. 19,петровка ул д 17 стр 19,,,,not_found,2026-07-08T22:36:01
rv,HH8355-15-0001-002,"территория на участках между Берсеневской набережной, Якиманской набережной, Болотной набережной и ул. Серафимовича",территория на участках между берсеневской набережной якиманской набережной болотной набережной и ул серафимовича,,,,not_found,2026-07-08T22:36:02
rv,HH8385-16-0001-001,"Станционный комплекс ""Крымская""",станционный комплекс крымская,,,,not_found,2026-07-08T22:36:04
rv,HH8394-10-0002-001,"Электролитный проезд, вл. 7А",электролитный проезд вл 7а,55.6736181,37.6125879,nominatim,tertiary,2026-07-08T22:36:06
rv,HH8396-04-0002-001,Электролитный пр. вл. 16/А,электролитный пр вл 16/а,55.6736181,37.6125879,nominatim,tertiary,2026-07-08T22:36:08
rv,HH8420-01-0002-001,"улица Октябрьская, вл.98",улица октябрьская вл98,55.7415438,37.6548777,nominatim,primary_link,2026-07-08T22:36:10
rv,HH8423-10-0001-001,"ТПУ ""Марьина Роща""",тпу марьина роща,,,,not_found,2026-07-08T22:36:12
rv,HH8442-04-0001-001,"Столешников пер., вл. 12, стр. 2",столешников пер вл 12 стр 2,,,,not_found,2026-07-08T22:36:14
rv,HH8443-04-0002-001,"ул. Большая Дмитровка, вл. 9",ул большая дмитровка вл 9,55.7642616,37.6118033,nominatim,residential,2026-07-08T22:36:15
rv,HH8458-10-0002-001,Хвостов 2-й пер. вл. 8 стр. 2,хвостов 2-й пер вл 8 стр 2,,,,not_found,2026-07-08T22:36:17
rv,HH8466-10-0003-002,"ул. Мытная, вл. 40-44",ул мытная вл 40-44,,,,not_found,2026-07-08T22:36:19
rv,HH8466-10-0003-003,"Москва, ЦАО, район Якиманка, Мытная ул. вл. 40-44",москва цао район якиманка мытная ул вл 40-44,,,,not_found,2026-07-08T22:36:20
rv,HH8466-10-0003-006,Мытная ул. вл. 40-44,мытная ул вл 40-44,,,,not_found,2026-07-08T22:36:22
rv,HH8470-10-0002-001,"ул. Хавская, вл. 9",ул хавская вл 9,55.7199436,37.6142352,nominatim,residential,2026-07-08T22:36:24
rv,HH8507-06-0001-001,"Академика Королёва, вл. 13",академика королева вл 13,55.8210433,37.6183411,nominatim,fuel,2026-07-08T22:36:27
rv,HH8509-13-0001-001,"улица Новомосковская, вл. 18-22",улица новомосковская вл 18-22,,,,not_found,2026-07-08T22:36:28
rv,HH8551-10-0002-002,"Софийская наб. вл. вл.18/8, стр.1, вл.20, стр.1, вл.24/2, стр.1, 2, часть стр.5 Болотная площадь, вл.2/4, стр.1, вл.4. стр.1, вл.6-8, вл.10, стр.16, 17",софийская наб. вл вл18/8 стр1 вл20 стр1 вл24/2 стр1 2 часть стр5 болотная площадь вл2/4 стр1 вл4. стр1 вл6-8 вл10 стр16 17,,,,not_found,2026-07-08T22:36:30
rv,HH8554-03-0002-001,"Кадашёвская набережная, д. 12",кадашевская набережная д 12,55.7454823,37.623227,nominatim,tertiary,2026-07-08T22:36:32
rv,HH8555-10-0001-001,"ул. Полянка, вл. 9, стр. 1,2,4,5,6",ул полянка вл 9 стр 1 2 4 5 6,,,,not_found,2026-07-08T22:36:33
rv,HH8556-10-0001-001,"Старомонетный пер., д. 19/11",старомонетный пер д 19/11,,,,not_found,2026-07-08T22:36:36
rv,HH8595-04-0002-001,Электролитный пр. вл.,электролитный пр вл,,,,not_found,2026-07-08T22:36:37
rv,HH8596-10-0001-001,"Электролитный проезд, вл. 12Б",электролитный проезд вл 12б,55.6701501,37.6219657,nominatim,tertiary,2026-07-08T22:36:39
rv,HH8614-10-0002-001,Бочкова ул. вл. 11А,бочкова ул вл 11а,55.8105145,37.6302466,nominatim,tertiary,2026-07-08T22:36:41
rv,HH8633-04-0002-001,"Олимпийский, вл. 10",олимпийский вл 10,55.7816543,37.6234521,nominatim,secondary,2026-07-08T22:36:42
rv,HH8655-10-0002-002,"Большой Толмачевский пер., вл. 5, стр. 5, 6, 7А, 8, 11",большой толмачевский пер вл 5 стр 5 6 7а 8 11,,,,not_found,2026-07-08T22:36:44
rv,HH8656-10-0001-001,"Большой Толмачевский пер., вл. 5, стр. 1, 3, 4, 4а, 12, 13, 14, 15",большой толмачевский пер вл 5 стр 1 3 4 4а 12 13 14 15,,,,not_found,2026-07-08T22:36:46
rv,HH8658-01-0003-001,Полянка Б. ул. вл. 33/41,полянка б. ул вл 33/41,,,,not_found,2026-07-08T22:36:48
rv,HH8700-03-0002-001,"проспект Мира, вл. 119, стр. 19",проспект мира вл 119 стр 19,,,,not_found,2026-07-08T22:36:50
rv,HH8714-10-0003-001,"ул. Бочкова, вл. 11а",ул бочкова вл 11а,55.8101107,37.6368697,nominatim,tertiary,2026-07-08T22:36:51
rv,HH8714-10-0004-002,"ул. Бочкова, вл. 11А, корпус 2",ул бочкова вл 11а корпус 2,,,,not_found,2026-07-08T22:36:53
rv,HH8721-10-0001-001,"ул. 4-я Марьиной Рощи, з/у 12",ул 4-я марьиной рощи зу 12,,,,not_found,2026-07-08T22:36:54
rv,HH8738-10-0002-001,"Сухаревский М. пер., вл. 4, стр. 2",сухаревский м. пер вл 4 стр 2,,,,not_found,2026-07-08T22:36:56
rv,HH8747-04-0001-001,"ул. Ильинка, д. 3/8 стр. 3, 4; Богоявленский пер., д. 6, стр. 1",ул ильинка д 3/8 стр 3 4 богоявленский пер д 6 стр 1,,,,not_found,2026-07-08T22:36:58
rv,HH8751-04-0002-001,"Софийская наб. 36/10, вл.34 стр. 2",софийская наб. 36/10 вл34 стр 2,55.747342,37.6157213,nominatim,secondary,2026-07-08T22:36:59
rv,HH8763-02-0002-001,"ул. Большая Серпуховская, вл. 13, стр. 1",ул большая серпуховская вл 13 стр 1,,,,not_found,2026-07-08T22:37:01
rv,HH8772-04-0001-001,"Подольское шоссе, 3",подольское шоссе 3,55.7120155,37.6230032,nominatim,primary,2026-07-08T22:37:03
rv,HH8781-04-0002-001,"Новоданиловская, д.8",новоданиловская д8,55.6972971,37.6244931,nominatim,residential,2026-07-08T22:37:04
rv,HH8782-01-0003-001,"Варшавское шоссе, вл. 9/2",варшавское шоссе вл 9/2,55.5464255,37.5850547,nominatim,secondary,2026-07-08T22:37:06
rv,HH8804-03-0001-001,"Мира просп. вл. 119 стр. 220, 486, 491, 493, 494, 495, 498, 499",мира просп. вл 119 стр 220 486 491 493 494 495 498 499,,,,not_found,2026-07-08T22:37:08
rv,HH8836-03-0002-001,Садовая-Сухаревская ул. вл. 14 стр. 1,садовая-сухаревская ул вл 14 стр 1,,,,not_found,2026-07-08T22:37:09
rv,HH8864-01-0002-001,"ул. Серпуховская Б., д. 27, стр.2",ул серпуховская б. д 27 стр2,,,,not_found,2026-07-08T22:37:11
rv,HH8920-12-0001-005,Мира просп. вл. 81Б,мира просп. вл 81б,,,,not_found,2026-07-08T22:37:12
rv,HH8938-04-0001-001,Сретенка ул. вл. 13/26 стр. 1,сретенка ул вл 13/26 стр 1,,,,not_found,2026-07-08T22:37:14
rv,HH8948-04-0002-002,"ул. Варварка, д. 14, стр. 2",ул варварка д 14 стр 2,,,,not_found,2026-07-08T22:37:15
rv,HH8962-06-0002-001,"Стремянный переулок вл. 28 (ул. Зацепа, вл. 29)",стремянный переулок вл 28 (ул зацепа вл 29),,,,not_found,2026-07-08T22:37:17
rv,HH8980-08-0003-001,Автозаводская ул. вл. 23,автозаводская ул вл 23,55.7098733,37.6639694,nominatim,secondary,2026-07-08T22:37:18
rv,HH8981-10-0001-001,"Автозаводская улица, вл.23 (Лот 14)",автозаводская улица вл23 (лот 14),,,,not_found,2026-07-08T22:37:20
rv,HH8981-10-0002-001,"Автозаводская улица, вл. 23, (Лот 15)",автозаводская улица вл 23 (лот 15),,,,not_found,2026-07-08T22:37:21
rv,HH8992-14-0002-001,"1-й Нагатинский пр., вл. 10",1-й нагатинский пр вл 10,55.6821432,37.6338874,nominatim,tertiary,2026-07-08T22:37:23
rv,HH8999-10-0002-001,Каширское шоссе вл. 11 корп. 3,каширское шоссе вл 11 корп 3,,,,not_found,2026-07-08T22:37:25
rv,HH9011-99-0001-001,"проспект Мира, вл.105",проспект мира вл105,55.8386265,37.6605677,nominatim,primary,2026-07-08T22:37:27
rv,HH9035-05-0001-001,Сухаревская Б. пл. д. 3,сухаревская б. пл. д 3,55.773105,37.6340098,nominatim,hospital,2026-07-08T22:37:28
rv,HH9038-10-0002-001,"Костянский пер., вл. 13, стр. 1",костянский пер вл 13 стр 1,,,,not_found,2026-07-08T22:37:30
rv,HH9048-04-0002-001,Славянская пл. вл. 2/5/4 стр. 5,славянская пл. вл 2/5/4 стр 5,,,,not_found,2026-07-08T22:37:32
rv,HH9062-04-0002-001,"Стремянный пер., вл. 2",стремянный пер вл 2,55.7269921,37.6280431,nominatim,residential,2026-07-08T22:37:34
rv,HH9068-10-0002-001,"ул. Дубининская, д. 59",ул дубининская д 59,55.7254368,37.6368639,nominatim,secondary,2026-07-08T22:37:36
rv,HH9069-10-0002-001,"ул. Дубининская, вл. 59-69",ул дубининская вл 59-69,,,,not_found,2026-07-08T22:37:38
rv,HH9081-10-0001-001,"ул. Автозаводская, вл. 23",ул автозаводская вл 23,55.710026,37.6632408,nominatim,secondary,2026-07-08T22:37:40
rv,HH9084-10-0001-001,"набережная Марка Шагала, з/у 15",набережная марка шагала зу 15,,,,not_found,2026-07-08T22:37:42
rv,HH9085-10-0001-001,"ул Петра Кончаловского, з/у 7",ул петра кончаловского зу 7,,,,not_found,2026-07-08T22:37:43
rv,HH9085-10-0002-001,"ул. Автозаводская, вл. 23/64",ул автозаводская вл 23/64,,,,not_found,2026-07-08T22:37:45
rv,HH9086-03-0001-001,"ул. Автозаводская, вл.23/4",ул автозаводская вл23/4,,,,not_found,2026-07-08T22:37:46
rv,HH9087-04-0001-001,"ул. Автозаводская, вл. 23/56",ул автозаводская вл 23/56,,,,not_found,2026-07-08T22:37:48
rv,HH9096-10-0001-001,"проезд 2-й Нагатинский, земельный участок 6/2, з/у 6А",проезд 2-й нагатинский земельный участок 6/2 зу 6а,,,,not_found,2026-07-08T22:37:50
rv,HH9165-99-0001-001,ул Дубнинская 39,ул дубнинская 39,55.8674369,37.5619751,nominatim,apartments,2026-07-08T22:37:51
rv,HH9178-10-0001-001,"ул. Автозаводская, вл. 23/2 (Лоты 18, 19, 27)",ул автозаводская вл 23/2 (лоты 18 19 27),,,,not_found,2026-07-08T22:37:53
rv,HH9178-99-0001-001,"Автозаводская, вл. 23",автозаводская вл 23,55.7049423,37.6533088,nominatim,secondary,2026-07-08T22:37:54
rv,HH9185-10-0001-001,"ул. Петра Кончаловского, земельный участок 5",ул петра кончаловского земельный участок 5,,,,not_found,2026-07-08T22:37:56
rv,HH9185-10-0002-001,"ул. Петра Кончаловского, земельный участок 7",ул петра кончаловского земельный участок 7,,,,not_found,2026-07-08T22:37:57
rv,HH9187-10-0001-001,"ул. Автозаводская, вл. 23/66, корп. 5,6,7,8,9,10",ул автозаводская вл 23/66 корп 5 6 7 8 9 10,,,,not_found,2026-07-08T22:37:59
rv,HH9187-10-0002-001,"ул. Автозаводская, вл. 23/66",ул автозаводская вл 23/66,,,,not_found,2026-07-08T22:38:01
rv,HH9190-10-0002-001,"Нагатинская набережная,уч. 10А",нагатинская набережная уч 10а,55.6892451,37.6829999,nominatim,tertiary,2026-07-08T22:38:03
rv,HH9253-04-0001-001,"набережная Космодамианская, земельный участок 4/22/9",набережная космодамианская земельный участок 4/22/9,,,,not_found,2026-07-08T22:38:05
rv,HH9257-01-0001-002,"ул. Садовническая, З/У 82",ул садовническая зу 82,,,,not_found,2026-07-08T22:38:06
rv,HH9262-04-0001-003,гфз Москва,гфз москва,,,,not_found,2026-07-08T22:38:08
rv,HH9262-04-0002-001,"ул. Кожевническая, вл. 2-4",ул кожевническая вл 2-4,,,,not_found,2026-07-08T22:38:09
rv,HH9263-10-0002-001,Летниковская ул. земельный участок 6/1,летниковская ул земельный участок 6/1,,,,not_found,2026-07-08T22:38:11
rv,HH9279-12-0002-001,"ул. Автозаводская, вл. 23, стр.120, 120Б",ул автозаводская вл 23 стр120 120б,,,,not_found,2026-07-08T22:38:14
rv,HH9279-12-0002-004,"ул. Автозаводская, вл. 23, стр. 120, 120Б",ул автозаводская вл 23 стр 120 120б,,,,not_found,2026-07-08T22:38:15
rv,HH9280-10-0001-001,"ул. Автозаводская, вл. 23, участок №34",ул автозаводская вл 23 участок №34,,,,not_found,2026-07-08T22:38:17
rv,HH9288-10-0002-001,Автозаводская ул. вл. 23/65,автозаводская ул вл 23/65,,,,not_found,2026-07-08T22:38:19
rv,HH9293-10-0001-001,"Нагатинский 2-й по, З/У 2/3",нагатинский 2-й по зу 2/3,,,,not_found,2026-07-08T22:38:21
rv,HH9293-10-0002-001,"проезд Нагатинский 2-й, вл. 2/2",проезд нагатинский 2-й вл 2/2,,,,not_found,2026-07-08T22:38:23
rv,HH9293-10-0002-002,Нагатинский 2-й пр. вл. 2/2,нагатинский 2-й пр вл 2/2,,,,not_found,2026-07-08T22:38:25
rv,HH9313-10-0003-001,"ул. Староалексеевская, вл. 5",ул староалексеевская вл 5,55.8099469,37.6394038,nominatim,residential,2026-07-08T22:38:27
rv,HH9315-06-0001-001,"3-я Мытищинская улица, дом 5, строение 6",3-я мытищинская улица дом 5 строение 6,,,,not_found,2026-07-08T22:38:29
rv,HH9337-04-0002-001,пересечение пр-та ак. Сахарова и Садовой-Спасской ул,пересечение пр-та ак. сахарова и садовой-спасской ул,,,,not_found,2026-07-08T22:38:30
rv,HH9353-01-0002-001,"р-н Таганский, Котельническая наб., вл. 21",р-н таганский котельническая наб. вл 21,55.7470449,37.6407555,nominatim,primary,2026-07-08T22:38:32
rv,HH9364-10-0002-001,"Летниковская ул. вл. 6а стр. 1, 2, 3, 7, 10",летниковская ул вл 6а стр 1 2 3 7 10,,,,not_found,2026-07-08T22:38:33
rv,HH9364-10-0003-001,"ул. Летниковская, з/e 11/10/6",ул летниковская з/e 11/10/6,,,,not_found,2026-07-08T22:38:35
rv,HH9365-13-0001-001,"Жуков проезд, вл.21",жуков проезд вл21,55.7231852,37.6386528,nominatim,tertiary,2026-07-08T22:38:36
rv,HH9380-01-0002-001,"проспект Лихачева, дом 15",проспект лихачева дом 15,55.6995137,37.6408847,nominatim,unclassified,2026-07-08T22:38:38
rv,HH9414-10-0002-001,Новоалексеевская ул.,новоалексеевская ул,55.8080468,37.6429319,nominatim,tertiary,2026-07-08T22:38:40
rv,HH9415-01-0001-001,"Новоалексеевская ул., вл. 16",новоалексеевская ул вл 16,55.8080468,37.6429319,nominatim,tertiary,2026-07-08T22:38:41
rv,HH9433-10-0002-001,Спасская Б. ул. вл. 35-37,спасская б. ул вл 35-37,,,,not_found,2026-07-08T22:38:43
rv,HH9449-10-0004-001,"Тессинский переулок, дом 1",тессинский переулок дом 1,55.7506045,37.6494124,nominatim,unclassified,2026-07-08T22:38:45
rv,HH9453-01-0001-001,"Гончарная улица, дом 20/1, стр. 1, стр. 2",гончарная улица дом 20/1 стр 1 стр 2,,,,not_found,2026-07-08T22:38:46
rv,HH9473-10-0002-001,Павелецкая наб. вл. 8 З/У 6,павелецкая наб. вл 8 зу 6,,,,not_found,2026-07-08T22:38:48
rv,HH9523-04-0001-001,Сокольнический вал ул. вл. 1 Д,сокольнический вал ул вл 1 д,,,,not_found,2026-07-08T22:38:50
rv,HH9570-10-0002-001,наб. Симоновская,наб. симоновская,55.7183355,37.6597584,nominatim,secondary,2026-07-08T22:38:52
rv,HH9623-04-0002-001,Сокольнический вал ул. вл. 37,сокольнический вал ул вл 37,,,,not_found,2026-07-08T22:38:54
rv,HH9668-10-0002-001,"Восточная ул., д. 4А",восточная ул д 4а,55.7153353,37.6602739,nominatim,secondary,2026-07-08T22:38:55
rv,HH9670-06-0001-001,"ул. Восточная, владение 4А",ул восточная владение 4а,,,,not_found,2026-07-08T22:38:57
rv,HH9686-10-0002-001,"Проектируемый проезд 4062, вл.6, корпус 5",проектируемый проезд 4062 вл6 корпус 5,,,,not_found,2026-07-08T22:38:59
rv,HH9686-10-0003-001,Автозаводская ул. вл. 23 стр. 184,автозаводская ул вл 23 стр 184,,,,not_found,2026-07-08T22:39:01
rv,HH9686-10-0004-001,"Нагатинская пойма, пр. пр. 4062, вл.6 (стр. 3, 7, 9-13, 22, 23, 28-31) Корпус 2.3",нагатинская пойма пр пр 4062 вл6 (стр 3 7 9-13 22 23 28-31) корпус 2.3,,,,not_found,2026-07-08T22:39:03
rv,HH9686-10-0004-002,"Нагатинская пойма, пр. пр. 4062, вл.6 (стр. 3, 7, 9-13, 22, 23, 28-31) Корпус 4.2",нагатинская пойма пр пр 4062 вл6 (стр 3 7 9-13 22 23 28-31) корпус 4.2,,,,not_found,2026-07-08T22:39:05
rv,HH9687-10-0001-001,проспект Андропова,проспект андропова,55.6749376,37.6626816,nominatim,primary,2026-07-08T22:39:06
rv,HH9687-10-0003-001,Автозаводская ул. вл. 23 стр. 438 (западная часть Нагатинской поймы),автозаводская ул вл 23 стр 438 (западная часть нагатинской поймы),,,,not_found,2026-07-08T22:39:08
rv,HH9704-05-0001-001,"Москва, Касаткина ул. вл. 9",москва касаткина ул вл 9,55.8241258,37.6636992,nominatim,residential,2026-07-08T22:39:09
rv,HH9741-04-0002-001,Казакова ул. вл. 7,казакова ул вл 7,55.7627931,37.6614314,nominatim,tertiary,2026-07-08T22:39:12
rv,HH9746-04-0001-001,пл. Курского вокзала,пл. курского вокзала,55.7578519,37.6596806,nominatim,unclassified,2026-07-08T22:39:13
rv,HH9781-01-0001-001,"ул. Автозаводская, вл. 23 стр. 123",ул автозаводская вл 23 стр 123,55.7106101,37.6644211,nominatim,secondary,2026-07-08T22:39:15
rv,HH9795-11-0002-001,Садовники ул.,садовники ул,55.6739885,37.6557959,nominatim,tertiary,2026-07-08T22:39:16
rv,HH9845-17-0001-001,"гфз Москва, Басманный р-н",гфз москва басманный р-н,,,,not_found,2026-07-08T22:39:18
rv,HH9885-01-0001-001,"пр-кт Андропова, вл. 18/9/1",пр-кт андропова вл 18/9/1,,,,not_found,2026-07-08T22:39:20
rv,HH9926-11-0002-001,Шумкина ул. вл. 14,шумкина ул вл 14,55.7884326,37.6690908,nominatim,tertiary,2026-07-08T22:39:21
rv,HH9949-01-0001-001,"Костомаровский пер. , земельный участок 11/1",костомаровский пер земельный участок 11/1,,,,not_found,2026-07-08T22:39:23
rv,HH9960-04-0001-001,"Динамовская ул., вл. 1А",динамовская ул вл 1а,55.732425,37.6636676,nominatim,residential,2026-07-08T22:39:25
rv,HH9963-04-0002-001,Симоновский вал ул. вл. 7,симоновский вал ул вл 7,,,,not_found,2026-07-08T22:39:27
rv,HH9965-08-0001-001,Дубровский пр. вл. 7,дубровский пр вл 7,55.7245754,37.6675839,nominatim,service,2026-07-08T22:39:28
rv,HH9968-05-0002-001,"ул. Велозаводская, д. 1/1",ул велозаводская д 1/1,55.7141185,37.6648676,nominatim,primary,2026-07-08T22:39:30
rv,HH9972-10-0001-002,Ленинская слобода ул. вл. 3,ленинская слобода ул вл 3,,,,not_found,2026-07-08T22:39:32
rv,HI0017-04-0001-001,"ул. Анны Ахматовой, уч. 7",ул анны ахматовой уч 7,55.6362284,37.332458,nominatim,unclassified,2026-07-08T22:39:33
rv,HI0019-04-0002-001,"д. Рассказовка, тер. ТПУ ""Рассказовка"", з/у 13/1А",д рассказовка тер. тпу рассказовка зу 13/1а,,,,not_found,2026-07-08T22:39:35
rv,HI0020-04-0001-001,Боровская ул 49,боровская ул 49,55.6311514,37.3308529,nominatim,tertiary,2026-07-08T22:39:36
rv,HI0194-10-0002-001,"в районе пос. Ватутинки, уч. № 26",в районе пос ватутинки уч № 26,,,,not_found,2026-07-08T22:39:38
rv,HI0210-08-0002-001,"ул. Лукинская, д. 12А (Ново-Переделкино, мкр. 14, корп. 18)",ул лукинская д 12а (ново-переделкино мкр. 14 корп 18),,,,not_found,2026-07-08T22:39:39
rv,HI0217-10-0001-002,"улица Скульптора Мухиной, вл. 11/1",улица скульптора мухиной вл 11/1,,,,not_found,2026-07-08T22:39:41
rv,HI0225-10-0002-001,Рассказовка дер.,рассказовка дер,,,,not_found,2026-07-08T22:39:42
rv,HI0294-08-0001-001,"п. Десёновское, ш. Калужское, вл. 52Б, 35 км",п. десеновское ш калужское вл 52б 35 км,,,,not_found,2026-07-08T22:39:44
rv,HI0294-10-0006-001,"ш. Калужское, вл. 52Б, 35 км",ш калужское вл 52б 35 км,,,,not_found,2026-07-08T22:39:46
rv,HI0342-10-0001-001,г. Московский. Третий микрорайон,г. московский. третий микрорайон,,,,not_found,2026-07-08T22:39:47
rv,HI0366-01-0001-001,Административное здание на территории пос. Филимонковское,административное здание на территории пос филимонковское,,,,not_found,2026-07-08T22:39:49
rv,HI0436-04-0001-001,"г. Московский, участок №М30",г. московский участок №м30,,,,not_found,2026-07-08T22:39:51
rv,HI0445-10-0001-001,"г. Московский, Первый микрорайон, квартал 3",г. московский первый микрорайон квартал 3,,,,not_found,2026-07-08T22:39:53
rv,HI0445-10-0001-002,г.Московский Первый микрорайон,г.московский первый микрорайон,,,,not_found,2026-07-08T22:39:54
rv,HI0488-06-0001-001,"Троицк, квартал 34, земельный участок 18",троицк квартал 34 земельный участок 18,,,,not_found,2026-07-08T22:39:56
rv,HI0586-08-0002-001,"Москва, п. Десеновское",москва п. десеновское,,,,not_found,2026-07-08T22:39:57
rv,HI0588-08-0002-001,"Москва, Десна дер., участок № 24",москва десна дер участок № 24,,,,not_found,2026-07-08T22:39:59
rv,HI0590-04-0002-001,"Нововатутинский проспект, дом 6",нововатутинский проспект дом 6,55.5165748,37.3485434,nominatim,tertiary,2026-07-08T22:40:00
rv,HI0615-04-0002-001,Боровское шоссе вл. 30-36,боровское шоссе вл 30-36,,,,not_found,2026-07-08T22:40:02
rv,HI0616-14-0001-001,Боровское шоссе,боровское шоссе,55.6477505,37.3704228,nominatim,station,2026-07-08T22:40:04
rv,HI0714-10-0001-001,"ул. Чоботовская, з/у 2А",ул чоботовская зу 2а,,,,not_found,2026-07-08T22:40:06
rv,HI0919-12-0001-001,"ул. Новоорловская, промзона Орлово",ул новоорловская промзона орлово,,,,not_found,2026-07-08T22:40:07
rv,HI0943-08-0003-001,"ул Георгиевская, вл 8",ул георгиевская вл 8,55.5904801,37.3773639,nominatim,residential,2026-07-08T22:40:09
rv,HI0978-99-0001-001,"п. Десеновское, кв-л 18",п. десеновское кв-л 18,,,,not_found,2026-07-08T22:40:10
rv,HI1035-03-0001-001,"г. Москвский, уч. М35",г. москвский уч м35,,,,not_found,2026-07-08T22:40:12
rv,HI1035-09-0001-001,"улица Никитина, д. 9",улица никитина д 9,55.6050114,37.3566358,nominatim,tertiary,2026-07-08T22:40:13
rv,HI1137-10-0002-001,"территория тепличного комбината №1, Третий микрорайон, Квартал 1",территория тепличного комбината №1 третий микрорайон квартал 1,,,,not_found,2026-07-08T22:40:15
rv,HI1137-10-0002-002,"г. Московский, тепличного комбината №1, третий микрорайон, квартал 1",г. московский тепличного комбината №1 третий микрорайон квартал 1,,,,not_found,2026-07-08T22:40:17
rv,HI1137-10-0002-004,"пос. Московский, тепличный комбинат №1",пос московский тепличный комбинат №1,,,,not_found,2026-07-08T22:40:18
rv,HI1180-10-0001-001,"поселение Десеновское, квартал 23",поселение десеновское квартал 23,,,,not_found,2026-07-08T22:40:20
rv,HI1205-01-0002-001,тер инновационного центра Сколково,тер инновационного центра сколково,,,,not_found,2026-07-08T22:40:21
rv,HI1294-04-0001-001,"улица Центральная, земельный участок 1Б",улица центральная земельный участок 1б,,,,not_found,2026-07-08T22:40:24
rv,HI1313-10-0001-001,Производственная зу 19А,производственная зу 19а,,,,not_found,2026-07-08T22:40:26
rv,HI1313-10-0001-002,"Производственная, зу 17А/21Б",производственная зу 17а/21б,,,,not_found,2026-07-08T22:40:27
rv,HI1357-10-0001-001,вблизи дер. Зименки,вблизи дер зименки,,,,not_found,2026-07-08T22:40:29
rv,HI1376-11-0001-001,поселок Ватутинки,поселок ватутинки,55.6010762,37.1570656,nominatim,tertiary,2026-07-08T22:40:30
rv,HI1376-11-0001-002,Десёновское,десеновское,,,,not_found,2026-07-08T22:40:32
rv,HI1405-16-0001-001,Транспортно-пересадочный узел «Озерная» 2.2 этап,транспортно-пересадочный узел озерная 2.2 этап,,,,not_found,2026-07-08T22:40:33
rv,HI1413-10-0001-001,"ул. Производственная, з/у 19",ул производственная зу 19,,,,not_found,2026-07-08T22:40:35
rv,HI1413-10-0001-002,"ул. Производственная, земельный участок 15/2",ул производственная земельный участок 15/2,,,,not_found,2026-07-08T22:40:36
rv,HI1511-10-0002-001,"Производственная ул., д. 4А (Производственная ул., вл.6)",производственная ул д 4а (производственная ул вл6),,,,not_found,2026-07-08T22:40:38
rv,HI1513-08-0002-001,"ул. Производственная, вл.6",ул производственная вл6,55.6456479,37.384447,nominatim,secondary,2026-07-08T22:40:40
rv,HI1581-10-0002-001,"проект 46А, квартал 15",проект 46а квартал 15,,,,not_found,2026-07-08T22:40:41
rv,HI1587-10-0001-001,в границах земельного участка с кадастровым номером 77:17:0130104:2662,в границах земельного участка с кадастровым номером 77:17:0130104:2662,,,,not_found,2026-07-08T22:40:43
rv,HI1607-10-0001-001,"Боровский проезд, д. 1",боровский проезд д 1,55.6554318,37.3926958,nominatim,tertiary,2026-07-08T22:40:44
rv,HI1657-13-0001-001,"ул. Зимёнковская, з/у 158",ул зименковская зу 158,,,,not_found,2026-07-08T22:40:46
rv,HI1681-14-0001-001,Центральная ул. (дер. Десна) вл. 144,центральная ул (дер десна) вл 144,,,,not_found,2026-07-08T22:40:48
rv,HI1682-04-0001-001,Десна дер.,десна дер,,,,not_found,2026-07-08T22:40:49
rv,HI1712-10-0002-001,"Многоквартирный жилой дом (корпус 12), подлежащий возведению на земельном участке, расположенном по адресу: г. Москва, ул. Производственная, вл. 6, МФЖК ""Лучи""",многоквартирный жилой дом (корпус 12) подлежащий возведению на земельном участке расположенном по адресу: г. москва ул производственная вл 6 мфжк лучи,,,,not_found,2026-07-08T22:40:51
rv,HI1713-10-0001-001,Производственная ул. вл. 6,производственная ул вл 6,55.6521865,37.3875304,nominatim,secondary,2026-07-08T22:40:53
rv,HI1713-99-0001-001,"улица Производственная, з/у 6",улица производственная зу 6,,,,not_found,2026-07-08T22:40:55
rv,HI1788-10-0002-001,д. Десна,д десна,55.5070461,37.283746,nominatim,river,2026-07-08T22:40:56
rv,HI1915-01-0001-001,"Авиаторов, 3Б",авиаторов 3б,55.6432524,37.4004077,nominatim,public,2026-07-08T22:40:58
rv,HI1915-10-0003-001,"Родниковая улица, влд. 5А",родниковая улица влд. 5а,,,,not_found,2026-07-08T22:40:59
rv,HI2014-05-0001-001,район Солнцево,район солнцево,55.647305,37.400799,nominatim,administrative,2026-07-08T22:41:01
rv,HI2015-99-0001-001,"ул. Авиаторов, вл. 5/1",ул авиаторов вл 5/1,55.6411162,37.4095116,nominatim,tertiary,2026-07-08T22:41:03
rv,HI2060-04-0001-001,"вблизи д. Летово, уч. № 20-3",вблизи д летово уч № 20-3,,,,not_found,2026-07-08T22:41:05
rv,HI2131-16-0001-001,"Сосенское, квартал 159, земельный участок 101А/2",сосенское квартал 159 земельный участок 101а/2,,,,not_found,2026-07-08T22:41:07
rv,HI2229-14-0002-001,"Москва, НАО, район Московский, Саларьево дер.",москва нао район московский саларьево дер,,,,not_found,2026-07-08T22:41:08
rv,HI2320-10-0002-001,Румянцево дер. вл. 17Е,румянцево дер вл 17е,,,,not_found,2026-07-08T22:41:10
rv,HI2334-10-0001-001,"д.Саларьево, корпус 66",дсаларьево корпус 66,,,,not_found,2026-07-08T22:41:11
rv,HI2335-10-0004-001,"п.Сосенское, квартал №7, дом 3, корп.5",п.сосенское квартал №7 дом 3 корп5,,,,not_found,2026-07-08T22:41:13
rv,HI2335-10-0006-001,"вблизи д. Николо-Хованское, квартал № 7, дом 3, корпус 7",вблизи д николо-хованское квартал № 7 дом 3 корпус 7,,,,not_found,2026-07-08T22:41:15
rv,HI2421-08-0002-001,"п. Московский, д. Румянцево, вл. 17Е",п. московский д румянцево вл 17е,,,,not_found,2026-07-08T22:41:16
rv,HI2437-10-0003-001,"п. Сосенское, вблизи д. Николо-Хованское, (VIII очередь) Строение 1",п. сосенское вблизи д николо-хованское (viii очередь) строение 1,,,,not_found,2026-07-08T22:41:18
rv,HI2437-14-0001-001,"поселение Сосенское, квартал 28, з/у 1",поселение сосенское квартал 28 зу 1,,,,not_found,2026-07-08T22:41:20
rv,HI2438-08-0001-001,в районе д. Николо-Хованское,в районе д николо-хованское,,,,not_found,2026-07-08T22:41:21
rv,HI2438-10-0002-001,"п. Сосенское, вблизи д. Николо-Хованское",п. сосенское вблизи д николо-хованское,,,,not_found,2026-07-08T22:41:23
rv,HI2502-10-0002-001,Боровское шоссе вл. 2-1 и вл. 2,боровское шоссе вл 2-1 и вл 2,,,,not_found,2026-07-08T22:41:24
rv,HI2702-14-0002-001,"Солнцево, Боровское шоссе, вл. 2-1",солнцево боровское шоссе вл 2-1,55.6610879,37.4245825,nominatim,primary,2026-07-08T22:41:26
rv,HI2754-10-0001-001,пос. Сосенское,пос сосенское,55.581794,37.477031,nominatim,public_service,2026-07-08T22:41:27
rv,HI2769-11-0002-001,Сосенки дер.,сосенки дер,,,,not_found,2026-07-08T22:41:29
rv,HI2805-04-0001-001,в районе дер. Говорово,в районе дер говорово,,,,not_found,2026-07-08T22:41:30
rv,HI2816-13-0001-001,"Москва, НАО, район Московский, в районе деревни Румянцево",москва нао район московский в районе деревни румянцево,,,,not_found,2026-07-08T22:41:32
rv,HI2817-08-0002-001,в районе деревни Румянцево,в районе деревни румянцево,,,,not_found,2026-07-08T22:41:33
rv,HI2818-01-0002-001,в районе д. Румянцево,в районе д румянцево,,,,not_found,2026-07-08T22:41:35
rv,HI2818-04-0002-001,в е деревни Румянцево,в е деревни румянцево,,,,not_found,2026-07-08T22:41:37
rv,HI2844-08-0001-001,"вблизи дер. Николо-Хованское, д. 6",вблизи дер николо-хованское д 6,,,,not_found,2026-07-08T22:41:38
rv,HI2844-10-0002-001,"в районе дер. Николо-Хованское, кв. 26 уч. 3/3",в районе дер николо-хованское кв. 26 уч 3/3,,,,not_found,2026-07-08T22:41:40
rv,HI2847-15-0001-005,поселение Сосенское,поселение сосенское,,,,not_found,2026-07-08T22:41:42
rv,HI2943-10-0001-001,вблизи дер. Николо-Хованское,вблизи дер николо-хованское,,,,not_found,2026-07-08T22:41:44
rv,HI2943-10-0002-001,вблизи д.Николо-Хованское,вблизи дниколо-хованское,,,,not_found,2026-07-08T22:41:46
rv,HI2943-10-0003-001,"пос. Сосенское, квартал 26, земельный участок 3/3",пос сосенское квартал 26 земельный участок 3/3,,,,not_found,2026-07-08T22:41:48
rv,HI3013-06-0001-001,"Солнцево, квартал № 29, земельный участок 23",солнцево квартал № 29 земельный участок 23,,,,not_found,2026-07-08T22:41:50
rv,HI3013-06-0001-002,"квартал №29, земельный участок 23, земельный участок 27, земельный участок 28",квартал №29 земельный участок 23 земельный участок 27 земельный участок 28,,,,not_found,2026-07-08T22:41:52
rv,HI3042-08-0001-001,"проспект Куприна, з/у 3",проспект куприна зу 3,55.5382184,37.4564006,nominatim,secondary,2026-07-08T22:41:53
rv,HI3047-01-0001-001,"Сосенское, квартал 35, земельный участок 12/8",сосенское квартал 35 земельный участок 12/8,,,,not_found,2026-07-08T22:41:55
rv,HI3123-10-0001-001,"улица Адмирала Корнилова, з/у 76",улица адмирала корнилова зу 76,,,,not_found,2026-07-08T22:41:56
rv,HI3137-14-0001-001,"д. Николо-Хованское, д. 1031, стр. 1",д николо-хованское д 1031 стр 1,,,,not_found,2026-07-08T22:41:58
rv,HI3137-14-0003-001,"дер. Николо-Хованское, д. 1031, стр. 1",дер николо-хованское д 1031 стр 1,,,,not_found,2026-07-08T22:42:00
rv,HI3148-01-0002-001,"Сосенское, квартал 35, з/у 12/4",сосенское квартал 35 зу 12/4,,,,not_found,2026-07-08T22:42:02
rv,HI3148-01-0003-001,"уч. 12, вблизи дер. Николо-Хованское",уч 12 вблизи дер николо-хованское,,,,not_found,2026-07-08T22:42:03
rv,HI3230-11-0002-001,в районе Николо-Хованского кладбища,в районе николо-хованского кладбища,,,,not_found,2026-07-08T22:42:05
rv,HI3237-12-0001-001,д. Николо-Хованское,д николо-хованское,,,,not_found,2026-07-08T22:42:06
rv,HI3244-14-0001-001,"Пикассо ул., з/у 1",пикассо ул зу 1,,,,not_found,2026-07-08T22:42:08
rv,HI3245-08-0001-001,дер. Николо-Хованское,дер николо-хованское,,,,not_found,2026-07-08T22:42:09
rv,HI3271-13-0001-001,"Москва, поселение Сосенское, южнее деревни Сосенки, вблизи примыкания автодороги на поселок Воскресенское к Калужскому шоссе",москва поселение сосенское южнее деревни сосенки вблизи примыкания автодороги на поселок воскресенское к калужскому шоссе,,,,not_found,2026-07-08T22:42:11
rv,HI3314-06-0001-001,"п.Московский, квартал No4",п.московский квартал no4,,,,not_found,2026-07-08T22:42:13
rv,HI3322-13-0001-001,снт.Дудкино,снт.дудкино,55.6304447,37.443896,nominatim,allotments,2026-07-08T22:42:14
rv,HI3339-11-0001-003,"дер. Николо-Хованское, уч. 9/1-1",дер николо-хованское уч 9/1-1,,,,not_found,2026-07-08T22:42:16
rv,HI3340-11-0002-001,Деревня Николо-Хованское уч 9/1-1,деревня николо-хованское уч 9/1-1,,,,not_found,2026-07-08T22:42:18
rv,HI3340-99-0001-001,"деревня Николо-Хованское, з/у 1019",деревня николо-хованское зу 1019,,,,not_found,2026-07-08T22:42:20
rv,HI3345-04-0002-001,Николо-Хованское дер.,николо-хованское дер,,,,not_found,2026-07-08T22:42:21
rv,HI3345-10-0001-001,"д. Николо-Хованское, уч. 5-3 (ППТ 1-4)",д николо-хованское уч 5-3 (ппт 1-4),,,,not_found,2026-07-08T22:42:23
rv,HI3345-10-0004-001,"в районе дер. Николо-Хованское, уч. 5-1 (ппт 1-4)",в районе дер николо-хованское уч 5-1 (ппт 1-4),,,,not_found,2026-07-08T22:42:25
rv,HI3438-11-0003-001,Николо-Хованское дер. уч. 9/1-1,николо-хованское дер уч 9/1-1,,,,not_found,2026-07-08T22:42:26
rv,HI3443-10-0001-001,"дер. Николо-Хованское, уч.5-4.2, д.8",дер николо-хованское уч 5-4.2 д8,,,,not_found,2026-07-08T22:42:28
rv,HI3443-13-0001-001,"г. Москва, НАО, п. Сосенское, 28 кв-л",г. москва нао п. сосенское 28 кв-л,,,,not_found,2026-07-08T22:42:30
rv,HI3479-10-0001-001,Воскресенское пос. корп. 1,воскресенское пос корп 1,,,,not_found,2026-07-08T22:42:32
rv,HI3479-10-0001-003,Воскресенское пос. корп. 2,воскресенское пос корп 2,,,,not_found,2026-07-08T22:42:33
rv,HI3479-10-0001-004,Воскресенское пос. корп. 4,воскресенское пос корп 4,,,,not_found,2026-07-08T22:42:35
rv,HI3521-04-0001-001,дер. Дудкино,дер дудкино,,,,not_found,2026-07-08T22:42:36
rv,HI3573-10-0001-001,д. Столбово,д столбово,,,,not_found,2026-07-08T22:42:38
rv,HI3574-10-0001-001,"Александры Монаховой, земельный участок 87",александры монаховой земельный участок 87,,,,not_found,2026-07-08T22:42:40
rv,HI3575-08-0002-001,"п. Сосенское, дер. Столбово, уч. 40/1",п. сосенское дер столбово уч 40/1,,,,not_found,2026-07-08T22:42:42
rv,HI3579-10-0002-001,Воскресенское пос. корп. 3,воскресенское пос корп 3,,,,not_found,2026-07-08T22:42:44
rv,HI3602-06-0001-001,Востряковское шоссе уч. 1,востряковское шоссе уч 1,55.6651571,37.4551084,nominatim,tertiary,2026-07-08T22:42:47
rv,HI3673-10-0001-001,"проспект Куприна, земельный участок 40",проспект куприна земельный участок 40,,,,not_found,2026-07-08T22:42:49
rv,HI3673-10-0002-001,Столбово дер. уч. 40/2,столбово дер уч 40/2,,,,not_found,2026-07-08T22:42:50
rv,HI3674-08-0001-001,"д. Столбово, уч. 40/1",д столбово уч 40/1,,,,not_found,2026-07-08T22:42:52
rv,HI3773-10-0002-001,Столбово дер. вл. 40/2,столбово дер вл 40/2,,,,not_found,2026-07-08T22:42:53
rv,HI3858-14-0001-001,"пос. Коммунарка, поселение Сосенское",пос коммунарка поселение сосенское,,,,not_found,2026-07-08T22:42:55
rv,HI3871-10-0001-001,"д. Столбово, з/у 41/1Г",д столбово зу 41/1г,,,,not_found,2026-07-08T22:42:57
rv,HI3903-05-0002-001,"ул. Академика Анохина, вл. 34, корп.3",ул академика анохина вл 34 корп3,,,,not_found,2026-07-08T22:42:59
rv,HI3911-14-0001-001,"пос. Внуково, Центральная ул.",пос внуково центральная ул,55.6135316,37.2024361,nominatim,residential,2026-07-08T22:43:00
rv,HI3953-10-0001-001,"улица Эдварда Грига, земельный участок 9В",улица эдварда грига земельный участок 9в,,,,not_found,2026-07-08T22:43:02
rv,HI3958-05-0001-001,"п. Коммунарка, ул. Сосенский Стан, вл.10/1",п. коммунарка ул сосенский стан вл10/1,,,,not_found,2026-07-08T22:43:04
rv,HI4029-06-0001-001,"Мосрентген, пос. завода Мосрентген",мосрентген пос завода мосрентген,55.6223111,37.476584,nominatim,garages,2026-07-08T22:43:06
rv,HI4054-01-0001-001,Эдварда Грига Дом 1А,эдварда грига дом 1а,,,,not_found,2026-07-08T22:43:07
rv,HI4060-05-0001-001,"Коммунарка, поселение Сосенское",коммунарка поселение сосенское,,,,not_found,2026-07-08T22:43:09
rv,HI4068-10-0001-001,"кв-л 160 1В, К8",кв-л 160 1в к8,,,,not_found,2026-07-08T22:43:11
rv,HI4109-08-0002-001,"Тропарево-Никулино, проспект Вернадского, вл.98 (вл.90)",тропарево-никулино проспект вернадского вл98 (вл90),,,,not_found,2026-07-08T22:43:13
rv,HI4170-13-0002-001,"111 кв-л, д 1А, строен 1",111 кв-л д 1а строен 1,,,,not_found,2026-07-08T22:43:15
rv,HI4174-13-0001-001,д.Столбово,дстолбово,,,,not_found,2026-07-08T22:43:16
rv,HI4176-10-0001-001,"Сосенское, квартал 191, з/у 1",сосенское квартал 191 зу 1,,,,not_found,2026-07-08T22:43:18
rv,HI4246-16-0001-001,"г.Троицк,ш.Калужское,влд.15",г.троицк шкалужское влд.15,,,,not_found,2026-07-08T22:43:20
rv,HI4257-08-0001-001,"ул. Фитарёвская, вл. 9а",ул фитаревская вл 9а,55.5727033,37.4880648,nominatim,residential,2026-07-08T22:43:21
rv,HI4261-05-0002-001,п. Коммунарка,п. коммунарка,55.5674906,37.4803816,nominatim,bus_stop,2026-07-08T22:43:23
rv,HI4268-10-0002-001,"п. Сосенское, д. Столбово, з/у 41/1Г",п. сосенское д столбово зу 41/1г,,,,not_found,2026-07-08T22:43:25
rv,HI4268-99-0001-001,"ул. Александры Монаховой, вблизи дер. Столбово, ППТ2-5",ул александры монаховой вблизи дер столбово ппт2-5,,,,not_found,2026-07-08T22:43:27
rv,HI4328-08-0001-001,Поселок завода Мосрентген Дом 38А,поселок завода мосрентген дом 38а,,,,not_found,2026-07-08T22:43:28
rv,HI4368-10-0001-001,"улица Александры Монаховой, вблизи дер. Столбово",улица александры монаховой вблизи дер столбово,,,,not_found,2026-07-08T22:43:30
rv,HI4400-04-0002-001,"Проспект Вернадского, у станции метро""Юго-Западная""",проспект вернадского у станции метроюго-западная,,,,not_found,2026-07-08T22:43:31
rv,HI4438-99-0001-001,д. Мамыри,д мамыри,55.557247,37.0489592,nominatim,allotments,2026-07-08T22:43:33
rv,HI4472-08-0002-001,д. Столбово корпус 2.9,д столбово корпус 2.9,,,,not_found,2026-07-08T22:43:35
rv,HI4476-14-0001-001,"поселение Сосенское, дер. Столбово, з/у 3/3",поселение сосенское дер столбово зу 3/3,,,,not_found,2026-07-08T22:43:37
rv,HI4519-04-0002-001,"ул. Академика Виноградова, вл. 7, корп. 13",ул академика виноградова вл 7 корп 13,,,,not_found,2026-07-08T22:43:38
rv,HI4573-05-0001-001,"вн.тер.г. муниципальный округа, улица Алекса Коммунарка, поселок Коммунаркндры Монаховой, земельный участок 84А",вн.тер.г. муниципальный округа улица алекса коммунарка поселок коммунаркндры монаховой земельный участок 84а,,,,not_found,2026-07-08T22:43:40
rv,HI4599-10-0001-003,с. Остафьево корпус 12.3,с. остафьево корпус 12.3,,,,not_found,2026-07-08T22:43:41
rv,HI4636-04-0001-003,"Калужское ш. 21-й км, з/у 3А",калужское ш 21-й км зу 3а,,,,not_found,2026-07-08T22:43:43
rv,HI4760-03-0001-001,"улица Александры Монаховой, земельный участок 39Б",улица александры монаховой земельный участок 39б,,,,not_found,2026-07-08T22:43:45
rv,HI4770-10-0003-001,"п. Сосенское, д. Столбово",п. сосенское д столбово,,,,not_found,2026-07-08T22:43:46
rv,HI4770-10-0004-001,"п. Коммунарка, д. Столбово",п. коммунарка д столбово,,,,not_found,2026-07-08T22:43:48
rv,HI4861-08-0002-001,"поселок Коммунарка, участок 29",поселок коммунарка участок 29,,,,not_found,2026-07-08T22:43:50
rv,HI4966-10-0001-001,проспект Куприна,проспект куприна,55.5393001,37.4709778,nominatim,secondary,2026-07-08T22:43:51
rv,HI4966-10-0004-001,"проспект Куприна, земельный участок 3",проспект куприна земельный участок 3,,,,not_found,2026-07-08T22:43:53
rv,HI5061-10-0003-001,"пос. Сосенское,п. Коммунарка",пос сосенское п. коммунарка,,,,not_found,2026-07-08T22:43:54
rv,HI5062-08-0001-001,пос. Коммунарка ППТ 2-3 участок №34.1,пос коммунарка ппт 2-3 участок №34.1,,,,not_found,2026-07-08T22:43:56
rv,HI5062-10-0001-001,"поселение Сосенское, пос. Коммунарка",поселение сосенское пос коммунарка,,,,not_found,2026-07-08T22:43:58
rv,HI5062-10-0003-001,"пос. Коммунарка, уч. 34, дом № 17 (корп.4)",пос коммунарка уч 34 дом № 17 (корп4),,,,not_found,2026-07-08T22:44:00
rv,HI5063-10-0001-001,бульвар Скандинавский з/у 14,бульвар скандинавский зу 14,,,,not_found,2026-07-08T22:44:01
rv,HI5067-10-0001-001,пос. Коммунарка №15,пос коммунарка №15,55.5606952,37.4640957,nominatim,secondary,2026-07-08T22:44:03
rv,HI5112-02-0001-001,"ул. Академика Волгина, вл. 12-14",ул академика волгина вл 12-14,,,,not_found,2026-07-08T22:44:05
rv,HI5164-10-0001-001,п.Сосенское,п.сосенское,55.581794,37.477031,nominatim,government,2026-07-08T22:44:06
rv,HI5164-10-0003-001,"Сосенское, ул. Александры Монаховой, уч. 3Г",сосенское ул александры монаховой уч 3г,,,,not_found,2026-07-08T22:44:08
rv,HI5166-10-0002-001,"поселение Сосенское, вблизи дер. Бачурино, уч. 31",поселение сосенское вблизи дер бачурино уч 31,,,,not_found,2026-07-08T22:44:09
rv,HI5167-10-0001-001,Коммунарка пос.,коммунарка пос,55.5811078,37.4699875,nominatim,commercial,2026-07-08T22:44:11
rv,HI5167-10-0004-001,"пос. Сосенское, вблизи дер. Бачурино",пос сосенское вблизи дер бачурино,,,,not_found,2026-07-08T22:44:12
rv,HI5169-10-0001-001,"вблизи дер. Бачурино, уч. 28, по проекту строительства ППТ2-5 участок 3-1",вблизи дер бачурино уч 28 по проекту строительства ппт2-5 участок 3-1,,,,not_found,2026-07-08T22:44:14
rv,HI5236-11-0001-001,Голубинская ул. д. 8а,голубинская ул д 8а,55.6001262,37.5205261,nominatim,tertiary,2026-07-08T22:44:15
rv,HI5265-10-0002-001,"поселение Сосенское, вблизи д. Бачурино, уч. 31, д. 8",поселение сосенское вблизи д бачурино уч 31 д 8,,,,not_found,2026-07-08T22:44:17
rv,HI5285-15-0002-007,"строительство автомобильной дороги «Воскресенское - Каракашево - Щербинка». этап: 1.3, 1.4, 2.1, 2.2, 3.2, 3.3, 3.4, 5.1, 5.2",строительство автомобильной дороги воскресенское - каракашево - щербинка. этап: 1.3 1.4 2.1 2.2 3.2 3.3 3.4 5.1 5.2,,,,not_found,2026-07-08T22:44:19
rv,HI5286-10-0003-001,д. Язово,д язово,,,,not_found,2026-07-08T22:44:20
rv,HI5303-10-0002-001,Обручевский кв. 38А корп. 9А,обручевский кв. 38а корп 9а,,,,not_found,2026-07-08T22:44:22
rv,HI5310-10-0001-001,"Миклухо-Маклая ул., вл. 23",миклухо-маклая ул вл 23,55.6408196,37.5327474,nominatim,secondary,2026-07-08T22:44:23
rv,HI5330-04-0001-001,Новоясеневский просп. вл. 1-В стр. 1,новоясеневский просп. вл 1-в стр 1,,,,not_found,2026-07-08T22:44:25
rv,HI5365-10-0002-001,"поселение Сосенское, вблизи д. Бачурино, уч. 31, д. 7",поселение сосенское вблизи д бачурино уч 31 д 7,,,,not_found,2026-07-08T22:44:26
rv,HI5368-08-0001-001,Коммунарка пос. уч. 29,коммунарка пос уч 29,,,,not_found,2026-07-08T22:44:28
rv,HI5386-14-0002-001,"Воскресенское, дер. Язово, корп. 18",воскресенское дер язово корп 18,,,,not_found,2026-07-08T22:44:30
rv,HI5532-06-0002-001,Новоясеневский просп. вл. 3,новоясеневский просп. вл 3,55.6071079,37.5284064,nominatim,secondary,2026-07-08T22:44:32
rv,HI5570-10-0001-001,"Коммунальная зона ""Гавриково"", уч. №1",коммунальная зона гавриково уч №1,,,,not_found,2026-07-08T22:44:34
rv,HI5606-10-0002-001,"Волгина академика ул. вл. 2 стр. 1,2,3,4",волгина академика ул вл 2 стр 1 2 3 4,,,,not_found,2026-07-08T22:44:36
rv,HI5682-14-0003-001,"Чечёрский проезд, напротив вл. 92-94 (участок № 3)",чечерский проезд напротив вл 92-94 (участок № 3),,,,not_found,2026-07-08T22:44:38
rv,HI5703-05-0002-001,"Новаторов ул. вл. 3 стр. 1, 2, 3",новаторов ул вл 3 стр 1 2 3,,,,not_found,2026-07-08T22:44:39
rv,HI5904-15-0001-003,"район Обручевский, з/у 23А",район обручевский зу 23а,,,,not_found,2026-07-08T22:44:41
rv,HI5905-01-0002-001,"ул. Обручева, земельный участок 23/2",ул обручева земельный участок 23/2,,,,not_found,2026-07-08T22:44:43
rv,HI5905-04-0001-001,"улица Обручева, вл. 23",улица обручева вл 23,55.6575505,37.5235895,nominatim,secondary,2026-07-08T22:44:44
rv,HI5980-10-0001-001,"Чечерский проезд, земельный участок 15 (напротив вл. 54, 56)",чечерский проезд земельный участок 15 (напротив вл 54 56),,,,not_found,2026-07-08T22:44:46
rv,HI6039-06-0002-001,Паустовского ул. вл. 6 корп. 2,паустовского ул вл 6 корп 2,,,,not_found,2026-07-08T22:44:47
rv,HI6076-06-0001-001,ул. Южнобутовская,ул южнобутовская,55.5421164,37.5384386,nominatim,tertiary,2026-07-08T22:44:49
rv,HI6178-10-0001-001,"Чечерский пр-д, вл. 28",чечерский пр-д вл 28,,,,not_found,2026-07-08T22:44:50
rv,HI6214-10-0002-001,"ул. Введенского, д. 13В",ул введенского д 13в,,,,not_found,2026-07-08T22:44:52
rv,HI6667-08-0002-001,"улица Поляны, земельный участок 5А/3",улица поляны земельный участок 5а/3,,,,not_found,2026-07-08T22:44:53
rv,HI6760-14-0001-001,"ул. Поляны, земельный участок 6Б",ул поляны земельный участок 6б,,,,not_found,2026-07-08T22:44:55
rv,HI6774-10-0001-002,"ул. Краснолиманская, вл. 29",ул краснолиманская вл 29,55.5469876,37.5703765,nominatim,residential,2026-07-08T22:44:57
rv,HI6796-06-0002-001,"ул. Индустриальная, дом 2",ул индустриальная дом 2,,,,not_found,2026-07-08T22:44:59
rv,HI6875-10-0002-001,"г. Москва, ЮЗАО, Южное Бутово, ул. Краснолиманская, вл. 21",г. москва юзао южное бутово ул краснолиманская вл 21,,,,not_found,2026-07-08T22:45:00
rv,HI7101-10-0001-002,Севастопольский просп. вл. 28 корп. 9,севастопольский просп. вл 28 корп 9,,,,not_found,2026-07-08T22:45:03
rv,HI7186-10-0002-001,"Варшавское шоссе, уч. 77:05:0008007:14033",варшавское шоссе уч 77:05:0008007:14033,,,,not_found,2026-07-08T22:45:04
rv,HI7199-01-0001-001,общественная зона вдоль Варшавского шоссе (участок 2),общественная зона вдоль варшавского шоссе (участок 2),,,,not_found,2026-07-08T22:45:06
rv,HI7205-10-0001-002,"Севастопольский проспект, влд. 71, к. 1",севастопольский проспект влд. 71 к 1,,,,not_found,2026-07-08T22:45:08
rv,HI7209-99-0001-001,"Херсонская ул., з/у 8 (участок 6.5)",херсонская ул зу 8 (участок 6.5),,,,not_found,2026-07-08T22:45:10
rv,HI7283-12-0001-001,"Варшавское шоссе, дом 268, строение 1",варшавское шоссе дом 268 строение 1,,,,not_found,2026-07-08T22:45:11
rv,HI7291-10-0001-001,"г. Щербинка, мкр. Люблинский",г. щербинка мкр. люблинский,,,,not_found,2026-07-08T22:45:13
rv,HI7291-10-0002-001,"г. Москва, г. Щербинка, ул. Мостотреста, д. 8, стр. 1",г. москва г. щербинка ул мостотреста д 8 стр 1,,,,not_found,2026-07-08T22:45:14
rv,HI7292-10-0001-001,"Щербинка, ул. Мостотреста, земельный участок 3А",щербинка ул мостотреста земельный участок 3а,,,,not_found,2026-07-08T22:45:16
rv,HI7309-10-0001-002,"Керченская улица, вл. 20/1",керченская улица вл 20/1,,,,not_found,2026-07-08T22:45:18
rv,HI7336-03-0002-001,Красного маяка ул. вл. 19 корп. 1,красного маяка ул вл 19 корп 1,,,,not_found,2026-07-08T22:45:19
rv,HI7362-99-0001-001,"ул. Феодосийская, вл. 7",ул феодосийская вл 7,55.5634878,37.5794073,nominatim,residential,2026-07-08T22:45:21
rv,HI7442-14-0001-001,"ул. Академика Янгеля, вл. 12А",ул академика янгеля вл 12а,55.5957014,37.5920698,nominatim,secondary,2026-07-08T22:45:22
rv,HI7450-10-0003-001,Варшавское шоссе,варшавское шоссе,55.5832166,37.5972518,nominatim,primary,2026-07-08T22:45:24
rv,HI7503-10-0001-002,"ул. Болотниковская, д. 43, корпус 1",ул болотниковская д 43 корпус 1,,,,not_found,2026-07-08T22:45:26
rv,HI7504-10-0001-002,"Керченская ул., вл.2",керченская ул вл2,55.6528725,37.5809917,nominatim,tertiary,2026-07-08T22:45:27
rv,HI7530-03-0001-001,Днепропетровская ул. 16,днепропетровская ул 16,55.6170863,37.5830723,nominatim,apartments,2026-07-08T22:45:29
rv,HI7598-07-0002-001,"улица Брусилова, дом 19А",улица брусилова дом 19а,,,,not_found,2026-07-08T22:45:31
rv,HI7616-08-0001-001,"Чертаново Северное, мкр. ОПЖР",чертаново северное мкр. опжр,,,,not_found,2026-07-08T22:45:33
rv,HI7670-10-0001-001,"Варшавское шоссе, дом 280, корпус 1",варшавское шоссе дом 280 корпус 1,,,,not_found,2026-07-08T22:45:35
rv,HI7670-10-0002-001,"Варшавское шоссе, дом 280, корпус 3",варшавское шоссе дом 280 корпус 3,,,,not_found,2026-07-08T22:45:37
rv,HI7705-10-0001-002,Одесская ул. вл. 10,одесская ул вл 10,55.6537901,37.5885692,nominatim,residential,2026-07-08T22:45:38
rv,HI7712-15-0001-001,"Балаклавский проспект, земельныйучасток 28А",балаклавский проспект земельныйучасток 28а,,,,not_found,2026-07-08T22:45:40
rv,HI7816-08-0002-001,"Чертаново Северное, Битцевский проезд, дом 12",чертаново северное битцевский проезд дом 12,,,,not_found,2026-07-08T22:45:42
rv,HI7835-06-0001-001,"Чертановская ул., вл. 45",чертановская ул вл 45,55.6252841,37.5959994,nominatim,secondary,2026-07-08T22:45:44
rv,HI7896-05-0002-001,"г. Щербинка, ул. Маршала Савицкого, проект. проезд №728",г. щербинка ул маршала савицкого проект. проезд №728,,,,not_found,2026-07-08T22:45:45
rv,HI7907-03-0002-001,пересечение ул. Каховка и ул. Азовской,пересечение ул каховка и ул азовской,,,,not_found,2026-07-08T22:45:47
rv,HI7914-12-0001-001,"Балаклавский проспект, дом 24А",балаклавский проспект дом 24а,,,,not_found,2026-07-08T22:45:48
rv,HI7941-08-0001-001,Улица Кировоградская Дом 25А,улица кировоградская дом 25а,,,,not_found,2026-07-08T22:45:50
rv,HI8011-10-0001-002,"Черноморский бульвар, вл. 22, корп. 2",черноморский бульвар вл 22 корп 2,,,,not_found,2026-07-08T22:45:52
rv,HI8043-04-0001-001,"ш. Варшавское, вл. 150Б/1",ш варшавское вл 150б/1,,,,not_found,2026-07-08T22:45:53
rv,HI8114-03-0002-001,Симферопольский бульвар владение 28,симферопольский бульвар владение 28,,,,not_found,2026-07-08T22:45:55
rv,HI8145-10-0001-001,"ул. Газопровод, земельный участок 6Г/20",ул газопровод земельный участок 6г/20,,,,not_found,2026-07-08T22:45:56
rv,HI8145-10-0002-001,"Газопровод ул., влд.6Г",газопровод ул влд.6г,,,,not_found,2026-07-08T22:45:58
rv,HI8452-11-0003-001,Востряковский пр. вл. 10 корп. 1,востряковский пр вл 10 корп 1,,,,not_found,2026-07-08T22:45:59
rv,HI8512-10-0001-002,"внутригородская территория муниципальный округ Нагорный, Варшавское шоссе земельный уч. 100/1",внутригородская территория муниципальный округ нагорный варшавское шоссе земельный уч 100/1,,,,not_found,2026-07-08T22:46:01
rv,HI8635-03-0001-001,"ул. Подольских Курсантов, вл. 7",ул подольских курсантов вл 7,55.6068616,37.6256033,nominatim,secondary,2026-07-08T22:46:03
rv,HI8639-01-0001-001,"улица Дорожная, вл. 7",улица дорожная вл 7,55.5982529,37.6203279,nominatim,secondary,2026-07-08T22:46:05
rv,HI8639-99-0001-001,"ул. Дорожная, д. 9, стр. 1",ул дорожная д 9 стр 1,,,,not_found,2026-07-08T22:46:06
rv,HI8646-12-0002-002,Ступинский пр. вл. 1,ступинский пр вл 1,55.5897898,37.630707,nominatim,tertiary,2026-07-08T22:46:08
rv,HI8707-10-0003-001,"Каширский пр. вл. 25 , вл. 25/1",каширский пр вл 25 вл 25/1,,,,not_found,2026-07-08T22:46:10
rv,HI8808-10-0002-001,"2-й Котляковский пер., 25/5",2-й котляковский пер 25/5,55.6457793,37.6342936,nominatim,unclassified,2026-07-08T22:46:11
rv,HI8909-08-0001-001,"2-й Котляковский пер., уч. 1/1Б",2-й котляковский пер уч 1/1б,,,,not_found,2026-07-08T22:46:13
rv,HI8909-08-0003-001,"Российская Федерация, город Москва, внутригородская территория муниципальный округ Московречье-Сабурово, 1-й Котляковский переулок, дом 2Б",российская федерация город москва внутригородская территория муниципальный округ московречье-сабурово 1-й котляковский переулок дом 2б,,,,not_found,2026-07-08T22:46:14
rv,HI8909-10-0001-001,"пер. Котляковский 2-й, вл. 1/1",пер котляковский 2-й вл 1/1,,,,not_found,2026-07-08T22:46:16
rv,HI8909-10-0002-003,"Котляковский 2-й пер. вл. 1 (, Москворечье-Сабурово)",котляковский 2-й пер вл 1 ( москворечье-сабурово),,,,not_found,2026-07-08T22:46:17
rv,HI9009-10-0001-001,"1-й Котляковский переулок, дом 4, корпус 1, корпус 2",1-й котляковский переулок дом 4 корпус 1 корпус 2,,,,not_found,2026-07-08T22:46:19
rv,HI9200-03-0001-001,"Коломенский проезд, вл. 13",коломенский проезд вл 13,55.6647835,37.6419782,nominatim,secondary,2026-07-08T22:46:21
rv,HI9442-10-0002-001,"Бирюлево Западное, Харьковский пр., вл. 1/1",бирюлево западное харьковский пр вл 1/1,55.5977271,37.6499083,nominatim,living_street,2026-07-08T22:46:22
rv,HI9536-10-0002-001,"6-я Радиальная ул., вл.7, корп. 31",6-я радиальная ул вл7 корп 31,,,,not_found,2026-07-08T22:46:24
rv,HI9536-10-0002-002,"6-я Радиальная ул., вл. 7, корп. 30",6-я радиальная ул вл 7 корп 30,,,,not_found,2026-07-08T22:46:25
rv,HI9536-10-0002-003,"6-я Радиальная ул., вл. 7, корп. 30, 31",6-я радиальная ул вл 7 корп 30 31,,,,not_found,2026-07-08T22:46:27
rv,HI9537-10-0002-001,Радиальная 6-я ул. вл. 7 корп.28/29,радиальная 6-я ул вл 7 корп28/29,,,,not_found,2026-07-08T22:46:29
rv,HI9537-10-0002-002,"6-я Радиальная улица, вл. 7, корп. 27",6-я радиальная улица вл 7 корп 27,,,,not_found,2026-07-08T22:46:30
rv,HI9537-10-0002-003,"Радиальная 6-я ул. вл. 7 корп. 27,28,29",радиальная 6-я ул вл 7 корп 27 28 29,,,,not_found,2026-07-08T22:46:32
rv,HI9612-10-0003-001,Москворечье ул. вл. 19 корп. 2,москворечье ул вл 19 корп 2,,,,not_found,2026-07-08T22:46:34
rv,HI9614-03-0001-001,пересечение Пролетарского проспекта и ул. Кантемировской (пр. проезд № 6216),пересечение пролетарского проспекта и ул кантемировской (пр проезд № 6216),,,,not_found,2026-07-08T22:46:35
rv,HI9618-09-0001-001,Пролетарский просп. вл. 16/3,пролетарский просп. вл 16/3,,,,not_found,2026-07-08T22:46:37
rv,HI9628-05-0001-001,"Бакинская улица, д. 26",бакинская улица д 26,55.6256324,37.6571114,nominatim,primary,2026-07-08T22:46:39
rv,HI9629-99-0001-001,"улица Бакинская, земельный участок 26/4",улица бакинская земельный участок 26/4,,,,not_found,2026-07-08T22:46:40
rv,HI9633-06-0002-001,"ул. Липецкая, промзона ""Ленино"", участок 1",ул липецкая промзона ленино участок 1,,,,not_found,2026-07-08T22:46:42
rv,HI9735-10-0001-001,"ул. 6-я Радиальная, вл. 7, корп. 1",ул 6-я радиальная вл 7 корп 1,,,,not_found,2026-07-08T22:46:43
rv,HI9838-99-0001-001,6-я Радиальная вл.7 корп 36,6-я радиальная вл7 корп 36,,,,not_found,2026-07-08T22:46:45
rv,HI9839-04-0001-001,"ул. Элеваторная, вл. 10",ул элеваторная вл 10,55.6008178,37.6619832,nominatim,retail,2026-07-08T22:46:47
rv,HI9937-08-0002-001,"6-я Радиальная улица, влд. 7 (19 участок)",6-я радиальная улица влд. 7 (19 участок),,,,not_found,2026-07-08T22:46:48
rv,HJ0005-10-0001-001,"Ватутинки пос. уч. 2, квартал № 102, дом 3, корпус 1",ватутинки пос уч 2 квартал № 102 дом 3 корпус 1,,,,not_found,2026-07-08T22:46:50
rv,HJ0005-10-0001-002,"Ватутинки пос. уч. 2, квартал № 102, дом 3, корпус 2",ватутинки пос уч 2 квартал № 102 дом 3 корпус 2,,,,not_found,2026-07-08T22:46:52
rv,HJ0005-10-0001-003,"Ватутинки пос. уч. 2, квартал № 102, дом 3, корпус 3",ватутинки пос уч 2 квартал № 102 дом 3 корпус 3,,,,not_found,2026-07-08T22:46:53
rv,HJ0005-10-0001-004,"Ватутинки пос. уч. 2, квартал № 102, дом 3, корпус 4",ватутинки пос уч 2 квартал № 102 дом 3 корпус 4,,,,not_found,2026-07-08T22:46:55
rv,HJ0007-10-0001-001,Ватутинки пос. уч. 2,ватутинки пос уч 2,,,,not_found,2026-07-08T22:46:56
rv,HJ0106-10-0001-001,"в районе д. Ватутинки, уч. 2",в районе д ватутинки уч 2,,,,not_found,2026-07-08T22:46:58
rv,HJ1176-12-0001-001,вблизи п. Курилово,вблизи п. курилово,,,,not_found,2026-07-08T22:47:00
rv,HJ1610-99-0001-001,в районе д. Яковлево,в районе д яковлево,,,,not_found,2026-07-08T22:47:02
rv,HJ1610-99-0001-005,в районе дер. Яковлево,в районе дер яковлево,,,,not_found,2026-07-08T22:47:03
rv,HJ1611-15-0001-002,пос. Дубровицкое,пос дубровицкое,,,,not_found,2026-07-08T22:47:05
rv,HJ2147-04-0002-001,"п. Щапово, ул.Садовый квартал, вл. 5А",п. щапово улсадовый квартал вл 5а,,,,not_found,2026-07-08T22:47:06
rv,HJ2249-04-0002-001,поселок Щапово,поселок щапово,55.1608038,38.1826659,nominatim,hamlet,2026-07-08T22:47:08
rv,HJ2504-11-0002-001,"улица Евсеевская, земельный участок 13",улица евсеевская земельный участок 13,,,,not_found,2026-07-08T22:47:09
rv,HJ2703-11-0001-001,улица Евсеевская,улица евсеевская,55.4957569,37.4309525,nominatim,unclassified,2026-07-08T22:47:10
rv,HJ4301-16-0001-001,дер. Никульское 43Б,дер никульское 43б,,,,not_found,2026-07-08T22:47:12
rv,HJ4500-10-0001-001,Остафьево,остафьево,55.5124056,37.5067191,nominatim,aerodrome,2026-07-08T22:47:14
rv,HJ4903-10-0001-001,с. Остафьево Корпус 11.2,с. остафьево корпус 11.2,,,,not_found,2026-07-08T22:47:16
rv,HJ4903-10-0001-002,с. Остафьево Корпус 11.3,с. остафьево корпус 11.3,,,,not_found,2026-07-08T22:47:17
rv,HJ4910-10-0002-001,"Фабрики имени 1 Мая пос. , кв-л №99, влд. 1",фабрики имени 1 мая пос кв-л №99 влд. 1,,,,not_found,2026-07-08T22:47:19
rv,HJ5013-10-0001-001,вблизи д. Алхимово,вблизи д алхимово,,,,not_found,2026-07-08T22:47:21
rv,HJ5101-13-0001-001,"ул. Зелёновка, земельный участок 92А",ул зеленовка земельный участок 92а,,,,not_found,2026-07-08T22:47:22
rv,HJ5206-10-0001-001,вблизи дер. Алхимово,вблизи дер алхимово,,,,not_found,2026-07-08T22:47:24
rv,HJ5302-10-0002-001,"поселение Рязановское, с. Остафьево",поселение рязановское с. остафьево,,,,not_found,2026-07-08T22:47:25
rv,HJ5714-08-0001-001,Поселение Рязановское,поселение рязановское,,,,not_found,2026-07-08T22:47:27
rv,HJ5814-08-0002-001,вблизи деревни Алхимово,вблизи деревни алхимово,,,,not_found,2026-07-08T22:47:28
rv,HJ6100-08-0001-001,Улица Местечко Барыши Дом 25 Корпус 1,улица местечко барыши дом 25 корпус 1,,,,not_found,2026-07-08T22:47:30
rv,HJ6115-10-0001-002,"п. Знамя Октября, влд. 3 (поселение Рязановское, пос. Знамя Октября, около д.3)",п. знамя октября влд. 3 (поселение рязановское пос знамя октября около д3),,,,not_found,2026-07-08T22:47:31
rv,HJ6301-99-0001-001,"ул. Местечко Барыши, з/у 25, Корпус 2",ул местечко барыши зу 25 корпус 2,,,,not_found,2026-07-08T22:47:33
rv,HJ6504-08-0001-001,кв-л Южный з/у 13,кв-л южный зу 13,,,,not_found,2026-07-08T22:47:34
rv,HK0306-08-0002-001,"с. Кленово, вл. 65А",с. кленово вл 65а,,,,not_found,2026-07-08T22:47:36
rv,HK0504-03-0001-001,"с.Кленово,ул.Садовая,влд.5Б",с.кленово улсадовая влд.5б,,,,not_found,2026-07-08T22:47:38
rv,HK0506-04-0001-001,село Кленово,село кленово,55.323827,37.3468956,nominatim,village,2026-07-08T22:47:39
rv,HK0708-13-0002-001,"Поселение Кленовское, Село Кленово",поселение кленовское село кленово,,,,not_found,2026-07-08T22:47:40
rv,IF3894-10-0001-001,Акулово поселок д. 4,акулово поселок д 4,55.3474741,37.3000622,nominatim,hamlet,2026-07-08T22:47:43
rv,IG0079-10-0001-001,Ленская ул. уч. 8,ленская ул уч 8,55.8658951,37.6710774,nominatim,residential,2026-07-08T22:47:44
rv,IG0081-10-0002-001,"г. Москва, внутригородская территория муниципальный округ Бабушкинский, ул. Печорская, вл. 7",г. москва внутригородская территория муниципальный округ бабушкинский ул печорская вл 7,,,,not_found,2026-07-08T22:47:46
rv,IG0373-10-0001-001,Осташковская ул. вл. 9/2,осташковская ул вл 9/2,55.8921608,37.6739772,nominatim,secondary,2026-07-08T22:47:47
rv,IG0471-10-0002-001,"ул. Тайнинская, д.7, корп.1",ул тайнинская д7 корп1,,,,not_found,2026-07-08T22:47:49
rv,IG0571-10-0001-001,"ул. Тайнинская, земельный участок 16/3",ул тайнинская земельный участок 16/3,,,,not_found,2026-07-08T22:47:51
rv,IG0571-99-0001-001,"Тайнинская ул., вл. 9/5",тайнинская ул вл 9/5,,,,not_found,2026-07-08T22:47:53
rv,IG0581-03-0001-001,Анадырский пр. вл. 8,анадырский пр вл 8,55.8641682,37.683768,nominatim,place_of_worship,2026-07-08T22:47:55
rv,IG0675-10-0002-001,"Изумрудная ул., уч. 28",изумрудная ул уч 28,55.8704981,37.6816093,nominatim,tertiary,2026-07-08T22:47:57
rv,IG0678-10-0001-001,"ул. Шушенская, д. 5",ул шушенская д 5,55.8684906,37.6872725,nominatim,residential,2026-07-08T22:47:58
rv,IG0683-10-0002-001,Ярославское шоссе вл. 51,ярославское шоссе вл 51,55.8653274,37.701726,nominatim,primary,2026-07-08T22:48:00
rv,IG0770-10-0002-001,Улица Малыгина Дом 12А,улица малыгина дом 12а,,,,not_found,2026-07-08T22:48:01
rv,IG0771-05-0001-001,1-я Напрудная Дом 15А,1-я напрудная дом 15а,,,,not_found,2026-07-08T22:48:04
rv,IG1167-10-0001-001,"Стартовая улица, земельный участок 3/1",стартовая улица земельный участок 3/1,,,,not_found,2026-07-08T22:48:06
rv,IG1490-10-0002-001,Лосиноостровская ул. вл. 45,лосиноостровская ул вл 45,55.8274323,37.7102875,nominatim,tertiary,2026-07-08T22:48:07
rv,IG2088-99-0001-002,Парковая 16-я ул. д. 12,парковая 16-я ул д 12,,,,not_found,2026-07-08T22:48:09
rv,IH0034-05-0001-001,"ул. Ольховская, вл. 27",ул ольховская вл 27,55.7778643,37.6749192,nominatim,tertiary,2026-07-08T22:48:11
rv,IH0073-99-0001-001,"2-я ул. Машиностроения, д. 3",2-я ул машиностроения д 3,55.7193959,37.6950746,nominatim,primary,2026-07-08T22:48:13
rv,IH0085-08-0001-001,"пр-кт Андропова, вл. 9/2",пр-кт андропова вл 9/2,,,,not_found,2026-07-08T22:48:16
rv,IH0085-10-0001-001,"проспект Андропова, вл. 9/1",проспект андропова вл 9/1,55.6761679,37.6638898,nominatim,primary,2026-07-08T22:48:17
rv,IH0130-10-0002-001,Русаковская ул. вл. 6,русаковская ул вл 6,55.788178,37.6795642,nominatim,primary,2026-07-08T22:48:19
rv,IH0167-10-0001-001,"Шарикоподшипниковская, земельный участок 11/2",шарикоподшипниковская земельный участок 11/2,,,,not_found,2026-07-08T22:48:20
rv,IH0186-01-0001-002,"проспект Андропова, земельный участок 11/1",проспект андропова земельный участок 11/1,,,,not_found,2026-07-08T22:48:22
rv,IH0191-10-0001-002,Судостроительная Дом 15,судостроительная дом 15,55.6845828,37.6880551,nominatim,tertiary,2026-07-08T22:48:24
rv,IH0195-04-0002-001,Андропова просп. вл. 39,андропова просп. вл 39,55.6749376,37.6626816,nominatim,primary,2026-07-08T22:48:25
rv,IH0230-10-0001-001,"ул. Леснорядская, земельный участок 7",ул леснорядская земельный участок 7,,,,not_found,2026-07-08T22:48:27
rv,IH0263-10-0002-001,"улица Мельникова, д. 2",улица мельникова д 2,55.8998701,37.4096048,nominatim,furniture,2026-07-08T22:48:29
rv,IH0364-10-0001-001,Сосинская ул. д. 43,сосинская ул д 43,55.7298858,37.6729696,nominatim,residential,2026-07-08T22:48:31
rv,IH0385-01-0001-004,Андропова просп. уч. 11/2,андропова просп. уч 11/2,,,,not_found,2026-07-08T22:48:32
rv,IH0440-02-0004-001,"Госпитальная наб., 4с1А"" (Центральный кластер (Участок 1.3)",госпитальная наб. 4с1а (центральный кластер (участок 1.3),,,,not_found,2026-07-08T22:48:34
rv,IH0449-04-0001-001,Золоторожский пр. вл. 5А,золоторожский пр вл 5а,55.7507185,37.6823733,nominatim,residential,2026-07-08T22:48:36
rv,IH0484-01-0001-001,"Нагатинская пойма, участок №2",нагатинская пойма участок №2,,,,not_found,2026-07-08T22:48:37
rv,IH0555-05-0002-001,Улица Рабочая Дом 34 Строение 1,улица рабочая дом 34 строение 1,,,,not_found,2026-07-08T22:48:39
rv,IH0565-04-0001-001,Волгоградский проспект,волгоградский проспект,55.7252386,37.6868906,nominatim,station,2026-07-08T22:48:41
rv,IH0636-10-0002-001,"Почтовая М. ул. вл. 12 стр. 2 , 3, 4, 5, 7, 9, 11, вл. 12, соор. 6",почтовая м. ул вл 12 стр 2 3 4 5 7 9 11 вл 12 соор. 6,,,,not_found,2026-07-08T22:48:43
rv,IH0645-10-0001-001,"Танковый проезд, корпус 1, участок 4",танковый проезд корпус 1 участок 4,,,,not_found,2026-07-08T22:48:44
rv,IH0648-10-0001-001,"Золоторожский вал ул. вл. 11 стр. 50,56",золоторожский вал ул вл 11 стр 50 56,,,,not_found,2026-07-08T22:48:46
rv,IH0650-10-0001-001,"Золоторожский вал ул. вл. 11 стр. 30, 37, 47, 57, 58, корпус 23",золоторожский вал ул вл 11 стр 30 37 47 57 58 корпус 23,,,,not_found,2026-07-08T22:48:48
rv,IH0650-10-0001-002,"Золоторожский вал ул. вл. 11 стр. 30, 37, 47, 57, 58, корпус 22",золоторожский вал ул вл 11 стр 30 37 47 57 58 корпус 22,,,,not_found,2026-07-08T22:48:49
rv,IH0650-10-0002-001,"ул. Золоторожский Вал, вл. 11, стр. 30, 37, 47, 57, 58",ул золоторожский вал вл 11 стр 30 37 47 57 58,,,,not_found,2026-07-08T22:48:51
rv,IH0667-99-0001-001,"Волгоградский проспект, вл. 32, корп.3",волгоградский проспект вл 32 корп3,,,,not_found,2026-07-08T22:48:53
rv,IH0721-05-0002-001,"Короленко ул., д.3, стр.8",короленко ул д3 стр8,,,,not_found,2026-07-08T22:48:55
rv,IH0721-14-0002-001,"ул. Короленко, вл. 5",ул короленко вл 5,55.7964016,37.690853,nominatim,tertiary,2026-07-08T22:48:56
rv,IH0733-10-0002-001,Бакунинская ул. вл. 60/2,бакунинская ул вл 60/2,,,,not_found,2026-07-08T22:48:58
rv,IH0733-10-0003-002,"ул. Фридриха Энгельса, д. участок 58, стр.1, 2, 3",ул фридриха энгельса д участок 58 стр1 2 3,,,,not_found,2026-07-08T22:49:00
rv,IH0748-10-0001-001,"ул. Золоторожский Вал, вл. 11, стр. 73, 75",ул золоторожский вал вл 11 стр 73 75,,,,not_found,2026-07-08T22:49:01
rv,IH0751-16-0002-001,"шоссе Энтузиастов, вл.4",шоссе энтузиастов вл4,55.7517208,37.7177272,nominatim,primary,2026-07-08T22:49:03
rv,IH0768-10-0002-001,"Волгоградский проспект, вл. 32/5",волгоградский проспект вл 32/5,,,,not_found,2026-07-08T22:49:05
rv,IH0768-10-0003-001,"Волгоградский проспект дом 32/5, корп. 2",волгоградский проспект дом 32/5 корп 2,,,,not_found,2026-07-08T22:49:07
rv,IH0768-10-0003-002,Волгоградский просп. вл. 32/5,волгоградский просп. вл 32/5,,,,not_found,2026-07-08T22:49:08
rv,IH0776-99-0001-001,"Южнопортовая, земельный участок 28А/10",южнопортовая земельный участок 28а/10,,,,not_found,2026-07-08T22:49:10
rv,IH0776-99-0001-002,"ул. Южнопортовая, земельный участок 26",ул южнопортовая земельный участок 26,,,,not_found,2026-07-08T22:49:12
rv,IH0790-10-0001-002,"Нагатинский Затон, ул. Речников, вл. 18-20",нагатинский затон ул речников вл 18-20,,,,not_found,2026-07-08T22:49:13
rv,IH0827-99-0002-001,"ул. Рубцовско-Дворцовая, д. 1/3",ул рубцовско-дворцовая д 1/3,55.7866332,37.6932005,nominatim,residential,2026-07-08T22:49:15
rv,IH0833-10-0001-001,"ул. Большая Почтовая, вл. 18, стр. 1,2,3,5,8; вл. 18/20; вл.18/20, стр. 6; вл. 18, стр. 4; вл. 18, стр. 9; вл. 20, стр.1,2,3,4",ул большая почтовая вл 18 стр 1 2 3 5 8 вл 18/20 вл18/20 стр 6 вл 18 стр 4 вл 18 стр 9 вл 20 стр1 2 3 4,,,,not_found,2026-07-08T22:49:17
rv,IH0834-10-0001-001,"Большая Почтовая ул., вл.18, стр. 1,2,3,5,8, вл.18/20, вл.18/20, стр.6, вл.18, стр.4, вл.18, стр.9, вл. 20, стр.1,2,3,4",большая почтовая ул вл18 стр 1 2 3 5 8 вл18/20 вл18/20 стр6 вл18 стр4 вл18 стр9 вл 20 стр1 2 3 4,,,,not_found,2026-07-08T22:49:18
rv,IH0847-10-0001-001,"ул. Золоторожский Вал, вл. 11",ул золоторожский вал вл 11,55.754854,37.6911243,nominatim,tertiary,2026-07-08T22:49:20
rv,IH0851-16-0001-001,Энтузиастов шоссе д. 4,энтузиастов шоссе д 4,55.775058,37.8349365,nominatim,primary,2026-07-08T22:49:22
rv,IH0872-12-0002-002,"ул. Угрешская, вл. 2, стр. 104, вл.2Б, стр. 1, 2",ул угрешская вл 2 стр 104 вл2б стр 1 2,,,,not_found,2026-07-08T22:49:23
rv,IH0879-12-0001-001,"2-й Южнопортовый пр., д. 26А",2-й южнопортовый пр д 26а,55.703159,37.6974831,nominatim,residential,2026-07-08T22:49:25
rv,IH0887-14-0002-001,ул Корабельная 4,ул корабельная 4,55.6866105,37.6967018,nominatim,residential,2026-07-08T22:49:27
rv,IH0888-03-0001-001,Корабельная з/у 7,корабельная зу 7,,,,not_found,2026-07-08T22:49:28
rv,IH0952-16-0001-001,Энтузиастов шоссе вл. 4,энтузиастов шоссе вл 4,,,,not_found,2026-07-08T22:49:30
rv,IH0962-04-0001-001,"Автомобильный проезд, вл. 4",автомобильный проезд вл 4,55.7282991,37.7079134,nominatim,tertiary,2026-07-08T22:49:31
rv,IH0977-04-0001-001,"улица Южнопортовая, дом 28А",улица южнопортовая дом 28а,,,,not_found,2026-07-08T22:49:33
rv,IH0986-01-0001-001,"ул. Речников, земельный участок 7/3",ул речников земельный участок 7/3,,,,not_found,2026-07-08T22:49:35
rv,IH0988-01-0001-001,"улица Корабельная, з/у 5",улица корабельная зу 5,55.6816039,37.6959841,nominatim,residential,2026-07-08T22:49:37
rv,IH0988-10-0003-001,"ул. Речников, вл. 7",ул речников вл 7,55.6804731,37.6907376,nominatim,tertiary,2026-07-08T22:49:38
rv,IH1011-99-0001-001,"2-я Гражданская ул., д.8",2-я гражданская ул д8,55.8113377,37.7045703,nominatim,residential,2026-07-08T22:49:40
rv,IH1014-10-0002-001,"Краснобогатырская, вл. 38",краснобогатырская вл 38,55.8163822,37.6905871,nominatim,unclassified,2026-07-08T22:49:41
rv,IH1032-01-0002-001,"ул. Большая Почтовая, вл. 24, стр. 2, 3",ул большая почтовая вл 24 стр 2 3,,,,not_found,2026-07-08T22:49:43
rv,IH1036-10-0001-001,"внутригородское муниципальное образование Басманное, ул. Новая Дорога, вл. 11А, вл. 11Б",внутригородское муниципальное образование басманное ул новая дорога вл 11а вл 11б,,,,not_found,2026-07-08T22:49:45
rv,IH1049-02-0002-001,Золоторожский вал ул. вл. 11,золоторожский вал ул вл 11,,,,not_found,2026-07-08T22:49:46
rv,IH1052-10-0001-001,"улица Шепелюгинская, земельный участок 14",улица шепелюгинская земельный участок 14,,,,not_found,2026-07-08T22:49:48
rv,IH1052-10-0002-001,Улица Шепелюгинская Дом 16А,улица шепелюгинская дом 16а,,,,not_found,2026-07-08T22:49:50
rv,IH1145-10-0002-001,"г. Москва, ул. Красноказарменная, вл. 13",г. москва ул красноказарменная вл 13,,,,not_found,2026-07-08T22:49:53
rv,IH1146-10-0002-001,Красноказарменная ул. вл. 15,красноказарменная ул вл 15,55.7540521,37.7089671,nominatim,secondary,2026-07-08T22:49:55
rv,IH1146-10-0002-002,"ул. Красноказарменная, д. 15",ул красноказарменная д 15,55.7540521,37.7089671,nominatim,secondary,2026-07-08T22:49:57
rv,IH1149-08-0001-001,"Золоторожский Вал, вл.11, з/у 7",золоторожский вал вл11 зу 7,,,,not_found,2026-07-08T22:49:59
rv,IH1149-10-0003-001,"Золоторожский вал, вл 11",золоторожский вал вл 11,55.7530473,37.6885977,nominatim,tertiary,2026-07-08T22:50:00
rv,IH1189-04-0001-001,Нагатинский затон,нагатинский затон,55.682346,37.705917,nominatim,administrative,2026-07-08T22:50:02
rv,IH1208-10-0001-001,Погонный пр. вл. 7,погонный пр вл 7,55.818342,37.7033373,nominatim,residential,2026-07-08T22:50:03
rv,IH1307-10-0001-001,"Погонный проезд, д. 13",погонный проезд д 13,55.818342,37.7033373,nominatim,residential,2026-07-08T22:50:05
rv,IH1311-10-0001-001,Игральная ул. вл. 1,игральная ул вл 1,55.8142007,37.7123854,nominatim,tertiary,2026-07-08T22:50:07
rv,IH1311-99-0001-001,Улица Игральная Дом 8,улица игральная дом 8,,,,not_found,2026-07-08T22:50:08
rv,IH1321-10-0001-001,"Бухвостова 1-я ул., д. 2, корп. 3",бухвостова 1-я ул д 2 корп 3,,,,not_found,2026-07-08T22:50:10
rv,IH1341-10-0002-001,"Москва, ул. Синичкина 2-я, вл. 7, з/у 1 ( Лефортово, кв. 3, корп. 6)",москва ул синичкина 2-я вл 7 зу 1 ( лефортово кв. 3 корп 6),,,,not_found,2026-07-08T22:50:12
rv,IH1350-05-0002-001,Кабельная 2-я ул. д. 2 стр. 25,кабельная 2-я ул д 2 стр 25,,,,not_found,2026-07-08T22:50:13
rv,IH1363-10-0004-001,"ул. Новохохловская, вл. 15",ул новохохловская вл 15,55.7307629,37.7095577,nominatim,tertiary,2026-07-08T22:50:15
rv,IH1363-10-0004-002,"ул. Новохохловская, вл.15",ул новохохловская вл15,55.7307629,37.7095577,nominatim,tertiary,2026-07-08T22:50:17
rv,IH1365-04-0001-002,«Развитиежелезнодорожнойинфраструктуры Московской железнойдороги на Курском направлении. III и IVглавные пути Москва-Пассажирская-Курская- Люблино» строительство о.п.Новохохловская (первоочередные работы)»,развитиежелезнодорожнойинфраструктуры московской железнойдороги на курском направлении. iii и ivглавные пути москва-пассажирская-курская- люблино строительство о.п.новохохловская (первоочередные работы),,,,not_found,2026-07-08T22:50:19
rv,IH1376-16-0001-001,"Шоссейный проезд, з/у 12А",шоссейный проезд зу 12а,,,,not_found,2026-07-08T22:50:20
rv,IH1413-10-0002-001,ул. 4-я Гражданская,ул 4-я гражданская,55.8071351,37.7201206,nominatim,bus_stop,2026-07-08T22:50:22
rv,IH1416-10-0001-002,"Богородское, ул. Просторная, вл.7",богородское ул просторная вл7,55.8055035,37.7182852,nominatim,secondary,2026-07-08T22:50:23
rv,IH1418-10-0002-001,"ул. Лермонтовская, вл. 17",ул лермонтовская вл 17,55.8031722,37.7159796,nominatim,residential,2026-07-08T22:50:25
rv,IH1460-10-0002-001,"Нижегородская ул., д.76, к. 1",нижегородская ул д76 к 1,,,,not_found,2026-07-08T22:50:27
rv,IH1485-10-0001-001,"улица Южнопортовая, земельный участок 52/2",улица южнопортовая земельный участок 52/2,,,,not_found,2026-07-08T22:50:29
rv,IH1545-16-0001-001,Проезд Энтузиастов Дом 11,проезд энтузиастов дом 11,55.7595442,37.7194095,nominatim,residential,2026-07-08T22:50:31
rv,IH1629-04-0001-001,Вельяминовская ул. д. 34 стр. 23,вельяминовская ул д 34 стр 23,,,,not_found,2026-07-08T22:50:32
rv,IH1666-10-0002-001,Грайвороновский 1-й пр. вл. 3,грайвороновский 1-й пр вл 3,,,,not_found,2026-07-08T22:50:34
rv,IH1667-10-0002-001,"проезд 1-й Грайвороновский, з/у 13",проезд 1-й грайвороновский зу 13,,,,not_found,2026-07-08T22:50:35
rv,IH1667-14-0001-001,проезд 1-й Грайвороновский вл.3,проезд 1-й грайвороновский вл3,,,,not_found,2026-07-08T22:50:37
rv,IH1673-99-0001-001,"Волгоградский пр-т вл. 42, к. 13",волгоградский пр-т вл 42 к 13,,,,not_found,2026-07-08T22:50:39
rv,IH1707-02-0001-001,Проезд 3-й Подбельского Дом 26 Строение 1,проезд 3-й подбельского дом 26 строение 1,,,,not_found,2026-07-08T22:50:40
rv,IH1732-10-0001-001,"Измайловское шоссе, вл. 20",измайловское шоссе вл 20,55.7878218,37.7474776,nominatim,secondary,2026-07-08T22:50:42
rv,IH1883-17-0001-001,р-н Печатники,р-н печатники,55.6849592,37.7236236,nominatim,administrative,2026-07-08T22:50:43
rv,IH1906-12-0001-001,Пермская ул. вл. 5 зу1,пермская ул вл 5 зу 1,,,,not_found,2026-07-08T22:50:45
rv,IH2033-14-0002-001,"ул. Вольная, 28/1",ул вольная 28/1,55.7763086,37.7273728,nominatim,residential,2026-07-08T22:50:47
rv,IH2034-10-0001-001,"1-й Кирпичный, земельный участок 17А/17",1-й кирпичный земельный участок 17а/17,,,,not_found,2026-07-08T22:50:48
rv,IH2062-04-0002-002,"Рязанский проспект, вл. 2",рязанский проспект вл 2,55.7257698,37.7624491,nominatim,tertiary,2026-07-08T22:50:51
rv,IH2063-10-0002-001,"ул. Газгольдерная, вл. 8",ул газгольдерная вл 8,55.7286759,37.7322422,nominatim,tertiary,2026-07-08T22:50:52
rv,IH2066-10-0002-001,"Грайвороново, квартал 90А, з/у 1",грайвороново квартал 90а зу 1,,,,not_found,2026-07-08T22:50:54
rv,IH2075-06-0001-002,"Волгоградский просп., д. 46/15",волгоградский просп. д 46/15,55.7088508,37.7337573,nominatim,fast_food,2026-07-08T22:50:55
rv,IH2081-10-0001-002,Чистова ул. вл. 3А стр. 1,чистова ул вл 3а стр 1,,,,not_found,2026-07-08T22:50:57
rv,IH2111-10-0001-001,"Открытое ш., земельный участок 14Д/2",открытое ш земельный участок 14д/2,,,,not_found,2026-07-08T22:50:59
rv,IH2134-10-0002-002,"Вольная улица, вл. 28/5",вольная улица вл 28/5,,,,not_found,2026-07-08T22:51:01
rv,IH2159-10-0001-001,"Шоссе Перовское, дом 2, корпус 1",шоссе перовское дом 2 корпус 1,,,,not_found,2026-07-08T22:51:02
rv,IH2190-10-0001-002,"Люблинская улица, влд. 109/1",люблинская улица влд. 109/1,,,,not_found,2026-07-08T22:51:04
rv,IH2211-10-0002-001,Шоссе Открытое Дом 14Д,шоссе открытое дом 14д,,,,not_found,2026-07-08T22:51:05
rv,IH2213-10-0001-003,"Тюменский пр., вл. 3-5",тюменский пр вл 3-5,55.8114889,37.7389521,nominatim,unclassified,2026-07-08T22:51:07
rv,IH2224-04-0001-001,"Окружной проезд, дом 10Б",окружной проезд дом 10б,,,,not_found,2026-07-08T22:51:09
rv,IH2244-10-0002-001,"Гаражная улица, вл. 3",гаражная улица вл 3,55.7603835,37.7449423,nominatim,place_of_worship,2026-07-08T22:51:10
rv,IH2259-10-0002-001,"Перовское, земельный участок 2",перовское земельный участок 2,,,,not_found,2026-07-08T22:51:12
rv,IH2259-10-0003-001,"Перовское шоссе, земельный участок 2",перовское шоссе земельный участок 2,,,,not_found,2026-07-08T22:51:13
rv,IH2263-10-0001-001,"Рязанский просп., вл. 2",рязанский просп. вл 2,55.7309225,37.7396615,nominatim,primary,2026-07-08T22:51:15
rv,IH2269-06-0002-001,"Волжский бульвар, вл. 8",волжский бульвар вл 8,55.7001915,37.7529937,nominatim,tertiary,2026-07-08T22:51:17
rv,IH2355-12-0001-001,"Нижегородский, Фрезерная 1-я ул., вл. 2/1",нижегородский фрезерная 1-я ул вл 2/1,,,,not_found,2026-07-08T22:51:19
rv,IH2364-10-0002-003,"Рязанский просп., вл. 6А",рязанский просп. вл 6а,55.7257698,37.7624491,nominatim,tertiary,2026-07-08T22:51:20
rv,IH2391-10-0002-001,"пр-кт 40 лет Октября, д. 7, стр.1",пр-кт 40 лет октября д 7 стр1,,,,not_found,2026-07-08T22:51:23
rv,IH2409-10-0002-001,"ул. Тагильская, вл. 4, стр. 13, вл. 4, з/у 4",ул тагильская вл 4 стр 13 вл 4 зу 4,,,,not_found,2026-07-08T22:51:24
rv,IH2417-10-0001-001,"улица Амурская, земельный участок 2/1",улица амурская земельный участок 2/1,,,,not_found,2026-07-08T22:51:26
rv,IH2465-08-0002-001,"Грайвороновский 2-й пр., дом 44 А",грайвороновский 2-й пр дом 44 а,,,,not_found,2026-07-08T22:51:28
rv,IH2515-10-0001-001,"Амурская улица, земельный участок 1, Корпуса 6, 7, 8",амурская улица земельный участок 1 корпуса 6 7 8,,,,not_found,2026-07-08T22:51:30
rv,IH2563-10-0002-001,Рязанский пр.,рязанский пр,55.7737949,37.6542453,nominatim,tertiary,2026-07-08T22:51:31
rv,IH2615-10-0001-001,ул Амурская 1А/3/4,ул амурская 1а/3/4,55.8073766,37.7509771,nominatim,construction,2026-07-08T22:51:34
rv,IH2616-10-0001-001,Амурская ул. вл. 2А стр. 1,амурская ул вл 2а стр 1,,,,not_found,2026-07-08T22:51:36
rv,IH2616-10-0001-003,"Москва, ВАО, район Гольяново, Амурская ул. вл. 2А стр. 1",москва вао район гольяново амурская ул вл 2а стр 1,,,,not_found,2026-07-08T22:51:37
rv,IH2697-10-0001-001,"Совхозная ул., вл. 10А",совхозная ул вл 10а,55.6712082,37.7499403,nominatim,tertiary,2026-07-08T22:51:40
rv,IH2719-10-0001-001,"Сиреневый бульвар, вл. 4, З/У7, корп. 1",сиреневый бульвар вл 4 зу 7 корп 1,,,,not_found,2026-07-08T22:51:42
rv,IH2752-10-0001-001,"Перовская ул., д. 6А",перовская ул д 6а,55.7446949,37.8111035,nominatim,secondary,2026-07-08T22:51:43
rv,IH2762-10-0001-001,"Рязанский проспект, вл. 39",рязанский проспект вл 39,55.7257698,37.7624491,nominatim,tertiary,2026-07-08T22:51:45
rv,IH2805-10-0001-001,"Открытое шоссе земельный участок 26/3, номер зоны - 4.5 (ЖУ-5)",открытое шоссе земельный участок 26/3 номер зоны - 4.5 (жу-5),,,,not_found,2026-07-08T22:51:47
rv,IH2807-10-0001-001,"ул.Николая Химушина, з/у 2/7Б",улниколая химушина зу 2/7б,,,,not_found,2026-07-08T22:51:49
rv,IH2810-11-0001-002,"Гольяново, пр. 1-й Иртышский, вл. 10-14",гольяново пр 1-й иртышский вл 10-14,,,,not_found,2026-07-08T22:51:50
rv,IH2891-10-0002-001,"Совхозная ул. дом 55, К1",совхозная ул дом 55 к1,,,,not_found,2026-07-08T22:51:52
rv,IH2978-04-0001-001,"Зеленодольская ул.,вл. 42",зеленодольская ул вл 42,55.7097739,37.7688408,nominatim,tertiary,2026-07-08T22:51:53
rv,IH3003-10-0002-001,Открытое шоссе вл. 28/3,открытое шоссе вл 28/3,,,,not_found,2026-07-08T22:51:55
rv,IH3069-10-0001-001,Рязанский просп. вл. 26 з/у 1,рязанский просп. вл 26 зу 1,,,,not_found,2026-07-08T22:51:58
rv,IH3099-03-0002-001,пересечение улиц Белореченской и Перервы,пересечение улиц белореченской и перервы,,,,not_found,2026-07-08T22:51:59
rv,IH3103-05-0002-001,Открытое шоссе вл. 32 корп. 6; влад. 32,открытое шоссе вл 32 корп 6 влад. 32,,,,not_found,2026-07-08T22:52:01
rv,IH3103-10-0002-001,Шоссе Открытое Дом 30,шоссе открытое дом 30,,,,not_found,2026-07-08T22:52:03
rv,IH3172-10-0001-001,"улица Зеленодольская, земельный участок , 28/3 (зона 3.3, 3.4)",улица зеленодольская земельный участок 28/3 (зона 3.3 3.4),,,,not_found,2026-07-08T22:52:04
rv,IH3221-99-0001-001,"ул. Никитинская, д. 5",ул никитинская д 5,55.7974915,37.7751289,nominatim,tertiary,2026-07-08T22:52:06
rv,IH3265-10-0001-001,"2-я Институтская, вл. 6",2-я институтская вл 6,,,,not_found,2026-07-08T22:52:08
rv,IH3265-10-0006-001,Институтская 2-я ул.,институтская 2-я ул,55.9302524,37.7991942,nominatim,bus_stop,2026-07-08T22:52:09
rv,IH3307-99-0001-001,"Иртышский 2-й пр., дом 11А",иртышский 2-й пр дом 11а,,,,not_found,2026-07-08T22:52:11
rv,IH3392-03-0002-001,"Тихорецкий бульвар, вл. 1",тихорецкий бульвар вл 1,55.6778847,37.7757334,nominatim,tertiary,2026-07-08T22:52:12
rv,IH3418-03-0002-001,площадь Викторио Кодовильи,площадь викторио кодовильи,55.8033987,37.7803633,nominatim,tertiary,2026-07-08T22:52:14
rv,IH3479-10-0001-001,"ул. Юных Ленинцев, д. 103, корп.3",ул юных ленинцев д 103 корп3,,,,not_found,2026-07-08T22:52:15
rv,IH3526-05-0001-001,"Измайловский просп. вл. 63, 65, 67",измайловский просп. вл 63 65 67,,,,not_found,2026-07-08T22:52:17
rv,IH3580-10-0001-001,"улица Юных Ленинцев, земельный участок 113/12/8 (ул. Юных Ленинцев, з/у 111, зона 12.8)",улица юных ленинцев земельный участок 113/12/8 (ул юных ленинцев зу 111 зона 12.8),,,,not_found,2026-07-08T22:52:20
rv,IH3580-10-0002-001,"улица Юных Ленинцев, земельный участок 113/5",улица юных ленинцев земельный участок 113/5,,,,not_found,2026-07-08T22:52:21
rv,IH3675-04-0001-001,"Федора Полетаева улица, д. 36, корп. 2",федора полетаева улица д 36 корп 2,,,,not_found,2026-07-08T22:52:23
rv,IH3744-10-0002-001,"ул. Металлургов, влд.30",ул металлургов влд.30,,,,not_found,2026-07-08T22:52:24
rv,IH3751-10-0001-001,"ул. Утренняя, вл. 3",ул утренняя вл 3,55.7478967,37.7914176,nominatim,residential,2026-07-08T22:52:26
rv,IH3767-10-0001-002,Паперника ул. вл. 12,паперника ул вл 12,55.720513,37.7888417,nominatim,secondary,2026-07-08T22:52:28
rv,IH3840-99-0001-001,"шоссе Энтузиастов, земельный участок 86/3",шоссе энтузиастов земельный участок 86/3,,,,not_found,2026-07-08T22:52:29
rv,IH3840-99-0002-001,"шоссе Энтузиастов, влд 86С",шоссе энтузиастов влд 86с,,,,not_found,2026-07-08T22:52:31
rv,IH3843-10-0002-001,"Новогиреевская ул. ,вл. 5",новогиреевская ул вл 5,55.7582982,37.7953554,nominatim,secondary,2026-07-08T22:52:33
rv,IH3907-03-0002-001,Уральская ул. вл. 21,уральская ул вл 21,55.8203513,37.7992248,nominatim,place_of_worship,2026-07-08T22:52:35
rv,IH3910-10-0002-001,Куна Белы пл. вл. 1,куна белы пл. вл 1,,,,not_found,2026-07-08T22:52:36
rv,IH4017-10-0001-001,"ул. 11-Парковая, влд.45",ул 11-парковая влд.45,,,,not_found,2026-07-08T22:52:38
rv,IH4026-03-0001-001,Улица 9-я Парковая Дом 4А,улица 9-я парковая дом 4а,,,,not_found,2026-07-08T22:52:40
rv,IH4053-06-0001-001,ул. Перовская вл. 66Г,ул перовская вл 66г,,,,not_found,2026-07-08T22:52:42
rv,IH4143-99-0001-002,Металлургов ул. вл. 56,металлургов ул вл 56,55.7591815,37.7911963,nominatim,tertiary,2026-07-08T22:52:43
rv,IH4181-10-0001-001,"Ташкентская ул., 29/1",ташкентская ул 29/1,55.6994476,37.80869,nominatim,secondary,2026-07-08T22:52:45
rv,IH4252-99-0001-001,"Мартеновская ул., вл. 39",мартеновская ул вл 39,55.7491465,37.8024271,nominatim,tertiary,2026-07-08T22:52:46
rv,IH4314-06-0001-002,"13-я Парковая улица, дом 35 А",13-я парковая улица дом 35 а,,,,not_found,2026-07-08T22:52:48
rv,IH4473-99-0001-002,Гостиничный пр. вл. 8А,гостиничный пр вл 8а,55.8397266,37.5802485,nominatim,tertiary,2026-07-08T22:52:50
rv,IH4476-10-0001-001,"улица Ташкентская, земельный участок 14/5 (зоны 3.3 и 3.4)",улица ташкентская земельный участок 14/5 (зоны 3.3 и 3.4),,,,not_found,2026-07-08T22:52:52
rv,IH4476-99-0001-001,"улица Ташкентская, земельный участок 14/1",улица ташкентская земельный участок 14/1,,,,not_found,2026-07-08T22:52:53
rv,IH4477-10-0001-001,"Ташкентская улица, земельный участок 14/3 (зоны 3.2 и 3.4)",ташкентская улица земельный участок 14/3 (зоны 3.2 и 3.4),,,,not_found,2026-07-08T22:52:55
rv,IH4483-10-0002-001,"Ферганский пр., вл. 14",ферганский пр вл 14,55.6956134,37.8209626,nominatim,tertiary,2026-07-08T22:52:57
rv,IH4548-04-0001-001,"пр-кт Свободный, вл. 33",пр-кт свободный вл 33,,,,not_found,2026-07-08T22:52:58
rv,IH4576-04-0001-001,"Ферганская ул., вл. 17-21",ферганская ул вл 17-21,,,,not_found,2026-07-08T22:53:01
rv,IH4620-06-0001-002,Измайловский бульв. вл. 75/17,измайловский бульв. вл 75/17,,,,not_found,2026-07-08T22:53:03
rv,IH4849-99-0001-001,"Ивановское, Зеленый проспект, 101",ивановское зеленый проспект 101,55.7513523,37.8290114,nominatim,kindergarten,2026-07-08T22:53:04
rv,IH4905-03-0001-001,Красноярская ул. вл. 11 (напротив),красноярская ул вл 11 (напротив),,,,not_found,2026-07-08T22:53:06
rv,IH4907-99-0001-001,"ул. Алтайская, вл. 33",ул алтайская вл 33,55.8205179,37.8309611,nominatim,tertiary,2026-07-08T22:53:07
rv,IH4949-10-0001-001,"ул. Молостовых, д. 18",ул молостовых д 18,55.750218,37.8316328,nominatim,tertiary,2026-07-08T22:53:09
rv,IH4959-05-0001-001,"Улица Вешняковская Дом 23/1 Строение 1, Улица Вешняковская Дом 23/1 Строение 2",улица вешняковская дом 23/1 строение 1 улица вешняковская дом 23/1 строение 2,,,,not_found,2026-07-08T22:53:11
rv,IH4976-10-0002-001,"Самаркандский бульвар, влд. 15, з/у 1",самаркандский бульвар влд. 15 зу 1,,,,not_found,2026-07-08T22:53:13
rv,IH5061-05-0001-001,ул. Вешняковская д.23,ул вешняковская д23,55.7377248,37.823035,nominatim,secondary,2026-07-08T22:53:14
rv,IH5114-11-0001-001,"Северное Измайлово, МКАД 104 км, вл. 8а",северное измайлово мкад 104 км вл 8а,,,,not_found,2026-07-08T22:53:16
rv,IH5561-04-0002-001,"улица Николая Старостина, земельный участок 6",улица николая старостина земельный участок 6,,,,not_found,2026-07-08T22:53:18
rv,IH5561-14-0001-001,"Старостина Николая ул., вл. 8 корп. 15",старостина николая ул вл 8 корп 15,,,,not_found,2026-07-08T22:53:19
rv,IH5675-11-0001-001,"Новоухтомское шоссе, вл. 5",новоухтомское шоссе вл 5,55.7066131,37.854964,nominatim,tertiary,2026-07-08T22:53:21
rv,IH5770-10-0001-001,"ул. Черное Озеро, з/у 8",ул черное озеро зу 8,,,,not_found,2026-07-08T22:53:22
rv,IH5792-06-0002-001,"Выхино-Жулебино, мкр.6, корп.18",выхино-жулебино мкр.6 корп18,,,,not_found,2026-07-08T22:53:24
rv,IH5865-10-0002-001,Салтыковская ул. вл. 8,салтыковская ул вл 8,55.7432518,37.8802657,nominatim,tertiary,2026-07-08T22:53:25
rv,IH5870-10-0001-001,"Черное озеро ул., з/у 7",черное озеро ул зу 7,,,,not_found,2026-07-08T22:53:27
rv,IH5965-10-0001-001,Салтыковская ул.,салтыковская ул,55.7337835,37.8625872,nominatim,tertiary,2026-07-08T22:53:29
rv,IH6175-10-0001-001,"ул. Каскадная, д. 20А, корп. 1",ул каскадная д 20а корп 1,,,,not_found,2026-07-08T22:53:31
rv,IH6176-10-0001-001,"ул. Каскадная, вл. 21, з/у 2",ул каскадная вл 21 зу 2,,,,not_found,2026-07-08T22:53:33
rv,IH6208-10-0001-002,"ул. Девятого Мая, д 28, корпус 1",ул девятого мая д 28 корпус 1,,,,not_found,2026-07-08T22:53:35
rv,IH6210-13-0001-001,"Западная ул., вл. 16",западная ул вл 16,55.8187215,37.8587966,nominatim,residential,2026-07-08T22:53:37
rv,IH6352-06-0002-001,Суздальская ул. вл. 44,суздальская ул вл 44,55.7353499,37.8463207,nominatim,tertiary,2026-07-08T22:53:39
rv,IH6551-04-0001-001,"Салтыковская улица, влд. 55",салтыковская улица влд. 55,,,,not_found,2026-07-08T22:53:41
rv,IH7173-99-0001-002,"проезд Красковский 1-й, вл. 38А",проезд красковский 1-й вл 38а,,,,not_found,2026-07-08T22:53:43
rv,IH7265-99-0002-001,"Промышленная зона ""Руднево""",промышленная зона руднево,,,,not_found,2026-07-08T22:53:45
rv,IH7478-14-0002-001,"ул. Рождественская, Некрасовка, кв. 1, ГР 10",ул рождественская некрасовка кв. 1 гр 10,,,,not_found,2026-07-08T22:53:46
rv,IH7776-04-0001-001,"территория ТПУ ""Некрасовка"", з/у 1",территория тпу некрасовка зу 1,,,,not_found,2026-07-08T22:53:48
rv,IH7869-12-0002-001,"ПЗ Руднево, пр. пр. 597, уч. № 6",пз руднево пр пр 597 уч № 6,,,,not_found,2026-07-08T22:53:49
rv,IH7870-01-0001-001,"ул. Маресьева, з/у 11",ул маресьева зу 11,,,,not_found,2026-07-08T22:53:51
rv,IH7870-01-0001-003,"ул. Маресьева, земельный участок 11",ул маресьева земельный участок 11,,,,not_found,2026-07-08T22:53:53
rv,IH7870-01-0001-005,"улица Маресьева, земельный участок 11, зона 52",улица маресьева земельный участок 11 зона 52,,,,not_found,2026-07-08T22:53:55
rv,IH7873-15-0002-001,20 кв. района Некрасовка между ул. Сочинская и ул. Маресьева,20 кв. района некрасовка между ул сочинская и ул маресьева,,,,not_found,2026-07-08T22:53:57
rv,IH7877-06-0001-001,"территория ТПУ ""Некрасовка"", ул. Рождественская, д.33",территория тпу некрасовка ул рождественская д33,,,,not_found,2026-07-08T22:53:59
rv,IH7987-02-0002-002,"Осенний бульвар, вл. 8А",осенний бульвар вл 8а,55.7554366,37.4078477,nominatim,tertiary,2026-07-08T22:54:01
rv,IH8066-01-0001-001,"ул. Пехорская,з/у 1Б/1",ул пехорская зу 1б/1,,,,not_found,2026-07-08T22:54:03
rv,IH8073-10-0002-001,"Российская Федерация, , , внутригородская территория муниципальный округ Некрасовка, улица Вертолетчиков, земельный участок 26",российская федерация внутригородская территория муниципальный округ некрасовка улица вертолетчиков земельный участок 26,,,,not_found,2026-07-08T22:54:04
rv,IH8074-10-0002-001,пос. Некрасовка,пос некрасовка,55.6841084,37.922905,nominatim,village,2026-07-08T22:54:06
rv,IH8075-08-0001-001,"район Некрасовка, кв. 17, ул. Маресьева Дом 12А",район некрасовка кв. 17 ул маресьева дом 12а,,,,not_found,2026-07-08T22:54:08
rv,IH8089-13-0001-002,Люберецкие очистные сооружения,люберецкие очистные сооружения,,,,not_found,2026-07-08T22:54:10
rv,IH8169-13-0001-001,"ул. Маресьева, земельный участок 9",ул маресьева земельный участок 9,,,,not_found,2026-07-08T22:54:11
rv,IH8173-10-0002-001,"пос. Некрасовка, зем.участок с кадастровым номером 77:16:0010105:8283",пос некрасовка зем.участок с кадастровым номером 77:16:0010105:8283,,,,not_found,2026-07-08T22:54:13
rv,IH8173-10-0002-002,"г. Москва, пос. Некрасовка, 77:16:0010105:8283 (ЮВАО, район Некрасовка)",г. москва пос некрасовка 77:16:0010105:8283 (ювао район некрасовка),,,,not_found,2026-07-08T22:54:14
rv,IH8174-10-0001-001,"Некрасовка Российская Федерация, город , внутригородская территория муниципальный округ Некрасовка, улица Вертолётчиков, земельный участок 26",некрасовка российская федерация город внутригородская территория муниципальный округ некрасовка улица вертолетчиков земельный участок 26,,,,not_found,2026-07-08T22:54:16
rv,IH8179-08-0001-002,Некрасовка кв. 17 уч. 21,некрасовка кв. 17 уч 21,,,,not_found,2026-07-08T22:54:18
rv,IH8187-13-0001-001,"ул. 2-я Вольская, 30, стр. 25А",ул 2-я вольская 30 стр 25а,,,,not_found,2026-07-08T22:54:19
rv,IH8270-13-0001-001,"улица Маресьева, земельный участок 9",улица маресьева земельный участок 9,,,,not_found,2026-07-08T22:54:21
rv,IH8273-10-0001-001,"квартал 17, внутренняя территория г. Некрасовка, з/у 19",квартал 17 внутренняя территория г. некрасовка зу 19,,,,not_found,2026-07-08T22:54:23
rv,IH8273-10-0002-001,"г. Москва, ЮВАО, район Некрасовка, ул. Маршала Еременко, д.1, к.1",г. москва ювао район некрасовка ул маршала еременко д1 к1,,,,not_found,2026-07-08T22:54:24
rv,IH8373-08-0001-001,"квартал 17, вн.тер.г. Некрасовка, з/у 22",квартал 17 вн.тер.г. некрасовка зу 22,,,,not_found,2026-07-08T22:54:26
rv,IH8373-08-0002-001,"Некрасовка кв. 17, з/у 5",некрасовка кв. 17 зу 5,,,,not_found,2026-07-08T22:54:28
rv,IH8377-10-0004-001,Люберецкие поля кв. 13 корп. 17,люберецкие поля кв. 13 корп 17,,,,not_found,2026-07-08T22:54:30
rv,IH8379-08-0001-002,"Некрасовка, кв. 14",некрасовка кв. 14,,,,not_found,2026-07-08T22:54:32
rv,IH8472-10-0001-001,"кв-л 17, вн.тер.г. Некрасовка, з/у 19",кв-л 17 вн.тер.г. некрасовка зу 19,,,,not_found,2026-07-08T22:54:34
rv,IH8479-08-0001-002,"район Некрасовка, кв. 13",район некрасовка кв. 13,,,,not_found,2026-07-08T22:54:36
rv,II0126-04-0001-001,"ул. Каспийская, вл. 28, корп. 1",ул каспийская вл 28 корп 1,,,,not_found,2026-07-08T22:54:37
rv,II0130-13-0002-001,"Улица Прохладная, вл.30",улица прохладная вл30,55.6163069,37.67402,nominatim,secondary,2026-07-08T22:54:39
rv,II0226-10-0001-001,"Каспийская ул., вл. 28, корп. 1",каспийская ул вл 28 корп 1,,,,not_found,2026-07-08T22:54:40
rv,II0314-10-0002-001,"Каширское шоссе вл. 74 корп. 1, стр. 1, 2,3,4,5",каширское шоссе вл 74 корп 1 стр 1 2 3 4 5,,,,not_found,2026-07-08T22:54:42
rv,II1100-01-0001-001,Проектируемый пр. N 5112,проектируемый пр n 5112,56.0078483,37.1541452,nominatim,works,2026-07-08T22:54:44
rv,II1117-10-0002-001,"улица Борисовские Пруды, земельный участок 1/43",улица борисовские пруды земельный участок 1/43,,,,not_found,2026-07-08T22:54:46
rv,II1300-10-0003-001,"улица Шоссейная вл. 90, стр. 6",улица шоссейная вл 90 стр 6,,,,not_found,2026-07-08T22:54:48
rv,II1300-99-0001-001,"ул. Шоссейная, земельный участок 90/11",ул шоссейная земельный участок 90/11,,,,not_found,2026-07-08T22:54:50
rv,II1301-10-0001-001,"ул. Шоссейная, вл. 90",ул шоссейная вл 90,,,,not_found,2026-07-08T22:54:52
rv,II1526-06-0002-001,Белова генерала ул. вл. 7,белова генерала ул вл 7,,,,not_found,2026-07-08T22:54:54
rv,II1705-10-0001-001,"улица Иловайская, земельный участок 2Б/1",улица иловайская земельный участок 2б/1,,,,not_found,2026-07-08T22:54:55
rv,II1804-10-0001-005,"л. Иловайская, земельный участок 4",л. иловайская земельный участок 4,,,,not_found,2026-07-08T22:54:57
rv,II1807-11-0003-001,"Перерва ул. вл. 11 стр. 1,2,11,14,27,28",перерва ул вл 11 стр 1 2 11 14 27 28,,,,not_found,2026-07-08T22:54:58
rv,II1826-99-0001-001,пересечение ул. Шипиловской и Орехового проезда,пересечение ул шипиловской и орехового проезда,,,,not_found,2026-07-08T22:55:00
rv,II1830-03-0002-001,"Ореховый проезд, владение 41 (напротив)",ореховый проезд владение 41 (напротив),,,,not_found,2026-07-08T22:55:01
rv,II1901-10-0004-001,"Люблино, Люблинская ул., вл. 72",люблино люблинская ул вл 72,55.681453,37.7382099,nominatim,primary,2026-07-08T22:55:03
rv,II1939-02-0002-001,Ясеневая ул.,ясеневая ул,55.6135333,37.7444387,nominatim,secondary,2026-07-08T22:55:04
rv,II1939-06-0002-001,"Орехово-Борисово Южное, Ясеневая ул.",орехово-борисово южное ясеневая ул,55.6032534,37.7312047,nominatim,secondary,2026-07-08T22:55:06
rv,II2000-10-0002-001,"улица Люблинская , з/у 72",улица люблинская зу 72,,,,not_found,2026-07-08T22:55:07
rv,II2000-10-0005-001,"улица Люблинская, земельный участок 74/1",улица люблинская земельный участок 74/1,,,,not_found,2026-07-08T22:55:10
rv,II2000-10-0008-001,"ул. Люблинская, вл. 72, корпус 15",ул люблинская вл 72 корпус 15,,,,not_found,2026-07-08T22:55:11
rv,II2000-10-0014-001,Люблинская ул. вл. 72,люблинская ул вл 72,55.645737,37.7454006,nominatim,primary,2026-07-08T22:55:13
rv,II2001-08-0002-001,"Люблинская улица, дом 78А",люблинская улица дом 78а,,,,not_found,2026-07-08T22:55:15
rv,II2005-01-0002-001,"Нижние поля ул. вл. 27А стр. 1, 2, 3, 4, 5",нижние поля ул вл 27а стр 1 2 3 4 5,,,,not_found,2026-07-08T22:55:17
rv,II2126-04-0002-001,Шипиловская ул. вл. 41 корп. 1,шипиловская ул вл 41 корп 1,,,,not_found,2026-07-08T22:55:19
rv,II2317-03-0001-001,Борисовские пруды ул. вл. 33,борисовские пруды ул вл 33,,,,not_found,2026-07-08T22:55:20
rv,II2631-04-0001-001,Ореховый бульв. вл. 26 з/у 1,ореховый бульв. вл 26 зу 1,,,,not_found,2026-07-08T22:55:22
rv,II2923-16-0001-001,"район Братеево (Бесединское шоссе, вл.17)",район братеево (бесединское шоссе вл17),55.6190274,37.7778924,nominatim,primary,2026-07-08T22:55:23
rv,II2930-02-0002-001,"Ореховый бульвар, вл. 28",ореховый бульвар вл 28,55.6178373,37.7671258,nominatim,garages,2026-07-08T22:55:25
rv,II2930-05-0003-001,Ореховый бульв. вл. 28,ореховый бульв. вл 28,,,,not_found,2026-07-08T22:55:26
rv,II3023-16-0002-001,Бесединское шоссе,бесединское шоссе,55.625639,37.755701,nominatim,primary,2026-07-08T22:55:28
rv,II3500-04-0001-001,"мкр. 14, корп. 101, Марьинский парк""",мкр. 14 корп 101 марьинский парк,,,,not_found,2026-07-08T22:55:29
rv,II3711-12-0001-001,"Капотня, кв. 2, вл. 1",капотня кв. 2 вл 1,,,,not_found,2026-07-08T22:55:31
rv,II3913-12-0003-001,"г.Москва, Капотня, 2-й квартал, д.1, корп.3",г.москва капотня 2-й квартал д1 корп3,,,,not_found,2026-07-08T22:55:33
rv,II4009-12-0002-001,"Москва, ЮВАО, Капотня, кв. 2, д. 1, корп. 3",москва ювао капотня кв. 2 д 1 корп 3,,,,not_found,2026-07-08T22:55:35
rv,II4010-12-0002-001,"г.Москва, ЮВАО, Капотня, Капотня кв. 2 вл. 1",г.москва ювао капотня капотня кв. 2 вл 1,,,,not_found,2026-07-08T22:55:37
rv,II4110-13-0002-001,"2-й Квартал, вл. 1",2-й квартал вл 1,56.0127537,37.1666193,nominatim,locality,2026-07-08T22:55:39
rv,II4212-12-0002-001,"Москва, ЮВАО, Капотня, 2-й квартал, вл. 1",москва ювао капотня 2-й квартал вл 1,,,,not_found,2026-07-08T22:55:41
rv,II4212-13-0002-001,"РФ, г. Москва, Капотня, 2-й квартал, вл.1",рф г. москва капотня 2-й квартал вл1,,,,not_found,2026-07-08T22:55:43
rv,II4218-12-0001-001,"2-й Капотнинский пр-д, з/у1",2-й капотнинский пр-д зу 1,,,,not_found,2026-07-08T22:55:45
rv,II4811-14-0001-001,МКАД 15-й Земельный участок 1,мкад 15-й земельный участок 1,,,,not_found,2026-07-08T22:55:46
rv,II6367-01-0001-001,"ЗАО, Ново-Переделкино",зао ново-переделкино,,,,not_found,2026-07-08T22:55:48
rv,NH5963-11-0002-001,"г. Москва, г. Троицк, ул. Промышленная, д. 13",г. москва г. троицк ул промышленная д 13,,,,not_found,2026-07-08T22:55:50
rv,TT0000-01-0040-001,"пос. Варшавское, 64-й км, д. 1А, стр. 2",пос варшавское 64-й км д 1а стр 2,,,,not_found,2026-07-08T22:55:51
rv,TT0000-01-0183-001,"Российская Федерация, город , внутригородская территория поселение Вороновское, Варшавское шоссе, 64-й километр, дом 1, строение 11",российская федерация город внутригородская территория поселение вороновское варшавское шоссе 64-й километр дом 1 строение 11,,,,not_found,2026-07-08T22:55:53
rv,TT0000-01-0262-001,"ул. Кастанаевская, вл. 16, стр. 1",ул кастанаевская вл 16 стр 1,,,,not_found,2026-07-08T22:55:55
rv,TT0000-01-0277-001,"г. Троицк, ул. Квантовая",г. троицк ул квантовая,,,,not_found,2026-07-08T22:55:56
rv,TT0000-01-0293-001,"ул. Яблочкова, земельный участок 5/5",ул яблочкова земельный участок 5/5,,,,not_found,2026-07-08T22:55:58
rv,TT0000-01-0294-001,"Огородный, земельный участок 16/1",огородный земельный участок 16/1,,,,not_found,2026-07-08T22:56:01
rv,TT0000-01-0311-001,"Молдавская ул., з/у 1",молдавская ул зу 1,55.7304433,37.4407096,nominatim,tertiary,2026-07-08T22:56:02
rv,TT0000-02-0022-001,"Госпитальная наб., 4, с. 1А",госпитальная наб. 4 с. 1а,,,,not_found,2026-07-08T22:56:04
rv,TT0000-02-0026-001,"Госпитальная наб., 4с1А",госпитальная наб. 4с1а,55.772814,37.6989806,nominatim,dormitory,2026-07-08T22:56:05
rv,TT0000-03-0008-001,"ул. Старонародная, земельный участок 1",ул старонародная земельный участок 1,,,,not_found,2026-07-08T22:56:07
rv,TT0000-03-0053-001,Поречная ул. пересечение с Перервинским бульваром,поречная ул пересечение с перервинским бульваром,,,,not_found,2026-07-08T22:56:08
rv,TT0000-03-0060-001,Мосфильмовская ул. вл. 80,мосфильмовская ул вл 80,55.7086905,37.498808,nominatim,place_of_worship,2026-07-08T22:56:10
rv,TT0000-03-0065-001,"Березовая аллея, вл. 5/1",березовая аллея вл 5/1,55.9943169,37.204402,nominatim,tertiary,2026-07-08T22:56:13
rv,TT0000-04-0011-001,"Барболина ул, л. 22",барболина ул л. 22,55.7873044,37.6871994,nominatim,residential,2026-07-08T22:56:14
rv,TT0000-04-0074-001,"квартал 61А, земельный участок 1Г",квартал 61а земельный участок 1г,,,,not_found,2026-07-08T22:56:16
rv,TT0000-04-0079-001,"Синельниковская ул., вл. 49/2",синельниковская ул вл 49/2,,,,not_found,2026-07-08T22:56:18
rv,TT0000-04-0189-001,"Магистральная 4-я ул., вл. 4, стр. 11, влд. 4/1",магистральная 4-я ул вл 4 стр 11 влд. 4/1,,,,not_found,2026-07-08T22:56:20
rv,TT0000-04-0207-001,"улица Грина, земельный участок 1/3",улица грина земельный участок 1/3,,,,not_found,2026-07-08T22:56:21
rv,TT0000-04-0215-001,"ул. Лухмановская, д.4",ул лухмановская д4,55.7113098,37.8976327,nominatim,tertiary,2026-07-08T22:56:23
rv,TT0000-04-0221-001,"пос. Мосрентген, дер. Дудкино, корпуса 1.1,1.2,1.3",пос мосрентген дер дудкино корпуса 1.1 1.2 1.3,,,,not_found,2026-07-08T22:56:26
rv,TT0000-04-0262-001,"ул. 1-я Рыбацкая, д. 7/2",ул 1-я рыбацкая д 7/2,,,,not_found,2026-07-08T22:56:28
rv,TT0000-04-0280-001,Краснодонская ул. вл. 35,краснодонская ул вл 35,55.6838396,37.7504414,nominatim,secondary,2026-07-08T22:56:29
rv,TT0000-04-0281-001,"дер. Саларьево, ул. 2-я Новая",дер саларьево ул 2-я новая,,,,not_found,2026-07-08T22:56:31
rv,TT0000-04-0284-001,пересечение бульв. Дмитрия Донского и ул. Академика Глушко,пересечение бульв. дмитрия донского и ул академика глушко,,,,not_found,2026-07-08T22:56:32
rv,TT0000-04-0301-001,д.Староселье З/У 28,дстароселье зу 28,,,,not_found,2026-07-08T22:56:34
rv,TT0000-04-0302-001,дер. Изварино,дер изварино,,,,not_found,2026-07-08T22:56:36
rv,TT0000-04-0306-001,"ул. Элеваторная, вл. 1А, стр. 1, 2, 3",ул элеваторная вл 1а стр 1 2 3,,,,not_found,2026-07-08T22:56:37
rv,TT0000-04-0309-001,"ул. Шеногина, земельный участок 2/11",ул шеногина земельный участок 2/11,,,,not_found,2026-07-08T22:56:39
rv,TT0000-04-0317-001,"ш. Остафьевское, з/у 20/2",ш остафьевское зу 20/2,,,,not_found,2026-07-08T22:56:40
rv,TT0000-04-0328-001,"улица Олонецкая, владение 14, строение 1, 2, 3",улица олонецкая владение 14 строение 1 2 3,,,,not_found,2026-07-08T22:56:42
rv,TT0000-05-0011-003,"Шоссе Волоколамское, вл. 63",шоссе волоколамское вл 63,55.8190744,37.4547251,nominatim,secondary,2026-07-08T22:56:44
rv,TT0000-05-0041-001,"ул. Лебедянская, вл. 33",ул лебедянская вл 33,55.5856443,37.6920418,nominatim,residential,2026-07-08T22:56:46
rv,TT0000-05-0042-001,"г. Москва, НАО, Сосенское, п. Коммунарка, ул. Сосенский Стан, вл. 10/1",г. москва нао сосенское п. коммунарка ул сосенский стан вл 10/1,,,,not_found,2026-07-08T22:56:48
rv,TT0000-05-0043-001,"Сколково, Большой бульвар, 65,67,69",сколково большой бульвар 65 67 69,,,,not_found,2026-07-08T22:56:49
rv,TT0000-05-0054-001,"ул. Лобачевского, вл. 42",ул лобачевского вл 42,55.6933861,37.467952,nominatim,secondary,2026-07-08T22:56:51
rv,TT0000-05-0062-001,"Новохорошевский проезд, вл. 16",новохорошевский проезд вл 16,55.778248,37.4972546,nominatim,residential,2026-07-08T22:56:53
rv,TT0000-05-0069-001,"Панфиловский просп., з/у 18",панфиловский просп. зу 18,,,,not_found,2026-07-08T22:56:55
rv,TT0000-06-0011-001,"ул. Раменки, д.19",ул раменки д19,55.6903017,37.491023,nominatim,residential,2026-07-08T22:56:57
rv,TT0000-06-0027-001,"Волоколамское шоссе, вл. 71/17",волоколамское шоссе вл 71/17,,,,not_found,2026-07-08T22:56:58
rv,TT0000-06-0029-001,бульвар Дмитрия Донского,бульвар дмитрия донского,55.5692452,37.5768693,nominatim,station,2026-07-08T22:57:00
rv,TT0000-07-0008-001,"ул. Дубнинская, вл. 20, корп. 4",ул дубнинская вл 20 корп 4,,,,not_found,2026-07-08T22:57:01
rv,TT0000-08-0034-002,"Калужское шоссе, вл. 52Б, 35 км (ул.Чароитовая, д.3)",калужское шоссе вл 52б 35 км (улчароитовая д3),,,,not_found,2026-07-08T22:57:03
rv,TT0000-08-0042-001,"ул. Мироновская, дом 46А",ул мироновская дом 46а,,,,not_found,2026-07-08T22:57:05
rv,TT0000-08-0072-001,Фестивальная. дом 16 А,фестивальная. дом 16 а,,,,not_found,2026-07-08T22:57:06
rv,TT0000-08-0130-001,"поселок Мосрентген, кв-л №23, влд. 1",поселок мосрентген кв-л №23 влд. 1,,,,not_found,2026-07-08T22:57:08
rv,TT0000-08-0170-001,"ул. Петрозаводская, д. 28а",ул петрозаводская д 28а,55.8643521,37.5010155,nominatim,secondary,2026-07-08T22:57:10
rv,TT0000-08-0177-001,"Сосенское, кв-л 7, з/у 2",сосенское кв-л 7 зу 2,,,,not_found,2026-07-08T22:57:12
rv,TT0000-08-0198-001,"дер. Рассказовка, 15",дер рассказовка 15,,,,not_found,2026-07-08T22:57:13
rv,TT0000-08-0209-001,ул. Мостовая д. 6,ул мостовая д 6,56.011577,37.1221529,nominatim,residential,2026-07-08T22:57:15
rv,TT0000-08-0220-001,"Молжаниновский, 1-я Сестрорецкая ул., д. 6А",молжаниновский 1-я сестрорецкая ул д 6а,55.9437678,37.347018,nominatim,tertiary,2026-07-08T22:57:16
rv,TT0000-08-0227-001,"Сормовская ул., земельный участок 17",сормовская ул земельный участок 17,,,,not_found,2026-07-08T22:57:18
rv,TT0000-10-0005-001,"ул. Введенского, вл. 5",ул введенского вл 5,55.6487103,37.5487109,nominatim,tertiary,2026-07-08T22:57:20
rv,TT0000-10-0007-001,"ул. Нижние Мневники, уч. 11",ул нижние мневники уч 11,55.7498592,37.4340491,nominatim,secondary,2026-07-08T22:57:22
rv,TT0000-10-0012-002,"ул. Новохохловская, з/у 1 ( Нижегородский, кв.80, между Новохохловской ул. и Третьим транспортным кольцом)",ул новохохловская зу 1 ( нижегородский кв.80 между новохохловской ул и третьим транспортным кольцом),,,,not_found,2026-07-08T22:57:23
rv,TT0000-10-0016-002,ул. Лавочкина з/у 4,ул лавочкина зу 4,,,,not_found,2026-07-08T22:57:25
rv,TT0000-10-0017-001,"улица Камова, з/у 24А",улица камова зу 24а,,,,not_found,2026-07-08T22:57:26
rv,TT0000-10-0040-001,"Клинская улица, вл. 2, корп. 2, 3, 4",клинская улица вл 2 корп 2 3 4,,,,not_found,2026-07-08T22:57:28
rv,TT0000-10-0042-001,"Есенинский бульвар, з/у 1",есенинский бульвар зу 1,55.7063549,37.7806613,nominatim,tertiary,2026-07-08T22:57:29
rv,TT0000-10-0055-001,"Щелковское шоссе, влд.92, к.3",щелковское шоссе влд.92 к3,,,,not_found,2026-07-08T22:57:31
rv,TT0000-10-0061-001,Тульская М. ул. вл. 55/1,тульская м. ул вл 55/1,,,,not_found,2026-07-08T22:57:32
rv,TT0000-10-0066-001,"ул. Амурская, З/У 2",ул амурская зу 2,,,,not_found,2026-07-08T22:57:35
rv,TT0000-10-0075-001,"Бескудниковский кв. 8,9 корп. 20 (Селигерская ул., влд. 32А)",бескудниковский кв. 8 9 корп 20 (селигерская ул влд. 32а),,,,not_found,2026-07-08T22:57:36
rv,TT0000-10-0086-001,"Симферопольский пр-д, влд. 7, стр.1",симферопольский пр-д влд. 7 стр1,,,,not_found,2026-07-08T22:57:38
rv,TT0000-10-0120-001,"ул. Нагорная, влд. 5А",ул нагорная влд. 5а,,,,not_found,2026-07-08T22:57:39
rv,TT0000-10-0130-001,Пересветов пер. вл. 5,пересветов пер вл 5,55.7148642,37.6619499,nominatim,residential,2026-07-08T22:57:41
rv,TT0000-10-0165-001,Капотня кв. 1-й вл. 8,капотня кв. 1-й вл 8,,,,not_found,2026-07-08T22:57:43
rv,TT0000-10-0174-001,"Свободный пр-т, вл. 25/27",свободный пр-т вл 25/27,,,,not_found,2026-07-08T22:57:45
rv,TT0000-10-0200-001,"Толбухина ул., влд. 2/4",толбухина ул влд. 2/4,,,,not_found,2026-07-08T22:57:46
rv,TT0000-10-0202-001,"Петра Кончаловского ул., з/у 7 (Автозаводская ул., вл. 23/70)",петра кончаловского ул зу 7 (автозаводская ул вл 23/70),,,,not_found,2026-07-08T22:57:48
rv,TT0000-10-0211-001,"г. Зеленоград, Солнечная аллея, корпус 935",г. зеленоград солнечная аллея корпус 935,,,,not_found,2026-07-08T22:57:49
rv,TT0000-10-0212-001,"Золоторожский вал ул. вл. 11/14, 11/15",золоторожский вал ул вл 11/14 11/15,,,,not_found,2026-07-08T22:57:51
rv,TT0000-10-0219-001,Радужная ул. вл. 14 стр. 2,радужная ул вл 14 стр 2,,,,not_found,2026-07-08T22:57:53
rv,TT0000-10-0232-001,Улица Краснодарская Дом 6,улица краснодарская дом 6,,,,not_found,2026-07-08T22:57:54
rv,TT0000-10-0236-001,"п. Сосенское, д. Столбово, к.17",п. сосенское д столбово к17,,,,not_found,2026-07-08T22:57:56
rv,TT0000-10-0263-001,"ул. Базовская, земельный участок 24/26",ул базовская земельный участок 24/26,,,,not_found,2026-07-08T22:57:57
rv,TT0000-10-0270-001,"п.Сосенское, квартал №7, дом 3, корпус 6",п.сосенское квартал №7 дом 3 корпус 6,,,,not_found,2026-07-08T22:57:59
rv,TT0000-10-0280-001,"ул.Берзарина, вл. 32/3",улберзарина вл 32/3,,,,not_found,2026-07-08T22:58:00
rv,TT0000-10-0281-001,ул. Лавочкина з/у 7,ул лавочкина зу 7,,,,not_found,2026-07-08T22:58:02
rv,TT0000-10-0285-001,"улица Автозаводская, д. 26/1",улица автозаводская д 26/1,,,,not_found,2026-07-08T22:58:03
rv,TT0000-10-0285-002,"улица Автозаводская, земельный участок 26/1",улица автозаводская земельный участок 26/1,,,,not_found,2026-07-08T22:58:05
rv,TT0000-10-0296-001,"квартал № 7, дом 3, корпус 8",квартал № 7 дом 3 корпус 8,,,,not_found,2026-07-08T22:58:07
rv,TT0000-10-0309-001,Улица Новочерёмушкинская Дом 56/3,улица новочеремушкинская дом 56/3,,,,not_found,2026-07-08T22:58:09
rv,TT0000-10-0313-001,"Петра Кончаловского, земельный участок 7 (Автозаводская ул., вл. 23/70)",петра кончаловского земельный участок 7 (автозаводская ул вл 23/70),,,,not_found,2026-07-08T22:58:10
rv,TT0000-10-0331-001,"3-й Новомихалковский пр., вл.8, корп.1",3-й новомихалковский пр вл8 корп1,,,,not_found,2026-07-08T22:58:12
rv,TT0000-10-0336-001,"между ул.Лобачевского и платформой «Матвеевское», квартал 4.1",между уллобачевского и платформой матвеевское квартал 4.1,,,,not_found,2026-07-08T22:58:13
rv,TT0000-10-0343-001,"Шокальского пр., вл. 28А",шокальского пр вл 28а,,,,not_found,2026-07-08T22:58:15
rv,TT0000-10-0346-001,Речников ул. вл. 22,речников ул вл 22,55.6804731,37.6907376,nominatim,tertiary,2026-07-08T22:58:16
rv,TT0000-10-0351-001,Сиреневый бульв. вл. 4/1,сиреневый бульв. вл 4/1,,,,not_found,2026-07-08T22:58:18
rv,TT0000-10-0353-001,ул. Лавочкина з/у 9,ул лавочкина зу 9,55.8498657,37.5016765,nominatim,residential,2026-07-08T22:58:20
rv,TT0000-10-0365-001,ул. Лавочкина з/у 8,ул лавочкина зу 8,,,,not_found,2026-07-08T22:58:21
rv,TT0000-10-0390-001,Лобачевского з/у 1,лобачевского зу 1,55.6745909,37.4861449,nominatim,secondary,2026-07-08T22:58:23
rv,TT0000-10-0412-001,"ул. Русаковская, д. 2/1, стр. 1, стр. 2",ул русаковская д 2/1 стр 1 стр 2,,,,not_found,2026-07-08T22:58:24
rv,TT0000-10-0414-001,Солнечная аллея вл. 936,солнечная аллея вл 936,,,,not_found,2026-07-08T22:58:26
rv,TT0000-10-0421-001,"поселение Филимонковское, квартал 25, з/у 1",поселение филимонковское квартал 25 зу 1,,,,not_found,2026-07-08T22:58:28
rv,TT0000-10-0436-001,"Открытое шоссе, вл. 18/1, корпус 1.1",открытое шоссе вл 18/1 корпус 1.1,,,,not_found,2026-07-08T22:58:30
rv,TT0000-10-0436-002,Открытое шоссе з/у владение 18/1,открытое шоссе зу владение 18/1,,,,not_found,2026-07-08T22:58:32
rv,TT0000-10-0436-003,"Открытое шоссе, вл. 18/1, корпус 1.3",открытое шоссе вл 18/1 корпус 1.3,,,,not_found,2026-07-08T22:58:33
rv,TT0000-10-0436-004,"Открытое шоссе, вл. 18/1, корпус 1.4",открытое шоссе вл 18/1 корпус 1.4,,,,not_found,2026-07-08T22:58:35
rv,TT0000-10-0449-001,ул. Лавочкина з/у 10,ул лавочкина зу 10,,,,not_found,2026-07-08T22:58:36
rv,TT0000-10-0459-001,"ул. Плющева, влд. 15/3",ул плющева влд. 15/3,,,,not_found,2026-07-08T22:58:38
rv,TT0000-10-0465-001,"проезд Дежнева, вл. 32",проезд дежнева вл 32,55.870873,37.6365503,nominatim,secondary,2026-07-08T22:58:39
rv,TT0000-10-0488-001,Нижегородская ул. вл. 94 корп. 4,нижегородская ул вл 94 корп 4,,,,not_found,2026-07-08T22:58:41
rv,TT0000-10-0490-001,"Варшавское шоссе, участок 37/4",варшавское шоссе участок 37/4,,,,not_found,2026-07-08T22:58:43
rv,TT0000-10-0490-003,"Варшавское шоссе, земельные участки 37 А/1, 37/4",варшавское шоссе земельные участки 37 а/1 37/4,,,,not_found,2026-07-08T22:58:45
rv,TT0000-10-0491-001,"поселение Десеновское, квартал 9",поселение десеновское квартал 9,,,,not_found,2026-07-08T22:58:46
rv,TT0000-10-0498-001,"г. Москва, вн. тер. г. поселение Сосенское, квартал 26, з/у 3/3",г. москва вн. тер. г. поселение сосенское квартал 26 зу 3/3,,,,not_found,2026-07-08T22:58:48
rv,TT0000-10-0501-001,Кронштадтский бульвар 27,кронштадтский бульвар 27,55.8440345,37.4971218,nominatim,apartments,2026-07-08T22:58:50
rv,TT0000-10-0504-001,"у д.Захарково, квартал В10",у дзахарково квартал в10,,,,not_found,2026-07-08T22:58:52
rv,TT0000-10-0511-001,"проезд Нансена, земельный участок 8",проезд нансена земельный участок 8,,,,not_found,2026-07-08T22:58:54
rv,TT0000-10-0513-001,"Сосенское, квартал 26",сосенское квартал 26,55.5629386,37.3901967,nominatim,yes,2026-07-08T22:58:56
rv,TT0000-10-0514-001,"п. Десёновское, проект 54, квартал № 5",п. десеновское проект 54 квартал № 5,,,,not_found,2026-07-08T22:58:57
rv,TT0000-10-0531-001,Михалковская ул. вл. 50,михалковская ул вл 50,55.8376768,37.5114605,nominatim,tertiary,2026-07-08T22:58:59
rv,TT0000-10-0539-001,Строительный пр. 9/9,строительный пр 9/9,55.8380439,37.4307598,nominatim,tertiary,2026-07-08T22:59:01
rv,TT0000-10-0549-001,"Очаково-Матвеевское, ул. Озерная Корпуса 2.3-2.6",очаково-матвеевское ул озерная корпуса 2.3-2.6,,,,not_found,2026-07-08T22:59:03
rv,TT0000-10-0552-001,"улица Лётчика Бабушкина, земельный участок 29/5",улица летчика бабушкина земельный участок 29/5,,,,not_found,2026-07-08T22:59:04
rv,TT0000-10-0593-001,"Кавказский бульвар, уч. 51",кавказский бульвар уч 51,55.6302366,37.6656508,nominatim,construction,2026-07-08T22:59:06
rv,TT0000-10-0593-002,"Кавказский бульвар, вл. 4",кавказский бульвар вл 4,55.6285728,37.6421295,nominatim,tertiary,2026-07-08T22:59:08
rv,TT0000-10-0600-001,Андропова просп.,андропова просп.,55.6941257,37.6740164,nominatim,theatre,2026-07-08T22:59:09
rv,TT0000-10-0675-001,"ул. Шеногина, земельный участок 2/2",ул шеногина земельный участок 2/2,,,,not_found,2026-07-08T22:59:10
rv,TT0000-10-0685-001,"Бартеневская, земельный участок 60",бартеневская земельный участок 60,,,,not_found,2026-07-08T22:59:13
rv,TT0000-10-0686-001,"д. Столбово, корп. 10-11",д столбово корп 10-11,,,,not_found,2026-07-08T22:59:15
rv,TT0000-10-0687-001,"Открытое шоссе, земельный участок 18",открытое шоссе земельный участок 18,,,,not_found,2026-07-08T22:59:16
rv,TT0000-10-0709-001,"Спортивный проезд, земельный участок 6А/2",спортивный проезд земельный участок 6а/2,,,,not_found,2026-07-08T22:59:18
rv,TT0000-10-0710-001,"улица Люблинская, д. 52, стр. 1",улица люблинская д 52 стр 1,,,,not_found,2026-07-08T22:59:19
rv,TT0000-10-0711-001,"проезд 2-й Тушинский, земельный участок 1",проезд 2-й тушинский земельный участок 1,,,,not_found,2026-07-08T22:59:21
rv,TT0000-10-0714-001,"ул. Красного маяка, вл. 26",ул красного маяка вл 26,55.6122188,37.5947305,nominatim,tertiary,2026-07-08T22:59:23
rv,TT0000-10-0715-002,"1-й Грайвороновский проезд, вл. 3А",1-й грайвороновский проезд вл 3а,55.7213387,37.725135,nominatim,secondary,2026-07-08T22:59:24
rv,TT0000-10-0721-001,"Куприна, земельный участок 3",куприна земельный участок 3,,,,not_found,2026-07-08T22:59:26
rv,TT0000-10-0730-001,"квартал 75, ул. Саларьевская",квартал 75 ул саларьевская,,,,not_found,2026-07-08T22:59:27
rv,TT0000-10-0730-002,"улица Саларьевская, земельный участок 13, улица Трёхполье, земельный участок 6",улица саларьевская земельный участок 13 улица трехполье земельный участок 6,,,,not_found,2026-07-08T22:59:29
rv,TT0000-10-0735-001,"ул. Изумрудная, з/у 44/1",ул изумрудная зу 44/1,,,,not_found,2026-07-08T22:59:31
rv,TT0000-10-0736-001,"улица Снежная, земельный участок 20А",улица снежная земельный участок 20а,,,,not_found,2026-07-08T22:59:32
rv,TT0000-10-0740-001,"улица Любучанская, земельный участок 2",улица любучанская земельный участок 2,,,,not_found,2026-07-08T22:59:34
rv,TT0000-10-0741-001,ул. Римского Корсакова,ул римского корсакова,55.8751287,37.6093132,nominatim,tertiary,2026-07-08T22:59:35
rv,TT0000-10-0743-001,"Огородный проезд, з/у 4/2",огородный проезд зу 4/2,,,,not_found,2026-07-08T22:59:37
rv,TT0000-10-0745-001,"вблизи дер. Столбово (кв. 160, з/у 1В)",вблизи дер столбово (кв. 160 зу 1в),,,,not_found,2026-07-08T22:59:38
rv,TT0000-10-0748-001,"улица Часовая, земельный участок 28/1",улица часовая земельный участок 28/1,,,,not_found,2026-07-08T22:59:40
rv,TT0000-10-0749-001,Вернадского 12Б,вернадского 12б,55.6768257,37.5002093,nominatim,administrative,2026-07-08T22:59:42
rv,TT0000-10-0751-001,Жигулевская ул. уч. 12/6,жигулевская ул уч 12/6,,,,not_found,2026-07-08T22:59:44
rv,TT0000-10-0753-001,вблизи дер. Большое Свинорье,вблизи дер большое свинорье,,,,not_found,2026-07-08T22:59:45
rv,TT0000-10-0753-002,"д Большое Свинорье, ш Боровское 62, К2",д большое свинорье ш боровское 62 к2,,,,not_found,2026-07-08T22:59:47
rv,TT0000-10-0754-001,ОАО Марьинская птицефабрика,оао марьинская птицефабрика,,,,not_found,2026-07-08T22:59:48
rv,TT0000-10-0765-001,"ул. Дербеневская, земельный участок 20А",ул дербеневская земельный участок 20а,,,,not_found,2026-07-08T22:59:50
rv,TT0000-10-0780-001,проезд Нижнелихоборский 3-й,проезд нижнелихоборский 3-й,55.8472002,37.5728654,nominatim,government,2026-07-08T22:59:51
rv,TT0000-10-0781-001,"Коммунарка, квартал 160, земельный участок 1В",коммунарка квартал 160 земельный участок 1в,,,,not_found,2026-07-08T22:59:54
rv,TT0000-10-0782-001,Чуйкова маршала ул. земельный участок 9/5/2,чуйкова маршала ул земельный участок 9/5/2,,,,not_found,2026-07-08T22:59:55
rv,TT0000-10-0783-001,"улица Зорге, земельный участок 23А",улица зорге земельный участок 23а,,,,not_found,2026-07-08T22:59:57
rv,TT0000-10-0788-001,"Рязанский пр-т, вл. 6А",рязанский пр-т вл 6а,,,,not_found,2026-07-08T22:59:59
rv,TT0000-10-0802-001,"Свободный пр-т, вл. 12",свободный пр-т вл 12,,,,not_found,2026-07-08T23:00:00
rv,TT0000-10-0812-001,"улица Чапаева, земельный участок 4",улица чапаева земельный участок 4,,,,not_found,2026-07-08T23:00:02
rv,TT0000-10-0826-001,проспект Рязанский,проспект рязанский,55.7187625,37.7859233,nominatim,post_office,2026-07-08T23:00:04
rv,TT0000-10-0828-002,1-й Грайвороновский проезд,1-й грайвороновский проезд,55.71955,37.7269049,nominatim,secondary,2026-07-08T23:00:06
rv,TT0000-10-0829-001,вблизи д. Большое Свинорье,вблизи д большое свинорье,,,,not_found,2026-07-08T23:00:07
rv,TT0000-10-0836-002,"пр-кт Мичуринский 72, К3",пр-кт мичуринский 72 к3,,,,not_found,2026-07-08T23:00:09
rv,TT0000-10-0838-001,"д. Зверево, уч. 101, д.5",д зверево уч 101 д5,,,,not_found,2026-07-08T23:00:11
rv,TT0000-10-0865-001,"Николая Старостина ул., з/у 8А",николая старостина ул зу 8а,,,,not_found,2026-07-08T23:00:12
rv,TT0000-10-0914-001,"ул. Летчика Полагушина, земельный участок 226/2",ул летчика полагушина земельный участок 226/2,,,,not_found,2026-07-08T23:00:14
rv,TT0000-11-0042-001,дер. Львово,дер львово,,,,not_found,2026-07-08T23:00:16
rv,TT0000-11-0060-001,"д Николо-Хованское, з/у 1029",д николо-хованское зу 1029,,,,not_found,2026-07-08T23:00:18
rv,TT0000-12-0006-001,"ПЗ Руднево, пр. пр. 287, 265, уч. № 2, 3",пз руднево пр пр 287 265 уч № 2 3,,,,not_found,2026-07-08T23:00:19
rv,TT0000-12-0024-001,"ПЗ Руднево, пр. пр. 287, пр. пр. внутреннего использования, уч. № 4, 5",пз руднево пр пр 287 пр пр внутреннего использования уч № 4 5,,,,not_found,2026-07-08T23:00:21
rv,TT0000-12-0048-003,"ул. Пехорская, з/у 7Б",ул пехорская зу 7б,,,,not_found,2026-07-08T23:00:23
rv,TT0000-12-0065-001,поселение Краснопахорское,поселение краснопахорское,,,,not_found,2026-07-08T23:00:24
rv,TT0000-12-0065-002,"поселение Краснопахорское, кв-л 61, з/у 1",поселение краснопахорское кв-л 61 зу 1,,,,not_found,2026-07-08T23:00:26
rv,TT0000-12-0065-003,"Краснопахорское, кв-л 61, з/у 1",краснопахорское кв-л 61 зу 1,,,,not_found,2026-07-08T23:00:27
rv,TT0000-12-0066-001,"Нагатинская наб., земельный участок 74, земельный участок 76",нагатинская наб. земельный участок 74 земельный участок 76,,,,not_found,2026-07-08T23:00:29
rv,TT0000-13-0173-001,Насосная станция второго подъема,насосная станция второго подъема,,,,not_found,2026-07-08T23:00:30
rv,TT0000-13-0636-001,Саларьево,саларьево,55.621922,37.4241868,nominatim,station,2026-07-08T23:00:32
rv,TT0000-13-0713-001,Нагатино-Садовники,нагатино-садовники,55.6746117,37.6454806,nominatim,administrative,2026-07-08T23:00:34
rv,TT0000-13-0838-002,"р-н Москворечье-Сабурово, р-н Царицыно",р-н москворечье-сабурово р-н царицыно,,,,not_found,2026-07-08T23:00:35
rv,TT0000-13-0974-001,"Проектируемый проезд № 661, № 1113, вл.1",проектируемый проезд № 661 № 1113 вл1,,,,not_found,2026-07-08T23:00:37
rv,TT0000-13-1423-001,"д. Рассудово, ул. Зелёная, влд. 1А",д рассудово ул зеленая влд. 1а,,,,not_found,2026-07-08T23:00:39
rv,TT0000-13-1470-001,"Москва, ЗАО, район Кунцево, вблизи Мякининской поймы",москва зао район кунцево вблизи мякининской поймы,,,,not_found,2026-07-08T23:00:41
rv,TT0000-13-1481-001,деревня Картмазово,деревня картмазово,55.6152685,37.3915064,nominatim,village,2026-07-08T23:00:43
rv,TT0000-13-1502-001,"дер. Середнево, ОАО «Марьинская птицефабрика», вблизи д. Середнево",дер середнево оао марьинская птицефабрика вблизи д середнево,,,,not_found,2026-07-08T23:00:44
rv,TT0000-14-0026-001,Рассказовка дер. уч. 13/2,рассказовка дер уч 13/2,,,,not_found,2026-07-08T23:00:46
rv,TT0000-14-0100-001,Люблинская ул. вл. 76 А,люблинская ул вл 76 а,,,,not_found,2026-07-08T23:00:47
rv,TT0000-14-0128-001,улица Люблинская,улица люблинская,55.6779974,37.738842,nominatim,primary,2026-07-08T23:00:49
rv,TT0000-14-0134-001,Барышиха ул. вл. 59,барышиха ул вл 59,55.8408283,37.3571565,nominatim,secondary,2026-07-08T23:00:51
rv,TT0000-14-0135-001,"6-я Радиальная ул., вл. 7, корп. 5.4",6-я радиальная ул вл 7 корп 5.4,,,,not_found,2026-07-08T23:00:52
rv,TT0000-14-0136-001,Варшавское ш.,варшавское ш,55.6085047,37.6081417,nominatim,primary,2026-07-08T23:00:54
rv,TT0000-14-0144-001,"Мичуринский пр-т, вл. 13/1",мичуринский пр-т вл 13/1,,,,not_found,2026-07-08T23:00:56
rv,TT0000-15-0069-001,"п. Рязановское, Щербинка",п. рязановское щербинка,,,,not_found,2026-07-08T23:00:57
rv,TT0000-15-0078-003,от ул.Каспийской до 1-го Котляковского пер. 2 Этап,от улкаспийской до 1-го котляковского пер 2 этап,,,,not_found,2026-07-08T23:00:59
rv,TT0000-15-0119-004,"ТПУ ""Ярославская"". Этап 1",тпу ярославская. этап 1,,,,not_found,2026-07-08T23:01:00
rv,TT0000-15-0242-001,Марьино,марьино,55.6500158,37.7431467,nominatim,station,2026-07-08T23:01:02
rv,TT0000-15-0397-003,"г. Москва, СЗАО, район Хорошево-Мневники",г. москва сзао район хорошево-мневники,,,,not_found,2026-07-08T23:01:04
rv,TT0000-15-0424-004,Алексеевский,алексеевский,55.8148783,37.6506684,nominatim,administrative,2026-07-08T23:01:05
rv,TT0000-15-0483-002,"Физическая ул., з/у 27",физическая ул зу 27,,,,not_found,2026-07-08T23:01:07
rv,TT0000-15-0508-002,район Московский,район московский,55.7022972,37.5317977,nominatim,university,2026-07-08T23:01:09
rv,TT0000-15-0524-001,Раменки,раменки,55.7018348,37.5041069,nominatim,administrative,2026-07-08T23:01:11
rv,TT0000-16-0006-001,район Черемушки,район черемушки,55.6635403,37.5610662,nominatim,administrative,2026-07-08T23:01:12
rv,TT0000-16-0016-002,ст. «Нижегородская улица» до ст. «Авиамоторная»,ст. нижегородская улица до ст. авиамоторная,,,,not_found,2026-07-08T23:01:14
rv,TT0000-16-0029-001,Нижегородская ул. 105,нижегородская ул 105,55.7371923,37.6907772,nominatim,primary,2026-07-08T23:01:16
rv,TT0000-16-0060-006,ст.«Каширская» до ст.«Карачарово»,ст.каширская до ст.карачарово,,,,not_found,2026-07-08T23:01:17
rv,TT0000-16-0060-007,ст. «Каширская» до ст. «Карачарово»,ст. каширская до ст. карачарово,,,,not_found,2026-07-08T23:01:19
rv,TT0000-16-0079-002,район Зюзино,район зюзино,55.6531418,37.5867464,nominatim,administrative,2026-07-08T23:01:20
rv,TT0000-16-0081-002,"Люблинско-Дмитровская линия, станция «Селигерская» - станция «Дмитровское шоссе» («Лианозово»)",люблинско-дмитровская линия станция селигерская - станция дмитровское шоссе (лианозово),,,,not_found,2026-07-08T23:01:22
rv,TT0000-16-0081-003,Люблинско-Дмитровская линия метрополитена,люблинско-дмитровская линия метрополитена,55.8422736,37.5775929,nominatim,construction,2026-07-08T23:01:23
rv,TT0000-16-0106-001,Станционный комплекс «Академическая»,станционный комплекс академическая,,,,not_found,2026-07-08T23:01:25
rv,TT0000-16-0106-002,Станционный комплекс «Вавиловская»,станционный комплекс вавиловская,,,,not_found,2026-07-08T23:01:26
rv,TT0000-16-0125-001,Калининско-Солнцевская линия метрополитена от станции метро «Рассказовка» до станции метро «Внуково»,калининско-солнцевская линия метрополитена от станции метро рассказовка до станции метро внуково,,,,not_found,2026-07-08T23:01:28
rv,TT0000-16-0167-003,ст. «Нижняя Масловка» - ст. «Авиамоторная»,ст. нижняя масловка - ст. авиамоторная,,,,not_found,2026-07-08T23:01:29
rv,TT0000-16-0200-002,Участок от ст. «Улица Новаторов» до ст. «Славянский мир»,участок от ст. улица новаторов до ст. славянский мир,,,,not_found,2026-07-08T23:01:31
rv,TT0000-99-0001-001,"г. Зеленоград, улица Конструктора Лукина, дом 14, строение 17",г. зеленоград улица конструктора лукина дом 14 строение 17,,,,not_found,2026-07-08T23:01:32
rv,TT0000-99-0049-002,Буденного просп. вл. 47Б/1,буденного просп. вл 47б/1,,,,not_found,2026-07-08T23:01:34
rv,TT0000-99-0091-002,"проспект Мира, дом 119",проспект мира дом 119,55.8333762,37.6346337,nominatim,yes,2026-07-08T23:01:36
rv,TT0000-99-0157-002,"Родниковая ул., влд. 4/1",родниковая ул влд. 4/1,,,,not_found,2026-07-08T23:01:37
rv,TT0000-99-0208-002,"ул. Артюхиной, вл. 26А, з/у 1",ул артюхиной вл 26а зу 1,,,,not_found,2026-07-08T23:01:39
rv,TT0000-99-0385-001,"улица Демьяна Бедного, земельный участок 22А",улица демьяна бедного земельный участок 22а,,,,not_found,2026-07-08T23:01:41
rv,TT0000-99-0393-001,"Бутырская улица, д. 1",бутырская улица д 1,55.7944429,37.5847084,nominatim,primary,2026-07-08T23:01:42
rv,TT0000-99-0427-001,"1-й Магистральный тупик, вл. 6а",1-й магистральный тупик вл 6а,55.7665796,37.531483,nominatim,tertiary,2026-07-08T23:01:44
rv,TT0000-99-0439-001,Промышленная,промышленная,55.8072287,37.4983079,nominatim,college,2026-07-08T23:01:45
rv,TT0000-99-0443-001,2-я Владимирская Дом 13 Корпус 1,2-я владимирская дом 13 корпус 1,,,,not_found,2026-07-08T23:01:47
rv,TT0000-99-0476-001,"ул. Оренбургская, земельный участок 4",ул оренбургская земельный участок 4,,,,not_found,2026-07-08T23:01:49
rv,TT0000-99-0701-001,"ул. Говорова, з/у 14/16",ул говорова зу 14/16,,,,not_found,2026-07-08T23:01:51
rv,TT0000-99-0806-001,"1-я Владимирская ул., вл. 47",1-я владимирская ул вл 47,55.7460611,37.7814027,nominatim,secondary,2026-07-08T23:01:53
rv,TT0000-99-0871-001,"ул. Гродненская, д.9",ул гродненская д9,55.7191305,37.4347412,nominatim,unclassified,2026-07-08T23:01:54
rv,TT0000-99-0873-001,"ул. Летчика Бабушкина, д. 42",ул летчика бабушкина д 42,55.8529294,37.6716174,nominatim,secondary,2026-07-08T23:01:56
rv,TT0000-99-0887-001,"ул. Николая Старостина, напротив влд. 8. Этап 1",ул николая старостина напротив влд. 8. этап 1,,,,not_found,2026-07-08T23:01:58
rv,TT0000-99-0907-001,"ул. 1-я Машинстроения, З/У 5",ул 1-я машинстроения зу 5,,,,not_found,2026-07-08T23:01:59
rv,TT0000-99-0924-001,"улица Остафьевская, корпус Г",улица остафьевская корпус г,,,,not_found,2026-07-08T23:02:01
rv,TT0000-99-0926-001,"кв-л Грайвороново 90А, корп.12",кв-л грайвороново 90а корп12,,,,not_found,2026-07-08T23:02:02
rv,TT0000-99-0940-001,Загорьевская ул. вл. 2/2,загорьевская ул вл 2/2,55.5801844,37.6796081,nominatim,tertiary,2026-07-08T23:02:04
rv,TT0000-99-0942-001,"Большая Филевская ул., д. 6А",большая филевская ул д 6а,55.7525499,37.5119353,nominatim,tertiary,2026-07-08T23:02:06
rv,TT0000-99-0975-001,Вернадского просп. 12Б,вернадского просп. 12б,55.6768257,37.5002093,nominatim,administrative,2026-07-08T23:02:07
rv,TT0000-99-0977-001,"Верхние Поля ул., вл. 19",верхние поля ул вл 19,,,,not_found,2026-07-08T23:02:09
rv,TT0000-99-1304-001,"Алтуфьевское ш., влд. 100",алтуфьевское ш влд. 100,,,,not_found,2026-07-08T23:02:11
rv,TT0000-99-1610-001,"проез Чечёрский, д. 28А",проез чечерский д 28а,,,,not_found,2026-07-08T23:02:12
rv,TT0000-99-1636-001,Клинская дом 24А,клинская дом 24а,,,,not_found,2026-07-08T23:02:14
rv,TT0000-99-1665-001,"Большой бульвар, дом 37",большой бульвар дом 37,,,,not_found,2026-07-08T23:02:15
rv,TT0000-99-1822-001,"Касимовская ул., влд. 39/2",касимовская ул влд. 39/2,,,,not_found,2026-07-08T23:02:17
rv,TT0000-99-1847-001,"11-я Парковая ул., земельный участок 55/1",11-я парковая ул земельный участок 55/1,,,,not_found,2026-07-08T23:02:19
rv,TT0000-99-1935-001,"улица Конструктора Лукина, дом 14, строение 16",улица конструктора лукина дом 14 строение 16,,,,not_found,2026-07-08T23:02:20
rv,TT0000-99-2072-001,Ставропольская улица дом 4/2,ставропольская улица дом 4/2,,,,not_found,2026-07-08T23:02:22
rv,TT0000-99-2075-001,"ул. Константина Федина, влд. 5",ул константина федина влд. 5,,,,not_found,2026-07-08T23:02:23
rv,TT0000-99-2392-001,"ул. 9-я Парковая, влд. 68/2/3",ул 9-я парковая влд. 68/2/3,,,,not_found,2026-07-08T23:02:26
rv,TT0000-99-2454-001,Утренняя ул. вл. 20 стр. 2,утренняя ул вл 20 стр 2,,,,not_found,2026-07-08T23:02:27
rv,TT0000-99-2554-001,"Дубравная ул., вл. 50/1",дубравная ул вл 50/1,,,,not_found,2026-07-08T23:02:29
rv,TT0000-99-2559-001,9-я ул. Соколиной Горы д.9,9-я ул соколиной горы д9,55.7726786,37.7361436,nominatim,tertiary,2026-07-08T23:02:31
rv,TT0000-99-2616-001,"ул. Лобачевского, з/у 28/36/2",ул лобачевского зу 28/36/2,,,,not_found,2026-07-08T23:02:33
rv,TT0000-99-2636-001,"п. Воскресенское, вл. 67А",п. воскресенское вл 67а,,,,not_found,2026-07-08T23:02:35
rv,TT0000-99-2789-001,Черепановых пр. вл. 56А,черепановых пр вл 56а,,,,not_found,2026-07-08T23:02:37
rv,TT0000-99-3117-001,"улица Часовая, вл. 27/12",улица часовая вл 27/12,,,,not_found,2026-07-08T23:02:39
rv,TT0000-99-3126-001,Анохина академика ул. земельный участок 40/2/2,анохина академика ул земельный участок 40/2/2,,,,not_found,2026-07-08T23:02:41
rv,TT0000-99-3176-001,"ул. Амурская, Корпус 9",ул амурская корпус 9,,,,not_found,2026-07-08T23:02:42
rv,TT0000-99-3483-001,"Волгоградский проспект, земельный участок 101/2",волгоградский проспект земельный участок 101/2,,,,not_found,2026-07-08T23:02:44
rv,TT0000-99-3519-001,"Зеленодольская ул. вл. 30, з/у 1",зеленодольская ул вл 30 зу 1,,,,not_found,2026-07-08T23:02:46
rv,TT0000-99-3758-001,"9-я Северная Линия, земельный участок 3",9-я северная линия земельный участок 3,,,,not_found,2026-07-08T23:02:47
rv,TT0000-99-3808-001,"ул. Новогиреевская, вл. 24А",ул новогиреевская вл 24а,,,,not_found,2026-07-08T23:02:49
rv,TT0000-99-3836-001,"Раменский бульвар, дом 1",раменский бульвар дом 1,55.6949765,37.5073707,nominatim,tertiary,2026-07-08T23:02:50
rv,TT0000-99-3935-001,"улица Константина Федина, вл. 3",улица константина федина вл 3,55.8065524,37.7977201,nominatim,residential,2026-07-08T23:02:52
rv,TT0000-99-4043-001,5-я улица Соколиной Горы,5-я улица соколиной горы,55.7654052,37.742661,nominatim,residential,2026-07-08T23:02:54
rv,TT0000-99-4113-001,"Багратионовский проезд, земельный участок 10",багратионовский проезд земельный участок 10,,,,not_found,2026-07-08T23:02:56
rv,TT0000-99-4153-001,Строительство дублера Боровского шоссе,строительство дублера боровского шоссе,,,,not_found,2026-07-08T23:02:58
rv,TT0000-99-4330-001,"Новоясеневский проспект, д. 26",новоясеневский проспект д 26,55.6051985,37.5373052,nominatim,secondary,2026-07-08T23:02:59
rv,TT0000-99-4403-001,"ул. Кастанаевская, вл. 32, к.1",ул кастанаевская вл 32 к1,,,,not_found,2026-07-08T23:03:01
rv,TT0000-99-4500-001,Волгоградский просп. вл. 155,волгоградский просп. вл 155,,,,not_found,2026-07-08T23:03:03
rv,TT0000-99-4673-001,"2-й кв. Капотня, вл. 21",2-й кв. капотня вл 21,,,,not_found,2026-07-08T23:03:05
rv,TT0000-99-4977-001,"бульвар Ореховый, ул. Ясеневая",бульвар ореховый ул ясеневая,,,,not_found,2026-07-08T23:03:07
rv,TT0000-99-5008-001,"поселение Сосенское, квартал 39, земельный участок 1К",поселение сосенское квартал 39 земельный участок 1к,,,,not_found,2026-07-08T23:03:08
rv,TT0000-99-5037-001,"2-й Лихачевский переулок, з/у 4",2-й лихачевский переулок зу 4,,,,not_found,2026-07-08T23:03:10
rv,TT0000-99-5262-001,"3-я Владимирская ул., вл. 23",3-я владимирская ул вл 23,55.7613426,37.7863853,nominatim,tertiary,2026-07-08T23:03:12
rv,TT0000-99-5316-001,"ул. Академика Скрябина, вл. 3 (вл. 3/1)",ул академика скрябина вл 3 (вл 3/1),,,,not_found,2026-07-08T23:03:14
rv,TT0000-99-5348-001,"3-я Гражданская, вл. 35",3-я гражданская вл 35,,,,not_found,2026-07-08T23:03:17
rv,TT0000-99-5356-001,пересечение Кутузовского шоссе и проектируемого пр-д 809,пересечение кутузовского шоссе и проектируемого пр-д 809,,,,not_found,2026-07-08T23:03:19
rv,TT0000-99-5602-001,"проспект Вернадского, з/у 12Б",проспект вернадского зу 12б,,,,not_found,2026-07-08T23:03:21
rv,TT0000-99-5635-001,Годовикова ул. д. 10,годовикова ул д 10,55.8036722,37.6311746,nominatim,tertiary,2026-07-08T23:03:22
rv,TT0000-99-5641-001,"ул. Никитина, вл. 7",ул никитина вл 7,55.6050114,37.3566358,nominatim,tertiary,2026-07-08T23:03:24
rv,TT0000-99-5727-001,"ул. Клязьминская, д. 28А",ул клязьминская д 28а,,,,not_found,2026-07-08T23:03:26
rv,TT0000-99-5781-001,"Судостроительная улица, вл. 5",судостроительная улица вл 5,55.6820448,37.6787001,nominatim,tertiary,2026-07-08T23:03:27
rv,TT0000-99-5835-001,"Люблинская ул., вл. 113, корп. 3",люблинская ул вл 113 корп 3,,,,not_found,2026-07-08T23:03:29
rv,TT0000-99-5960-001,"Радужная улица, земельный участок 15/3",радужная улица земельный участок 15/3,,,,not_found,2026-07-08T23:03:31
rv,TT0000-99-5967-001,ТПУ«Терешково»,тпутерешково,,,,not_found,2026-07-08T23:03:33
rv,TT0000-99-6056-001,"ул. Тюменская, влд. 5",ул тюменская влд. 5,,,,not_found,2026-07-08T23:03:34
rv,TT0000-99-6088-001,"ул. Ереванская, з/у 6/2",ул ереванская зу 6/2,,,,not_found,2026-07-08T23:03:36
rv,TT0000-99-6145-004,пересечение 2-ой Бауманской уд. и Бригадирского пер.,пересечение 2-ой бауманской уд. и бригадирского пер,,,,not_found,2026-07-08T23:03:37
rv,TT0000-99-6185-001,"ул. Анненская, д.6",ул анненская д6,55.8047034,37.6100712,nominatim,tertiary,2026-07-08T23:03:39
rv,TT0000-99-6208-001,"посёлок Шишкин Лес, дом 35А",поселок шишкин лес дом 35а,,,,not_found,2026-07-08T23:03:41
rv,TT0000-99-6415-001,"ул. Окская, д.3А",ул окская д3а,55.7161555,37.771672,nominatim,secondary,2026-07-08T23:03:43
rv,TT0000-99-6444-001,поселение Мосрентген,поселение мосрентген,,,,not_found,2026-07-08T23:03:44
rv,TT0000-99-6452-001,"улица Олеко Дундича, вл. 31/35",улица олеко дундича вл 31/35,,,,not_found,2026-07-08T23:03:47
rv,TT0000-99-6472-001,Улица Дмитрия Ульянова влд.47,улица дмитрия ульянова влд.47,,,,not_found,2026-07-08T23:03:48
rv,TT0000-99-6541-001,"Бескудниковский бульвар, влд. 52",бескудниковский бульвар влд. 52,,,,not_found,2026-07-08T23:03:50
rv,TT0000-99-6595-001,"ул. Красных Зорь, дом 23",ул красных зорь дом 23,55.7262991,37.4351386,nominatim,tertiary,2026-07-08T23:03:51
rv,TT0000-99-6658-001,Энтузиастов шоссе вл. 86,энтузиастов шоссе вл 86,,,,not_found,2026-07-08T23:03:53
rv,TT0000-99-6702-001,ул. Пивченкова з/у 1,ул пивченкова зу 1,55.736031,37.4762537,nominatim,residential,2026-07-08T23:03:55
rv,TT0000-99-6800-001,"Дмитровское шоссе, квартал 95, 55А",дмитровское шоссе квартал 95 55а,,,,not_found,2026-07-08T23:03:56
rv,TT0000-99-6826-001,"ул. Пресненский Вал, вл. 27, корп. 1.1",ул пресненский вал вл 27 корп 1.1,,,,not_found,2026-07-08T23:03:58
rv,TT0000-99-6843-001,Участок ГРП «Десна» - СНТ «Ракитки»,участок грп десна - снт ракитки,,,,not_found,2026-07-08T23:03:59
rv,TT0000-99-6992-001,"ул. Горбунова, вл. 11/3",ул горбунова вл 11/3,,,,not_found,2026-07-08T23:04:01
rv,TT0000-99-7060-001,"ул. Давыдковская, д. 10",ул давыдковская д 10,55.7212366,37.4706335,nominatim,tertiary,2026-07-08T23:04:03
rv,TT0000-99-7159-001,"Люблинская ул., вл. 111, стр. 3",люблинская ул вл 111 стр 3,,,,not_found,2026-07-08T23:04:05
rv,TT0000-99-7426-001,"Балаклавский проспект, зу 33/3",балаклавский проспект зу 33/3,,,,not_found,2026-07-08T23:04:07
rv,TT0000-99-7587-001,"ул. Синявинская, д. 1Б",ул синявинская д 1б,,,,not_found,2026-07-08T23:04:09
rv,TT0000-99-7595-008,"Москва, п. Сосенское, п. Коммунарка",москва п. сосенское п. коммунарка,,,,not_found,2026-07-08T23:04:10
rv,TT0000-99-7601-001,"Королева Академика, вл. 21",королева академика вл 21,55.8242486,37.5940059,nominatim,residential,2026-07-08T23:04:12
rv,TT0000-99-7605-001,"Никитинская улица, земельный участок 21/1/3",никитинская улица земельный участок 21/1/3,,,,not_found,2026-07-08T23:04:14
rv,TT0000-99-7612-002,"Алтуфьевское шоссе, земельный участок 51/53",алтуфьевское шоссе земельный участок 51/53,,,,not_found,2026-07-08T23:04:16
rv,TT0000-99-7637-001,"Михалковская улица, дом 48, корпус 3",михалковская улица дом 48 корпус 3,,,,not_found,2026-07-08T23:04:17
rv,TT0000-99-7645-001,Энтузиастов 2-я ул. вл. 5а,энтузиастов 2-я ул вл 5а,,,,not_found,2026-07-08T23:04:19
rv,TT0000-99-7651-001,"Станция метро ""Новаторская"" - станция метро ""Бачуринская""",станция метро новаторская - станция метро бачуринская,,,,not_found,2026-07-08T23:04:20
rv,TT0000-99-7652-001,"Яблочкова, земельный участок 26А",яблочкова земельный участок 26а,,,,not_found,2026-07-08T23:04:22
rv,TT0000-99-7658-001,"Волгоградский проспект, З/У 107/4",волгоградский проспект зу 107/4,,,,not_found,2026-07-08T23:04:23
rv,TT0000-99-7660-001,Радиальная 6-я ул. вл. 7 корп. 5.1,радиальная 6-я ул вл 7 корп 5.1,,,,not_found,2026-07-08T23:04:25
rv,TT0000-99-7671-001,"ул. Лобненская, вл. 10",ул лобненская вл 10,55.8892003,37.5337011,nominatim,tertiary,2026-07-08T23:04:27
rv,TT0000-99-7672-001,"ул. Новохохловская, земельный участок 15/2",ул новохохловская земельный участок 15/2,,,,not_found,2026-07-08T23:04:28
rv,TT0000-99-7681-002,район Даниловский,район даниловский,55.7175334,37.6433584,nominatim,station,2026-07-08T23:04:30
rv,TT0000-99-7695-001,"Илимская ул., вл. 5",илимская ул вл 5,55.8912231,37.5773072,nominatim,tertiary,2026-07-08T23:04:32
rv,TT0000-99-7697-001,"Отрадный пр., земельный участок 6/1",отрадный пр земельный участок 6/1,,,,not_found,2026-07-08T23:04:33
rv,TT0000-99-7702-001,"ул. Павла Корчагина, вл. 7",ул павла корчагина вл 7,55.8206437,37.6641308,nominatim,tertiary,2026-07-08T23:04:35
rv,TT0000-99-7710-001,"улица Полбина, влд. 37",улица полбина влд. 37,,,,not_found,2026-07-08T23:04:37
rv,TT0000-99-7712-001,"улица Малая Юшуньская, земельный участок 12/1",улица малая юшуньская земельный участок 12/1,,,,not_found,2026-07-08T23:04:38
rv,TT0000-99-7747-001,"Окружная улица, 2А",окружная улица 2а,55.8433402,37.4020013,nominatim,parking,2026-07-08T23:04:40
rv,TT0000-99-7750-001,"Мироновская, земельный участок 32В/1",мироновская земельный участок 32в/1,,,,not_found,2026-07-08T23:04:41
rv,TT0000-99-7751-001,"Лосевская улица, земельный участок 3А",лосевская улица земельный участок 3а,,,,not_found,2026-07-08T23:04:43
rv,TT0000-99-7754-001,"улица Совхозная, земельный участок 55/2 (участок 21.1)",улица совхозная земельный участок 55/2 (участок 21.1),,,,not_found,2026-07-08T23:04:45
rv,TT0000-99-7757-001,"улица Маршала Чуйкова, земельный участок 9/5/3",улица маршала чуйкова земельный участок 9/5/3,,,,not_found,2026-07-08T23:04:47
rv,TT0000-99-7761-001,"Нагатинская ул, вл.1",нагатинская ул вл1,55.6783778,37.6505927,nominatim,tertiary,2026-07-08T23:04:49
rv,TT0000-99-7767-001,"улица Юных Ленинцев, земельный участок 44А",улица юных ленинцев земельный участок 44а,,,,not_found,2026-07-08T23:04:50
rv,TT0000-99-7768-001,"улица Академика Скрябина, земельный участок 40 (участки 13.1 и 13.2)",улица академика скрябина земельный участок 40 (участки 13.1 и 13.2),,,,not_found,2026-07-08T23:04:52
rv,TT0000-99-7770-001,"улица Херсонская, земельный участок 10/1",улица херсонская земельный участок 10/1,,,,not_found,2026-07-08T23:04:53
rv,TT0000-99-7782-001,"пер. Посланников, д.18, строен.5",пер посланников д18 строен.5,,,,not_found,2026-07-08T23:04:55
rv,TT0000-99-7783-001,"Краснобогатырская ул., вблизи вл. 38",краснобогатырская ул вблизи вл 38,,,,not_found,2026-07-08T23:04:57
rv,TT0000-99-7788-001,"Карельский бульвар, з/у 14/16, К.6",карельский бульвар зу 14/16 к6,,,,not_found,2026-07-08T23:04:59
rv,TT0000-99-7789-001,Кавказский бульвар,кавказский бульвар,55.628337,37.6597953,nominatim,primary,2026-07-08T23:05:01
rv,TT0000-99-7792-001,Шоссе Коровинское Земельный участок 29,шоссе коровинское земельный участок 29,,,,not_found,2026-07-08T23:05:03
rv,TT0000-99-7793-001,"переулок 3-й Михалковский, земельный участок 17/19/1",переулок 3-й михалковский земельный участок 17/19/1,,,,not_found,2026-07-08T23:05:05
rv,TT0000-99-7794-001,"Тайнинская ул., вл. 11",тайнинская ул вл 11,55.8828453,37.6852568,nominatim,secondary,2026-07-08T23:05:06
rv,TT0000-99-7795-001,"Измайловский б-р, вл.71/25",измайловский б-р вл71/25,,,,not_found,2026-07-08T23:05:08
rv,TT0000-99-7802-001,"улица Бочкова, земельный участок 11А/1",улица бочкова земельный участок 11а/1,,,,not_found,2026-07-08T23:05:10
rv,TT0000-99-7809-001,"11-я Парковая ул., вл. 53",11-я парковая ул вл 53,55.809044,37.8047968,nominatim,residential,2026-07-08T23:05:12
rv,TT0000-99-7813-001,"Ереванская ул., 4",ереванская ул 4,55.6302766,37.667528,nominatim,apartments,2026-07-08T23:05:13
rv,TT0000-99-7814-001,"ул. Кантемировская, 43",ул кантемировская 43,55.6367629,37.6821392,nominatim,secondary,2026-07-08T23:05:15
rv,TT0000-99-7815-001,"ул. Кантемировская, земельный участок 35",ул кантемировская земельный участок 35,,,,not_found,2026-07-08T23:05:16
rv,TT0000-99-7820-001,"Парковая ул., вл. 7 (зона № 2.1)",парковая ул вл 7 (зона № 2.1),,,,not_found,2026-07-08T23:05:18
rv,TT0000-99-7822-001,"Генерала Глаголева ул., уч.9",генерала глаголева ул уч 9,,,,not_found,2026-07-08T23:05:20
rv,TT0000-99-7826-001,"ул. Авиационная, з/у 14",ул авиационная зу 14,,,,not_found,2026-07-08T23:05:22
rv,TT0000-99-7828-001,"Заводская ул, 14",заводская ул 14,55.4962496,37.5567313,nominatim,house,2026-07-08T23:05:24
rv,TT0000-99-7829-001,"ул. Заводская, земельный участок 10",ул заводская земельный участок 10,,,,not_found,2026-07-08T23:05:25
rv,TT0000-99-7835-001,"Черноморский б-р, д.20 (участок 6.1)",черноморский б-р д20 (участок 6.1),,,,not_found,2026-07-08T23:05:27
rv,TT0000-99-7845-001,"Бескудниковский б-р, зу 50",бескудниковский б-р зу 50,,,,not_found,2026-07-08T23:05:29
rv,TT0000-99-7847-001,"Лобненская, земельный участок 9А",лобненская земельный участок 9а,,,,not_found,2026-07-08T23:05:31
rv,TT0000-99-7848-001,"ул. Михалковская, д. 10",ул михалковская д 10,55.8376768,37.5114605,nominatim,tertiary,2026-07-08T23:05:32
rv,TT0000-99-7851-001,"Старокоптевский пер., д. 7, стр. 15",старокоптевский пер д 7 стр 15,,,,not_found,2026-07-08T23:05:34
rv,TT0000-99-7852-001,"3-я Институтская улица, земельный участок 4/1",3-я институтская улица земельный участок 4/1,,,,not_found,2026-07-08T23:05:36
rv,TT0000-99-7856-001,"ул.Михайлова, земельный участок 15",улмихайлова земельный участок 15,,,,not_found,2026-07-08T23:05:37
rv,TT0000-99-7857-001,"Фрезер ш., вл. 17, стр. 1, 2",фрезер ш вл 17 стр 1 2,,,,not_found,2026-07-08T23:05:39
rv,TT0000-99-7863-001,"ул. Севанская, вл. 60",ул севанская вл 60,55.6199236,37.6640805,nominatim,tertiary,2026-07-08T23:05:40
rv,TT0000-99-7870-001,"ул. Спортивная, д. 1, 3, 5",ул спортивная д 1 3 5,,,,not_found,2026-07-08T23:05:42
rv,TT0000-99-7874-001,"улица Свободы, земельный участок 69 (Свободы ул., вл.69)",улица свободы земельный участок 69 (свободы ул вл69),,,,not_found,2026-07-08T23:05:43
rv,TT0000-99-7877-001,"мкр. 4, б-р Яна Райниса, вл.2, к 2,3",мкр. 4 б-р яна райниса вл2 к 2 3,,,,not_found,2026-07-08T23:05:46
rv,TT0000-99-7885-001,"ул. Амурская, земельный участок 1 А",ул амурская земельный участок 1 а,,,,not_found,2026-07-08T23:05:48
rv,TT0000-99-7888-001,"улица Амурская, земельный участок 1/11 (зоны 3.1, 3.2)",улица амурская земельный участок 1/11 (зоны 3.1 3.2),,,,not_found,2026-07-08T23:05:50
rv,TT0000-99-7890-001,"ул. Заречная , вл. 5",ул заречная вл 5,55.5281831,37.4933052,nominatim,residential,2026-07-08T23:05:53
rv,TT0000-99-7894-001,Щукинская ул. уч. 7Б,щукинская ул уч 7б,,,,not_found,2026-07-08T23:05:55
rv,TT0000-99-7904-001,"лица Юных Ленинцев, земельный участок 97/12/3",лица юных ленинцев земельный участок 97/12/3,,,,not_found,2026-07-08T23:05:57
rv,TT0000-99-7915-001,"Барклая ул., вл. 6",барклая ул вл 6,55.7401141,37.5038266,nominatim,secondary,2026-07-08T23:05:58
rv,TT0000-99-7918-001,Перовская ул. д. 40А,перовская ул д 40а,55.7446949,37.8111035,nominatim,secondary,2026-07-08T23:06:01
rv,TT0000-99-7920-001,"ул. Юных Ленинцев, земельный участок 40/3",ул юных ленинцев земельный участок 40/3,,,,not_found,2026-07-08T23:06:02
rv,TT0000-99-7928-001,"ул. Кусковская, зу 12/1",ул кусковская зу 12/1,,,,not_found,2026-07-08T23:06:04
rv,TT0000-99-7929-001,"Люблинская улица, вл. 121/1",люблинская улица вл 121/1,,,,not_found,2026-07-08T23:06:05
rv,TT0000-99-7930-001,"Булатниковский пр-д, земельный участок 2В/2",булатниковский пр-д земельный участок 2в/2,,,,not_found,2026-07-08T23:06:07
rv,TT0000-99-7939-001,"Севастопольский проспект, дом 46А",севастопольский проспект дом 46а,,,,not_found,2026-07-08T23:06:09
rv,TT0000-99-7940-001,"улица Бехтерева, земельный участок 25/49/1",улица бехтерева земельный участок 25/49/1,,,,not_found,2026-07-08T23:06:10
rv,TT0000-99-7944-001,"улица Изумрудная, земельный участок 44/2",улица изумрудная земельный участок 44/2,,,,not_found,2026-07-08T23:06:12
rv,TT0000-99-7946-001,"Рязанский проспект, з/у 49А",рязанский проспект зу 49а,,,,not_found,2026-07-08T23:06:14
rv,TT0000-99-7949-001,"улица Краснодонская, земельный участок 18А (улица Краснодарская, земельный участок 18)",улица краснодонская земельный участок 18а (улица краснодарская земельный участок 18),,,,not_found,2026-07-08T23:06:15
rv,TT0000-99-7953-001,"ул. Гарибальди, зу 17/2",ул гарибальди зу 17/2,,,,not_found,2026-07-08T23:06:17
rv,TT0000-99-7963-001,"ул Профсоюзная, земельный участок 32/1",ул профсоюзная земельный участок 32/1,,,,not_found,2026-07-08T23:06:19
rv,TT0000-99-7966-001,"Ярославская улица, земельный участок 2/1",ярославская улица земельный участок 2/1,,,,not_found,2026-07-08T23:06:20
rv,TT0000-99-7968-001,"ул. 15-я Парковая, з/у 46/1А",ул 15-я парковая зу 46/1а,,,,not_found,2026-07-08T23:06:22
rv,TT0000-99-7977-001,"1-ая Мясниковская улица, земельный участок 16А (участок 2.1)",1-ая мясниковская улица земельный участок 16а (участок 2.1),,,,not_found,2026-07-08T23:06:24
rv,TT0000-99-7983-001,"Симферопольский проезд, д. 7",симферопольский проезд д 7,55.6637956,37.6140905,nominatim,secondary,2026-07-08T23:06:25
rv,TT0000-99-7990-001,"улица Гарибальди, участок 26",улица гарибальди участок 26,,,,not_found,2026-07-08T23:06:27
rv,TT0000-99-7995-001,"улица Долгопрудная, земельный участок 3/5 (зона 13.1)",улица долгопрудная земельный участок 3/5 (зона 13.1),,,,not_found,2026-07-08T23:06:29
rv,TT0000-99-7996-001,"Булатниковский пр., земельный участок 2Б/1",булатниковский пр земельный участок 2б/1,,,,not_found,2026-07-08T23:06:31
rv,TT0000-99-8015-001,"улица Героев Панфиловцев, вл. 39, корп. 2",улица героев панфиловцев вл 39 корп 2,,,,not_found,2026-07-08T23:06:32
rv,TT0000-99-8029-001,"ул. Ташкентская, з/у 15",ул ташкентская зу 15,,,,not_found,2026-07-08T23:06:34
rv,TT0000-99-8033-001,"ул. Онежская, земельный участок 33",ул онежская земельный участок 33,,,,not_found,2026-07-08T23:06:35
rv,TT0000-99-8051-001,"улица Люблинская, земельный участок 111/2/1",улица люблинская земельный участок 111/2/1,,,,not_found,2026-07-08T23:06:37
rv,TT0000-99-8067-001,"ул. Астрадамская, вл. 15, корпус 2",ул астрадамская вл 15 корпус 2,,,,not_found,2026-07-08T23:06:39
rv,TT0000-99-8075-001,"Сиреневый бульвар, земельный участок 4/12А",сиреневый бульвар земельный участок 4/12а,,,,not_found,2026-07-08T23:06:41
rv,TT0000-99-8076-001,"Сиреневый бульвар, земельный участок 4/9 ( участок 6.2)",сиреневый бульвар земельный участок 4/9 ( участок 6.2),,,,not_found,2026-07-08T23:06:42
rv,TT0000-99-8086-001,"Волгоградский проспект, земельный участок 161/2/1",волгоградский проспект земельный участок 161/2/1,,,,not_found,2026-07-08T23:06:44
rv,TT0000-99-8089-001,"Проспект Вернадского, з/у 75/2",проспект вернадского зу 75/2,,,,not_found,2026-07-08T23:06:46
rv,TT0000-99-8091-001,"ул. Героев Панфиловцев, земельный участок 49",ул героев панфиловцев земельный участок 49,,,,not_found,2026-07-08T23:06:47
rv,TT0000-99-8093-001,"ул. Ветлужская, д. 4А",ул ветлужская д 4а,55.7196718,37.8610798,nominatim,residential,2026-07-08T23:06:49
rv,TT0000-99-8159-001,Специальные объекты,специальные объекты,,,,not_found,2026-07-08T23:06:50
rv,TT0000-99-8165-001,Перовское шоссе уч. 2,перовское шоссе уч 2,55.7347583,37.7421318,nominatim,tertiary,2026-07-08T23:06:52
rv,TT0000-99-8174-001,"Волгоградский, д. 42, корп. 8",волгоградский д 42 корп 8,,,,not_found,2026-07-08T23:06:53
rv,TT0000-99-8216-001,Главмосстрой з/у 1,главмосстрой зу 1,,,,not_found,2026-07-08T23:06:55
rv,TT0000-99-8221-001,Проспект Вернадского 12 Б,проспект вернадского 12 б,55.6768257,37.5002093,nominatim,administrative,2026-07-08T23:06:56
rv,TT0000-99-8236-001,"пос. Шишкин Лес, дом 1",пос шишкин лес дом 1,,,,not_found,2026-07-08T23:06:58
rv,TT0000-99-8269-001,"Люблинская улица, з/у 72",люблинская улица зу 72,,,,not_found,2026-07-08T23:07:00
rv,TT0000-99-8281-001,"улица Шумилова, земельный участок 26",улица шумилова земельный участок 26,,,,not_found,2026-07-08T23:07:01
rv,TT0000-99-8288-001,"ул. Оренбургская, вл. 30",ул оренбургская вл 30,55.7134046,37.859288,nominatim,residential,2026-07-08T23:07:03
rv,TT0000-99-8316-001,"Пехорская улица, земельный участок 1Б",пехорская улица земельный участок 1б,,,,not_found,2026-07-08T23:07:05
rv,rv_2506,ИЖС,ижс,55.5702958,37.1284207,nominatim,allotments,2026-07-08T23:07:06
oks,FJ6143-13-0001-001,"Поселение Киевский, Рабочий поселок Киевский Земельный участок 13А",поселение киевский рабочий поселок киевский земельный участок 13а,,,,not_found,2026-07-08T23:07:08
oks,FJ7400-10-0001-024,"Вышгородская улица, дом 4",вышгородская улица дом 4,,,,not_found,2026-07-08T23:07:09
oks,FJ7606-10-0002-087,"д. Зверево, уч. 102",д зверево уч 102,,,,not_found,2026-07-08T23:07:11
oks,FJ7606-10-0002-088,"д. Зверево, уч. 103",д зверево уч 103,,,,not_found,2026-07-08T23:07:12
oks,FJ7606-10-0002-091,"д. Зверево, уч. 104",д зверево уч 104,,,,not_found,2026-07-08T23:07:14
oks,FJ7606-10-0002-092,"д. Зверево, уч. 105",д зверево уч 105,,,,not_found,2026-07-08T23:07:15
oks,FJ7606-10-0002-093,"д. Зверево, уч. 106",д зверево уч 106,,,,not_found,2026-07-08T23:07:17
oks,FJ7606-10-0002-094,"д. Зверево, уч. 107",д зверево уч 107,,,,not_found,2026-07-08T23:07:19
oks,FJ7606-10-0002-095,"д. Зверево, уч. 108",д зверево уч 108,,,,not_found,2026-07-08T23:07:20
oks,FJ7606-10-0002-096,"д. Зверево, уч. 109",д зверево уч 109,,,,not_found,2026-07-08T23:07:22
oks,FJ7606-10-0002-097,"д. Зверево, уч. 110",д зверево уч 110,,,,not_found,2026-07-08T23:07:23
oks,FJ7606-10-0002-098,"д. Зверево, уч. 111",д зверево уч 111,,,,not_found,2026-07-08T23:07:25
oks,FJ7606-10-0002-099,"д. Зверево, уч. 112",д зверево уч 112,,,,not_found,2026-07-08T23:07:26
oks,FJ7606-10-0002-100,"д. Зверево, уч. 113",д зверево уч 113,,,,not_found,2026-07-08T23:07:28
oks,FJ7606-10-0002-101,"д. Зверево, уч. 114",д зверево уч 114,,,,not_found,2026-07-08T23:07:30
oks,FJ7606-10-0002-102,"д. Зверево, уч. 115",д зверево уч 115,,,,not_found,2026-07-08T23:07:32
oks,FJ7606-10-0002-103,"д. Зверево, уч. 116",д зверево уч 116,,,,not_found,2026-07-08T23:07:33
oks,FJ7606-10-0002-104,"д. Зверево, уч. 117",д зверево уч 117,,,,not_found,2026-07-08T23:07:35
oks,FJ7606-10-0002-105,"д. Зверево, уч. 118",д зверево уч 118,,,,not_found,2026-07-08T23:07:36
oks,FJ7606-10-0002-106,"д. Зверево, уч. 119",д зверево уч 119,,,,not_found,2026-07-08T23:07:38
oks,FJ7606-10-0002-107,"д. Зверево, уч. 120",д зверево уч 120,,,,not_found,2026-07-08T23:07:39
oks,FJ7606-10-0002-108,"д. Зверево, уч. 121",д зверево уч 121,,,,not_found,2026-07-08T23:07:41
oks,FJ7606-10-0002-109,"д. Зверево, уч. 122",д зверево уч 122,,,,not_found,2026-07-08T23:07:43
oks,FJ7606-10-0002-110,"д. Зверево, уч. 123",д зверево уч 123,,,,not_found,2026-07-08T23:07:44
oks,FJ7606-10-0002-111,"д. Зверево, уч. 124",д зверево уч 124,,,,not_found,2026-07-08T23:07:46
oks,FJ7606-10-0002-112,"д. Зверево, уч. 125",д зверево уч 125,,,,not_found,2026-07-08T23:07:48
oks,FJ7606-10-0002-113,"д. Зверево, уч. 126",д зверево уч 126,,,,not_found,2026-07-08T23:07:50
oks,FJ7606-10-0002-114,"д. Зверево, уч. 127",д зверево уч 127,,,,not_found,2026-07-08T23:07:51
oks,FJ7606-10-0002-115,"д. Зверево, уч. 128",д зверево уч 128,,,,not_found,2026-07-08T23:07:53
oks,FJ7606-10-0002-116,"д. Зверево, уч. 129",д зверево уч 129,,,,not_found,2026-07-08T23:07:54
oks,FJ7606-10-0002-117,"д. Зверево, уч. 130",д зверево уч 130,,,,not_found,2026-07-08T23:07:56
oks,FJ7606-10-0002-118,"д. Зверево, уч. 131",д зверево уч 131,,,,not_found,2026-07-08T23:07:57
oks,FJ7606-10-0002-119,"д. Зверево, уч. 132",д зверево уч 132,,,,not_found,2026-07-08T23:07:59
oks,FJ7606-10-0002-120,"д. Зверево, уч. 133",д зверево уч 133,,,,not_found,2026-07-08T23:08:00
oks,FJ7606-10-0002-121,"д. Зверево, уч. 134",д зверево уч 134,,,,not_found,2026-07-08T23:08:02
oks,GF4392-12-0002-001,"Силино, ОЭЗ ""Алабушево""",силино оэз алабушево,,,,not_found,2026-07-08T23:08:04
oks,GF4394-12-0002-001,"территория ОЭЗ ""Технополис Москва"", площадка ""Алабушево""",территория оэз технополис москва площадка алабушево,,,,not_found,2026-07-08T23:08:05
oks,GF4493-12-0002-002,"г Зеленоград, пр-кт Генерала Алексеева 50",г зеленоград пр-кт генерала алексеева 50,,,,not_found,2026-07-08T23:08:07
oks,GF4495-12-0001-001,"Силино, территория Алабушево",силино территория алабушево,,,,not_found,2026-07-08T23:08:09
oks,GF4495-12-0002-001,"проезд № 684, дом 4А, территория Алабушево",проезд № 684 дом 4а территория алабушево,,,,not_found,2026-07-08T23:08:10
oks,GF4496-12-0001-001,"территория Алабушево, пр-д 684, 2А, стр. 1",территория алабушево пр-д 684 2а стр 1,,,,not_found,2026-07-08T23:08:12
oks,GF4594-12-0001-001,"территория Алабушево, проезд № 4803, дом 25, стр.1",территория алабушево проезд № 4803 дом 25 стр1,,,,not_found,2026-07-08T23:08:14
oks,GF4594-12-0001-002,"территория Алабушево, проезд № 4803, дом 25, стр. 1",территория алабушево проезд № 4803 дом 25 стр 1,,,,not_found,2026-07-08T23:08:15
oks,GF4599-17-0001-003,"город Москва, вн.тер.г. муниципальный округ Красносельский, проезд Комсомольской Площади, земельный участок 5/3",город москва вн.тер.г. муниципальный округ красносельский проезд комсомольской площади земельный участок 5/3,,,,not_found,2026-07-08T23:08:17
oks,GF4793-12-0001-001,"проспект Генерала Алексеева , вл.17-19,",проспект генерала алексеева вл17-19 ,,,,not_found,2026-07-08T23:08:19
oks,GF4797-12-0003-001,"территория ОЭЗ ""Технополис ""Москва"", участок № 16, площадка ""Алабушево""",территория оэз технополис москва участок № 16 площадка алабушево,,,,not_found,2026-07-08T23:08:20
oks,GF5095-04-0001-001,"ПЗ «Алабушево», проезд № 5371",пз алабушево проезд № 5371,,,,not_found,2026-07-08T23:08:22
oks,GF5594-01-0001-001,"пр-т. Генерала Алексеева, вл. 5",пр-т. генерала алексеева вл 5,,,,not_found,2026-07-08T23:08:24
oks,GF5793-12-0002-001,1-й Западный проезд,1-й западный проезд,56.0087763,37.1963878,nominatim,secondary,2026-07-08T23:08:25
oks,GG4519-08-0003-001,"мкр 17, поз.19, д. Андреевка",мкр 17 поз.19 д андреевка,,,,not_found,2026-07-08T23:08:27
oks,GG4609-04-0002-001,"ул. Логвиненко, вл. 1531",ул логвиненко вл 1531,,,,not_found,2026-07-08T23:08:28
oks,GG4613-03-0002-001,"Крюково,16-й микрорайон, проезд №648 (г. Москва, Зеленоград, 16 мкр., Панфиловский пр-т, 23)",крюково 16-й микрорайон проезд №648 (г. москва зеленоград 16 мкр. панфиловский пр-т 23),,,,not_found,2026-07-08T23:08:30
oks,GG4618-03-0002-001,"Крюково, Георгиевский пр, мкр. № 17",крюково георгиевский пр мкр. № 17,,,,not_found,2026-07-08T23:08:32
oks,GG4700-12-0001-001,"внутригородское муниципальное образование Силино, территория Алабушево",внутригородское муниципальное образование силино территория алабушево,,,,not_found,2026-07-08T23:08:33
oks,GG4717-10-0001-001,"г. Зеленоград, Георгиевский проспект 27, К1",г. зеленоград георгиевский проспект 27 к1,,,,not_found,2026-07-08T23:08:35
oks,GG4718-06-0001-001,"Заречная ул., вл. 19",заречная ул вл 19,55.5281831,37.4933052,nominatim,residential,2026-07-08T23:08:37
oks,GG4913-05-0001-001,"Панфиловский просп., корп. 1841",панфиловский просп. корп 1841,,,,not_found,2026-07-08T23:08:39
oks,GG4921-10-0001-001,"р-н Крюково, Промзона ЦИЭ",р-н крюково промзона циэ,,,,not_found,2026-07-08T23:08:40
oks,GG5110-10-0001-001,"ул. Панфилова, з/у 32",ул панфилова зу 32,,,,not_found,2026-07-08T23:08:42
oks,GG5213-10-0001-001,"улица Заводская, земельный участок 4",улица заводская земельный участок 4,,,,not_found,2026-07-08T23:08:44
oks,GG5215-99-0002-001,"улица 1 Мая, земельный участок 31",улица 1 мая земельный участок 31,,,,not_found,2026-07-08T23:08:46
oks,GG5307-04-0001-001,"г. Зеленоград, корп. 1003 А",г. зеленоград корп 1003 а,,,,not_found,2026-07-08T23:08:47
oks,GG5314-12-0001-001,"Улица Заводская, земельный участок 30",улица заводская земельный участок 30,,,,not_found,2026-07-08T23:08:49
oks,GG5422-10-0002-001,территория Кутузово района Крюково,территория кутузово района крюково,,,,not_found,2026-07-08T23:08:50
oks,GG5516-04-0003-001,"Заводская ул.(пос.Малино), д. 32",заводская ул(посмалино) д 32,,,,not_found,2026-07-08T23:08:52
oks,GG5718-01-0002-001,"ул. Заводская, дом 28 стр. 1, 2",ул заводская дом 28 стр 1 2,55.5007692,37.5584695,nominatim,house,2026-07-08T23:08:54
oks,GG5819-12-0001-003,"ул. Заводская, д. 25 стр. 1,2,3,4,5,8",ул заводская д 25 стр 1 2 3 4 5 8,,,,not_found,2026-07-08T23:08:56
oks,GG5919-99-0001-001,"707-й проезд, вл.4",707-й проезд вл4,55.9629508,37.1971416,nominatim,tertiary,2026-07-08T23:08:58
oks,GG5920-12-0001-001,"город Москва, вн. тер. г. муниципальный округ Крюково, город Зеленоград",город москва вн. тер. г. муниципальный округ крюково город зеленоград,,,,not_found,2026-07-08T23:09:00
oks,GG6109-01-0002-001,"Старое Крюково, проезд N 4806",старое крюково проезд n 4806,,,,not_found,2026-07-08T23:09:01
oks,GG6411-12-0001-001,Шокина пл. д. 2 стр. 5,шокина пл. д 2 стр 5,,,,not_found,2026-07-08T23:09:03
oks,GG7513-01-0001-001,"Сосновая аллея, вл.6",сосновая аллея вл6,55.9868367,37.2348652,nominatim,secondary,2026-07-08T23:09:05
oks,GG7610-12-0001-001,"Восточная коммунальная зона, пр. 4921",восточная коммунальная зона пр 4921,55.9783838,37.2642289,nominatim,tertiary,2026-07-08T23:09:07
oks,GG7612-12-0001-001,"г. Зеленоград, проезд № 4807, дом 2, строение 3",г. зеленоград проезд № 4807 дом 2 строение 3,,,,not_found,2026-07-08T23:09:09
oks,GG7704-03-0001-001,"Савелки, мкр. 5А, у корпуса № 531",савелки мкр. 5а у корпуса № 531,,,,not_found,2026-07-08T23:09:11
oks,GG7713-12-0001-001,"5500-й пр-д, земельный участок 4/2",5500-й пр-д земельный участок 4/2,,,,not_found,2026-07-08T23:09:13
oks,GG7713-12-0002-001,"Восточно-Коммунальная Зона, проезд №5500, дом 4, стр 1",восточно-коммунальная зона проезд №5500 дом 4 стр 1,,,,not_found,2026-07-08T23:09:15
oks,GG7713-12-0003-001,"проезд № 4807, з/у 7/2 (ПЗ ""Восточная"", пересечение Сосновой аллеи и Фирсановского шоссе)",проезд № 4807 зу 7/2 (пз восточная пересечение сосновой аллеи и фирсановского шоссе),,,,not_found,2026-07-08T23:09:17
oks,GG7714-12-0001-001,"город Зеленоград, 5500-й проезд, земельный участок 4/4",город зеленоград 5500-й проезд земельный участок 4/4,,,,not_found,2026-07-08T23:09:19
oks,GH9824-10-0001-001,у д. Захарково,у д захарково,,,,not_found,2026-07-08T23:09:20
oks,GH9824-10-0002-001,у д.Захарково,у дзахарково,,,,not_found,2026-07-08T23:09:22
oks,GH9829-13-0001-001,"Кунцево, территория АО ""Рублево -Архангельское""",кунцево территория ао рублево -архангельское,,,,not_found,2026-07-08T23:09:23
oks,GH9923-14-0001-001,"территория Акционерного общества ""Рублёво-Архангельское"", земельный участок Т04",территория акционерного общества рублево-архангельское земельный участок т04,,,,not_found,2026-07-08T23:09:25
oks,GH9925-01-0001-001,"у д. Захарково, квартал А27",у д захарково квартал а27,,,,not_found,2026-07-08T23:09:26
oks,GI3241-10-0001-001,"п. совхоза ""Крекшино"", позиция 24",п. совхоза крекшино позиция 24,,,,not_found,2026-07-08T23:09:28
oks,GI3252-12-0001-001,д. Крекшино,д крекшино,55.5778111,37.1097363,nominatim,station,2026-07-08T23:09:30
oks,GI3341-04-0002-001,"у п. с-за Крекшино, уч-к 3",у п. с-за крекшино уч-к 3,,,,not_found,2026-07-08T23:09:31
oks,GI3547-04-0001-001,"п.Совхоза Крекшино, ул.Южная, вл.23г",п.совхоза крекшино улюжная вл23г,,,,not_found,2026-07-08T23:09:33
oks,GI3748-04-0001-001,"ул. Медовая Долина, земельный участок 6",ул медовая долина земельный участок 6,,,,not_found,2026-07-08T23:09:34
oks,GI4054-04-0001-001,"ул. Перспективная, д.52",ул перспективная д52,55.576315,37.1443427,nominatim,residential,2026-07-08T23:09:36
oks,GI4351-10-0005-001,"пос. Марушкинское, д. Большое Свинорье",пос марушкинское д большое свинорье,,,,not_found,2026-07-08T23:09:37
oks,GI4679-03-0001-001,п. Первомайское,п. первомайское,,,,not_found,2026-07-08T23:09:39
oks,GI4746-06-0001-001,"поселение Кокошкино, кв-л 39, з/у 1",поселение кокошкино кв-л 39 зу 1,,,,not_found,2026-07-08T23:09:41
oks,GI4776-04-0001-001,"Деревня Пучково, Улица Полевая Земельный участок Владение 4Б",деревня пучково улица полевая земельный участок владение 4б,,,,not_found,2026-07-08T23:09:42
oks,GI4848-10-0001-001,вблизи дер. Санино,вблизи дер санино,,,,not_found,2026-07-08T23:09:44
oks,GI4871-11-0002-001,"дер. Ивановское, уч. 66, 64",дер ивановское уч 66 64,,,,not_found,2026-07-08T23:09:46
oks,GI4948-10-0001-001,Санино дер. (вблизи),санино дер (вблизи),,,,not_found,2026-07-08T23:09:47
oks,GI4948-10-0002-001,"вблизи д. Санино (НАО, Кокошкино)",вблизи д санино (нао кокошкино),,,,not_found,2026-07-08T23:09:49
oks,GI5137-10-0002-001,"пос. Кокошкино, ул. Труда, д. 8",пос кокошкино ул труда д 8,,,,not_found,2026-07-08T23:09:50
oks,GI5476-10-0001-001,"д. Рогозинино, ул. Луговая",д рогозинино ул луговая,,,,not_found,2026-07-08T23:09:52
oks,GI5478-10-0001-001,вблизи д. Рогозинино,вблизи д рогозинино,,,,not_found,2026-07-08T23:09:53
oks,GI5560-04-0001-001,"поселение Марушкинское, ОНО ОПХ""Толстопальцево"", уч-к 19.",поселение марушкинское оно опхтолстопальцево уч-к 19.,,,,not_found,2026-07-08T23:09:55
oks,GI5560-11-0001-001,"поселение Марушкинское, ОНО ОПХ""Толстопальцево"", уч-к 19",поселение марушкинское оно опхтолстопальцево уч-к 19,,,,not_found,2026-07-08T23:09:56
oks,GI5575-04-0001-001,"ЗАО ""Первомайское"", уч-к 6",зао первомайское уч-к 6,,,,not_found,2026-07-08T23:09:59
oks,GI5577-10-0002-001,"вблизи д. Рогозинино, корп.5",вблизи д рогозинино корп5,,,,not_found,2026-07-08T23:10:01
oks,GI5577-10-0003-001,"п. Первомайское, вблизи д. Рогозинино",п. первомайское вблизи д рогозинино,,,,not_found,2026-07-08T23:10:03
oks,GI5650-11-0001-001,"Марушкинское, вблизи д. Давыково",марушкинское вблизи д давыково,,,,not_found,2026-07-08T23:10:05
oks,GI5851-12-0001-001,"квартал 63, земельный участок 1А/8",квартал 63 земельный участок 1а/8,,,,not_found,2026-07-08T23:10:07
oks,GI6042-10-0002-001,дер. Марушкино (площадка №1),дер марушкино (площадка №1),,,,not_found,2026-07-08T23:10:08
oks,GI6053-11-0001-001,"Внуково, кв-л 63, з/у 1А/8",внуково кв-л 63 зу 1а/8,,,,not_found,2026-07-08T23:10:10
oks,GI6143-10-0001-001,"Марушкино дер., (площадка №2)",марушкино дер (площадка №2),,,,not_found,2026-07-08T23:10:12
oks,GI6243-10-0002-001,"д. Марушкино, д. 1, 2, 3, 4",д марушкино д 1 2 3 4,,,,not_found,2026-07-08T23:10:13
oks,GI6484-05-0001-001,пос. Птичное,пос птичное,55.5145218,37.2263649,nominatim,bus_stop,2026-07-08T23:10:15
oks,GI6539-10-0001-001,"Марушкинское, квартал 33 з/у 3",марушкинское квартал 33 зу 3,,,,not_found,2026-07-08T23:10:16
oks,GI6542-04-0001-001,"Деревня Марушкино, Улица Привольная Земельный участок владение 9",деревня марушкино улица привольная земельный участок владение 9,,,,not_found,2026-07-08T23:10:18
oks,GI6638-99-0001-001,"д. Постниково, квартал 33, земельный участок 3",д постниково квартал 33 земельный участок 3,,,,not_found,2026-07-08T23:10:20
oks,GI6642-10-0001-001,"поселение Марушкинское, квартал 33, земельный участок 3",поселение марушкинское квартал 33 земельный участок 3,,,,not_found,2026-07-08T23:10:21
oks,GI6744-01-0002-001,"Марушкинское, ОНО ""ОПХ ""Толстопальцево""",марушкинское оно опх толстопальцево,,,,not_found,2026-07-08T23:10:23
oks,GI6939-13-0001-001,"поселение Марушкинское, кв-л 33",поселение марушкинское кв-л 33,,,,not_found,2026-07-08T23:10:24
oks,GI6955-11-0003-001,дер. Большое Покровское з/у 24,дер большое покровское зу 24,,,,not_found,2026-07-08T23:10:26
oks,GI7056-11-0001-001,"д. Б. Покровское, зу 20",д б. покровское зу 20,,,,not_found,2026-07-08T23:10:29
oks,GI7057-11-0003-001,"дер. Большое Покровское, земельный участок 18",дер большое покровское земельный участок 18,,,,not_found,2026-07-08T23:10:30
oks,GI7162-11-0001-001,д. Большое Покровское (НАО Марушкинское),д большое покровское (нао марушкинское),,,,not_found,2026-07-08T23:10:32
oks,GI7520-13-0001-001,"ул. Ленина, вл.38А",ул ленина вл38а,,,,not_found,2026-07-08T23:10:34
oks,GI7633-06-0002-001,Изваринская ул. вл. 2,изваринская ул вл 2,55.6126374,37.2535813,nominatim,residential,2026-07-08T23:10:35
oks,GI7795-01-0001-001,"с.п. Первомайское, у д. Губцево",с.п. первомайское у д губцево,,,,not_found,2026-07-08T23:10:37
oks,GI7795-04-0001-001,Губцево дер.,губцево дер,,,,not_found,2026-07-08T23:10:38
oks,GI7828-01-0001-001,"д, Изварино",д изварино,,,,not_found,2026-07-08T23:10:40
oks,GI8027-01-0001-001,ул. Омская 14/4,ул омская 14/4,55.6184204,37.2663948,nominatim,residential,2026-07-08T23:10:42
oks,GI8029-14-0001-001,"Войсковая улица, вл. 1В",войсковая улица вл 1в,55.6171376,37.2719076,nominatim,residential,2026-07-08T23:10:43
oks,GI8032-01-0002-001,"шоссе Внуковское, рядом с д. 11-А, строен. 2",шоссе внуковское рядом с д 11-а строен. 2,,,,not_found,2026-07-08T23:10:45
oks,GI8553-08-0001-001,"пос. Десёновское, в районе д. Яковлево",пос десеновское в районе д яковлево,,,,not_found,2026-07-08T23:10:47
oks,GI8559-10-0001-001,"п.Филимонковское, кв.25, з/у 1",п.филимонковское кв.25 зу 1,,,,not_found,2026-07-08T23:10:48
oks,GI8635-14-0001-001,"Аэропорт ""Внуково"", привокзальная площадь, участок № 8",аэропорт внуково привокзальная площадь участок № 8,,,,not_found,2026-07-08T23:10:50
oks,GI8692-01-0002-001,Жуковка дер. (вблизи),жуковка дер (вблизи),,,,not_found,2026-07-08T23:10:52
oks,GI8739-99-0001-001,территория аэропорт Внуково,территория аэропорт внуково,,,,not_found,2026-07-08T23:10:54
oks,GI8759-08-0003-001,вблизи д. Середнево,вблизи д середнево,,,,not_found,2026-07-08T23:10:55
oks,GI8759-10-0001-001,"ОАО «Марьинская птицефабрика», НАО, Филимонковское",оао марьинская птицефабрика нао филимонковское,,,,not_found,2026-07-08T23:10:57
oks,GI8874-08-0001-002,"ОАО ""Марьинская птицефабрика"", вблизи д. Середнево, уч. № VIII-1/1",оао марьинская птицефабрика вблизи д середнево уч № viii-1/1,,,,not_found,2026-07-08T23:10:58
oks,GI8973-10-0001-001,"ОАО ""Марьинская птицефабрика"" (квартал № 23, дом 4, корпус 4)",оао марьинская птицефабрика (квартал № 23 дом 4 корпус 4),,,,not_found,2026-07-08T23:11:00
oks,GI8973-10-0001-002,"ОАО ""Марьинская птицефабрика"" (квартал № 23, дом 4, корпус 5)",оао марьинская птицефабрика (квартал № 23 дом 4 корпус 5),,,,not_found,2026-07-08T23:11:02
oks,GI8973-10-0001-003,"ОАО ""Марьинская птицефабрика"" (квартал № 23, дом 4, корпус 2)",оао марьинская птицефабрика (квартал № 23 дом 4 корпус 2),,,,not_found,2026-07-08T23:11:03
oks,GI8973-10-0001-004,"ОАО ""Марьинская птицефабрика"" (квартал № 23, дом 4, корпус 3)",оао марьинская птицефабрика (квартал № 23 дом 4 корпус 3),,,,not_found,2026-07-08T23:11:05
oks,GI8973-10-0002-001,"ОАО ""Марьинская птицефабрика"" (квартал № 23, дом 4, корпус 1)",оао марьинская птицефабрика (квартал № 23 дом 4 корпус 1),,,,not_found,2026-07-08T23:11:07
oks,GI9071-13-0001-001,"квартал 176, земельный участок 1/1",квартал 176 земельный участок 1/1,,,,not_found,2026-07-08T23:11:08
oks,GI9121-01-0001-001,"поселение Внуковское, квартал 9, земельный участок 1",поселение внуковское квартал 9 земельный участок 1,,,,not_found,2026-07-08T23:11:10
oks,GI9130-99-0001-001,"Рассказовская ул. , напротив д. 30",рассказовская ул напротив д 30,,,,not_found,2026-07-08T23:11:12
oks,GI9164-10-0001-001,"Филимонковское, кв.65, з/у 3",филимонковское кв.65 зу 3,,,,not_found,2026-07-08T23:11:14
oks,GI9164-10-0002-001,д. Староселье,д староселье,,,,not_found,2026-07-08T23:11:15
oks,GI9171-10-0001-001,"кв-л 176, з/у 2",кв-л 176 зу 2,,,,not_found,2026-07-08T23:11:18
oks,GI9271-13-0001-001,"Филимонковское, кв-л 174",филимонковское кв-л 174,,,,not_found,2026-07-08T23:11:20
oks,GI9314-10-0001-001,"поселение Внуковское, д. Рассказовка, уч. № 13/1",поселение внуковское д рассказовка уч № 13/1,,,,not_found,2026-07-08T23:11:21
oks,GI9326-01-0001-001,"деревня Лапшинка, земельный участок 57Г",деревня лапшинка земельный участок 57г,,,,not_found,2026-07-08T23:11:23
oks,GI9333-04-0001-001,"ул. Карьерная, з/у 1",ул карьерная зу 1,55.6116233,37.3132123,nominatim,residential,2026-07-08T23:11:25
oks,GI9364-08-0002-001,Староселье дер. ( НАО: поселение Филимонковское ),староселье дер ( нао: поселение филимонковское ),,,,not_found,2026-07-08T23:11:27
oks,GI9365-10-0001-001,"Староселье дер., д.2",староселье дер д2,,,,not_found,2026-07-08T23:11:28
oks,GI9367-99-0001-001,деревня Староселье,деревня староселье,,,,not_found,2026-07-08T23:11:30
oks,GI9374-13-0002-001,"Москва, п. Филимонковское, ОАО «Марьинская птицефабрика»",москва п. филимонковское оао марьинская птицефабрика,,,,not_found,2026-07-08T23:11:31
oks,GI9424-10-0003-001,"Внуковское, д. Рассказовка, з/у 204",внуковское д рассказовка зу 204,,,,not_found,2026-07-08T23:11:33
oks,GI9435-13-0001-001,Лапшинка дер. (в районе),лапшинка дер (в районе),,,,not_found,2026-07-08T23:11:35
oks,GI9466-08-0001-001,дер. Староселье,дер староселье,,,,not_found,2026-07-08T23:11:36
oks,GI9517-10-0002-010,"д. Рассказовка, уч. № 13/2",д рассказовка уч № 13/2,,,,not_found,2026-07-08T23:11:38
oks,GI9566-10-0001-001,"пос. Филимонковское, ОАО «Марьинская птицефабрика»",пос филимонковское оао марьинская птицефабрика,,,,not_found,2026-07-08T23:11:40
oks,GI9616-08-0002-001,"д. Рассказовка, уч. № 13/2, 14-й квартал",д рассказовка уч № 13/2 14-й квартал,,,,not_found,2026-07-08T23:11:41
oks,GI9671-13-0001-001,"квартал 176, земельный участок 1/2",квартал 176 земельный участок 1/2,,,,not_found,2026-07-08T23:11:43
oks,GI9697-99-0001-001,"п. Ватутинки, уч. № 110ю и уч. № 111ю",п. ватутинки уч № 110ю и уч № 111ю,,,,not_found,2026-07-08T23:11:45
oks,GI9702-04-0001-001,"в районе пос. Переделкино, регламентный участок №4",в районе пос переделкино регламентный участок №4,,,,not_found,2026-07-08T23:11:46
oks,GI9702-04-0002-001,"в районе пос.Переделкино, регламентный участок №4",в районе поспеределкино регламентный участок №4,,,,not_found,2026-07-08T23:11:48
oks,GI9702-04-0003-001,"в районе п. Переделкино, регламентный участок №4",в районе п. переделкино регламентный участок №4,,,,not_found,2026-07-08T23:11:49
oks,GI9733-10-0001-001,"поселение Московский, в районе д. Лапшинка",поселение московский в районе д лапшинка,,,,not_found,2026-07-08T23:11:51
oks,GI9770-08-0001-001,"посёлок Марьино, дом 2, строение 1",поселок марьино дом 2 строение 1,,,,not_found,2026-07-08T23:11:53
oks,GI9812-10-0001-001,"д. Рассказовка, 18 квартал",д рассказовка 18 квартал,,,,not_found,2026-07-08T23:11:54
oks,GI9896-01-0002-001,"Москва, п. Десёновское, д. Ватутинки, ул. Офицерская, вл.11",москва п. десеновское д ватутинки ул офицерская вл11,,,,not_found,2026-07-08T23:11:56
oks,GI9919-10-0002-004,"улица Анны Ахматовой, земельный участок 11, Боровское шоссе, 28-й километр, земельный участок 2Б",улица анны ахматовой земельный участок 11 боровское шоссе 28-й километр земельный участок 2б,,,,not_found,2026-07-08T23:11:58
oks,GJ4042-11-0001-001,д.Сенькино-Секерино,дсенькино-секерино,,,,not_found,2026-07-08T23:11:59
oks,GJ4241-99-0001-001,"дер. Сенькино-Секерино, з/у 136",дер сенькино-секерино зу 136,,,,not_found,2026-07-08T23:12:01
oks,GJ4310-10-0001-001,Каменка дер.,каменка дер,55.9669325,37.1592379,nominatim,neighbourhood,2026-07-08T23:12:03
oks,GJ4459-11-0001-003,Михайлово-Ярцевское,михайлово-ярцевское,55.3943301,37.0617999,nominatim,hamlet,2026-07-08T23:12:04
oks,GJ4550-16-0001-001,"вблизи п. Секерино, земельный участок 6",вблизи п. секерино земельный участок 6,,,,not_found,2026-07-08T23:12:06
oks,GJ4885-12-0001-001,"кв-л 16, уч. Владение1, вблизи д. Рыжово",кв-л 16 уч владение1 вблизи д рыжово,,,,not_found,2026-07-08T23:12:07
oks,GJ5587-04-0001-001,"город Москва, вн. тер. г. муниципальный округ Вороново, деревня Бабенки, земельный участок 46",город москва вн. тер. г. муниципальный округ вороново деревня бабенки земельный участок 46,,,,not_found,2026-07-08T23:12:09
oks,GJ5969-01-0001-001,"поселок Армейский, з/у 11",поселок армейский зу 11,,,,not_found,2026-07-08T23:12:11
oks,GJ6068-99-0001-001,"поселение Михайлово-Ярцевское, пос. Армейский",поселение михайлово-ярцевское пос армейский,,,,not_found,2026-07-08T23:12:12
oks,GJ6322-04-0001-001,вблизи д. Поляны,вблизи д поляны,,,,not_found,2026-07-08T23:12:14
oks,GJ6358-11-0001-001,"вн.тер.г. Муниципальный округ Краснопахорский, квартал 79",вн.тер.г. муниципальный округ краснопахорский квартал 79,,,,not_found,2026-07-08T23:12:15
oks,GJ6859-11-0001-001,"город Москва, муниципальный округ Краснопахорский",город москва муниципальный округ краснопахорский,,,,not_found,2026-07-08T23:12:17
oks,GJ6859-11-0002-005,"вн.тер.г. муниципальный округ Краснопахорский, квартал 220, земельный участок 22",вн.тер.г. муниципальный округ краснопахорский квартал 220 земельный участок 22,,,,not_found,2026-07-08T23:12:19
oks,GJ7023-04-0002-001,Поляны дер. вблизи,поляны дер вблизи,,,,not_found,2026-07-08T23:12:20
oks,GJ7058-13-0001-001,муниципальный округ Краснопахорский,муниципальный округ краснопахорский,,,,not_found,2026-07-08T23:12:22
oks,GJ7231-04-0001-001,"с. Былово, вл. 1Г",с. былово вл 1г,,,,not_found,2026-07-08T23:12:24
oks,GJ7815-10-0001-003,"г. Троицк, ул. Николая Сладкова",г. троицк ул николая сладкова,,,,not_found,2026-07-08T23:12:25
oks,GJ7815-10-0001-004,"г. Троицк, ул. Николая Сладкова, влд. 2",г. троицк ул николая сладкова влд. 2,,,,not_found,2026-07-08T23:12:27
oks,GJ7815-10-0006-001,"ул.Николая Сладкова, дом поз.23",улниколая сладкова дом поз.23,,,,not_found,2026-07-08T23:12:29
oks,GJ8027-99-0001-001,Промышленная ул. (г.Троицк),промышленная ул (г.троицк),,,,not_found,2026-07-08T23:12:30
oks,GJ8130-10-0001-003,улица Академика Франка,улица академика франка,55.4552993,37.2786637,nominatim,tertiary,2026-07-08T23:12:33
oks,GJ8130-12-0001-001,Улица Квантовая Земельный участок 4,улица квантовая земельный участок 4,,,,not_found,2026-07-08T23:12:34
oks,GJ8229-01-0002-001,"ул. Академика Франка, зем. участок 21",ул академика франка зем. участок 21,,,,not_found,2026-07-08T23:12:36
oks,GJ8230-12-0001-001,"ул. Академика Франка, з/у18/2",ул академика франка зу 18/2,,,,not_found,2026-07-08T23:12:37
oks,GJ8233-14-0001-001,"г. Троицк, ул. Академика Франка",г. троицк ул академика франка,,,,not_found,2026-07-08T23:12:39
oks,GJ8235-01-0001-001,"деревня Красная Пахра, земельный участок 55 Ж",деревня красная пахра земельный участок 55 ж,,,,not_found,2026-07-08T23:12:41
oks,GJ8241-03-0001-001,"вн. тер. г. муниципальный округ Краснопахорский, село Красная Пахра, улица Почтовая, земельный участок 2В",вн. тер. г. муниципальный округ краснопахорский село красная пахра улица почтовая земельный участок 2в,,,,not_found,2026-07-08T23:12:42
oks,GJ8425-10-0001-001,ул. Физическая,ул физическая,55.6986768,37.5610561,nominatim,residential,2026-07-08T23:12:43
oks,GJ8427-10-0001-001,"ул. Академика Дыхне, з/у 1",ул академика дыхне зу 1,,,,not_found,2026-07-08T23:12:46
oks,GJ8518-06-0001-001,"ул. Академика Черенкова, д. 18",ул академика черенкова д 18,55.4656552,37.2838928,nominatim,tertiary,2026-07-08T23:12:48
oks,GJ8518-14-0001-001,Октябрьский проспект,октябрьский проспект,55.4752831,37.2959288,nominatim,secondary,2026-07-08T23:12:49
oks,GJ8526-10-0001-001,"Троицк, ул. Академика Дыхне, з/у 1",троицк ул академика дыхне зу 1,,,,not_found,2026-07-08T23:12:51
oks,GJ8618-01-0001-001,"ул. Академика франка, з/у 19 А",ул академика франка зу 19 а,,,,not_found,2026-07-08T23:12:53
oks,GJ8706-06-0001-001,"микрорайон В, влд.13А",микрорайон в влд.13а,,,,not_found,2026-07-08T23:12:55
oks,GJ8805-10-0001-001,"микрорайон «В», влд. 52А",микрорайон в влд. 52а,,,,not_found,2026-07-08T23:12:56
oks,GJ8850-06-0001-001,"д. Колотилово, д.1",д колотилово д1,,,,not_found,2026-07-08T23:12:58
oks,GJ9019-01-0001-001,"ул. Физическая, земельный участок. 29/1",ул физическая земельный участок. 29/1,,,,not_found,2026-07-08T23:13:00
oks,GJ9103-04-0001-001,"Прибрежная ул., д. 11",прибрежная ул д 11,55.4956808,37.3046787,nominatim,service,2026-07-08T23:13:01
oks,GJ9203-10-0002-001,"Заречная улица, стр. 8",заречная улица стр 8,,,,not_found,2026-07-08T23:13:03
oks,GJ9205-10-0001-001,Текстильщиков ул. д. 2 (Корпус1),текстильщиков ул д 2 (корпус1),,,,not_found,2026-07-08T23:13:05
oks,GJ9205-10-0001-002,Текстильщиков ул. д. 2 (Корпус 2),текстильщиков ул д 2 (корпус 2),,,,not_found,2026-07-08T23:13:06
oks,GJ9209-01-0001-001,"ул. Новостройка, д. 29",ул новостройка д 29,55.9899375,38.1303272,nominatim,residential,2026-07-08T23:13:08
oks,GJ9209-01-0002-001,"Город Москва, Город Троицк, Улица Новостройка Дом 32",город москва город троицк улица новостройка дом 32,,,,not_found,2026-07-08T23:13:09
oks,GJ9214-01-0002-001,"Улица Пушковых, Земельный участок 5А",улица пушковых земельный участок 5а,,,,not_found,2026-07-08T23:13:11
oks,GJ9237-11-0002-001,Софьино дер.,софьино дер,,,,not_found,2026-07-08T23:13:13
oks,GJ9413-13-0001-001,поселение Троицк,поселение троицк,55.5183487,37.3456478,nominatim,post_office,2026-07-08T23:13:14
oks,GJ9503-10-0002-001,тер. СНТ Ветеран-1,тер. снт ветеран-1,,,,not_found,2026-07-08T23:13:16
oks,GJ9512-04-0001-001,"39 км Калужского ш., д. 3а",39 км калужского ш д 3а,,,,not_found,2026-07-08T23:13:17
oks,GJ9541-11-0001-001,"поселение Краснопахорское, квартал 147, з\у 1Д",поселение краснопахорское квартал 147 з\уч 1д,,,,not_found,2026-07-08T23:13:19
oks,GJ9601-10-0002-001,"Город Троицк, улица Рождественская, з/у 31, з/у 33",город троицк улица рождественская зу 31 зу 33,,,,not_found,2026-07-08T23:13:20
oks,GJ9601-10-0002-002,"Город Троицк, улица Рождественская, з/у 34, з/у 36, з/у 38",город троицк улица рождественская зу 34 зу 36 зу 38,,,,not_found,2026-07-08T23:13:23
oks,GJ9632-01-0001-001,вблизи д. Софьино,вблизи д софьино,,,,not_found,2026-07-08T23:13:24
oks,GJ9704-04-0001-001,"деревня Ватутинки, дом 3",деревня ватутинки дом 3,,,,not_found,2026-07-08T23:13:26
oks,GJ9707-10-0001-001,"в районе д. Ватутинки, уч. 2 (квартал № 102, дом 4, корпус 1)",в районе д ватутинки уч 2 (квартал № 102 дом 4 корпус 1),,,,not_found,2026-07-08T23:13:28
oks,GJ9707-10-0001-002,"в районе д. Ватутинки, уч. 2 (квартал № 102, дом 4, корпус 2)",в районе д ватутинки уч 2 (квартал № 102 дом 4 корпус 2),,,,not_found,2026-07-08T23:13:29
oks,GJ9707-10-0001-004,"в районе д. Ватутинки, уч. 2 (квартал № 102, дом 4, корпус 4)",в районе д ватутинки уч 2 (квартал № 102 дом 4 корпус 4),,,,not_found,2026-07-08T23:13:31
oks,GJ9739-10-0002-001,д. Раево,д раево,55.6586606,36.8884513,nominatim,hamlet,2026-07-08T23:13:33
oks,GJ9740-10-0003-001,"п. Краснопахорское, д. Раево",п. краснопахорское д раево,,,,not_found,2026-07-08T23:13:34
oks,GK0760-04-0002-001,вблизи д. Васюнино,вблизи д васюнино,,,,not_found,2026-07-08T23:13:36
oks,GK1256-14-0001-001,Бунчиха дер.,бунчиха дер,,,,not_found,2026-07-08T23:13:37
oks,GK2171-10-0002-001,"пос. Рогово, корп.А, корп.Б",пос рогово корпа корпб,,,,not_found,2026-07-08T23:13:39
oks,GK2370-04-0001-002,с. Ознобишино,с. ознобишино,55.4011662,37.449447,nominatim,bus_stop,2026-07-08T23:13:40
oks,GK3330-11-0002-001,д. Львово,д львово,,,,not_found,2026-07-08T23:13:42
oks,GK4906-12-0001-001,"вн.тер.г. поселение Вороновское, квартал № 32, земельный участок 2",вн.тер.г. поселение вороновское квартал № 32 земельный участок 2,,,,not_found,2026-07-08T23:13:43
oks,GK5414-03-0001-001,"пос. ЛМС, мкр. Центральный",пос лмс мкр. центральный,,,,not_found,2026-07-08T23:13:46
oks,GK5626-01-0002-001,"шоссе Варшавское, километр 64-й, земельный участок 1/2",шоссе варшавское километр 64-й земельный участок 1/2,,,,not_found,2026-07-08T23:13:47
oks,GK5803-13-0001-001,Вороново. квартал 790. земельный участок 1/3,вороново. квартал 790. земельный участок 1/3,,,,not_found,2026-07-08T23:13:49
oks,GK6003-07-0002-001,вблизи с.Покровское,вблизи с.покровское,,,,not_found,2026-07-08T23:13:50
oks,HG0241-06-0002-001,"Новоподрезково, дер. Верескино - река Сходня",новоподрезково дер верескино - река сходня,,,,not_found,2026-07-08T23:13:52
oks,HG0285-14-0001-001,"Барышиха ул., вл. 49",барышиха ул вл 49,55.8484195,37.3437131,nominatim,secondary,2026-07-08T23:13:54
oks,HG0383-04-0002-001,ш. Пятницкое .вл. 53,ш пятницкое .вл 53,55.8358781,37.3875208,nominatim,primary,2026-07-08T23:13:55
oks,HG0390-99-0001-001,"ул. Барышиха, вл. 32",ул барышиха вл 32,55.8484195,37.3437131,nominatim,secondary,2026-07-08T23:13:57
oks,HG0430-04-0001-001,Синявинская ул. д. 9,синявинская ул д 9,55.9480726,37.3503702,nominatim,living_street,2026-07-08T23:13:59
oks,HG0497-11-0002-001,улица Зенитчиков,улица зенитчиков,55.8350469,37.3482903,nominatim,tertiary,2026-07-08T23:14:00
oks,HG0497-12-0001-001,"ул. Зенитчиков, ЗУ 4",ул зенитчиков зу 4,55.8347314,37.3488742,nominatim,tertiary,2026-07-08T23:14:02
oks,HG0531-99-0002-001,"Синявинская ул., вл.11",синявинская ул вл11,55.9480726,37.3503702,nominatim,living_street,2026-07-08T23:14:03
oks,HG0636-08-0001-001,"1-я Сестрорецкая улица, земельный участок 6Б",1-я сестрорецкая улица земельный участок 6б,,,,not_found,2026-07-08T23:14:05
oks,HG0785-01-0002-001,"Территория ТПУ «Пятницкое шоссе», СЗАО, Митино",территория тпу пятницкое шоссе сзао митино,,,,not_found,2026-07-08T23:14:07
oks,HG0932-10-0001-001,ш. Ленинградское,ш ленинградское,55.8080713,37.51066,nominatim,mall,2026-07-08T23:14:08
oks,HG0938-10-0001-001,"Внутригородское муниципальное образование Молжаниновское, КСХП «Химки»",внутригородское муниципальное образование молжаниновское ксхп химки,,,,not_found,2026-07-08T23:14:10
oks,HG1184-14-0001-001,"вблизи с. Рождествено, участок № 6.1",вблизи с. рождествено участок № 6.1,,,,not_found,2026-07-08T23:14:11
oks,HG1245-17-0001-001,Молжаниновский р-н,молжаниновский р-н,55.9367,37.377,nominatim,administrative,2026-07-08T23:14:13
oks,HG1280-10-0001-001,Рождествено с. (вблизи),рождествено с. (вблизи),,,,not_found,2026-07-08T23:14:14
oks,HG1281-10-0002-002,"Митино, вблизи села Рождествено",митино вблизи села рождествено,,,,not_found,2026-07-08T23:14:16
oks,HG1344-99-0001-001,"шоссе Ленинградское, з/у 13, з/у 202",шоссе ленинградское зу 13 зу 202,,,,not_found,2026-07-08T23:14:17
oks,HG1383-10-0004-001,"вблизи села Рождествено (Муравская ул.,д.46, к.1)",вблизи села рождествено (муравская ул д46 к1),,,,not_found,2026-07-08T23:14:19
oks,HG1383-14-0002-001,"вблизи села Рождествено, участок № 7",вблизи села рождествено участок № 7,,,,not_found,2026-07-08T23:14:21
oks,HG1439-14-0001-001,"Москва, САО, Молжаниновский район",москва сао молжаниновский район,,,,not_found,2026-07-08T23:14:22
oks,HG1441-10-0001-001,"Ленинградское шоссе, д. 228, корп. 1",ленинградское шоссе д 228 корп 1,,,,not_found,2026-07-08T23:14:24
oks,HG1542-08-0001-001,ул. 2-я Новосёлки,ул 2-я новоселки,,,,not_found,2026-07-08T23:14:26
oks,HG1552-04-0001-001,Проектируемый проезд №5082,проектируемый проезд №5082,56.0078483,37.1541452,nominatim,works,2026-07-08T23:14:27
oks,HG1552-14-0002-001,Проектируемый пр. N 5082,проектируемый пр n 5082,56.0078483,37.1541452,nominatim,works,2026-07-08T23:14:29
oks,HG1765-03-0001-001,"Куркино, Воротынская вл 14 корп. 1",куркино воротынская вл 14 корп 1,,,,not_found,2026-07-08T23:14:30
oks,HG1799-14-0001-001,"Пятницкое шоссе, земельный участок 4",пятницкое шоссе земельный участок 4,,,,not_found,2026-07-08T23:14:32
oks,HG1849-14-0001-001,Новосходненское шоссе вл. 2 стр. 1,новосходненское шоссе вл 2 стр 1,,,,not_found,2026-07-08T23:14:34
oks,HG2069-10-0001-001,"ш. Куркинское, 15",ш куркинское 15,55.8841622,37.3767618,nominatim,hospital,2026-07-08T23:14:35
oks,HG2188-04-0001-001,Героев Панфиловцев ул. уч. 28 А,героев панфиловцев ул уч 28 а,55.8528943,37.4388305,nominatim,secondary,2026-07-08T23:14:37
oks,HG2485-10-0001-001,"Героев Панфиловцев ул., 31",героев панфиловцев ул 31,55.8562857,37.4145373,nominatim,apartments,2026-07-08T23:14:39
oks,HG2698-10-0001-001,Строительный проезд 9/9,строительный проезд 9/9,55.8380439,37.4307598,nominatim,tertiary,2026-07-08T23:14:40
oks,HG2774-04-0002-001,"Куркино, МКАД 74 км (внешняя сторона)",куркино мкад 74 км (внешняя сторона),,,,not_found,2026-07-08T23:14:42
oks,HG2980-03-0002-001,"Лациса Вилиса ул. вл. 2/1, 2/2",лациса вилиса ул вл 2/1 2/2,,,,not_found,2026-07-08T23:14:44
oks,HG3085-04-0001-002,"ул. Героев Панфиловцев, вл. 10, корп. 1, стр.16/4",ул героев панфиловцев вл 10 корп 1 стр16/4,,,,not_found,2026-07-08T23:14:45
oks,HG3193-10-0001-001,"Сходненская ул., вл. 42",сходненская ул вл 42,55.8482091,37.4393025,nominatim,residential,2026-07-08T23:14:47
oks,HG3297-10-0001-001,"ул. Новопоселковая, вл. 6",ул новопоселковая вл 6,55.8376816,37.4419074,nominatim,residential,2026-07-08T23:14:48
oks,HG3778-10-0002-002,"ш. Ленинградское, вл. 69",ш ленинградское вл 69,55.8708384,37.4570938,nominatim,industrial,2026-07-08T23:14:51
oks,HG3778-10-0002-003,"Москва, САО, Левобережный, Ленинградское шоссе вл. 69",москва сао левобережный ленинградское шоссе вл 69,,,,not_found,2026-07-08T23:14:52
oks,HG3792-04-0002-001,"Досфлота пр., вл. 10, стр. 1",досфлота пр вл 10 стр 1,,,,not_found,2026-07-08T23:14:54
oks,HG3792-06-0001-001,проезд Досфлота,проезд досфлота,55.8406297,37.4572435,nominatim,residential,2026-07-08T23:14:55
oks,HG3795-10-0001-001,Досфлота вл 2,досфлота вл 2,55.8463053,37.4580395,nominatim,residential,2026-07-08T23:14:57
oks,HG3797-10-0001-002,"Лодочная улица, влд. 11",лодочная улица влд. 11,,,,not_found,2026-07-08T23:14:59
oks,HG3881-01-0002-001,"город Москва, вн.тер.г. муниципальный округ Левобережный, шоссе Ленинградское, земельный участок 63А/3",город москва вн.тер.г. муниципальный округ левобережный шоссе ленинградское земельный участок 63а/3,,,,not_found,2026-07-08T23:15:01
oks,HG3896-10-0001-001,"ул. Лодочная, вл. 27, корп. 2",ул лодочная вл 27 корп 2,,,,not_found,2026-07-08T23:15:03
oks,HG3984-04-0002-001,"Ленинградское шоссе, вл. 61, стр. 2, 5, 6, 7, 8, 10,11",ленинградское шоссе вл 61 стр 2 5 6 7 8 10 11,,,,not_found,2026-07-08T23:15:05
oks,HG3984-10-0001-001,"Ленинградское шоссе, земельный участок 57/4/1",ленинградское шоссе земельный участок 57/4/1,,,,not_found,2026-07-08T23:15:06
oks,HG3986-03-0001-001,Ленинградское шоссе вл. 59,ленинградское шоссе вл 59,55.86619,37.4626385,nominatim,primary,2026-07-08T23:15:08
oks,HG3994-04-0001-001,"ул.Лодочная ,вл.20 (СЗАО, район Южное Тушино)",уллодочная вл20 (сзао район южное тушино),,,,not_found,2026-07-08T23:15:09
oks,HG4179-06-0002-001,Левобережный мкр. 1Б корп. 39А,левобережный мкр. 1б корп 39а,,,,not_found,2026-07-08T23:15:11
oks,HG4276-04-0001-001,"Москва, САО,район Ховрино, ул. Левобережная, вл. 6/Б",москва сао район ховрино ул левобережная вл 6/б,,,,not_found,2026-07-08T23:15:13
oks,HG4572-04-0001-001,"гфз Москва, Северный а.о.",гфз москва северный а.о.,,,,not_found,2026-07-08T23:15:14
oks,HG4572-99-0001-001,"ул. Зеленоградская,",ул зеленоградская ,55.8766206,37.4907445,nominatim,tertiary,2026-07-08T23:15:16
oks,HG4579-04-0002-001,"Дыбенко ул. д. 1""Б"" стр. 1",дыбенко ул д 1б стр 1,,,,not_found,2026-07-08T23:15:17
oks,HG4597-03-0002-001,Ленинградское шоссе д. 52А,ленинградское шоссе д 52а,55.8078462,37.507066,nominatim,primary,2026-07-08T23:15:19
oks,HG4598-03-0001-001,"Ленинградское шоссе, вл. 39/1",ленинградское шоссе вл 39/1,,,,not_found,2026-07-08T23:15:21
oks,HG4694-10-0003-001,"Кронштадтский бульвар., вл. 9",кронштадтский бульвар. вл 9,55.8437411,37.5027366,nominatim,tertiary,2026-07-08T23:15:23
oks,HG4697-04-0002-001,Макарова адмирала ул. вл. 41,макарова адмирала ул вл 41,55.8301423,37.4939879,nominatim,tertiary,2026-07-08T23:15:25
oks,HG4790-10-0001-001,"улица Авангардная, земельный участок 12",улица авангардная земельный участок 12,,,,not_found,2026-07-08T23:15:27
oks,HG4794-10-0001-001,"б-р Кронштадтский, вл.1",б-р кронштадтский вл1,,,,not_found,2026-07-08T23:15:28
oks,HG4873-04-0001-001,"ул. Маршала Федоренко, вл. 1",ул маршала федоренко вл 1,55.8797314,37.4919802,nominatim,tertiary,2026-07-08T23:15:30
oks,HG4895-10-0002-001,Кронштадтский бульв. д. 14,кронштадтский бульв. д 14,,,,not_found,2026-07-08T23:15:31
oks,HG4899-01-0001-001,"ул. Выборгская, вл. 18, стр. 2",ул выборгская вл 18 стр 2,,,,not_found,2026-07-08T23:15:33
oks,HG4994-99-0001-001,Кронштадтский бульвар,кронштадтский бульвар,55.8437411,37.5027366,nominatim,tertiary,2026-07-08T23:15:35
oks,HG5071-08-0001-001,"Коровинское шоссе, вл. 35, ул. Ижорская, вл. 6, 8",коровинское шоссе вл 35 ул ижорская вл 6 8,,,,not_found,2026-07-08T23:15:36
oks,HG5071-10-0001-001,"улица Ижорская, земельный участок 6/4",улица ижорская земельный участок 6/4,,,,not_found,2026-07-08T23:15:39
oks,HG5071-14-0001-001,"улица Ижорская, земельный участок 6/2",улица ижорская земельный участок 6/2,,,,not_found,2026-07-08T23:15:41
oks,HG5286-10-0001-001,"улица Флотская, земельный участок 66/2",улица флотская земельный участок 66/2,,,,not_found,2026-07-08T23:15:43
oks,HG5286-10-0001-004,"улица Флотская, земельный участок 68",улица флотская земельный участок 68,,,,not_found,2026-07-08T23:15:44
oks,HG5286-10-0001-005,"улица Флотская, земельный участок 66/1",улица флотская земельный участок 66/1,,,,not_found,2026-07-08T23:15:46
oks,HG5287-10-0002-001,"Онежская улица, вл. 35, корп. 5",онежская улица вл 35 корп 5,,,,not_found,2026-07-08T23:15:47
oks,HG5368-14-0003-001,"Коровинское шоссе, вл. 41А, корп. 1",коровинское шоссе вл 41а корп 1,,,,not_found,2026-07-08T23:15:49
oks,HG5396-04-0002-001,"Михалковская ул. вл. 52 стр. 7,11",михалковская ул вл 52 стр 7 11,,,,not_found,2026-07-08T23:15:50
oks,HG5396-10-0001-002,Михалковская ул. вл. 48,михалковская ул вл 48,55.8368189,37.53763,nominatim,secondary,2026-07-08T23:15:52
oks,HG5399-12-0002-001,"Нарвская ул., вл. 2А",нарвская ул вл 2а,55.8421092,37.5032811,nominatim,tertiary,2026-07-08T23:15:53
oks,HG5465-12-0001-001,"ул. Ижорская, з/у 13/16",ул ижорская зу 13/16,,,,not_found,2026-07-08T23:15:55
oks,HG5470-10-0001-001,"Коровинское шоссе, земельный участок 35/18",коровинское шоссе земельный участок 35/18,,,,not_found,2026-07-08T23:15:57
oks,HG5471-99-0001-001,"Базовская ул., з/у 24Б",базовская ул зу 24б,,,,not_found,2026-07-08T23:15:58
oks,HG5664-01-0001-001,"Ижорская улица, вл.13/19, корп.10",ижорская улица вл13/19 корп10,,,,not_found,2026-07-08T23:16:00
oks,HG5681-11-0001-001,"ул. Путейская, д. 7, стр. 1",ул путейская д 7 стр 1,,,,not_found,2026-07-08T23:16:02
oks,HG5861-10-0001-001,"улица Ижорская, земельный участок 6/6",улица ижорская земельный участок 6/6,,,,not_found,2026-07-08T23:16:03
oks,HG5871-06-0001-001,"ул. Ангарская, вл. 49",ул ангарская вл 49,55.8845205,37.5299856,nominatim,tertiary,2026-07-08T23:16:05
oks,HG5946-01-0001-001,"Долгопрудненское шоссе, вл. 5",долгопрудненское шоссе вл 5,55.9200155,37.5414475,nominatim,secondary,2026-07-08T23:16:06
oks,HG5946-04-0001-001,"Северный, Новодачная ул.",северный новодачная ул,55.9292774,37.5283234,nominatim,unclassified,2026-07-08T23:16:08
oks,HG5949-13-0001-001,"Дмитровское шоссе, влд. 163",дмитровское шоссе влд. 163,,,,not_found,2026-07-08T23:16:10
oks,HG5964-10-0001-001,"Карельский бульвар, вл.1/24 (Клязьминская ул., вл.26)",карельский бульвар вл1/24 (клязьминская ул вл26),,,,not_found,2026-07-08T23:16:12
oks,HG6163-10-0001-001,"улица Долгопрудная, з/у 8/1/1",улица долгопрудная зу 8/1/1,,,,not_found,2026-07-08T23:16:14
oks,HG6163-10-0003-001,"Долгопрудная ул., вл. 10",долгопрудная ул вл 10,55.8936364,37.5395282,nominatim,tertiary,2026-07-08T23:16:15
oks,HG6172-01-0002-001,"Дмитровское шоссе, вл.107",дмитровское шоссе вл107,,,,not_found,2026-07-08T23:16:17
oks,HG6178-10-0001-001,"Коровинское шоссе, земельный участок 2/4",коровинское шоссе земельный участок 2/4,,,,not_found,2026-07-08T23:16:19
oks,HG6194-99-0001-001,Черепановых пр. д. 54А,черепановых пр д 54а,,,,not_found,2026-07-08T23:16:20
oks,HG6228-05-0001-001,"Афанасовское шоссе, земельный участок 1А",афанасовское шоссе земельный участок 1а,,,,not_found,2026-07-08T23:16:22
oks,HG6263-10-0001-001,"ул. Долгопрудная, з/у 6",ул долгопрудная зу 6,,,,not_found,2026-07-08T23:16:24
oks,HG6275-10-0001-001,"Бескудниковский бульвар, земельный участок 48 (Зоны 3.2, 3.4)",бескудниковский бульвар земельный участок 48 (зоны 3.2 3.4),,,,not_found,2026-07-08T23:16:26
oks,HG6275-10-0002-001,"Бескудниковский бульвар, земельный участок 46 (зона 3.3)",бескудниковский бульвар земельный участок 46 (зона 3.3),,,,not_found,2026-07-08T23:16:27
oks,HG6277-10-0001-001,"Дмитровское шоссе, земельный участок 93/2 (Дмитровское шоссе вл. 93 корп. 2)",дмитровское шоссе земельный участок 93/2 (дмитровское шоссе вл 93 корп 2),,,,not_found,2026-07-08T23:16:29
oks,HG6285-01-0001-001,"проезд Ильменский, земельный участок 13/8",проезд ильменский земельный участок 13/8,,,,not_found,2026-07-08T23:16:30
oks,HG6342-03-0002-001,"Северный микрорайон 9, корпус 25",северный микрорайон 9 корпус 25,,,,not_found,2026-07-08T23:16:32
oks,HG6344-03-0001-001,"Москва, СВАО, Северный, Дмитровское шоссе вл. 165Е кв. 9",москва свао северный дмитровское шоссе вл 165е кв. 9,,,,not_found,2026-07-08T23:16:34
oks,HG6365-01-0002-001,Дмитровское шоссе д. 110,дмитровское шоссе д 110,55.9311625,37.5474327,nominatim,trunk,2026-07-08T23:16:36
oks,HG6379-04-0002-001,На пересечении Дмитровского и Коровинского шоссе с Селигерской и Пяловской улицами,на пересечении дмитровского и коровинского шоссе с селигерской и пяловской улицами,,,,not_found,2026-07-08T23:16:37
oks,HG6382-10-0001-003,"Дмитровское ш., вл.87",дмитровское ш вл87,55.922253,37.5450873,nominatim,trunk,2026-07-08T23:16:39
oks,HG6382-99-0001-001,"Дмитровское шоссе, вл.83А",дмитровское шоссе вл83а,55.9354367,37.5462717,nominatim,trunk,2026-07-08T23:16:40
oks,HG6383-10-0002-001,"Ильменский пр, вл.12",ильменский пр вл12,55.8581505,37.547069,nominatim,tertiary,2026-07-08T23:16:42
oks,HG6383-10-0003-001,"пр. Ильменский, вл. 14",пр ильменский вл 14,55.8581505,37.547069,nominatim,tertiary,2026-07-08T23:16:44
oks,HG6384-10-0001-001,"проезд Ильменский, земельный участок 11/1",проезд ильменский земельный участок 11/1,,,,not_found,2026-07-08T23:16:45
oks,HG6462-11-0001-001,"г. Москва, Дмитровское шоссе, вл. 110, стр. 7",г. москва дмитровское шоссе вл 110 стр 7,,,,not_found,2026-07-08T23:16:47
oks,HG6480-01-0002-001,"Дмитровское шоссе, земельный участок 82/1/1, земельный участок 82",дмитровское шоссе земельный участок 82/1/1 земельный участок 82,,,,not_found,2026-07-08T23:16:48
oks,HG6568-13-0002-001,Дмитровское шоссе вл. 108А/1 и 108А,дмитровское шоссе вл 108а/1 и 108а,,,,not_found,2026-07-08T23:16:50
oks,HG6584-08-0001-001,"Ильменский проезд, вл. 1 ( САО: район Западное Дегунино )",ильменский проезд вл 1 ( сао: район западное дегунино ),,,,not_found,2026-07-08T23:16:51
oks,HG6584-10-0001-001,"Ильменский пр., з/у 4, 4/1",ильменский пр зу 4 4/1,,,,not_found,2026-07-08T23:16:53
oks,HG6586-99-0001-001,"Ильменский проезд, вл. 1",ильменский проезд вл 1,55.8581505,37.547069,nominatim,tertiary,2026-07-08T23:16:55
oks,HG6589-99-0001-001,"ул. Верхнелихоборская, вл. 7б",ул верхнелихоборская вл 7б,55.8530716,37.5578343,nominatim,unclassified,2026-07-08T23:16:57
oks,HG6639-99-0002-001,Северная 9-я линия уч. 1/5,северная 9-я линия уч 1/5,,,,not_found,2026-07-08T23:16:59
oks,HG6639-99-0002-002,"ул. 9-я Северная линия, д. 25, к. 2",ул 9-я северная линия д 25 к 2,,,,not_found,2026-07-08T23:17:01
oks,HG6668-11-0002-001,"Дубнинская ул., вл. 75А",дубнинская ул вл 75а,,,,not_found,2026-07-08T23:17:03
oks,HG6674-03-0001-001,"Бескудниковский пр., вл. 4",бескудниковский пр вл 4,55.8765286,37.5544789,nominatim,place_of_worship,2026-07-08T23:17:05
oks,HG6684-10-0001-001,"Дмитровское шоссе, земельный участок 75/77",дмитровское шоссе земельный участок 75/77,,,,not_found,2026-07-08T23:17:07
oks,HG6685-10-0001-001,"Дмитровское шоссе, вл.75 (1-ый этап)",дмитровское шоссе вл75 (1-ый этап),,,,not_found,2026-07-08T23:17:08
oks,HG6686-10-0001-001,"Дмитровское шоссе, вл.71, корп.3",дмитровское шоссе вл71 корп3,,,,not_found,2026-07-08T23:17:10
oks,HG6776-03-0002-003,"Дубнинская ул., вл. 24",дубнинская ул вл 24,55.8669092,37.5639263,nominatim,secondary,2026-07-08T23:17:11
oks,HG6786-10-0001-001,Дмитровское шоссе вл. 71 корп. 5,дмитровское шоссе вл 71 корп 5,,,,not_found,2026-07-08T23:17:13
oks,HG6792-99-0001-001,"3-й Нижнелихоборский проезд, 1",3-й нижнелихоборский проезд 1,55.8463392,37.5717902,nominatim,apartments,2026-07-08T23:17:15
oks,HG7065-14-0002-001,"Илимская ул., вл. 3/13",илимская ул вл 3/13,,,,not_found,2026-07-08T23:17:17
oks,HG7094-10-0001-001,"Линейный проезд, земельный участок 1",линейный проезд земельный участок 1,,,,not_found,2026-07-08T23:17:19
oks,HG7096-04-0001-001,"вблизи ул. Комдива Орлова, вл. 3",вблизи ул комдива орлова вл 3,,,,not_found,2026-07-08T23:17:20
oks,HG7165-10-0002-001,Илимская ул. вл. 3/5,илимская ул вл 3/5,55.8913032,37.5709844,nominatim,tertiary,2026-07-08T23:17:22
oks,HG7176-01-0001-001,"ул. Поморская, земельный участок 50/5",ул поморская земельный участок 50/5,,,,not_found,2026-07-08T23:17:23
oks,HG7188-15-0001-007,Марфино,марфино,55.8309084,37.5914584,nominatim,administrative,2026-07-08T23:17:25
oks,HG7274-10-0002-001,Черского пр. уч. 21Б (участок 2.1),черского пр уч 21б (участок 2.1),,,,not_found,2026-07-08T23:17:26
oks,HG7283-99-0001-001,"ш. Алтуфьевское, вл. 33Г",ш алтуфьевское вл 33г,,,,not_found,2026-07-08T23:17:28
oks,HG7295-10-0001-002,"Линейный проезд, влд. 8А",линейный проезд влд. 8а,,,,not_found,2026-07-08T23:17:30
oks,HG7365-10-0001-001,Илимская ул. вл. 3/6,илимская ул вл 3/6,,,,not_found,2026-07-08T23:17:31
oks,HG7374-06-0001-001,"Проезд Черского дом 13, строение 4",проезд черского дом 13 строение 4,,,,not_found,2026-07-08T23:17:33
oks,HG7385-12-0001-001,Проектируемый проезд № 4875,проектируемый проезд № 4875,55.8602261,37.5786158,nominatim,unclassified,2026-07-08T23:17:35
oks,HG7480-12-0001-001,"Алтуфьевское шоссе, вл. 35-37",алтуфьевское шоссе вл 35-37,,,,not_found,2026-07-08T23:17:37
oks,HG7557-08-0002-001,"Алтуфьевское ш., вл. 51-54",алтуфьевское ш вл 51-54,,,,not_found,2026-07-08T23:17:39
oks,HG7766-04-0002-001,"ул. Пришвина, вл. 4А",ул пришвина вл 4а,55.8851746,37.6043543,nominatim,tertiary,2026-07-08T23:17:40
oks,HG7787-03-0002-001,"Нововладыкинский проезд, вл. 15",нововладыкинский проезд вл 15,55.850911,37.5777854,nominatim,unclassified,2026-07-08T23:17:42
oks,HG7890-04-0001-001,"проезд Сигнальный, земельный участок 12",проезд сигнальный земельный участок 12,,,,not_found,2026-07-08T23:17:43
oks,HG7899-10-0002-001,Ботаническая ул. вл. 29,ботаническая ул вл 29,55.8442084,37.5855732,nominatim,secondary,2026-07-08T23:17:45
oks,HG8068-04-0001-001,"ул. Пришвина, вл. 22",ул пришвина вл 22,55.8885089,37.5987406,nominatim,tertiary,2026-07-08T23:17:47
oks,HG8088-06-0001-001,"Москва, СВАО, Отрадное, Сигнальный пр. вл. 37",москва свао отрадное сигнальный пр вл 37,,,,not_found,2026-07-08T23:17:49
oks,HG8089-10-0001-001,"Сигнальный пр., влд.16, стр.2",сигнальный пр влд.16 стр2,,,,not_found,2026-07-08T23:17:50
oks,HG8174-10-0003-001,"Римского Корсакова ул., з/у 11/12",римского корсакова ул зу 11/12,,,,not_found,2026-07-08T23:17:52
oks,HG8390-16-0001-001,"Березовая аллея, вл. 8",березовая аллея вл 8,55.9910472,37.2049555,nominatim,tertiary,2026-07-08T23:17:54
oks,HG8490-12-0001-001,"улица Берёзовая аллея, земельный участок 12/1",улица березовая аллея земельный участок 12/1,,,,not_found,2026-07-08T23:17:56
oks,HG8583-05-0002-001,"улица Декабристов, влд. 39",улица декабристов влд. 39,,,,not_found,2026-07-08T23:17:58
oks,HG8672-10-0001-001,"ул. Молодцова, д.33, к. 1",ул молодцова д33 к 1,,,,not_found,2026-07-08T23:18:00
oks,HG8684-04-0002-001,"Москва, СВАО, Отрадное, Декабристов ул. д. 45",москва свао отрадное декабристов ул д 45,,,,not_found,2026-07-08T23:18:01
oks,HG8760-04-0001-001,Корнейчука ул. вл. 27 стр. 5,корнейчука ул вл 27 стр 5,,,,not_found,2026-07-08T23:18:03
oks,HG8789-04-0002-001,"Березовая аллея (район станции метро ""Ботанический сад"", пересечение улиц Березовая аллея и Сельскохозяйственная)",березовая аллея (район станции метро ботанический сад пересечение улиц березовая аллея и сельскохозяйственная),,,,not_found,2026-07-08T23:18:04
oks,HG8789-04-0003-003,Березовая аллея пересечение с ул. Сельскохозяйственная,березовая аллея пересечение с ул сельскохозяйственная,,,,not_found,2026-07-08T23:18:06
oks,HG8868-11-0002-001,"ул. Чермянская, вл. 4",ул чермянская вл 4,55.8850089,37.6316241,nominatim,unclassified,2026-07-08T23:18:07
oks,HG8869-01-0002-001,"ул. Вилюйская, вл. 9",ул вилюйская вл 9,55.882275,37.6295971,nominatim,residential,2026-07-08T23:18:09
oks,HG8869-99-0001-001,Чермянская ул. вл. 3,чермянская ул вл 3,55.8850089,37.6316241,nominatim,unclassified,2026-07-08T23:18:11
oks,HG8890-10-0001-001,"Сельскохозяйственная ул., з/у 42/1",сельскохозяйственная ул зу 42/1,,,,not_found,2026-07-08T23:18:13
oks,HG8973-10-0001-002,"улица Молодцова, д. 17, к. 1",улица молодцова д 17 к 1,,,,not_found,2026-07-08T23:18:14
oks,HG8976-99-0001-001,Дежнева пр. вл. 30 корп. 3,дежнева пр вл 30 корп 3,,,,not_found,2026-07-08T23:18:16
oks,HG8993-03-0001-001,"Пика Вильгельма ул. д. 14 и Лазоревый пр.(метро ""Ботанический сад"")",пика вильгельма ул д 14 и лазоревый пр(метро ботанический сад),,,,not_found,2026-07-08T23:18:18
oks,HG9070-08-0002-001,"Полярная ул., вл.25",полярная ул вл25,55.8753208,37.6366379,nominatim,residential,2026-07-08T23:18:20
oks,HG9074-10-0003-001,"Полярная ул., з/у 17/1 (Полярная ул., вл.17, корп.1)",полярная ул зу 17/1 (полярная ул вл17 корп1),,,,not_found,2026-07-08T23:18:21
oks,HG9075-03-0001-001,"Полярная улица, д. 9",полярная улица д 9,55.8679077,37.6396784,nominatim,secondary,2026-07-08T23:18:23
oks,HG9076-99-0005-001,"Полярная улица, земельный участок 3/1 (Полярная ул. вл.3, корп.1)",полярная улица земельный участок 3/1 (полярная ул вл3 корп1),,,,not_found,2026-07-08T23:18:25
oks,HG9176-09-0001-001,"ул. Полярная, земельный участок 4 (ул. Полярная, вл. 4)",ул полярная земельный участок 4 (ул полярная вл 4),,,,not_found,2026-07-08T23:18:26
oks,HG9179-99-0001-001,Полярная ул. уч. 16,полярная ул уч 16,55.8863336,37.643632,nominatim,secondary,2026-07-08T23:18:28
oks,HG9192-04-0002-001,"вблизи станции МЦК ""Ботанический сад""",вблизи станции мцк ботанический сад,,,,not_found,2026-07-08T23:18:29
oks,HG9193-04-0001-001,"ТПУ ""Ботанический сад (Ботаническая)""",тпу ботанический сад (ботаническая),,,,not_found,2026-07-08T23:18:31
oks,HG9196-01-0001-001,"Сельскохозяйственная улица, земельный участок 26/8",сельскохозяйственная улица земельный участок 26/8,,,,not_found,2026-07-08T23:18:32
oks,HG9199-04-0002-001,"улица Вильгельма Пика, влд.3, стр. 1-8",улица вильгельма пика влд.3 стр 1-8,,,,not_found,2026-07-08T23:18:34
oks,HG9199-10-0001-001,"улица Вильгельма Пика, дом 1",улица вильгельма пика дом 1,55.8349613,37.6355371,nominatim,university,2026-07-08T23:18:35
oks,HG9297-10-0001-004,"Сельскохозяйственная ул., вл. 26",сельскохозяйственная ул вл 26,55.8391384,37.6307293,nominatim,secondary,2026-07-08T23:18:37
oks,HG9297-10-0001-006,"ул. Сельскохозяйственная, земельный участок 26/8",ул сельскохозяйственная земельный участок 26/8,,,,not_found,2026-07-08T23:18:39
oks,HG9298-11-0001-001,"ул. Сергея Эйзенштейна, вл. 8/5",ул сергея эйзенштейна вл 8/5,,,,not_found,2026-07-08T23:18:40
oks,HG9363-10-0001-001,"улица Полярная, земельный участок 39/1",улица полярная земельный участок 39/1,,,,not_found,2026-07-08T23:18:42
oks,HG9364-10-0001-001,Полярная ул.,полярная ул,55.8756093,37.636864,nominatim,secondary,2026-07-08T23:18:44
oks,HG9397-04-0001-001,"ул. Сельскохозяйственная, вл. 12А",ул сельскохозяйственная вл 12а,55.8328934,37.6515983,nominatim,secondary,2026-07-08T23:18:45
oks,HG9483-10-0001-001,"Кольская ул., дом 8, корп.2",кольская ул дом 8 корп2,,,,not_found,2026-07-08T23:18:47
oks,HG9483-99-0001-001,"Кольская ул., вл. 8",кольская ул вл 8,55.8616483,37.6459525,nominatim,secondary,2026-07-08T23:18:49
oks,HG9484-10-0001-001,"Кольская улица, земельный участок 7",кольская улица земельный участок 7,,,,not_found,2026-07-08T23:18:51
oks,HG9591-10-0001-001,Серебрякова пр. вл. 11-13,серебрякова пр вл 11-13,,,,not_found,2026-07-08T23:18:52
oks,HG9595-10-0002-001,"улица Докукина, земельный участок 10/2",улица докукина земельный участок 10/2,,,,not_found,2026-07-08T23:18:54
oks,HG9692-14-0002-001,"Серебрякова проезд, з/у 14А/1",серебрякова проезд зу 14а/1,,,,not_found,2026-07-08T23:18:56
oks,HG9779-05-0002-001,"Ленская ул., вл. 21",ленская ул вл 21,55.8658951,37.6710774,nominatim,residential,2026-07-08T23:18:58
oks,HG9985-99-0001-001,Верхоянская ул. уч. 14,верхоянская ул уч 14,55.8577856,37.6672893,nominatim,residential,2026-07-08T23:18:59
oks,HG9988-12-0001-001,"ул Енисейская, вл 1",ул енисейская вл 1,55.874437,37.6669903,nominatim,secondary,2026-07-08T23:19:01
oks,HH0024-01-0001-001,"у д. Захарково, квартал А24 (квартал №120,дом 16)",у д захарково квартал а24 (квартал №120 дом 16),,,,not_found,2026-07-08T23:19:03
oks,HH0226-10-0001-001,Захарково в 17,захарково в 17,55.1943851,37.2404084,nominatim,hamlet,2026-07-08T23:19:05
oks,HH0327-10-0001-001,"д Захарково квартал В21, корпуса 1, 2, 3",д захарково квартал в21 корпуса 1 2 3,,,,not_found,2026-07-08T23:19:06
oks,HH0489-05-0001-001,Сколково,сколково,55.666803,37.4246099,nominatim,halt,2026-07-08T23:19:08
oks,HH0584-01-0003-001,"территория инновационного центр Сколково, Большой бульвар, 49",территория инновационного центр сколково большой бульвар 49,,,,not_found,2026-07-08T23:19:09
oks,HH0589-14-0001-001,"территория инновационного центра Сколково (ул. Луговая, дом 4,корп.2)",территория инновационного центра сколково (ул луговая дом 4 корп2),,,,not_found,2026-07-08T23:19:11
oks,HH0592-01-0001-001,"Москва территория инновационного центра ""Сколково"". Большая бульвар, д.46, стр.1",москва территория инновационного центра сколково. большая бульвар д46 стр1,,,,not_found,2026-07-08T23:19:12
oks,HH0679-01-0001-001,"территория инновационного центра Сколково, ул. Эйнштейна, земельный участок 2/2",территория инновационного центра сколково ул эйнштейна земельный участок 2/2,,,,not_found,2026-07-08T23:19:14
oks,HH0685-04-0002-001,"территория инновационного центра ""Сколково"", ул. Зворыкина, 16, ул. Зворыкина, 25",территория инновационного центра сколково ул зворыкина 16 ул зворыкина 25,,,,not_found,2026-07-08T23:19:16
oks,HH0881-08-0001-001,"территория инновационного центра Сколково, Большой бульвар, 37",территория инновационного центра сколково большой бульвар 37,,,,not_found,2026-07-08T23:19:17
oks,HH1139-04-0002-001,"район Кунцево, МКАД 59 км",район кунцево мкад 59 км,55.7537627,37.3685925,nominatim,bus_stop,2026-07-08T23:19:19
oks,HH1238-06-0002-001,"Рублевское шоссе, вл. 68-70",рублевское шоссе вл 68-70,,,,not_found,2026-07-08T23:19:21
oks,HH1246-05-0001-001,"Москва, ЗАО, район Кунцево, ул. 3-я Черепковская, вл. 15-А",москва зао район кунцево ул 3-я черепковская вл 15-а,,,,not_found,2026-07-08T23:19:23
oks,HH1342-05-0001-001,"Рублевское шоссе, вл. 135",рублевское шоссе вл 135,55.7359767,37.4395034,nominatim,residential,2026-07-08T23:19:25
oks,HH1390-06-0001-001,"Сколковское шоссе , з/у 52",сколковское шоссе зу 52,,,,not_found,2026-07-08T23:19:26
oks,HH1400-04-0001-001,между Волоколамским шоссе и Новотушинской улицей,между волоколамским шоссе и новотушинской улицей,,,,not_found,2026-07-08T23:19:28
oks,HH1400-04-0001-004,район Митино,район митино,55.8454574,37.3670608,nominatim,administrative,2026-07-08T23:19:29
oks,HH1426-04-0001-001,"район Строгино, проезд № 607, вл. 21",район строгино проезд № 607 вл 21,55.7893448,37.3826211,nominatim,tertiary,2026-07-08T23:19:32
oks,HH1566-10-0001-001,"ул. Горбунова, вл. 27, стр. 1",ул горбунова вл 27 стр 1,,,,not_found,2026-07-08T23:19:34
oks,HH1652-05-0001-002,"ул. Маршала Тимошенко, вл.15",ул маршала тимошенко вл15,55.752706,37.4061138,nominatim,tertiary,2026-07-08T23:19:35
oks,HH1672-14-0001-001,"ул. Беловежская, земельный участок 4А",ул беловежская земельный участок 4а,,,,not_found,2026-07-08T23:19:37
oks,HH1723-11-0002-001,"улица Твардовского, вл. 8",улица твардовского вл 8,55.7999452,37.3901161,nominatim,secondary,2026-07-08T23:19:39
oks,HH1724-10-0001-001,"улица Маршала Прошлякова, земельный участок 12А; проезд № 607, вл. 12, к. 4.",улица маршала прошлякова земельный участок 12а проезд № 607 вл 12 к 4.,,,,not_found,2026-07-08T23:19:40
oks,HH1724-10-0002-001,"проезд № 607, вл. 12, к. 4, г. Москва, ул. Маршала Воробьева, вл. 12, корп. 3.",проезд № 607 вл 12 к 4 г. москва ул маршала воробьева вл 12 корп 3.,,,,not_found,2026-07-08T23:19:42
oks,HH1749-05-0001-001,"Маршала Тимошенко, вл. 15",маршала тимошенко вл 15,55.7420254,37.3936707,nominatim,residential,2026-07-08T23:19:44
oks,HH1752-05-0002-002,"ул. Маршала Тимошенко, вл. 15",ул маршала тимошенко вл 15,55.7420254,37.3936707,nominatim,residential,2026-07-08T23:19:45
oks,HH1823-05-0002-001,"Твардовского ул., вл. 10",твардовского ул вл 10,55.798927,37.4076016,nominatim,secondary,2026-07-08T23:19:47
oks,HH1938-06-0001-001,"ул Осенняя 25, К8",ул осенняя 25 к8,,,,not_found,2026-07-08T23:19:48
oks,HH1980-04-0001-001,Заречье р.п.,заречье р.п.,55.7142692,37.0652533,nominatim,hamlet,2026-07-08T23:19:50
oks,HH2154-10-0002-001,Оршанская ул.,оршанская ул,55.7441376,37.4019479,nominatim,tertiary,2026-07-08T23:19:51
oks,HH2159-10-0001-001,ул. Молодогвардейская з/у 53,ул молодогвардейская зу 53,,,,not_found,2026-07-08T23:19:54
oks,HH2200-12-0001-001,"Походный проезд, вл. 2, стр. 1-1",походный проезд вл 2 стр 1-1,,,,not_found,2026-07-08T23:19:55
oks,HH2203-10-0001-001,"ш. Волоколамское, з/у 93",ш волоколамское зу 93,,,,not_found,2026-07-08T23:19:57
oks,HH2237-10-0001-001,"ул. Крылатская, земельный участок 33/1",ул крылатская земельный участок 33/1,,,,not_found,2026-07-08T23:19:59
oks,HH2251-10-0002-001,ул. Академика Павлова,ул академика павлова,55.7474479,37.4060728,nominatim,tertiary,2026-07-08T23:20:00
oks,HH2267-99-0001-001,"улица Кубинка, земельный участок 16/1 (ул. Кубинка, вл. 16-1)",улица кубинка земельный участок 16/1 (ул кубинка вл 16-1),,,,not_found,2026-07-08T23:20:02
oks,HH2267-99-0002-001,"улица Кубинка, земельный участок 16/2 (ул. Кубинка, вл. 16-1)",улица кубинка земельный участок 16/2 (ул кубинка вл 16-1),,,,not_found,2026-07-08T23:20:03
oks,HH2341-05-0001-001,"Крылатские Холмы ул., вл. 51",крылатские холмы ул вл 51,55.7510327,37.4199997,nominatim,tertiary,2026-07-08T23:20:05
oks,HH2356-10-0001-001,"улица Ярцевская, участок 21/1",улица ярцевская участок 21/1,,,,not_found,2026-07-08T23:20:07
oks,HH2437-08-0002-001,"Крылатская улица, вл. 23 А",крылатская улица вл 23 а,55.7484518,37.4280914,nominatim,secondary,2026-07-08T23:20:09
oks,HH2437-10-0001-001,"ул. Крылатская, влд. 23, стр.1",ул крылатская влд. 23 стр1,,,,not_found,2026-07-08T23:20:11
oks,HH2457-06-0001-001,"ул. Ярцевская, вл. 22А, корп. 2",ул ярцевская вл 22а корп 2,,,,not_found,2026-07-08T23:20:13
oks,HH2477-12-0001-001,"промзона № 37 «Очаково», пр. пр. 1901",промзона № 37 очаково пр пр 1901,,,,not_found,2026-07-08T23:20:15
oks,HH2487-04-0001-001,51-й км МКАД,51-й км мкад,55.725314,37.3771766,nominatim,yes,2026-07-08T23:20:16
oks,HH2506-99-0002-001,ул. Лётная,ул летная,55.8202117,37.4419785,nominatim,unclassified,2026-07-08T23:20:18
oks,HH2537-14-0002-001,"ул. Крылатская, вл. 19-21",ул крылатская вл 19-21,,,,not_found,2026-07-08T23:20:20
oks,HH2604-01-0001-001,Шоссе Волоколамское Дом 77 Строение 2,шоссе волоколамское дом 77 строение 2,,,,not_found,2026-07-08T23:20:21
oks,HH2608-08-0001-001,"ул. Летная, вл. 95Б",ул летная вл 95б,,,,not_found,2026-07-08T23:20:23
oks,HH2608-10-0001-002,Лётная ул.,летная ул,55.824955,37.4229308,nominatim,unclassified,2026-07-08T23:20:25
oks,HH2610-10-0001-001,"Волоколамское шоссе, вл.71/12",волоколамское шоссе вл71/12,,,,not_found,2026-07-08T23:20:26
oks,HH2612-03-0001-001,"Волоколамское шоссе, вл. 67 (Волоколамское шоссе, д.71А, стр.1 и стр.2)",волоколамское шоссе вл 67 (волоколамское шоссе д71а стр1 и стр2),,,,not_found,2026-07-08T23:20:28
oks,HH2685-12-0001-001,"ул. Рябиновая, земельный участок 32Б",ул рябиновая земельный участок 32б,,,,not_found,2026-07-08T23:20:29
oks,HH2709-10-0002-001,"Волоколамское шоссе, вл. 71/7",волоколамское шоссе вл 71/7,,,,not_found,2026-07-08T23:20:31
oks,HH2711-10-0002-001,"Шоссе Волоколамское, влд. 71/13",шоссе волоколамское влд. 71/13,,,,not_found,2026-07-08T23:20:33
oks,HH2711-10-0003-001,"Волоколамское шоссе, влд. 71/13",волоколамское шоссе влд. 71/13,,,,not_found,2026-07-08T23:20:35
oks,HH2809-08-0002-001,"Волоколамское шоссе вл. 71/8, стр.3",волоколамское шоссе вл 71/8 стр3,,,,not_found,2026-07-08T23:20:36
oks,HH2838-14-0001-001,"ул. Крылатская, вл. 13",ул крылатская вл 13,55.7625467,37.4306398,nominatim,secondary,2026-07-08T23:20:38
oks,HH2867-10-0001-001,"улица Петра Алексеева, земельный участок 3 (зоны 6.1 и 6.2)",улица петра алексеева земельный участок 3 (зоны 6.1 и 6.2),,,,not_found,2026-07-08T23:20:39
oks,HH2869-10-0002-002,"улица Петра Алексеева, вл. 12",улица петра алексеева вл 12,55.7193811,37.4290866,nominatim,residential,2026-07-08T23:20:41
oks,HH2892-99-0001-001,"улица Рябиновая, земельный участок 42/1",улица рябиновая земельный участок 42/1,,,,not_found,2026-07-08T23:20:43
oks,HH2910-06-0001-001,Волоколамское шоссе вл. 71/10,волоколамское шоссе вл 71/10,,,,not_found,2026-07-08T23:20:44
oks,HH2912-10-0001-001,"Волоколамское шоссе, вл. 71/15",волоколамское шоссе вл 71/15,,,,not_found,2026-07-08T23:20:46
oks,HH2970-10-0001-001,"ул. Гродненская, вл. 18",ул гродненская вл 18,55.7191305,37.4347412,nominatim,unclassified,2026-07-08T23:20:47
oks,HH2970-10-0003-002,"Москва, ул. Петра Алексеева, вл. 12",москва ул петра алексеева вл 12,55.7193811,37.4290866,nominatim,residential,2026-07-08T23:20:49
oks,HH2973-13-0002-001,"Верейская ул., д. 41",верейская ул д 41,55.7131928,37.4305076,nominatim,bus_stop,2026-07-08T23:20:51
oks,HH2974-01-0001-001,"ул. Верейская, вл. 29/30",ул верейская вл 29/30,,,,not_found,2026-07-08T23:20:52
oks,HH2987-14-0001-001,"ул.Рябиновая, вл. 55, стр. 29, 30",улрябиновая вл 55 стр 29 30,,,,not_found,2026-07-08T23:20:54
oks,HH3006-10-0001-002,"ш. Волоколамское шоссе, вл. 71/1",ш волоколамское шоссе вл 71/1,,,,not_found,2026-07-08T23:20:56
oks,HH3010-05-0001-001,"Волоколамское шоссе, влд. 71/11",волоколамское шоссе влд. 71/11,,,,not_found,2026-07-08T23:20:58
oks,HH3012-10-0001-001,"Волоколамское шоссе, вл. 71/16",волоколамское шоссе вл 71/16,,,,not_found,2026-07-08T23:20:59
oks,HH3062-10-0001-001,"улица Ивана Франко, земельный участок 22/1",улица ивана франко земельный участок 22/1,,,,not_found,2026-07-08T23:21:02
oks,HH3063-10-0002-001,ул. Ивана Франко,ул ивана франко,55.728598,37.4081244,nominatim,tertiary,2026-07-08T23:21:03
oks,HH3070-10-0001-001,Багрицкого ул. уч. 28,багрицкого ул уч 28,,,,not_found,2026-07-08T23:21:05
oks,HH3074-10-0001-001,"улица Верейская, влд. 29/32Д",улица верейская влд. 29/32д,,,,not_found,2026-07-08T23:21:06
oks,HH3074-10-0002-001,"ул. Верейская, земельный участок 29/32",ул верейская земельный участок 29/32,,,,not_found,2026-07-08T23:21:08
oks,HH3094-12-0001-001,"Рябиновая, вл. 44/1",рябиновая вл 44/1,,,,not_found,2026-07-08T23:21:10
oks,HH3102-10-0001-001,"ул. Тушинская, земельный участок 24/1",ул тушинская земельный участок 24/1,,,,not_found,2026-07-08T23:21:12
oks,HH3134-06-0001-001,"Таманская ул., вл. 1, стр. 3",таманская ул вл 1 стр 3,,,,not_found,2026-07-08T23:21:14
oks,HH3203-14-0002-001,Тушинская ул. вл. 13-15,тушинская ул вл 13-15,55.8271704,37.4449075,nominatim,residential,2026-07-08T23:21:15
oks,HH3232-04-0002-001,"ул. Таманская, вл. 5А, стр.2",ул таманская вл 5а стр2,,,,not_found,2026-07-08T23:21:17
oks,HH3233-06-0001-001,"ул. Таманская, вл. 1",ул таманская вл 1,55.7760968,37.4372145,nominatim,construction,2026-07-08T23:21:19
oks,HH3272-06-0002-001,"ул. Верейская, вл. 12",ул верейская вл 12,55.7130406,37.4237341,nominatim,tertiary,2026-07-08T23:21:21
oks,HH3273-99-0001-001,"улица Верейская, земельный участок 29/42",улица верейская земельный участок 29/42,,,,not_found,2026-07-08T23:21:22
oks,HH3296-10-0001-001,"ул. Никулинская, земельный участок 33 А/",ул никулинская земельный участок 33 а/,,,,not_found,2026-07-08T23:21:24
oks,HH3296-10-0002-001,"ул. Никулинская, земельный участок 33А/Б",ул никулинская земельный участок 33а/б,,,,not_found,2026-07-08T23:21:25
oks,HH3298-01-0001-001,"ул. Озерная, вл.42",ул озерная вл42,55.6649342,37.4400853,nominatim,primary,2026-07-08T23:21:27
oks,HH3298-01-0002-001,Офисное здание с подземной автостоянкой,офисное здание с подземной автостоянкой,,,,not_found,2026-07-08T23:21:28
oks,HH3301-10-0001-001,ул. Вишневая вл. 7,ул вишневая вл 7,55.8281985,37.4464272,nominatim,residential,2026-07-08T23:21:30
oks,HH3301-10-0001-002,"ул. Вишнёвая, влд. 7",ул вишневая влд. 7,,,,not_found,2026-07-08T23:21:32
oks,HH3351-99-0001-001,Мневники Нижн. ул. уч. 15,мневники нижн. ул уч 15,,,,not_found,2026-07-08T23:21:34
oks,HH3373-04-0001-001,ул. Верейская,ул верейская,55.7098807,37.4465708,nominatim,tertiary,2026-07-08T23:21:36
oks,HH3390-10-0001-001,"проезд Стройкомбината, земельный участок 1/4",проезд стройкомбината земельный участок 1/4,,,,not_found,2026-07-08T23:21:38
oks,HH3402-10-0001-001,"улица Циолковского, вл. 3",улица циолковского вл 3,55.8290116,37.4415913,nominatim,residential,2026-07-08T23:21:40
oks,HH3452-06-0001-001,"ул. Нижние Мнёвники, земельный участок 4",ул нижние мневники земельный участок 4,,,,not_found,2026-07-08T23:21:41
oks,HH3473-03-0001-001,Верейская ул. вл. 1,верейская ул вл 1,55.7130406,37.4237341,nominatim,tertiary,2026-07-08T23:21:43
oks,HH3474-10-0001-001,"ул. Верейская, земельный участок 29/35",ул верейская земельный участок 29/35,,,,not_found,2026-07-08T23:21:44
oks,HH3474-16-0003-001,Пересечение улицы Верейской и улицы Генерала Дорохова,пересечение улицы верейской и улицы генерала дорохова,,,,not_found,2026-07-08T23:21:46
oks,HH3486-08-0001-001,"проезд Стройкомбината, вл. 1",проезд стройкомбината вл 1,55.6838693,37.4494727,nominatim,yes,2026-07-08T23:21:47
oks,HH3489-99-0001-001,проезд Стройкомбината,проезд стройкомбината,55.6872338,37.4539844,nominatim,unclassified,2026-07-08T23:21:49
oks,HH3497-04-0001-001,"Москва, ЗАО, район Очаково-Матвеевское",москва зао район очаково-матвеевское,,,,not_found,2026-07-08T23:21:51
oks,HH3497-04-0002-001,Озерная ул. вл. 33,озерная ул вл 33,55.6625312,37.4326017,nominatim,primary,2026-07-08T23:21:52
oks,HH3530-10-0002-001,"наб. Новикова-Прибоя, влд. 6/3/1",наб. новикова-прибоя влд. 6/3/1,,,,not_found,2026-07-08T23:21:54
oks,HH3548-10-0002-004,"улица Нижние Мнёвники, земельный участок 35",улица нижние мневники земельный участок 35,,,,not_found,2026-07-08T23:21:56
oks,HH3551-10-0001-001,"ул. Нижние Мнёвники, земельный участок 12Б,",ул нижние мневники земельный участок 12б ,,,,not_found,2026-07-08T23:21:57
oks,HH3559-10-0001-001,"ул. Малая Филевская, вл. 46",ул малая филевская вл 46,55.7309988,37.4467218,nominatim,tertiary,2026-07-08T23:21:59
oks,HH3564-01-0002-001,Свиридова Алексея ул.. уч. 9/3,свиридова алексея ул. уч 9/3,,,,not_found,2026-07-08T23:22:00
oks,HH3576-13-0001-001,Очаково-Матвеевское,очаково-матвеевское,55.690291,37.4406611,nominatim,administrative,2026-07-08T23:22:02
oks,HH3586-08-0001-001,"Стройкомбината проезд, влд.1",стройкомбината проезд влд.1,,,,not_found,2026-07-08T23:22:04
oks,HH3614-10-0001-001,"Авиационная улица, земельный участок 61/1 (Авиационная ул., вл. 61, корп. 1)",авиационная улица земельный участок 61/1 (авиационная ул вл 61 корп 1),,,,not_found,2026-07-08T23:22:05
oks,HH3647-01-0001-001,"ул. Нижние Мневники, земельный участок 39/1",ул нижние мневники земельный участок 39/1,,,,not_found,2026-07-08T23:22:07
oks,HH3647-01-0002-001,"улица Нижние Мнёвники, земельный участок 41",улица нижние мневники земельный участок 41,,,,not_found,2026-07-08T23:22:08
oks,HH3648-99-0001-001,Мневники Нижн. ул. з/у 70,мневники нижн. ул зу 70,,,,not_found,2026-07-08T23:22:10
oks,HH3650-10-0002-001,"улица Нижние Мнёвники, земельный участок 13",улица нижние мневники земельный участок 13,,,,not_found,2026-07-08T23:22:12
oks,HH3652-10-0001-001,"ул. Мневники Нижние, уч. 10",ул мневники нижние уч 10,,,,not_found,2026-07-08T23:22:13
oks,HH3663-01-0001-001,"ул. Алексея Свиридова, з/у 7",ул алексея свиридова зу 7,,,,not_found,2026-07-08T23:22:15
oks,HH3674-15-0001-001,"Москва, ЗАО, районы Фили-Давыдково, Очаково-Матвеевское",москва зао районы фили-давыдково очаково-матвеевское,,,,not_found,2026-07-08T23:22:17
oks,HH3684-99-0001-001,ш. Очаковское,ш очаковское,55.6863057,37.4385902,nominatim,tertiary,2026-07-08T23:22:18
oks,HH3685-08-0002-001,"Очаковское шоссе, влд.3А, 5А",очаковское шоссе влд.3а 5а,,,,not_found,2026-07-08T23:22:20
oks,HH3712-04-0001-001,Полесский пр. вл. 16/2,полесский пр вл 16/2,,,,not_found,2026-07-08T23:22:22
oks,HH3717-03-0002-001,"ул. Маршала Новикова, вл. 23",ул маршала новикова вл 23,55.8056507,37.4598539,nominatim,tertiary,2026-07-08T23:22:23
oks,HH3747-13-0001-001,"улица Нижние Мневники, земельный участок 6/1",улица нижние мневники земельный участок 6/1,,,,not_found,2026-07-08T23:22:25
oks,HH3782-10-0001-001,"Очаковское ш. д. 5, К3",очаковское ш д 5 к3,,,,not_found,2026-07-08T23:22:26
oks,HH3782-10-0001-004,"Очаковское ш. д. 5, К2",очаковское ш д 5 к2,,,,not_found,2026-07-08T23:22:28
oks,HH3795-03-0002-001,"Мичуринский проспект, вл. 15 (напротив)",мичуринский проспект вл 15 (напротив),,,,not_found,2026-07-08T23:22:29
oks,HH3808-05-0002-001,Волоколамское шоссе вл. 80,волоколамское шоссе вл 80,55.8190357,37.4526104,nominatim,secondary,2026-07-08T23:22:31
oks,HH3825-10-0001-001,"ул. Берзарина, вл. 37",ул берзарина вл 37,55.7884668,37.4961386,nominatim,tertiary,2026-07-08T23:22:33
oks,HH3830-10-0002-001,"Генерала Глаголева ул., з/у 20",генерала глаголева ул зу 20,,,,not_found,2026-07-08T23:22:35
oks,HH3836-06-0001-001,"Карамышевская набережная, д. 13А",карамышевская набережная д 13а,55.7722196,37.4636833,nominatim,tertiary,2026-07-08T23:22:37
oks,HH3882-04-0001-001,Очаковское шоссе уч. 3А/8,очаковское шоссе уч 3а/8,,,,not_found,2026-07-08T23:22:38
oks,HH3883-10-0001-002,"Москва, ЗАО, район Очаково-Матвеевское, Очаковское шоссе",москва зао район очаково-матвеевское очаковское шоссе,,,,not_found,2026-07-08T23:22:40
oks,HH3883-10-0002-001,"Очаковское ш. д. 5, К5",очаковское ш д 5 к5,,,,not_found,2026-07-08T23:22:41
oks,HH3884-10-0001-001,"ш. Очаковское (Очаковское шоссе, влд. 3А, 5А)",ш очаковское (очаковское шоссе влд. 3а 5а),,,,not_found,2026-07-08T23:22:43
oks,HH3884-10-0002-001,"Очаковское шоссе 1 этап: Корпуса 4.1 (и пристройки 1, 2), 4.2, 4.3 (и пристройка 3, 4), 4.7 (и пристройка 7), 4.8 и подземная автостоянка. Срок действия до 14.06.2028",очаковское шоссе 1 этап: корпуса 4.1 (и пристройки 1 2) 4.2 4.3 (и пристройка 3 4) 4.7 (и пристройка 7) 4.8 и подземная автостоянка. срок действия до 14.06.2028,,,,not_found,2026-07-08T23:22:45
oks,HH3888-04-0001-001,"Очаковская Б., ул. вл. 1",очаковская б. ул вл 1,55.6919632,37.467544,nominatim,neighbourhood,2026-07-08T23:22:47
oks,HH3930-10-0002-001,"квартал 82 района Хорошево-Мневники, корпус 11 (ул. Генерала Глаголева, вл. 16, к. 1)",квартал 82 района хорошево-мневники корпус 11 (ул генерала глаголева вл 16 к 1),,,,not_found,2026-07-08T23:22:48
oks,HH3930-10-0002-005,"ул. Генерала Глаголева, вл. 16, к. 1",ул генерала глаголева вл 16 к 1,,,,not_found,2026-07-08T23:22:50
oks,HH3984-06-0003-001,"Лобачевского ул., дом 47, стр. 1 (Очаковская Б. ул. вл. 2 корп. 2)",лобачевского ул дом 47 стр 1 (очаковская б. ул вл 2 корп 2),,,,not_found,2026-07-08T23:22:51
oks,HH3988-10-0001-001,Озерная з/у 1,озерная зу 1,55.5080336,37.2205281,nominatim,service,2026-07-08T23:22:53
oks,HH4036-06-0002-001,Адиля Саляма ул. вл. 2/44/3,адиля саляма ул вл 2/44/3,,,,not_found,2026-07-08T23:22:55
oks,HH4067-10-0001-002,"Давыдковская улица, влд. 16",давыдковская улица влд. 16,,,,not_found,2026-07-08T23:22:57
oks,HH4074-04-0001-001,"ул. Нежинская, вл. 13, корп. 2, корп. 3",ул нежинская вл 13 корп 2 корп 3,,,,not_found,2026-07-08T23:22:58
oks,HH4087-08-0001-001,"ул. Озерная, з/у 1, вл.7",ул озерная зу 1 вл7,,,,not_found,2026-07-08T23:23:00
oks,HH4097-14-0002-001,"Мичуринский проспект, Олимпийская деревня, вл.4",мичуринский проспект олимпийская деревня вл4,,,,not_found,2026-07-08T23:23:01
oks,HH4144-10-0001-001,"улица Нижние Мневники, земельный участок 62Б",улица нижние мневники земельный участок 62б,,,,not_found,2026-07-08T23:23:03
oks,HH4146-10-0001-001,"вн. тер. г. муниципальный округ Хорошёво-Мнёвники, улица Нижние Мнёвники, земельный участок 62В",вн. тер. г. муниципальный округ хорошево-мневники улица нижние мневники земельный участок 62в,,,,not_found,2026-07-08T23:23:04
oks,HH4166-10-0001-001,"Давыдковская улица, д. 12",давыдковская улица д 12,55.7212366,37.4706335,nominatim,tertiary,2026-07-08T23:23:06
oks,HH4180-99-0001-001,между ул. Лобачевского и платформой «Матвеевское»,между ул лобачевского и платформой матвеевское,,,,not_found,2026-07-08T23:23:07
oks,HH4182-08-0001-001,"улица Лобачевского, земельный участок 120/1",улица лобачевского земельный участок 120/1,,,,not_found,2026-07-08T23:23:09
oks,HH4199-14-0001-001,"пр-кт Вернадского, 84",пр-кт вернадского 84,,,,not_found,2026-07-08T23:23:11
oks,HH4235-04-0001-001,"улица Народного Ополчения, земельный участок 15",улица народного ополчения земельный участок 15,,,,not_found,2026-07-08T23:23:13
oks,HH4264-10-0002-001,"район Фили-Давыдково, кв. 1-2, корп. 18, 18А",район фили-давыдково кв. 1-2 корп 18 18а,,,,not_found,2026-07-08T23:23:15
oks,HH4272-03-0001-001,"ул. Нежинская, вл. 4",ул нежинская вл 4,55.7127128,37.4736754,nominatim,place_of_worship,2026-07-08T23:23:17
oks,HH4282-10-0003-001,"между ул. Лобачевского и платформой ""Матвеевское"", квартал 2, корп. 1, 2",между ул лобачевского и платформой матвеевское квартал 2 корп 1 2,,,,not_found,2026-07-08T23:23:18
oks,HH4285-01-0001-001,"улица Лобачевского, земельный участок 114Б",улица лобачевского земельный участок 114б,,,,not_found,2026-07-08T23:23:20
oks,HH4341-03-0001-003,"Филёвский бульвар, напротив вл. 18",филевский бульвар напротив вл 18,,,,not_found,2026-07-08T23:23:22
oks,HH4382-08-0001-002,"улица Лобачевского, земельный участок 120А/2",улица лобачевского земельный участок 120а/2,,,,not_found,2026-07-08T23:23:23
oks,HH4382-10-0001-001,"между ул. Лобачевского и платформой ""Матвеевское"", квартал 9.1",между ул лобачевского и платформой матвеевское квартал 9.1,,,,not_found,2026-07-08T23:23:25
oks,HH4383-10-0002-001,"между ул. Лобачевского и платформой «Матвеевское», квартал 9.2",между ул лобачевского и платформой матвеевское квартал 9.2,,,,not_found,2026-07-08T23:23:26
oks,HH4384-10-0001-001,"между ул. Лобачевского и платформой «Матвеевское», 3-я очередь, квартал 10, корпус 3",между ул лобачевского и платформой матвеевское 3-я очередь квартал 10 корпус 3,,,,not_found,2026-07-08T23:23:28
oks,HH4411-10-0001-001,Красногорский 3-й пр,красногорский 3-й пр,55.8613655,37.1719496,nominatim,residential,2026-07-08T23:23:30
oks,HH4414-10-0002-001,"ул. Щукинская, земельный участок 7А",ул щукинская земельный участок 7а,,,,not_found,2026-07-08T23:23:32
oks,HH4428-01-0002-001,"улица Народного Ополчения, влад. 33",улица народного ополчения влад. 33,,,,not_found,2026-07-08T23:23:33
oks,HH4429-10-0001-001,"улица Народного Ополчения, земельный участок 34",улица народного ополчения земельный участок 34,,,,not_found,2026-07-08T23:23:35
oks,HH4444-13-0001-001,"ул. Новозаводская, д.18",ул новозаводская д18,55.7509704,37.5086563,nominatim,tertiary,2026-07-08T23:23:36
oks,HH4477-04-0001-001,район Дорогомилово,район дорогомилово,55.7398697,37.5365271,nominatim,administrative,2026-07-08T23:23:38
oks,HH4477-10-0001-001,"между ул. Лобачевского и платформой «Матвеевское», квартал 4.2 (ул. Лобачевского, з/у 118Б)",между ул лобачевского и платформой матвеевское квартал 4.2 (ул лобачевского зу 118б),,,,not_found,2026-07-08T23:23:40
oks,HH4483-10-0002-001,"ул. Лобачевского, земельный участок 120/2",ул лобачевского земельный участок 120/2,,,,not_found,2026-07-08T23:23:41
oks,HH4533-10-0002-001,"ул. Демьяна Бедного, д. 17",ул демьяна бедного д 17,55.7708388,37.4865255,nominatim,unclassified,2026-07-08T23:23:43
oks,HH4587-10-0002-001,"Мичуринский проспект, вл. 45",мичуринский проспект вл 45,55.6701433,37.4489097,nominatim,primary,2026-07-08T23:23:45
oks,HH4589-01-0001-001,Олимпийская деревня ул. вл. 4,олимпийская деревня ул вл 4,55.6733179,37.4630678,nominatim,service,2026-07-08T23:23:47
oks,HH4607-10-0002-001,"Радиаторская 3-я ул. вл. 17, 17/1",радиаторская 3-я ул вл 17 17/1,,,,not_found,2026-07-08T23:23:48
oks,HH4631-10-0001-001,"ул. Демьяна Бедного, земельный участок 24 А корп.1",ул демьяна бедного земельный участок 24 а корп1,,,,not_found,2026-07-08T23:23:50
oks,HH4631-10-0002-001,"ул. Демьяна Бедного, вл. 24",ул демьяна бедного вл 24,55.7773829,37.4880423,nominatim,construction,2026-07-08T23:23:51
oks,HH4635-03-0001-001,Мневники ул. вл. 10,мневники ул вл 10,55.7756629,37.5024169,nominatim,secondary,2026-07-08T23:23:53
oks,HH4730-10-0001-001,"улица Демьяна Бедного, земельный участок 24 А, корп. 2",улица демьяна бедного земельный участок 24 а корп 2,,,,not_found,2026-07-08T23:23:55
oks,HH4759-01-0001-001,"ул. Василисы Кожиной, вл. 25/1",ул василисы кожиной вл 25/1,,,,not_found,2026-07-08T23:23:56
oks,HH4815-10-0003-001,Панфилова ул. вл. 20,панфилова ул вл 20,55.8067699,37.4948453,nominatim,yes,2026-07-08T23:23:58
oks,HH4829-10-0002-001,"ул. 3-я Хорошевская, вл. 19, стр. 3",ул 3-я хорошевская вл 19 стр 3,,,,not_found,2026-07-08T23:24:00
oks,HH4875-05-0001-001,"Мосфильмовская ул., вл. 51А",мосфильмовская ул вл 51а,,,,not_found,2026-07-08T23:24:02
oks,HH4879-10-0002-001,"ул. Винницкая, вл. 8",ул винницкая вл 8,55.6994975,37.4939987,nominatim,tertiary,2026-07-08T23:24:04
oks,HH4880-13-0002-001,"Винницкая улица, около дома № 7",винницкая улица около дома № 7,,,,not_found,2026-07-08T23:24:06
oks,HH4883-99-0001-001,"ул. Раменки, з/у 4",ул раменки зу 4,,,,not_found,2026-07-08T23:24:07
oks,HH4893-04-0001-001,"улица Удальцова, д. 75А",улица удальцова д 75а,,,,not_found,2026-07-08T23:24:09
oks,HH4926-08-0001-001,"ул. Маршала Бирюзова, вл. 1",ул маршала бирюзова вл 1,55.8004095,37.4803087,nominatim,secondary,2026-07-08T23:24:11
oks,HH4937-01-0001-001,"проезд 3-й Силикатный, земельный участок 10/12, земельный участок 10/2",проезд 3-й силикатный земельный участок 10/12 земельный участок 10/2,,,,not_found,2026-07-08T23:24:12
oks,HH4937-10-0001-001,3-й Силикатный проезд,3-й силикатный проезд,55.7703551,37.5043505,nominatim,tertiary,2026-07-08T23:24:14
oks,HH4938-10-0001-002,"3-й Силикатный проезд, з/у 1",3-й силикатный проезд зу 1,55.7703551,37.5043505,nominatim,tertiary,2026-07-08T23:24:16
oks,HH4940-99-0001-001,"улица Шеногина, земельный участок 2/23",улица шеногина земельный участок 2/23,,,,not_found,2026-07-08T23:24:17
oks,HH4947-12-0001-005,Новозаводская ул. вл. 18,новозаводская ул вл 18,55.7572759,37.4815968,nominatim,industrial,2026-07-08T23:24:19
oks,HH4970-10-0003-001,"Пересечение ул. Минской с Киевским направлением Московской железной дороги в пойме реки Раменки (ТД ""Волынская"")",пересечение ул минской с киевским направлением московской железной дороги в пойме реки раменки (тд волынская),,,,not_found,2026-07-08T23:24:21
oks,HH4979-10-0002-001,"Мичуринский проспект, вл. 30-Б",мичуринский проспект вл 30-б,55.7010074,37.4986853,nominatim,apartments,2026-07-08T23:24:22
oks,HH5016-10-0001-001,"ул. Врубеля, вл. 4, стр. 1",ул врубеля вл 4 стр 1,,,,not_found,2026-07-08T23:24:24
oks,HH5026-01-0001-001,"3-я Хорошевская улица, земельный участок 18/2",3-я хорошевская улица земельный участок 18/2,,,,not_found,2026-07-08T23:24:25
oks,HH5038-10-0001-001,"3-й Силикатный проезд, земельный участок 6/1",3-й силикатный проезд земельный участок 6/1,,,,not_found,2026-07-08T23:24:27
oks,HH5039-10-0001-002,"улица Шеногина, вл. 2",улица шеногина вл 2,55.7642519,37.5092908,nominatim,unclassified,2026-07-08T23:24:28
oks,HH5040-10-0001-001,"ул. Шеногина вл.2, земельный участок 2/25",ул шеногина вл2 земельный участок 2/25,,,,not_found,2026-07-08T23:24:31
oks,HH5067-06-0001-001,"ул. Минская, земельный участок 2А",ул минская земельный участок 2а,,,,not_found,2026-07-08T23:24:32
oks,HH5067-06-0002-001,"Минская ул. , земельный участок 2М",минская ул земельный участок 2м,,,,not_found,2026-07-08T23:24:34
oks,HH5098-05-0003-001,"ул. Лобачевского, дом 42, строение 2",ул лобачевского дом 42 строение 2,,,,not_found,2026-07-08T23:24:36
oks,HH5100-10-0001-001,"Нарвская улица, вл. 5, корп. 1",нарвская улица вл 5 корп 1,,,,not_found,2026-07-08T23:24:37
oks,HH5103-01-0001-001,Старопетровский пр. уч. 11/3,старопетровский пр уч 11/3,,,,not_found,2026-07-08T23:24:39
oks,HH5103-12-0001-001,ул. Клары Цеткин,ул клары цеткин,55.8177516,37.5210681,nominatim,tertiary,2026-07-08T23:24:41
oks,HH5139-10-0001-001,"улица Шеногина, земельный участок 2/8",улица шеногина земельный участок 2/8,,,,not_found,2026-07-08T23:24:42
oks,HH5139-10-0002-001,"улица Шеногина, влд. 2",улица шеногина влд. 2,,,,not_found,2026-07-08T23:24:44
oks,HH5140-10-0001-001,"Шеногина ул., з/у 2/17",шеногина ул зу 2/17,,,,not_found,2026-07-08T23:24:46
oks,HH5144-10-0002-001,"Береговой пр., вл. 2Б",береговой пр вл 2б,55.7583903,37.5110051,nominatim,residential,2026-07-08T23:24:48
oks,HH5186-04-0001-001,"проспект Вернадского, земельный участок 12Б/7",проспект вернадского земельный участок 12б/7,,,,not_found,2026-07-08T23:24:49
oks,HH5225-10-0001-001,"Куусинена ул., вл. 21/21а",куусинена ул вл 21/21а,,,,not_found,2026-07-08T23:24:51
oks,HH5230-04-0001-001,"ул. Зорге, вл. 9",ул зорге вл 9,55.782549,37.5112632,nominatim,tertiary,2026-07-08T23:24:52
oks,HH5248-01-0001-001,"ул. Заречная, вл. 6, з/у 1",ул заречная вл 6 зу 1,,,,not_found,2026-07-08T23:24:55
oks,HH5301-01-0001-001,"ул. Клары Цеткин, вл. 26А",ул клары цеткин вл 26а,55.8256955,37.5158055,nominatim,tertiary,2026-07-08T23:24:56
oks,HH5302-12-0001-001,Улица Клары Цеткин Дом 33,улица клары цеткин дом 33,,,,not_found,2026-07-08T23:24:58
oks,HH5331-01-0001-001,Зорге ул. д. 5 стр. 4,зорге ул д 5 стр 4,,,,not_found,2026-07-08T23:24:59
oks,HH5331-12-0001-001,"ул. Зорге, вл. 5",ул зорге вл 5,55.782549,37.5112632,nominatim,tertiary,2026-07-08T23:25:02
oks,HH5339-01-0001-001,"2-й Силикатный проезд, вл.13",2-й силикатный проезд вл13,55.7685777,37.5068738,nominatim,tertiary,2026-07-08T23:25:03
oks,HH5340-08-0001-001,"проезд 1-й Силикатный, земельный участок 13/2, СЗАО, Хорошево-Мневники",проезд 1-й силикатный земельный участок 13/2 сзао хорошево-мневники,,,,not_found,2026-07-08T23:25:05
oks,HH5340-99-0001-001,"проезд 1-й Силикатный, земельный участок 13/1",проезд 1-й силикатный земельный участок 13/1,,,,not_found,2026-07-08T23:25:06
oks,HH5341-10-0001-001,"Шелепихинская набережная, дом 34, корпус 7",шелепихинская набережная дом 34 корпус 7,,,,not_found,2026-07-08T23:25:08
oks,HH5354-10-0002-001,"Багратионовский проезд, влд. 5",багратионовский проезд влд. 5,,,,not_found,2026-07-08T23:25:10
oks,HH5355-01-0001-001,"Промышленный проезд, вл. 5, стр. 1, 2, 3, 4",промышленный проезд вл 5 стр 1 2 3 4,,,,not_found,2026-07-08T23:25:13
oks,HH5363-10-0001-001,Километр МЖД Киевское 5-й з/у 5/6,километр мжд киевское 5-й зу 5/6,,,,not_found,2026-07-08T23:25:14
oks,HH5364-10-0001-001,Километр МЖД Киевское 5-й з/у 5/3,километр мжд киевское 5-й зу 5/3,,,,not_found,2026-07-08T23:25:16
oks,HH5372-10-0001-001,"ул. Мосфильмовская, вл. 31А",ул мосфильмовская вл 31а,,,,not_found,2026-07-08T23:25:18
oks,HH5433-01-0001-001,"Хорошёвское шоссе ул., Куусинена ул., пересечение (участок № 2)",хорошевское шоссе ул куусинена ул пересечение (участок № 2),,,,not_found,2026-07-08T23:25:20
oks,HH5433-04-0001-001,"Хорошёвское ш., владение 39",хорошевское ш владение 39,,,,not_found,2026-07-08T23:25:21
oks,HH5447-10-0001-001,"ул. Большая Филевская, земельный участок 2Б",ул большая филевская земельный участок 2б,,,,not_found,2026-07-08T23:25:23
oks,HH5466-04-0002-001,район Раменки,район раменки,55.7018348,37.5041069,nominatim,administrative,2026-07-08T23:25:24
oks,HH5525-01-0001-001,"Ходынский б-р, з/у 4/1",ходынский б-р зу 4/1,,,,not_found,2026-07-08T23:25:26
oks,HH5534-01-0001-001,Хорошёвское шоссе на пересечении с ул. Куусинена (Участок 1),хорошевское шоссе на пересечении с ул куусинена (участок 1),,,,not_found,2026-07-08T23:25:28
oks,HH5550-01-0001-001,"Заречная улица, влд. 2/1",заречная улица влд. 2/1,,,,not_found,2026-07-08T23:25:30
oks,HH5568-01-0002-001,"ул. Мосфильмовская, вл. 50",ул мосфильмовская вл 50,55.7090711,37.5039692,nominatim,secondary,2026-07-08T23:25:31
oks,HH5596-99-0001-001,"Ленинский проспект, влд. 90/2",ленинский проспект влд. 90/2,,,,not_found,2026-07-08T23:25:33
oks,HH5612-10-0002-001,"ул. Часовая, земельный участок 28/1, ул. Часовая, вл. 28, корпус 4",ул часовая земельный участок 28/1 ул часовая вл 28 корпус 4,,,,not_found,2026-07-08T23:25:35
oks,HH5622-10-0001-001,"улица Викторенко, земельный участок 18/3А",улица викторенко земельный участок 18/3а,,,,not_found,2026-07-08T23:25:37
oks,HH5626-01-0001-001,"Ходынский бульвар, земельный участок 20А/1",ходынский бульвар земельный участок 20а/1,,,,not_found,2026-07-08T23:25:38
oks,HH5642-01-0001-001,Магистральная 3-я ул. вл. 10,магистральная 3-я ул вл 10,,,,not_found,2026-07-08T23:25:40
oks,HH5646-10-0001-001,"Шмитовский проезд, вл.40",шмитовский проезд вл40,55.7550547,37.52213,nominatim,secondary,2026-07-08T23:25:42
oks,HH5712-01-0001-001,"3-й Балтийский переулок, вл. 5",3-й балтийский переулок вл 5,55.8123124,37.526358,nominatim,residential,2026-07-08T23:25:44
oks,HH5726-99-0001-001,"Ходынский бульвар, з/у 20 А/2",ходынский бульвар зу 20 а/2,,,,not_found,2026-07-08T23:25:46
oks,HH5737-01-0001-001,"2-й Хорошёвский проезд, земельный участок 7/5",2-й хорошевский проезд земельный участок 7/5,,,,not_found,2026-07-08T23:25:48
oks,HH5744-99-0001-001,Магистральная 2-я ул. уч. 7А/1,магистральная 2-я ул уч 7а/1,,,,not_found,2026-07-08T23:25:50
oks,HH5748-01-0001-001,"Шмитовский пр. вл. 39 стр. 4, 5, 6, 12, 13, 16, 17",шмитовский пр вл 39 стр 4 5 6 12 13 16 17,,,,not_found,2026-07-08T23:25:51
oks,HH5759-04-0002-001,"ул. Поклонная, вл. 9",ул поклонная вл 9,55.7362141,37.5289396,nominatim,unclassified,2026-07-08T23:25:53
oks,HH5768-01-0001-001,ул. Мосфильмовская,ул мосфильмовская,55.7214419,37.5166319,nominatim,restaurant,2026-07-08T23:25:54
oks,HH5811-17-0001-001,"железнодорожная станция ""Подмосковная"" Московской железной дороги",железнодорожная станция подмосковная московской железной дороги,,,,not_found,2026-07-08T23:25:56
oks,HH5838-01-0001-001,"ул. 5-я Магистральная, з/у 4",ул 5-я магистральная зу 4,,,,not_found,2026-07-08T23:25:58
oks,HH5841-11-0001-001,"ул. 2-я Магистральная, вл. 14-В",ул 2-я магистральная вл 14-в,,,,not_found,2026-07-08T23:26:00
oks,HH5842-10-0001-001,"ул. Магистральная 2-я, вл. 3, стр. 1,3,4,6,7,9,10",ул магистральная 2-я вл 3 стр 1 3 4 6 7 9 10,,,,not_found,2026-07-08T23:26:02
oks,HH5848-99-0001-001,"Шелепихинский тупик, земельный участок 17/1",шелепихинский тупик земельный участок 17/1,,,,not_found,2026-07-08T23:26:03
oks,HH5858-01-0001-001,ул. Поклонная. вл. 7,ул поклонная. вл 7,,,,not_found,2026-07-08T23:26:05
oks,HH5929-99-0001-001,"Ходынский бульвар, з/у 6/2",ходынский бульвар зу 6/2,,,,not_found,2026-07-08T23:26:07
oks,HH5936-10-0001-001,проезд 2-й Хорошёвский Земельный участок 7/7,проезд 2-й хорошевский земельный участок 7/7,,,,not_found,2026-07-08T23:26:08
oks,HH5937-08-0001-001,"2-й Хорошевский проезд, земельный участок 7/2",2-й хорошевский проезд земельный участок 7/2,,,,not_found,2026-07-08T23:26:10
oks,HH5937-10-0001-001,"2-й Хорошевский проезд, зем. участок 7/4",2-й хорошевский проезд зем. участок 7/4,,,,not_found,2026-07-08T23:26:12
oks,HH5943-99-0001-001,"ул. 2-я Магистральная, вл. 3, строение 1,3,4,6,7,9,10",ул 2-я магистральная вл 3 строение 1 3 4 6 7 9 10,,,,not_found,2026-07-08T23:26:13
oks,HH5945-12-0001-001,"ул. Ермакова роща, вл. 3",ул ермакова роща вл 3,55.7591575,37.5296917,nominatim,unclassified,2026-07-08T23:26:15
oks,HH5951-04-0002-001,подэстакадное пространство 3-го транспортного кольца в районе ММДЦ «Москва-Сити»,подэстакадное пространство 3-го транспортного кольца в районе ммдц москва-сити,,,,not_found,2026-07-08T23:26:16
oks,HH5954-01-0001-003,пересечение Кутузовского проспекта и улицы Кульнева,пересечение кутузовского проспекта и улицы кульнева,,,,not_found,2026-07-08T23:26:18
oks,HH5955-01-0003-001,район Кунцево,район кунцево,55.7426325,37.3974723,nominatim,administrative,2026-07-08T23:26:20
oks,HH5964-05-0001-001,"ул. Мосфильмовская, д. 4",ул мосфильмовская д 4,55.7203457,37.524137,nominatim,secondary,2026-07-08T23:26:21
oks,HH5984-99-0001-001,"проспект Вернадского, вл. 6В",проспект вернадского вл 6в,,,,not_found,2026-07-08T23:26:23
oks,HH5990-01-0001-001,"Ленинский проспект, земельный участок 82/2/2",ленинский проспект земельный участок 82/2/2,,,,not_found,2026-07-08T23:26:25
oks,HH6014-10-0002-001,"улица Часовая, земельный участок 6/3",улица часовая земельный участок 6/3,,,,not_found,2026-07-08T23:26:26
oks,HH6035-10-0001-001,"3-й Хорошевский проезд, вл. 5",3-й хорошевский проезд вл 5,55.773304,37.5387545,nominatim,residential,2026-07-08T23:26:28
oks,HH6041-17-0001-001,"Россия, Москва, Западный административный округ",россия москва западный административный округ,,,,not_found,2026-07-08T23:26:30
oks,HH6041-17-0001-002,район Пресненский,район пресненский,55.7493807,37.5385448,nominatim,commercial,2026-07-08T23:26:31
oks,HH6048-10-0001-001,2-й Красногвардейский проезд,2-й красногвардейский проезд,55.7523543,37.5343033,nominatim,tertiary_link,2026-07-08T23:26:33
oks,HH6056-01-0001-001,"проспект Кутузовский, д. 37 стр. 1",проспект кутузовский д 37 стр 1,55.7514562,37.5654894,nominatim,hotel,2026-07-08T23:26:35
oks,HH6060-10-0001-001,"3-й Сетуньский проезд, земельный участок 10",3-й сетуньский проезд земельный участок 10,,,,not_found,2026-07-08T23:26:36
oks,HH6123-06-0001-001,"Ленинградский проспект, вл. 39",ленинградский проспект вл 39,55.8002773,37.5325428,nominatim,primary,2026-07-08T23:26:38
oks,HH6136-10-0001-001,"3-й Хорошёвский проезд, влд. 3А",3-й хорошевский проезд влд. 3а,,,,not_found,2026-07-08T23:26:40
oks,HH6136-99-0001-001,"3-й Хорошёвский проезд, вл. 3А",3-й хорошевский проезд вл 3а,55.773304,37.5387545,nominatim,residential,2026-07-08T23:26:42
oks,HH6142-10-0001-001,"Внутригородское муниципальное образование Пресненское, улица Подвойского, земельный участок 12/15 (зона 1.1)",внутригородское муниципальное образование пресненское улица подвойского земельный участок 12/15 (зона 1.1),,,,not_found,2026-07-08T23:26:43
oks,HH6146-14-0002-001,Шмитовский пр. вл. 26,шмитовский пр вл 26,55.7550547,37.52213,nominatim,secondary,2026-07-08T23:26:45
oks,HH6149-10-0002-001,1-й Красногвардейский пр.,1-й красногвардейский пр,55.7524629,37.5417642,nominatim,tertiary,2026-07-08T23:26:47
oks,HH6183-02-0001-001,"тер. ИНТЦ ""Воробьевы горы"" (Ломоносовский проспект пересечение с проспектом Вернадского)",тер. интц воробьевы горы (ломоносовский проспект пересечение с проспектом вернадского),,,,not_found,2026-07-08T23:26:48
oks,HH6214-08-0002-001,"Черняховского ул., вл. 19",черняховского ул вл 19,55.8031335,37.5337498,nominatim,residential,2026-07-08T23:26:50
oks,HH6220-08-0002-001,"улица Константина Симонова, влд. 3, стр. 1",улица константина симонова влд. 3 стр 1,,,,not_found,2026-07-08T23:26:51
oks,HH6220-10-0001-001,"Красноармейская ул., влд. 11, САО, Аэропорт",красноармейская ул влд. 11 сао аэропорт,,,,not_found,2026-07-08T23:26:53
oks,HH6231-01-0001-001,Хорошевское шоссе 38А,хорошевское шоссе 38а,55.7815857,37.5390754,nominatim,yes,2026-07-08T23:26:55
oks,HH6248-10-0001-001,"Краснопресненская наб., з/у 14/15",краснопресненская наб. зу 14/15,,,,not_found,2026-07-08T23:26:56
oks,HH6249-01-0001-001,"Москва, ЦАО, район Пресненский, Краснопресненская набережная, ММДЦ ""Москва-Сити"", участок № 15",москва цао район пресненский краснопресненская набережная ммдц москва-сити участок № 15,,,,not_found,2026-07-08T23:26:58
oks,HH6250-03-0002-001,Пресненский район,пресненский район,55.7622146,37.5606576,nominatim,administrative,2026-07-08T23:27:00
oks,HH6323-10-0001-003,"просп. Ленинградский, вл. 37",просп. ленинградский вл 37,55.7801228,37.5775666,nominatim,primary,2026-07-08T23:27:01
oks,HH6323-10-0001-004,Ленинградский просп. вл. 37,ленинградский просп. вл 37,55.8002773,37.5325428,nominatim,primary,2026-07-08T23:27:03
oks,HH6325-01-0001-001,"Ленинградский проспект, вл. 37",ленинградский проспект вл 37,55.7929202,37.548719,nominatim,primary,2026-07-08T23:27:05
oks,HH6350-99-0001-001,"Краснопресненская набережная, земельный участок 16/1",краснопресненская набережная земельный участок 16/1,,,,not_found,2026-07-08T23:27:07
oks,HH6368-06-0003-001,"ул. Лужники, вл. 24 (объект № 12)",ул лужники вл 24 (объект № 12),,,,not_found,2026-07-08T23:27:08
oks,HH6415-04-0001-001,"Москва, САО, Аэропорт, Ильюшина академика ул. д. 21 стр. 1-4",москва сао аэропорт ильюшина академика ул д 21 стр 1-4,,,,not_found,2026-07-08T23:27:10
oks,HH6425-01-0001-001,"Ленинградский проспект, з/у 37А/1",ленинградский проспект зу 37а/1,,,,not_found,2026-07-08T23:27:12
oks,HH6443-10-0001-001,"улица Сергея Макеева, земельный участок 7/1",улица сергея макеева земельный участок 7/1,,,,not_found,2026-07-08T23:27:14
oks,HH6449-10-0001-001,"Краснопресненская набережная, вл. 14, стр. 1",краснопресненская набережная вл 14 стр 1,,,,not_found,2026-07-08T23:27:16
oks,HH6449-10-0001-002,"Краснопресненская наб., вл. 14, стр. 1",краснопресненская наб. вл 14 стр 1,,,,not_found,2026-07-08T23:27:18
oks,HH6494-03-0001-001,"Власова архитектора ул. , рядом с вл. 10",власова архитектора ул рядом с вл 10,,,,not_found,2026-07-08T23:27:20
oks,HH6500-03-0001-001,"Тимирязевская ул., вл. 52",тимирязевская ул вл 52,55.8116683,37.5679533,nominatim,secondary,2026-07-08T23:27:21
oks,HH6519-05-0002-001,Зыковский Нов. пр. 4,зыковский нов. пр 4,55.8005702,37.5519818,nominatim,yes,2026-07-08T23:27:23
oks,HH6528-10-0001-001,"1-й Боткинский проезд, участок 28",1-й боткинский проезд участок 28,,,,not_found,2026-07-08T23:27:24
oks,HH6531-14-0002-001,Проектируемый пр. N 6368 вблизи ул. Поликарпова,проектируемый пр n 6368 вблизи ул поликарпова,,,,not_found,2026-07-08T23:27:26
oks,HH6542-01-0001-003,"ул. 2-я Звенигородская, вл. 13, стр. 1-3, 4А, 4Б, 11, 17, 18А-Ж, 19-20, 22, 37",ул 2-я звенигородская вл 13 стр 1-3 4а 4б 11 17 18а-ж 19-20 22 37,,,,not_found,2026-07-08T23:27:28
oks,HH6548-04-0001-001,Мантулинская ул. вл. 5,мантулинская ул вл 5,55.7566189,37.5476958,nominatim,residential,2026-07-08T23:27:30
oks,HH6555-01-0001-001,"Киевская ул., дом 16А (Резервный пр. вл. 11А)",киевская ул дом 16а (резервный пр вл 11а),,,,not_found,2026-07-08T23:27:32
oks,HH6566-04-0001-003,"вн.тер.г. муниципальный округ, Хамовники",вн.тер.г. муниципальный округ хамовники,,,,not_found,2026-07-08T23:27:34
oks,HH6623-10-0001-001,"Москва, САО, район Войковский, Старопетровский пр. (САО, Войковский)",москва сао район войковский старопетровский пр (сао войковский),,,,not_found,2026-07-08T23:27:35
oks,HH6631-05-0002-001,"Боткинский проезд, д. 5, к. 2",боткинский проезд д 5 к 2,,,,not_found,2026-07-08T23:27:37
oks,HH6643-10-0003-001,"ул. 2-я Звенигородская, вл. 12, стр. 9, 11, 12, 13, 14, 15, 17, 29, 32, 33",ул 2-я звенигородская вл 12 стр 9 11 12 13 14 15 17 29 32 33,,,,not_found,2026-07-08T23:27:38
oks,HH6650-01-0001-001,"Кутузовский просп., вл.12,14А",кутузовский просп. вл12 14а,,,,not_found,2026-07-08T23:27:40
oks,HH6650-10-0001-001,Кутузовский просп. вл. 12,кутузовский просп. вл 12,55.7378625,37.5228633,nominatim,unclassified,2026-07-08T23:27:42
oks,HH6652-01-0001-001,"ул. Большая Дорогомиловская, дом 9, корп. 2",ул большая дорогомиловская дом 9 корп 2,,,,not_found,2026-07-08T23:27:44
oks,HH6653-01-0001-002,"ул. Можайский вал, вл. 8, стр. 1-4",ул можайский вал вл 8 стр 1-4,,,,not_found,2026-07-08T23:27:46
oks,HH6742-01-0002-001,"Москва, ЦАО, район Пресненский, ул. 2-я Звенигородская, вл. 12 стр. 1, 3, 4, 5, 7, 8, 10, 18, 19, 21, 22, 23, 26, 64",москва цао район пресненский ул 2-я звенигородская вл 12 стр 1 3 4 5 7 8 10 18 19 21 22 23 26 64,,,,not_found,2026-07-08T23:27:47
oks,HH6749-10-0001-001,"Кутузовский проспект, вл. 12/2, 12/6",кутузовский проспект вл 12/2 12/6,,,,not_found,2026-07-08T23:27:49
oks,HH6753-01-0003-001,"Ул. Можайский вал, вл. 7",ул можайский вал вл 7,55.7438059,37.5565977,nominatim,tertiary,2026-07-08T23:27:51
oks,HH6753-04-0001-001,Можайский 1-й туп. вл. 8а стр. 1,можайский 1-й туп. вл 8а стр 1,,,,not_found,2026-07-08T23:27:53
oks,HH6761-04-0001-001,"Саввинская набережная, вл.27",саввинская набережная вл27,55.7348696,37.565441,nominatim,secondary,2026-07-08T23:27:55
oks,HH6762-10-0002-001,"улица Погодинская, дом 24, корпус 1, корпус 2",улица погодинская дом 24 корпус 1 корпус 2,,,,not_found,2026-07-08T23:27:57
oks,HH6769-99-0001-001,Воробьевская набережная,воробьевская набережная,55.7139411,37.5422032,nominatim,service,2026-07-08T23:27:58
oks,HH6786-05-0001-001,Вавилова ул. вл. 61,вавилова ул вл 61,55.6878654,37.5576047,nominatim,place_of_worship,2026-07-08T23:28:00
oks,HH6797-10-0003-001,"лица Профсоюзная, земельный участок 37",лица профсоюзная земельный участок 37,,,,not_found,2026-07-08T23:28:01
oks,HH6819-10-0002-001,"проезд Старый Петровско-Разумовский, земельный участок 1/23",проезд старый петровско-разумовский земельный участок 1/23,,,,not_found,2026-07-08T23:28:03
oks,HH6858-13-0001-001,"Бережковская набережная, д. 16",бережковская набережная д 16,55.744577,37.5720721,nominatim,secondary,2026-07-08T23:28:05
oks,HH6880-10-0001-001,"ул. Фотиевой, вл. 5",ул фотиевой вл 5,55.6944193,37.5518302,nominatim,residential,2026-07-08T23:28:06
oks,HH6894-03-0001-001,"ул. Профсоюзная, земельный участок 21/23/1",ул профсоюзная земельный участок 21/23/1,,,,not_found,2026-07-08T23:28:08
oks,HH6898-10-0001-001,ул Гарибальди 31,ул гарибальди 31,55.6685952,37.5621616,nominatim,yes,2026-07-08T23:28:10
oks,HH6925-01-0001-001,"Ленинградский проспект, д. 36, к. 13",ленинградский проспект д 36 к 13,,,,not_found,2026-07-08T23:28:11
oks,HH6937-01-0001-001,Ходынская ул. уч. 2/9,ходынская ул уч 2/9,,,,not_found,2026-07-08T23:28:13
oks,HH6959-10-0001-001,"Саввинская набережная, д. 17",саввинская набережная д 17,55.7348696,37.565441,nominatim,secondary,2026-07-08T23:28:15
oks,HH6972-06-0001-001,"улица Лужники, д. 24, стр. 5Б",улица лужники д 24 стр 5б,,,,not_found,2026-07-08T23:28:16
oks,HH6976-01-0002-001,"ул. Академика Зельдовича, земельный участок 1",ул академика зельдовича земельный участок 1,,,,not_found,2026-07-08T23:28:18
oks,HH7017-10-0001-001,Хуторская 2-я ул. уч. 31А,хуторская 2-я ул уч 31а,,,,not_found,2026-07-08T23:28:20
oks,HH7028-01-0002-001,"Ленинградский проспект, влд. 34",ленинградский проспект влд. 34,,,,not_found,2026-07-08T23:28:22
oks,HH7036-10-0001-001,"улица Пресненский Вал, влд. 27",улица пресненский вал влд. 27,,,,not_found,2026-07-08T23:28:23
oks,HH7041-01-0001-001,"Столярный пер., вл. 3",столярный пер вл 3,55.7636194,37.5708597,nominatim,unclassified,2026-07-08T23:28:25
oks,HH7041-10-0001-001,"Столярный пер., вл.3, корп.6",столярный пер вл3 корп6,,,,not_found,2026-07-08T23:28:27
oks,HH7060-05-0001-001,"Погодинская ул., д. 10, с. 3",погодинская ул д 10 с. 3,,,,not_found,2026-07-08T23:28:28
oks,HH7071-10-0001-001,Лужнецкая набережная,лужнецкая набережная,55.7153008,37.5771017,nominatim,unclassified,2026-07-08T23:28:30
oks,HH7108-08-0001-001,"Сергея Макеева ул., з/у 7/1, 7/15",сергея макеева ул зу 7/1 7/15,,,,not_found,2026-07-08T23:28:31
oks,HH7116-10-0001-002,Хуторская 2-я ул. вл. 34,хуторская 2-я ул вл 34,,,,not_found,2026-07-08T23:28:33
oks,HH7135-10-0001-001,"улица Пресненский Вал, земельный участок 27/5",улица пресненский вал земельный участок 27/5,,,,not_found,2026-07-08T23:28:35
oks,HH7136-01-0001-001,"ул. Пресненский Вал, земельный участок 27/5",ул пресненский вал земельный участок 27/5,,,,not_found,2026-07-08T23:28:37
oks,HH7136-99-0001-001,"улица Грузинский Вал, земельный участок 3",улица грузинский вал земельный участок 3,,,,not_found,2026-07-08T23:28:38
oks,HH7140-10-0001-002,"Малая Грузинская улица, вл. 24, стр. 1, 3, вл. 26, стр. 1",малая грузинская улица вл 24 стр 1 3 вл 26 стр 1,,,,not_found,2026-07-08T23:28:40
oks,HH7157-99-0001-001,"1-й Тружеников пер., вл.12",1-й тружеников пер вл12,,,,not_found,2026-07-08T23:28:41
oks,HH7184-06-0001-001,"улица Косыгина, влд. 28",улица косыгина влд. 28,,,,not_found,2026-07-08T23:28:43
oks,HH7184-06-0001-004,"ул Косыгина 28, Стр 7",ул косыгина 28 стр 7,,,,not_found,2026-07-08T23:28:45
oks,HH7187-99-0001-001,"ул. Профсоюзная, д. 2/22",ул профсоюзная д 2/22,55.669404,37.5539919,nominatim,primary,2026-07-08T23:28:48
oks,HH7191-10-0002-001,"Кедрова ул., вл. 16",кедрова ул вл 16,55.6844881,37.5699269,nominatim,tertiary,2026-07-08T23:28:50
oks,HH7208-99-0001-001,"Тимярязевский район, Бутырский район",тимярязевский район бутырский район,,,,not_found,2026-07-08T23:28:51
oks,HH7214-01-0001-001,"Дмитровский проезд, вл. 1Г",дмитровский проезд вл 1г,55.8082521,37.5722892,nominatim,secondary,2026-07-08T23:28:53
oks,HH7227-03-0001-001,Ямского поля 5-я ул. вл. 23-25 стр. 3,ямского поля 5-я ул вл 23-25 стр 3,,,,not_found,2026-07-08T23:28:55
oks,HH7236-10-0001-001,"Электрический пер., вл.1",электрический пер вл1,55.7715693,37.5762692,nominatim,unclassified,2026-07-08T23:28:56
oks,HH7237-10-0001-001,"Электрический пер., вл. 1",электрический пер вл 1,55.7715693,37.5762692,nominatim,unclassified,2026-07-08T23:28:58
oks,HH7244-04-0001-001,"ул. Дружинниковская, вл. 15",ул дружинниковская вл 15,55.7598336,37.575907,nominatim,residential,2026-07-08T23:28:59
oks,HH7244-10-0001-001,"ул. Дружинниковская, вл. 18",ул дружинниковская вл 18,55.7580051,37.5760024,nominatim,residential,2026-07-08T23:29:01
oks,HH7256-06-0001-001,"1-й Тружеников пер., вл. 4, 4/1, 4/2",1-й тружеников пер вл 4 4/1 4/2,,,,not_found,2026-07-08T23:29:03
oks,HH7256-99-0001-001,"2-й Вражский переулок, вл. 8, стр. 2",2-й вражский переулок вл 8 стр 2,,,,not_found,2026-07-08T23:29:05
oks,HH7293-03-0001-001,"ул. Кржижановского, земельный участок 22В/1",ул кржижановского земельный участок 22в/1,,,,not_found,2026-07-08T23:29:07
oks,HH7293-10-0001-002,"Новочеремушкинская улица, влд.35",новочеремушкинская улица влд.35,,,,not_found,2026-07-08T23:29:08
oks,HH7294-10-0001-001,"улица Новочерёмушкинская, земельный участок 41А",улица новочеремушкинская земельный участок 41а,,,,not_found,2026-07-08T23:29:10
oks,HH7310-99-0001-001,"вблизи ул. Яблочкова, владение 5/5 (здание 2)",вблизи ул яблочкова владение 5/5 (здание 2),,,,not_found,2026-07-08T23:29:12
oks,HH7323-04-0001-001,Масловка Нижн. ул. д. 10 стр. Б,масловка нижн. ул д 10 стр б,,,,not_found,2026-07-08T23:29:14
oks,HH7359-99-0001-001,"улица Россолимо, земельный участок 11/1",улица россолимо земельный участок 11/1,,,,not_found,2026-07-08T23:29:15
oks,HH7391-10-0002-001,"Новочерёмушкинская улица, влд. 27",новочеремушкинская улица влд. 27,,,,not_found,2026-07-08T23:29:17
oks,HH7432-04-0001-002,Ленинградский просп. вл. 8,ленинградский просп. вл 8,55.7929202,37.548719,nominatim,primary,2026-07-08T23:29:19
oks,HH7434-04-0002-001,"пл. Тверская Застава, вл. 3",пл. тверская застава вл 3,55.7757244,37.5828615,nominatim,tertiary,2026-07-08T23:29:21
oks,HH7456-10-0002-001,пер. 2-й Неопалимовский,пер 2-й неопалимовский,,,,not_found,2026-07-08T23:29:22
oks,HH7478-01-0001-001,Вавилова ул. уч. 11,вавилова ул уч 11,55.7027436,37.5811665,nominatim,secondary,2026-07-08T23:29:24
oks,HH7496-10-0001-001,"ул. Кржижановского, земельный участок 31/2",ул кржижановского земельный участок 31/2,,,,not_found,2026-07-08T23:29:26
oks,HH7505-10-0003-001,"ул. Милашенкова, вл. 7/3",ул милашенкова вл 7/3,,,,not_found,2026-07-08T23:29:28
oks,HH7525-01-0002-001,"Бумажный пр. вл. 19 стр. 4,5",бумажный пр вл 19 стр 4 5,,,,not_found,2026-07-08T23:29:30
oks,HH7529-01-0001-001,"1-я улица Ямского Поля, вл. 30",1-я улица ямского поля вл 30,55.7816602,37.5840668,nominatim,unclassified,2026-07-08T23:29:31
oks,HH7530-01-0001-001,"1-я улица Ямского поля, вл. 17",1-я улица ямского поля вл 17,55.7816602,37.5840668,nominatim,unclassified,2026-07-08T23:29:33
oks,HH7531-01-0001-001,"ул.1-я Ямского Поля, вл.8, вл.10, стр.1",ул1-я ямского поля вл8 вл10 стр1,,,,not_found,2026-07-08T23:29:34
oks,HH7532-99-0001-001,ул. Бутырский Вал,ул бутырский вал,55.7896436,37.5884898,nominatim,tertiary,2026-07-08T23:29:36
oks,HH7555-10-0001-001,"Большой Лёвшинский пер., земельный участок 19",большой левшинский пер земельный участок 19,,,,not_found,2026-07-08T23:29:37
oks,HH7557-05-0002-001,"Зубовский бульвар, вл. 35, стр. 3",зубовский бульвар вл 35 стр 3,,,,not_found,2026-07-08T23:29:39
oks,HH7563-04-0001-001,"Комсомольский проспект, земельный участок 21/2",комсомольский проспект земельный участок 21/2,,,,not_found,2026-07-08T23:29:41
oks,HH7580-08-0001-001,"Монтажная ул., вл. 8/24, стр. 1-5, 7-13",монтажная ул вл 8/24 стр 1-5 7-13,,,,not_found,2026-07-08T23:29:42
oks,HH7605-10-0001-002,Милашенкова ул. вл. 6,милашенкова ул вл 6,55.8218847,37.5894847,nominatim,secondary,2026-07-08T23:29:44
oks,HH7655-10-0002-001,"М. Левшинский пер., вл. 7",м. левшинский пер вл 7,55.7415909,37.5902174,nominatim,unclassified,2026-07-08T23:29:46
oks,HH7708-03-0001-001,"проезд Огородный, вл. 25/20, строение 1",проезд огородный вл 25/20 строение 1,,,,not_found,2026-07-08T23:29:48
oks,HH7720-01-0001-001,"улица Складочная, земельный участок 1/1",улица складочная земельный участок 1/1,,,,not_found,2026-07-08T23:29:49
oks,HH7740-10-0001-001,"Большой Козихинский пер. , вл. 31, с. 1",большой козихинский пер вл 31 с. 1,,,,not_found,2026-07-08T23:29:51
oks,HH7759-10-0001-001,"Тимура Фрунзе ул., земельный участок 10/1",тимура фрунзе ул земельный участок 10/1,,,,not_found,2026-07-08T23:29:52
oks,HH7774-10-0003-001,"пр-д Донской 2-й, вл. 10 и вл. 10 , стр. 4, ул. Орджоникидзе, вл. 10",пр-д донской 2-й вл 10 и вл 10 стр 4 ул орджоникидзе вл 10,,,,not_found,2026-07-08T23:29:54
oks,HH7778-10-0002-001,"Донской 5-й пр., вл. 21, корп. 6",донской 5-й пр вл 21 корп 6,,,,not_found,2026-07-08T23:29:56
oks,HH7807-10-0001-001,Огородный пр. д. 20,огородный пр д 20,55.8170783,37.596868,nominatim,secondary,2026-07-08T23:29:57
oks,HH7808-01-0002-001,"Огородный проезд, з/у 20А/2",огородный проезд зу 20а/2,,,,not_found,2026-07-08T23:29:59
oks,HH7812-99-0002-001,"ул. Руставели, вл. 14, стр. 1",ул руставели вл 14 стр 1,,,,not_found,2026-07-08T23:30:02
oks,HH7813-10-0001-001,"ул. Руставели, ул.Добролюбова, дом 8",ул руставели улдобролюбова дом 8,,,,not_found,2026-07-08T23:30:03
oks,HH7813-10-0002-001,"ул. Руставели, Добролюбова ул. д. 8",ул руставели добролюбова ул д 8,,,,not_found,2026-07-08T23:30:05
oks,HH7822-99-0001-001,"Москва, СВАО, Марьина роща, Двинцев ул. вл. 3",москва свао марьина роща двинцев ул вл 3,,,,not_found,2026-07-08T23:30:07
oks,HH7837-04-0001-001,"Тверская-Ямская 1-я ул., вл. 2",тверская-ямская 1-я ул вл 2,,,,not_found,2026-07-08T23:30:08
oks,HH7839-04-0001-001,"ул Большая Садовая 16, Стр 5",ул большая садовая 16 стр 5,,,,not_found,2026-07-08T23:30:10
oks,HH7850-01-0001-001,"Калошин пер., вл. 6-8, стр. 17",калошин пер вл 6-8 стр 17,,,,not_found,2026-07-08T23:30:12
oks,HH7889-10-0002-001,"Винокурова улица, земельный участок 22/1 (зона 2.1)",винокурова улица земельный участок 22/1 (зона 2.1),,,,not_found,2026-07-08T23:30:13
oks,HH7892-10-0001-001,"Большая Черёмушкинская улица, влд. 25",большая черемушкинская улица влд. 25,,,,not_found,2026-07-08T23:30:15
oks,HH7912-08-0001-001,"ул. Руставели, 14/1",ул руставели 14/1,55.8116348,37.5821015,nominatim,secondary,2026-07-08T23:30:17
oks,HH7912-10-0002-001,"ул. Руставели, вл. 14/2, вл.14/3",ул руставели вл 14/2 вл14/3,,,,not_found,2026-07-08T23:30:19
oks,HH7912-10-0002-002,"ул. Руставели, вл.14/3",ул руставели вл14/3,,,,not_found,2026-07-08T23:30:21
oks,HH7912-10-0002-003,Руставели ул. вл. 14/3,руставели ул вл 14/3,,,,not_found,2026-07-08T23:30:22
oks,HH7913-10-0001-001,"ул. Руставели, ул. Добролюбова, дом 8",ул руставели ул добролюбова дом 8,,,,not_found,2026-07-08T23:30:24
oks,HH7920-02-0001-001,"Полковая ул., вл. 1",полковая ул вл 1,55.798181,37.6064327,nominatim,tertiary,2026-07-08T23:30:26
oks,HH7920-12-0001-001,ул. Складочная,ул складочная,55.8017842,37.5962348,nominatim,tertiary,2026-07-08T23:30:28
oks,HH7929-04-0002-001,"Новослободская ул., вл. 30-32",новослободская ул вл 30-32,,,,not_found,2026-07-08T23:30:30
oks,HH7931-10-0001-001,ул. Новослободская,ул новослободская,55.7804125,37.5996357,nominatim,post_office,2026-07-08T23:30:31
oks,HH7941-10-0002-001,"Большой Палашевский пер., вл.11 стр.1,2, вл. 13, стр.1,2, вл.15, стр.1,2",большой палашевский пер вл11 стр1 2 вл 13 стр1 2 вл15 стр1 2,,,,not_found,2026-07-08T23:30:33
oks,HH7945-10-0001-001,"Мерзляковский пер., вл. 22, стр. 1, 3",мерзляковский пер вл 22 стр 1 3,,,,not_found,2026-07-08T23:30:35
oks,HH7958-06-0002-001,"Турчанинов пер., вл.3, стр.1",турчанинов пер вл3 стр1,,,,not_found,2026-07-08T23:30:36
oks,HH8008-10-0001-001,"Королёва Академика ул., д. 21",королева академика ул д 21,,,,not_found,2026-07-08T23:30:38
oks,HH8021-99-0001-001,"Марьина Роща, ул. Полковая, вл.1. Этап 1",марьина роща ул полковая вл1. этап 1,,,,not_found,2026-07-08T23:30:40
oks,HH8026-02-0001-001,Минаевский пер. вл. 2,минаевский пер вл 2,55.7894873,37.6013653,nominatim,residential,2026-07-08T23:30:41
oks,HH8026-10-0002-001,"Новосущевская ул., вл. 37",новосущевская ул вл 37,55.7828384,37.6062897,nominatim,residential,2026-07-08T23:30:43
oks,HH8047-10-0002-001,"Никитский бульвар, вл. 6/20",никитский бульвар вл 6/20,,,,not_found,2026-07-08T23:30:45
oks,HH8047-10-0003-001,пер. Нижний Кисловский,пер нижний кисловский,55.7537935,37.6026918,nominatim,residential,2026-07-08T23:30:46
oks,HH8094-10-0001-001,"Ремизова ул., вл.11, корп.2",ремизова ул вл11 корп2,,,,not_found,2026-07-08T23:30:48
oks,HH8112-99-0001-001,Проезд Огородный Земельный участок 6/1,проезд огородный земельный участок 6/1,,,,not_found,2026-07-08T23:30:49
oks,HH8125-02-0001-001,"Новосущевский пер., д. 6, строение 1; ул. Новосущевская, д. 24, строения 1, 2; 2-й Вышеславцев пер., д. 17",новосущевский пер д 6 строение 1 ул новосущевская д 24 строения 1 2 2-й вышеславцев пер д 17,,,,not_found,2026-07-08T23:30:51
oks,HH8132-01-0002-001,"ул. Краснопролетарская, влд. 31/1",ул краснопролетарская влд. 31/1,,,,not_found,2026-07-08T23:30:53
oks,HH8145-99-0001-001,"Брюсов пер., вл.2/14, стр.10",брюсов пер вл2/14 стр10,,,,not_found,2026-07-08T23:30:55
oks,HH8146-01-0001-001,"улица Большая Никитская, дом 11/4, строение 3",улица большая никитская дом 11/4 строение 3,,,,not_found,2026-07-08T23:30:56
oks,HH8147-02-0002-001,"Малый Кисловский переулок, вл. 4, стр. 5",малый кисловский переулок вл 4 стр 5,,,,not_found,2026-07-08T23:30:59
oks,HH8148-99-0001-001,"Воздвиженка ул., вл.7/6, стр.6",воздвиженка ул вл7/6 стр6,,,,not_found,2026-07-08T23:31:00
oks,HH8154-10-0001-001,"Соймоновский проезд, вл. 3",соймоновский проезд вл 3,55.7437775,37.6040267,nominatim,secondary,2026-07-08T23:31:02
oks,HH8154-10-0003-001,"2-й Обыденский переулок, земельный участок 5, земельный участок7",2-й обыденский переулок земельный участок 5 земельный участок7,,,,not_found,2026-07-08T23:31:04
oks,HH8212-10-0001-001,"Огородный проезд, з/у 4/7",огородный проезд зу 4/7,,,,not_found,2026-07-08T23:31:06
oks,HH8214-01-0001-001,17-й проезд Марьиной вл.9,17-й проезд марьиной вл9,,,,not_found,2026-07-08T23:31:07
oks,HH8222-05-0001-001,район Марьина Роща,район марьина роща,55.797837,37.6109903,nominatim,administrative,2026-07-08T23:31:09
oks,HH8223-01-0003-001,Улица 2-я Ямская Дом 2,улица 2-я ямская дом 2,,,,not_found,2026-07-08T23:31:11
oks,HH8250-01-0002-001,"ул. Волхонка, вл. 8-10/2, стр. 1-6, Колымажный пер., вл. 4, стр. 1, 2, 2А; вл. 6, стр. 1, 5, 6; Малый Знаменский пер., вл. 8, стр. 1; вл.8, стр. 9",ул волхонка вл 8-10/2 стр 1-6 колымажный пер вл 4 стр 1 2 2а вл 6 стр 1 5 6 малый знаменский пер вл 8 стр 1 вл8 стр 9,,,,not_found,2026-07-08T23:31:13
oks,HH8255-99-0001-001,"Берсеневская наб., вл.6",берсеневская наб. вл6,55.7425825,37.6090861,nominatim,unclassified,2026-07-08T23:31:15
oks,HH8290-05-0001-001,"ул. Нагорная, вл. 10/2, вл. 4а",ул нагорная вл 10/2 вл 4а,,,,not_found,2026-07-08T23:31:17
oks,HH8291-01-0001-001,"ул. Нагорная, з/у 6/1",ул нагорная зу 6/1,,,,not_found,2026-07-08T23:31:19
oks,HH8295-10-0001-001,"пр. Электролитный, вл. 7А",пр электролитный вл 7а,55.6701501,37.6219657,nominatim,tertiary,2026-07-08T23:31:20
oks,HH8320-10-0004-001,"ул. Октябрьская, вл. 103",ул октябрьская вл 103,55.7415438,37.6548777,nominatim,primary_link,2026-07-08T23:31:22
oks,HH8394-10-0002-001,"Электролитный проезд, влд. 7А",электролитный проезд влд. 7а,,,,not_found,2026-07-08T23:31:24
oks,HH8420-01-0002-001,"г. Москва, Октябрьская улица, вл. 98",г. москва октябрьская улица вл 98,,,,not_found,2026-07-08T23:31:27
oks,HH8420-10-0001-001,"Шереметьевская ул., з/у 17",шереметьевская ул зу 17,,,,not_found,2026-07-08T23:31:28
oks,HH8442-04-0001-001,"пер. Столешников, д.12, стр. 2",пер столешников д12 стр 2,,,,not_found,2026-07-08T23:31:30
oks,HH8458-10-0002-001,"2-й Хвостов переулок, вл. 8, стр. 2",2-й хвостов переулок вл 8 стр 2,,,,not_found,2026-07-08T23:31:31
oks,HH8473-10-0001-001,"ул. Серпуховский Вал, вл. 7",ул серпуховский вал вл 7,55.7105051,37.6147319,nominatim,construction,2026-07-08T23:31:33
oks,HH8507-06-0001-001,Королева академика ул. вл. 13,королева академика ул вл 13,,,,not_found,2026-07-08T23:31:35
oks,HH8509-13-0001-001,"Новомосковская, вл. 18-22",новомосковская вл 18-22,,,,not_found,2026-07-08T23:31:37
oks,HH8516-04-0002-001,Проезд 12-й Марьиной Рощи Дом 8 Строение 3,проезд 12-й марьиной рощи дом 8 строение 3,,,,not_found,2026-07-08T23:31:38
oks,HH8517-14-0001-001,"Москва, СВАО, Марьина роща, Марьиной рощи 12-й пр. вл. 11 стр. 1",москва свао марьина роща марьиной рощи 12-й пр вл 11 стр 1,,,,not_found,2026-07-08T23:31:40
oks,HH8519-10-0001-001,"ул. Веткина, з/у 2/1",ул веткина зу 2/1,,,,not_found,2026-07-08T23:31:42
oks,HH8537-01-0001-001,"3-й Колобовский переулок, д.16, стр.6",3-й колобовский переулок д16 стр6,,,,not_found,2026-07-08T23:31:43
oks,HH8551-10-0002-002,"Софийская набережная, вл. 18/8, стр.1, вл. 20, стр.1, вл. 24/2, стр. 1, 2, часть стр. 5; Болотная площадь, вл. 2/4, стр.1, вл. 4. стр.1, вл. 6-8, вл.10, стр.16, 17",софийская набережная вл 18/8 стр1 вл 20 стр1 вл 24/2 стр 1 2 часть стр 5 болотная площадь вл 2/4 стр1 вл 4. стр1 вл 6-8 вл10 стр16 17,,,,not_found,2026-07-08T23:31:45
oks,HH8554-03-0002-001,"Кадашевская набережная, вл. 10, 12/2; М. Толмачевский пер., вл. 1-3, 5-7",кадашевская набережная вл 10 12/2 м. толмачевский пер вл 1-3 5-7,,,,not_found,2026-07-08T23:31:47
oks,HH8556-10-0001-001,"Старомонетный пер., д. 19/11, стр. 1, 2, 5, 7",старомонетный пер д 19/11 стр 1 2 5 7,,,,not_found,2026-07-08T23:31:49
oks,HH8562-01-0002-001,"переулок 3-й Добрынинский, земельный участок 4/2",переулок 3-й добрынинский земельный участок 4/2,,,,not_found,2026-07-08T23:31:50
oks,HH8564-03-0002-001,"Добрынинский 4-й пер., вл. 1/9",добрынинский 4-й пер вл 1/9,,,,not_found,2026-07-08T23:31:52
oks,HH8573-04-0002-001,"Малая Тульская улица, дом 2",малая тульская улица дом 2,55.7110971,37.6190209,nominatim,fabric,2026-07-08T23:31:54
oks,HH8575-10-0001-001,"Большая Тульская улица, влд. 10",большая тульская улица влд. 10,,,,not_found,2026-07-08T23:31:56
oks,HH8586-99-0002-003,"районы Москворечье-Сабурово, Нагатино-Садовники, Нагорный",районы москворечье-сабурово нагатино-садовники нагорный,,,,not_found,2026-07-08T23:31:57
oks,HH8595-04-0002-001,Электролитный пр. вл. 3,электролитный пр вл 3,55.672878,37.6107534,nominatim,tertiary,2026-07-08T23:31:59
oks,HH8596-10-0001-001,"Электролитный пр., вл.12Б",электролитный пр вл12б,55.6736181,37.6125879,nominatim,tertiary,2026-07-08T23:32:01
oks,HH8614-10-0002-001,"улица Бочкова, влд. 11А",улица бочкова влд. 11а,,,,not_found,2026-07-08T23:32:03
oks,HH8633-04-0002-001,"Олимпийский проспект, вл. 10",олимпийский проспект вл 10,55.7844465,37.6229834,nominatim,secondary,2026-07-08T23:32:05
oks,HH8656-10-0001-001,"переулок Большой Толмачёвский, земельный участок 5/4",переулок большой толмачевский земельный участок 5/4,,,,not_found,2026-07-08T23:32:07
oks,HH8656-99-0001-001,переулок Пыжевский,переулок пыжевский,55.7391807,37.6219197,nominatim,residential,2026-07-08T23:32:08
oks,HH8658-01-0003-001,"ул. Большая Полянка, вл. 33/41",ул большая полянка вл 33/41,,,,not_found,2026-07-08T23:32:10
oks,HH8658-10-0001-001,"переулок 1-й Казачий, земельный участок 10/1",переулок 1-й казачий земельный участок 10/1,,,,not_found,2026-07-08T23:32:12
oks,HH8683-04-0002-001,"Варшавское шоссе, вл. 14, стр. 8; вл. 14, соор. 6, 7",варшавское шоссе вл 14 стр 8 вл 14 соор. 6 7,,,,not_found,2026-07-08T23:32:13
oks,HH8690-01-0002-001,Нагорный,нагорный,55.670368,37.61636,nominatim,administrative,2026-07-08T23:32:15
oks,HH8691-01-0002-001,"Варшавское шоссе, вл. 32; вл. 32, стр. 2, 3; вл. 34, стр. 2",варшавское шоссе вл 32 вл 32 стр 2 3 вл 34 стр 2,,,,not_found,2026-07-08T23:32:17
oks,HH8700-03-0002-001,"просп. Мира, вл. 119, стр. 19",просп. мира вл 119 стр 19,,,,not_found,2026-07-08T23:32:20
oks,HH8721-10-0001-001,"ул. 4-я Марьиной Рощи, земельный участок 12",ул 4-я марьиной рощи земельный участок 12,,,,not_found,2026-07-08T23:32:21
oks,HH8729-06-0001-001,Олимпийский просп. вл. 16 стр. 2,олимпийский просп. вл 16 стр 2,,,,not_found,2026-07-08T23:32:23
oks,HH8729-99-0001-001,"Олимпийский проспект, влд. 16",олимпийский проспект влд. 16,,,,not_found,2026-07-08T23:32:25
oks,HH8731-06-0002-001,Олимпийский просп. вл. 16 стр. 4,олимпийский просп. вл 16 стр 4,,,,not_found,2026-07-08T23:32:27
oks,HH8738-10-0002-002,"Сухаревский М. пер., вл. 4",сухаревский м. пер вл 4,,,,not_found,2026-07-08T23:32:28
oks,HH8772-04-0001-001,"ш. Подольское, вл. 3",ш подольское вл 3,55.7149733,37.625156,nominatim,primary,2026-07-08T23:32:30
oks,HH8774-01-0001-001,"Холодильный переулок, дом 3, корп. 1",холодильный переулок дом 3 корп 1,,,,not_found,2026-07-08T23:32:31
oks,HH8781-04-0002-001,"ш. Варшавское, вл. 9/1",ш варшавское вл 9/1,55.589209,37.602132,nominatim,neighbourhood,2026-07-08T23:32:34
oks,HH8788-08-0001-001,"территория, ограниченная Варшавским шоссе, проектируемым проездом № 5529, руслом Москва-реки, границей производственной зоны №2 ""Варшавское шоссе"", Нагатинской улицей",территория ограниченная варшавским шоссе проектируемым проездом № 5529 руслом москва-реки границей производственной зоны №2 варшавское шоссе нагатинской улицей,,,,not_found,2026-07-08T23:32:35
oks,HH8789-10-0001-001,"Нагатинская ул., вл. 1",нагатинская ул вл 1,55.6783778,37.6505927,nominatim,tertiary,2026-07-08T23:32:37
oks,HH8789-99-0001-001,"ул. Нагатинская, вл.1/1",ул нагатинская вл1/1,55.6796553,37.6400121,nominatim,tertiary,2026-07-08T23:32:39
oks,HH8836-03-0002-001,"ул. Садовая-Сухаревская, вл. 14, стр. 1",ул садовая-сухаревская вл 14 стр 1,,,,not_found,2026-07-08T23:32:40
oks,HH8836-10-0001-001,"пл. Малая Сухаревская, вл 6, стр. 2, 3, 4",пл. малая сухаревская вл 6 стр 2 3 4,,,,not_found,2026-07-08T23:32:42
oks,HH8852-05-0001-001,Садовническая наб. вл. 11,садовническая наб. вл 11,55.7464219,37.6274127,nominatim,tertiary,2026-07-08T23:32:44
oks,HH8855-02-0001-001,"Пятницкая ул., вл. 24, стр. 4",пятницкая ул вл 24 стр 4,,,,not_found,2026-07-08T23:32:45
oks,HH8856-01-0001-001,"ул. Пятницкая, вл. 40",ул пятницкая вл 40,55.7429238,37.6283799,nominatim,tertiary,2026-07-08T23:32:47
oks,HH8904-99-0001-001,"ул. 1-я Останкинская, вл. 43-55",ул 1-я останкинская вл 43-55,,,,not_found,2026-07-08T23:32:49
oks,HH8911-10-0001-002,"Останкинский, мкр.15-16, корп.93",останкинский мкр.15-16 корп93,,,,not_found,2026-07-08T23:32:50
oks,HH8935-05-0002-001,"Мира просп., вл. 8",мира просп. вл 8,55.8436656,37.66707,nominatim,primary,2026-07-08T23:32:52
oks,HH8938-04-0001-001,"улица Сретенка, дом 13 (ул. Сретенка, влд. 13/26, стр. 1; Пушкарёв переулок, влд. 26, стр. 4)",улица сретенка дом 13 (ул сретенка влд. 13/26 стр 1 пушкарев переулок влд. 26 стр 4),,,,not_found,2026-07-08T23:32:54
oks,HH8954-99-0001-001,"Руновский переулок, вл. 14",руновский переулок вл 14,55.7425507,37.6337752,nominatim,residential,2026-07-08T23:32:55
oks,HH8961-05-0002-001,"Монетчиковский 5-й пер., вл. 7-7а-9/10, стр. 10",монетчиковский 5-й пер вл 7-7а-9/10 стр 10,,,,not_found,2026-07-08T23:32:57
oks,HH8972-03-0002-001,"улица Даниловский Вал, д. 13",улица даниловский вал д 13,55.7116125,37.6310412,nominatim,secondary,2026-07-08T23:32:59
oks,HH8981-10-0001-001,"Автозаводская улица, вл. 23",автозаводская улица вл 23,55.7098733,37.6639694,nominatim,secondary,2026-07-08T23:33:01
oks,HH8982-08-0001-001,"улица Автозаводская, земельный участок 23/88В",улица автозаводская земельный участок 23/88в,,,,not_found,2026-07-08T23:33:03
oks,HH8992-04-0001-001,"Нагатинский 1-й пр., вл. 8",нагатинский 1-й пр вл 8,,,,not_found,2026-07-08T23:33:04
oks,HH8992-14-0002-001,"пр. 1-й Нагатинский, вл. 10",пр 1-й нагатинский вл 10,,,,not_found,2026-07-08T23:33:06
oks,HH8999-10-0002-001,"Каширское шоссе, вл.11, корп.3",каширское шоссе вл11 корп3,,,,not_found,2026-07-08T23:33:08
oks,HH8999-11-0001-001,"Каширское ш., вл. 13а",каширское ш вл 13а,55.6120839,37.7173533,nominatim,secondary,2026-07-08T23:33:10
oks,HH9004-03-0002-001,"проспект мира вл. 119, СВАО, Останкинский",проспект мира вл 119 свао останкинский,,,,not_found,2026-07-08T23:33:11
oks,HH9038-10-0002-001,Костянский пер. вл. 13,костянский пер вл 13,55.7690473,37.6361386,nominatim,tertiary,2026-07-08T23:33:13
oks,HH9047-01-0002-001,"Большой Спасоглинищевский переулок, владение 9, строение 8",большой спасоглинищевский переулок владение 9 строение 8,,,,not_found,2026-07-08T23:33:14
oks,HH9054-10-0001-001,"ул. Большая Татарская, вл. 35",ул большая татарская вл 35,55.7402846,37.6328629,nominatim,unclassified,2026-07-08T23:33:16
oks,HH9055-99-0001-001,Татарская Б. ул. вл. 21,татарская б. ул вл 21,,,,not_found,2026-07-08T23:33:18
oks,HH9063-10-0001-001,ул. Дубининская,ул дубининская,55.7249152,37.6400182,nominatim,yes,2026-07-08T23:33:20
oks,HH9065-04-0002-001,"Щипок ул., д. 26, стр. 2",щипок ул д 26 стр 2,,,,not_found,2026-07-08T23:33:22
oks,HH9068-10-0002-001,"ул. Дубининская, вл. 59, строен. 3; вл. 65, строен. 3, 4, 5, 6; вл. 65, строен. 7; вл. 59, строен. 2",ул дубининская вл 59 строен. 3 вл 65 строен. 3 4 5 6 вл 65 строен. 7 вл 59 строен. 2,,,,not_found,2026-07-08T23:33:23
oks,HH9068-99-0001-001,"ул. Дубининская, вл 59, корпус 2",ул дубининская вл 59 корпус 2,,,,not_found,2026-07-08T23:33:25
oks,HH9069-10-0002-001,Дубининская ул. вл. 59-69,дубининская ул вл 59-69,,,,not_found,2026-07-08T23:33:27
oks,HH9070-10-0001-001,"Дубининская ул., уч. 69/1",дубининская ул уч 69/1,,,,not_found,2026-07-08T23:33:28
oks,HH9071-08-0001-001,"Дубининская, вл. 69/1, вл. 69, стр. 2",дубининская вл 69/1 вл 69 стр 2,,,,not_found,2026-07-08T23:33:30
oks,HH9071-10-0001-001,"Дубининская улица, дом 69А",дубининская улица дом 69а,,,,not_found,2026-07-08T23:33:31
oks,HH9075-04-0001-001,"Москва, ул. Автозаводская, вл. 24, корп. 1",москва ул автозаводская вл 24 корп 1,,,,not_found,2026-07-08T23:33:33
oks,HH9076-99-0001-001,Автозаводская ул. вл. 22,автозаводская ул вл 22,55.710026,37.6632408,nominatim,secondary,2026-07-08T23:33:35
oks,HH9077-10-0002-001,"ул. Автозаводская, вл. 23/75",ул автозаводская вл 23/75,,,,not_found,2026-07-08T23:33:37
oks,HH9077-99-0001-001,"ул. Автозаводская, вл. 23/74",ул автозаводская вл 23/74,,,,not_found,2026-07-08T23:33:38
oks,HH9078-03-0001-001,"ул. Автозаводская, вл. 23, строен. 277",ул автозаводская вл 23 строен. 277,,,,not_found,2026-07-08T23:33:40
oks,HH9085-10-0001-001,"ул. Автозаводская, вл. 23/70",ул автозаводская вл 23/70,,,,not_found,2026-07-08T23:33:42
oks,HH9085-10-0002-001,"Автозаводская ул., вл.23/64",автозаводская ул вл23/64,,,,not_found,2026-07-08T23:33:43
oks,HH9086-03-0001-001,"ул. Автозаводская, вл. 23/4",ул автозаводская вл 23/4,,,,not_found,2026-07-08T23:33:45
oks,HH9086-10-0001-001,Автозаводская ул. уч. 23/436,автозаводская ул уч 23/436,,,,not_found,2026-07-08T23:33:46
oks,HH9096-10-0001-001,2-й Нагатинский проезд,2-й нагатинский проезд,55.67448,37.6399688,nominatim,residential,2026-07-08T23:33:48
oks,HH9100-03-0002-001,"улица Сергея Эйзенштейна, земельный участок 8/5",улица сергея эйзенштейна земельный участок 8/5,,,,not_found,2026-07-08T23:33:50
oks,HH9163-10-0001-001,"ул. Дубининская, земельный участок с кадастровым номером 77:01:0000000:3993",ул дубининская земельный участок с кадастровым номером 77:01:0000000:3993,,,,not_found,2026-07-08T23:33:52
oks,HH9165-14-0002-001,"Дубининская улица, вл. 37",дубининская улица вл 37,55.7206735,37.6352004,nominatim,secondary,2026-07-08T23:33:53
oks,HH9165-99-0001-001,"Дубининская ул., вл. 39-41",дубининская ул вл 39-41,,,,not_found,2026-07-08T23:33:55
oks,HH9178-99-0001-001,"Автозаводская улица, влд.23",автозаводская улица влд.23,,,,not_found,2026-07-08T23:33:56
oks,HH9182-10-0001-001,"ул Автозаводская, вл 23/5",ул автозаводская вл 23/5,,,,not_found,2026-07-08T23:33:58
oks,HH9185-10-0001-001,"ул. Автозаводская, вл. 23/73",ул автозаводская вл 23/73,,,,not_found,2026-07-08T23:33:59
oks,HH9185-10-0002-001,"Автозаводская ул., вл. 23/70",автозаводская ул вл 23/70,,,,not_found,2026-07-08T23:34:01
oks,HH9187-10-0001-001,Автозаводская ул. вл. 23/66,автозаводская ул вл 23/66,,,,not_found,2026-07-08T23:34:02
oks,HH9190-10-0002-001,Нагатинская наб. уч. 10А,нагатинская наб. уч 10а,55.6848018,37.6310401,nominatim,secondary,2026-07-08T23:34:04
oks,HH9240-02-0001-001,"пер. Огородная Слобода, д.7, стр.2 - ул. Мясницкая, д. 40, стр. 18.",пер огородная слобода д7 стр2 - ул мясницкая д 40 стр 18.,,,,not_found,2026-07-08T23:34:06
oks,HH9257-01-0001-002,"Садовническая улица, вл. 82, стр. 3-6, 8, 9, 12",садовническая улица вл 82 стр 3-6 8 9 12,,,,not_found,2026-07-08T23:34:07
oks,HH9260-10-0001-001,"Шлюзовая набережная, вл. 2/1",шлюзовая набережная вл 2/1,55.7292918,37.6518075,nominatim,secondary,2026-07-08T23:34:09
oks,HH9263-10-0002-001,"Летниковская ул. вл. 4 стр. 1-4, 12-14 вл. 6а, стр.6,8,9",летниковская ул вл 4 стр 1-4 12-14 вл 6а стр6 8 9,,,,not_found,2026-07-08T23:34:11
oks,HH9272-99-0001-001,"2-й Павелецкий проезд, вл. 4/6",2-й павелецкий проезд вл 4/6,,,,not_found,2026-07-08T23:34:13
oks,HH9280-10-0001-001,"ул. Автозаводская, вл. 23, участок № 34",ул автозаводская вл 23 участок № 34,,,,not_found,2026-07-08T23:34:14
oks,HH9285-10-0001-001,"Москва, ЮАО, район Даниловский, ул Автозаводская, вл. 23/71 (ЮАО, Даниловский)",москва юао район даниловский ул автозаводская вл 23/71 (юао даниловский),,,,not_found,2026-07-08T23:34:16
oks,HH9285-10-0001-003,"ул Автозаводская, вл 23/71",ул автозаводская вл 23/71,,,,not_found,2026-07-08T23:34:17
oks,HH9288-10-0002-001,"ул. Автозаводская, вл. 23/65",ул автозаводская вл 23/65,,,,not_found,2026-07-08T23:34:19
oks,HH9293-10-0001-001,Нагатинский 2-й пр. вл. 2/1,нагатинский 2-й пр вл 2/1,,,,not_found,2026-07-08T23:34:21
oks,HH9293-10-0002-001,"проезд Нагатинский 2-й, вл.2/2",проезд нагатинский 2-й вл2/2,,,,not_found,2026-07-08T23:34:23
oks,HH9315-06-0001-001,"3-я Мытищинская улица, д. 5",3-я мытищинская улица д 5,55.8056776,37.6450283,nominatim,tertiary,2026-07-08T23:34:25
oks,HH9337-04-0002-001,пересечение проспекта Академика Сахарова и Садовой-Спасской улицы,пересечение проспекта академика сахарова и садовой-спасской улицы,,,,not_found,2026-07-08T23:34:27
oks,HH9344-01-0001-001,Покровский бульв. вл. 4/17 стр. 11,покровский бульв. вл 4/17 стр 11,,,,not_found,2026-07-08T23:34:28
oks,HH9364-10-0002-001,"ул. Летниковская, вл. 6а, стр. 1, 2, 3, 7, 10",ул летниковская вл 6а стр 1 2 3 7 10,,,,not_found,2026-07-08T23:34:30
oks,HH9364-10-0003-001,"ул. Летниковская, земельный участок 11/10/6",ул летниковская земельный участок 11/10/6,,,,not_found,2026-07-08T23:34:32
oks,HH9364-10-0003-002,"улица Летниковская, земельный участок 11/10/6",улица летниковская земельный участок 11/10/6,,,,not_found,2026-07-08T23:34:34
oks,HH9365-13-0001-001,"Летниковская ул. пересечение с Жуковым проездом (Жуков проезд, вл. 21)",летниковская ул пересечение с жуковым проездом (жуков проезд вл 21),,,,not_found,2026-07-08T23:34:35
oks,HH9366-10-0001-001,Дербеневская ул. уч. 20/29,дербеневская ул уч 20/29,,,,not_found,2026-07-08T23:34:37
oks,HH9366-10-0002-001,"проезд Жуков, вл. 21",проезд жуков вл 21,55.7222097,37.6462251,nominatim,tertiary,2026-07-08T23:34:39
oks,HH9367-10-0001-001,"улица Дербеневская, земельный участок 20/29",улица дербеневская земельный участок 20/29,,,,not_found,2026-07-08T23:34:40
oks,HH9378-13-0002-001,"Автозаводская ул., вл. 23, строен. 240, стр.526",автозаводская ул вл 23 строен. 240 стр526,,,,not_found,2026-07-08T23:34:42
oks,HH9380-01-0002-001,"ул. Автозаводская, вл. 23, стр. 91",ул автозаводская вл 23 стр 91,,,,not_found,2026-07-08T23:34:43
oks,HH9384-10-0003-001,"ул. Автозаводская, вл. 23/72",ул автозаводская вл 23/72,,,,not_found,2026-07-08T23:34:45
oks,HH9414-10-0002-001,ул. Новоалексеевская,ул новоалексеевская,55.8100526,37.6473147,nominatim,post_office,2026-07-08T23:34:47
oks,HH9433-10-0002-001,"ул. Большая Спасская, вл. 35-37",ул большая спасская вл 35-37,,,,not_found,2026-07-08T23:34:49
oks,HH9449-10-0002-001,"Серебрянический пер., вл. 11/12, стр. 2",серебрянический пер вл 11/12 стр 2,,,,not_found,2026-07-08T23:34:50
oks,HH9451-99-0001-001,"Яузская ул. вл. 11/6 (Николоямская ул., д.16-2)",яузская ул вл 11/6 (николоямская ул д16-2),,,,not_found,2026-07-08T23:34:52
oks,HH9453-01-0001-001,"Гончарная улица, дом 20/1, стр. 1, стр. 2 (пер. 2-й Котельнический, вл. 20/1, стр. 1; пер. 2-й Котельнический, вл 2, стр. 1)",гончарная улица дом 20/1 стр 1 стр 2 (пер 2-й котельнический вл 20/1 стр 1 пер 2-й котельнический вл 2 стр 1),,,,not_found,2026-07-08T23:34:54
oks,HH9462-04-0001-001,"Москва, ЦАО, район Замоскворечье, ул. Кожевническая, вл. 15, стр. 2,4,7,8",москва цао район замоскворечье ул кожевническая вл 15 стр 2 4 7 8,,,,not_found,2026-07-08T23:34:55
oks,HH9501-01-0002-001,"проспект Мира, вл. 127-129",проспект мира вл 127-129,,,,not_found,2026-07-08T23:34:58
oks,HH9502-10-0001-001,"Мира проспект, вл. 186А",мира проспект вл 186а,,,,not_found,2026-07-08T23:35:00
oks,HH9541-10-0001-001,"Машкова ул., влд. 18",машкова ул влд. 18,,,,not_found,2026-07-08T23:35:02
oks,HH9548-10-0001-001,"Обуха пер., з/у 3",обуха пер зу 3,55.7525248,37.6535459,nominatim,unclassified,2026-07-08T23:35:03
oks,HH9549-10-0001-001,"переулок Тессинский, земельный участок 5/1",переулок тессинский земельный участок 5/1,,,,not_found,2026-07-08T23:35:05
oks,HH9564-99-0001-001,"ул. Дербеневская, вл.1",ул дербеневская вл1,,,,not_found,2026-07-08T23:35:06
oks,HH9564-99-0001-002,"Дербеневская ул., вл. 1",дербеневская ул вл 1,55.7253895,37.6505785,nominatim,tertiary,2026-07-08T23:35:08
oks,HH9570-10-0002-001,"Симоновская набережная, вл.1",симоновская набережная вл1,55.7107113,37.6515398,nominatim,construction,2026-07-08T23:35:09
oks,HH9571-10-0001-001,"набережная Симоновская, земельный участок 1/25Б",набережная симоновская земельный участок 1/25б,,,,not_found,2026-07-08T23:35:11
oks,HH9615-01-0001-001,"Москва, СВАО, Алексеевский, 1-й Рижский пер., домовладение 2Г",москва свао алексеевский 1-й рижский пер домовладение 2г,,,,not_found,2026-07-08T23:35:13
oks,HH9624-10-0001-001,"ул. Сокольнический Вал, вл. 2А",ул сокольнический вал вл 2а,55.7931177,37.6567932,nominatim,secondary,2026-07-08T23:35:14
oks,HH9654-04-0001-001,Земляной вал ул. вл. 77-79,земляной вал ул вл 77-79,,,,not_found,2026-07-08T23:35:16
oks,HH9668-10-0002-001,"ул. Восточная, вл. 4 А/1",ул восточная вл 4 а/1,,,,not_found,2026-07-08T23:35:19
oks,HH9670-06-0001-001,"ул. Восточная, вл. 4А",ул восточная вл 4а,55.7175679,37.6635496,nominatim,secondary,2026-07-08T23:35:21
oks,HH9670-06-0001-003,Восточная ул. вл. 4А,восточная ул вл 4а,55.7167757,37.6616253,nominatim,secondary,2026-07-08T23:35:24
oks,HH9686-10-0002-001,"Проектируемый проезд 4062, вл.6",проектируемый проезд 4062 вл6,,,,not_found,2026-07-08T23:35:25
oks,HH9725-04-0001-001,"ул. 2-я Рыбинская, вл. 12А",ул 2-я рыбинская вл 12а,,,,not_found,2026-07-08T23:35:27
oks,HH9746-04-0001-001,площадь Курского вокзала,площадь курского вокзала,55.7583946,37.6586383,nominatim,unclassified,2026-07-08T23:35:28
oks,HH9845-17-0001-001,Басманный р-н,басманный р-н,55.7672809,37.6697732,nominatim,administrative,2026-07-08T23:35:30
oks,HH9845-17-0001-002,Басманный район,басманный район,55.7672809,37.6697732,nominatim,administrative,2026-07-08T23:35:31
oks,HH9849-04-0002-001,"пер. Б. Полуярославский, д. 18 (Полуярославский Б. пер., вл. 18, стр. 1,3,4,5,9)",пер б. полуярославский д 18 (полуярославский б. пер вл 18 стр 1 3 4 5 9),,,,not_found,2026-07-08T23:35:33
oks,HH9885-10-0001-001,пр-кт Андропова,пр-кт андропова,,,,not_found,2026-07-08T23:35:34
oks,HH9893-03-0001-001,пересечение проспекта Андропова с Нагатинской улицей,пересечение проспекта андропова с нагатинской улицей,,,,not_found,2026-07-08T23:35:36
oks,HH9926-11-0002-001,"ул. Шумкина, вл. 14",ул шумкина вл 14,55.7888869,37.6681236,nominatim,tertiary,2026-07-08T23:35:38
oks,HH9930-04-0001-001,"1-й Красносельский переулок, вл. 15/17",1-й красносельский переулок вл 15/17,,,,not_found,2026-07-08T23:35:40
oks,HH9938-10-0001-002,"улица Новая Басманная, земельный участок 26/4",улица новая басманная земельный участок 26/4,,,,not_found,2026-07-08T23:35:42
oks,HH9949-01-0001-001,"Москва, ЦАО, район Таганский, Костомаровский пер., земельный участок 11/1",москва цао район таганский костомаровский пер земельный участок 11/1,,,,not_found,2026-07-08T23:35:44
oks,HH9949-06-0001-001,"Наставнический пер., вл. 12",наставнический пер вл 12,55.7504261,37.6642739,nominatim,unclassified,2026-07-08T23:35:45
oks,HH9968-05-0002-001,Велозаводская ул. вл. 1/1,велозаводская ул вл 1/1,55.7108549,37.6661168,nominatim,primary,2026-07-08T23:35:47
oks,HH9969-12-0001-001,Велозаводская ул. д. 5 стр. 21,велозаводская ул д 5 стр 21,,,,not_found,2026-07-08T23:35:49
oks,HI0018-99-0001-001,Внуковское,внуковское,55.6173252,37.2614742,nominatim,tertiary,2026-07-08T23:35:50
oks,HI0020-04-0001-001,"д. Рассказовка, Боровская ул., вл. 49; д. Рассказовка, дом 47",д рассказовка боровская ул вл 49 д рассказовка дом 47,,,,not_found,2026-07-08T23:35:52
oks,HI0061-04-0001-001,"квартал 173 участок 55/1, НАО, Филимонковское",квартал 173 участок 55/1 нао филимонковское,,,,not_found,2026-07-08T23:35:53
oks,HI0063-99-0001-001,"поселение Филимонковское, кв-л 176, з/у 2",поселение филимонковское кв-л 176 зу 2,,,,not_found,2026-07-08T23:35:55
oks,HI0196-99-0001-001,"ул. Офицерская, з/у владение 1",ул офицерская зу владение 1,,,,not_found,2026-07-08T23:35:57
oks,HI0212-14-0002-001,"вблизи д. Рассказовка, квартал 17",вблизи д рассказовка квартал 17,,,,not_found,2026-07-08T23:35:58
oks,HI0241-10-0002-001,"Третий микрорайон, квартал 2, ул. Лаптева, з/у 2",третий микрорайон квартал 2 ул лаптева зу 2,,,,not_found,2026-07-08T23:36:01
oks,HI0366-01-0001-001,вблизи деревни Голенищево,вблизи деревни голенищево,,,,not_found,2026-07-08T23:36:02
oks,HI0417-06-0003-001,"Боровское шоссе, мкр. 11, корпус 236",боровское шоссе мкр. 11 корпус 236,,,,not_found,2026-07-08T23:36:04
oks,HI0445-10-0001-001,"г. Московский, Первый микрорайон, квартал 3, корпус 3",г. московский первый микрорайон квартал 3 корпус 3,,,,not_found,2026-07-08T23:36:06
oks,HI0445-10-0001-002,"г. Московский, Первый микрорайон, квартал 3, корпус 4",г. московский первый микрорайон квартал 3 корпус 4,,,,not_found,2026-07-08T23:36:08
oks,HI0445-10-0001-003,"г. Московский, Первый микрорайон, квартал 3, корпус 5",г. московский первый микрорайон квартал 3 корпус 5,,,,not_found,2026-07-08T23:36:10
oks,HI0488-06-0001-001,"Десеновское, квартал 34, земельный участок 18",десеновское квартал 34 земельный участок 18,,,,not_found,2026-07-08T23:36:12
oks,HI0517-03-0001-001,"Боровское шоссе, мкр. 11А, корп 225",боровское шоссе мкр. 11а корп 225,,,,not_found,2026-07-08T23:36:14
oks,HI0518-10-0001-001,"Боровское шоссе, вл. 51",боровское шоссе вл 51,55.6423966,37.3599847,nominatim,primary,2026-07-08T23:36:15
oks,HI0518-10-0001-002,"Боровское шоссе., вл. 51",боровское шоссе. вл 51,55.6603341,37.4107917,nominatim,tertiary,2026-07-08T23:36:17
oks,HI0540-04-0001-001,"г. Московский, мкр. 1-й, около д. 39А",г. московский мкр. 1-й около д 39а,,,,not_found,2026-07-08T23:36:19
oks,HI0558-13-0001-001,п. Валуево,п. валуево,,,,not_found,2026-07-08T23:36:21
oks,HI0714-10-0001-001,"Боровское шоссе, земельный участок 26 (пересечение Боровского шоссе и Чоботовской улицы)",боровское шоссе земельный участок 26 (пересечение боровского шоссе и чоботовской улицы),,,,not_found,2026-07-08T23:36:22
oks,HI0742-08-0001-001,"г. Московский, район Тепличного комбината №1, третий микрорайон, квартал 2",г. московский район тепличного комбината №1 третий микрорайон квартал 2,,,,not_found,2026-07-08T23:36:24
oks,HI0742-10-0001-001,"поселение Московский, г. Московский",поселение московский г. московский,,,,not_found,2026-07-08T23:36:26
oks,HI0756-05-0001-001,"п. Филимонковское, квартал 110, з/у 2/4",п. филимонковское квартал 110 зу 2/4,,,,not_found,2026-07-08T23:36:28
oks,HI0837-99-0001-001,"ул. Лаптева, з/у 4",ул лаптева зу 4,,,,not_found,2026-07-08T23:36:29
oks,HI0919-12-0001-001,"Новоорловская ул., промзона Орлово",новоорловская ул промзона орлово,,,,not_found,2026-07-08T23:36:31
oks,HI0978-99-0001-001,"п. Десеновское, кв-л 18.",п. десеновское кв-л 18.,,,,not_found,2026-07-08T23:36:32
oks,HI1035-03-0001-001,"г. Московский, уч. М35 (участок 1)",г. московский уч м35 (участок 1),,,,not_found,2026-07-08T23:36:34
oks,HI1035-09-0001-001,"ул. Никитина, вл. 9",ул никитина вл 9,55.605104,37.3684007,nominatim,residential,2026-07-08T23:36:36
oks,HI1042-10-0001-001,Лаптева з/у 4,лаптева зу 4,,,,not_found,2026-07-08T23:36:37
oks,HI1043-10-0001-001,"Московский. Третий микрорайон. Квартал 3, Корпуса 1",московский. третий микрорайон. квартал 3 корпуса 1,,,,not_found,2026-07-08T23:36:38
oks,HI1043-10-0001-002,"Московский. Третий микрорайон. Квартал 3, Корпуса 2",московский. третий микрорайон. квартал 3 корпуса 2,,,,not_found,2026-07-08T23:36:40
oks,HI1048-12-0001-001,"улица Солнечная, земельный участок 4",улица солнечная земельный участок 4,,,,not_found,2026-07-08T23:36:42
oks,HI1104-11-0001-001,"Новомещерский проезд, д. 9, стр. 1",новомещерский проезд д 9 стр 1,,,,not_found,2026-07-08T23:36:44
oks,HI1107-12-0001-001,"Москва, ЗАО, район Солнцево, ул. 2-я Карпатская, земельный участок 2Б",москва зао район солнцево ул 2-я карпатская земельный участок 2б,,,,not_found,2026-07-08T23:36:46
oks,HI1107-12-0001-002,"промзона ""Солнечная"", корп. 3 (ул. 2-я Карпатская, з/у 2Б)",промзона солнечная корп 3 (ул 2-я карпатская зу 2б),,,,not_found,2026-07-08T23:36:48
oks,HI1137-10-0002-004,г. Московский,г. московский,55.6076305,37.3501041,nominatim,bus_stop,2026-07-08T23:36:49
oks,HI1178-10-0001-001,"п. Десеновское, квартал 23",п. десеновское квартал 23,,,,not_found,2026-07-08T23:36:51
oks,HI1180-08-0001-001,"поселение Десеновское, квартал 23, зу 1А",поселение десеновское квартал 23 зу 1а,,,,not_found,2026-07-08T23:36:53
oks,HI1180-08-0001-002,"пос. Десеновское, квартал 23",пос десеновское квартал 23,,,,not_found,2026-07-08T23:36:55
oks,HI1180-10-0001-001,"Десеновское, квартал 23",десеновское квартал 23,,,,not_found,2026-07-08T23:36:56
oks,HI1240-99-0002-001,"дер. Николо-Хованское, з/у 1016",дер николо-хованское зу 1016,,,,not_found,2026-07-08T23:36:58
oks,HI1294-04-0001-001,"деревня Десна, улица Центральная, земельный участок 1Б,",деревня десна улица центральная земельный участок 1б ,,,,not_found,2026-07-08T23:36:59
oks,HI1312-08-0002-001,"ул. Производственная, вл. 15, 21 , 25",ул производственная вл 15 21 25,,,,not_found,2026-07-08T23:37:01
oks,HI1313-10-0001-001,"Производственная улица, земельный участок 17А/21Б",производственная улица земельный участок 17а/21б,,,,not_found,2026-07-08T23:37:02
oks,HI1313-10-0001-002,"Производственная ул. , земельный участок 17А/21Б",производственная ул земельный участок 17а/21б,,,,not_found,2026-07-08T23:37:04
oks,HI1313-10-0001-003,"улица Производственная, земельный участок 17А/21Б",улица производственная земельный участок 17а/21б,,,,not_found,2026-07-08T23:37:06
oks,HI1316-10-0001-001,"улица Родниковая, земельный участок 6/1",улица родниковая земельный участок 6/1,,,,not_found,2026-07-08T23:37:07
oks,HI1357-10-0001-001,"вблизи деревни Зименки, проект 18/2, квартал 2",вблизи деревни зименки проект 18/2 квартал 2,,,,not_found,2026-07-08T23:37:09
oks,HI1405-16-0001-001,район Очаково-Матвеевское,район очаково-матвеевское,55.690291,37.4406611,nominatim,administrative,2026-07-08T23:37:11
oks,HI1412-10-0001-001,"Производственная улица, земельный участок 25/1",производственная улица земельный участок 25/1,,,,not_found,2026-07-08T23:37:13
oks,HI1413-10-0001-001,"Производственная улица, земельный участок 15/2",производственная улица земельный участок 15/2,,,,not_found,2026-07-08T23:37:15
oks,HI1489-10-0001-001,"квартал 61, з/у 18",квартал 61 зу 18,,,,not_found,2026-07-08T23:37:17
oks,HI1529-11-0001-001,д. Картмазово,д картмазово,55.6148816,37.3912731,nominatim,memorial,2026-07-08T23:37:18
oks,HI1532-10-0001-001,"д. Картмазово, уч. 16/1",д картмазово уч 16/1,,,,not_found,2026-07-08T23:37:20
oks,HI1579-13-0001-001,"п. Десёновское, Проект 46/А, участок № 39",п. десеновское проект 46/а участок № 39,,,,not_found,2026-07-08T23:37:22
oks,HI1581-10-0002-001,"п. Десёновское, проект 46/А, квартал 15",п. десеновское проект 46/а квартал 15,,,,not_found,2026-07-08T23:37:23
oks,HI1587-10-0001-001,"п. Десеновское, квартал 61",п. десеновское квартал 61,,,,not_found,2026-07-08T23:37:25
oks,HI1607-10-0001-001,"Боровский проезд, земельный участок 1/5",боровский проезд земельный участок 1/5,,,,not_found,2026-07-08T23:37:27
oks,HI1622-11-0001-001,в районе д. Картмазово,в районе д картмазово,,,,not_found,2026-07-08T23:37:28
oks,HI1632-10-0003-005,"п. Московский, д. Картмазово, уч. 16/1",п. московский д картмазово уч 16/1,,,,not_found,2026-07-08T23:37:30
oks,HI1712-10-0002-001,"ул. Производственная, вл. 6",ул производственная вл 6,55.6521865,37.3875304,nominatim,secondary,2026-07-08T23:37:31
oks,HI1713-99-0001-001,"Производственная улица, вл.6",производственная улица вл6,55.6456479,37.384447,nominatim,secondary,2026-07-08T23:37:33
oks,HI1788-10-0002-001,в районе д. Десна,в районе д десна,,,,not_found,2026-07-08T23:37:35
oks,HI1915-01-0001-001,"Авиаторов ул., дом 3Б (ул. Авиаторов, вл. 5, вл. 7А, корп. 2)",авиаторов ул дом 3б (ул авиаторов вл 5 вл 7а корп 2),,,,not_found,2026-07-08T23:37:36
oks,HI1915-10-0003-001,"ул. Родниковая, вл. 5А",ул родниковая вл 5а,55.639393,37.380494,nominatim,secondary,2026-07-08T23:37:38
oks,HI2016-03-0001-001,"улица Авиаторов, вл. 9/1",улица авиаторов вл 9/1,55.6417508,37.4074523,nominatim,tertiary,2026-07-08T23:37:40
oks,HI2022-11-0001-001,"пос. Московский, кв-л 32, вл. 17Б/1",пос московский кв-л 32 вл 17б/1,,,,not_found,2026-07-08T23:37:42
oks,HI2036-10-0002-001,"дер. Картмазово, уч. 16/1",дер картмазово уч 16/1,,,,not_found,2026-07-08T23:37:44
oks,HI2122-11-0001-001,"район Солнцево, квартал 32, земельный участок 17Б/3",район солнцево квартал 32 земельный участок 17б/3,,,,not_found,2026-07-08T23:37:45
oks,HI2131-16-0001-001,"Квартал 159, земельный участок 101А/2",квартал 159 земельный участок 101а/2,,,,not_found,2026-07-08T23:37:47
oks,HI2203-10-0001-001,Боровское ш. влд. 2-1 и вл. 2,боровское ш влд. 2-1 и вл 2,,,,not_found,2026-07-08T23:37:49
oks,HI2205-13-0001-002,"ул. Главмосстроя, вл. 24А",ул главмосстроя вл 24а,55.6585709,37.4048544,nominatim,tertiary,2026-07-08T23:37:51
oks,HI2309-04-0002-001,"ул. Главмосстроя, напротив д. 1",ул главмосстроя напротив д 1,,,,not_found,2026-07-08T23:37:52
oks,HI2319-10-0001-001,"вблизи д. Румянцево, уч.3/2",вблизи д румянцево уч 3/2,,,,not_found,2026-07-08T23:37:54
oks,HI2334-10-0001-001,"п. Московский, д. Саларьево",п. московский д саларьево,,,,not_found,2026-07-08T23:37:55
oks,HI2405-01-0001-001,"пос. Московский, кв. 53, вл. 12",пос московский кв. 53 вл 12,,,,not_found,2026-07-08T23:37:57
oks,HI2432-10-0001-001,"поселение Московский, квартал 75, з/у 6",поселение московский квартал 75 зу 6,,,,not_found,2026-07-08T23:37:59
oks,HI2433-10-0002-001,"улица Трёхполье, земельный участок 7",улица трехполье земельный участок 7,,,,not_found,2026-07-08T23:38:00
oks,HI2433-10-0002-002,ул. Саларьевская,ул саларьевская,55.6075738,37.4058983,nominatim,tertiary,2026-07-08T23:38:02
oks,HI2437-14-0001-001,"квартал 28, з/у 1",квартал 28 зу 1,55.6013826,37.4111696,nominatim,quarter,2026-07-08T23:38:04
oks,HI2438-08-0001-001,"п. Сосенское, в районе д. Николо-Хованское",п. сосенское в районе д николо-хованское,,,,not_found,2026-07-08T23:38:05
oks,HI2505-04-0001-001,"р-н Московский, Говорово дер.",р-н московский говорово дер,,,,not_found,2026-07-08T23:38:07
oks,HI2628-99-0001-001,"Саларьевская ул., земельный участок 17",саларьевская ул земельный участок 17,,,,not_found,2026-07-08T23:38:09
oks,HI2629-10-0001-001,"улица Саларьевская, земельный участок 17",улица саларьевская земельный участок 17,,,,not_found,2026-07-08T23:38:10
oks,HI2720-07-0001-001,д. Румянцево,д румянцево,55.6357633,37.4183662,nominatim,memorial,2026-07-08T23:38:12
oks,HI2754-10-0001-001,Сосенское пос.,сосенское пос,,,,not_found,2026-07-08T23:38:14
oks,HI2802-99-0001-001,"шоссе Боровское, вл.2",шоссе боровское вл2,,,,not_found,2026-07-08T23:38:15
oks,HI2808-05-0001-001,"п. Московский, северо-западнее деревни Говорово",п. московский северо-западнее деревни говорово,,,,not_found,2026-07-08T23:38:17
oks,HI2823-13-0001-001,"квартал 70, земельный участок 78/1",квартал 70 земельный участок 78/1,,,,not_found,2026-07-08T23:38:18
oks,HI2824-08-0001-001,"поселение Московский, кв-л 70, з/у 78/3",поселение московский кв-л 70 зу 78/3,,,,not_found,2026-07-08T23:38:21
oks,HI2826-10-0001-001,"квартал 76, з/у 3, д. Саларьево",квартал 76 зу 3 д саларьево,,,,not_found,2026-07-08T23:38:22
oks,HI2906-04-0002-001,"город Москва, вн. тер. г. муниципальный округ Солнцево, квартал 1, земельный участок 6",город москва вн. тер. г. муниципальный округ солнцево квартал 1 земельный участок 6,,,,not_found,2026-07-08T23:38:24
oks,HI2923-10-0001-001,"квартал 70, зу 78, НАО, Московский",квартал 70 зу 78 нао московский,,,,not_found,2026-07-08T23:38:26
oks,HI2923-10-0001-002,"квартал 70, земельный участок 78",квартал 70 земельный участок 78,,,,not_found,2026-07-08T23:38:27
oks,HI2942-10-0001-001,"Сосенское пос., кв. 26, з/у 3/3",сосенское пос кв. 26 зу 3/3,,,,not_found,2026-07-08T23:38:29
oks,HI2943-99-0001-001,вблизи дер.Николо-Хованское,вблизи дерниколо-хованское,,,,not_found,2026-07-08T23:38:30
oks,HI2988-09-0001-001,"НАО, поселение Воскресенское, Воскресенское, ""Дом отдыха ""Архангельское"", уч.№ 5ю/1",нао поселение воскресенское воскресенское дом отдыха архангельское уч№ 5ю/1,,,,not_found,2026-07-08T23:38:32
oks,HI3006-01-0001-001,"вн.тер.г. муниципальный округ Солнцево, квартал 1, земельный участок 3",вн.тер.г. муниципальный округ солнцево квартал 1 земельный участок 3,,,,not_found,2026-07-08T23:38:33
oks,HI3042-08-0001-001,"Эдварда Грига, з/у 14б",эдварда грига зу 14б,,,,not_found,2026-07-08T23:38:35
oks,HI3043-08-0001-001,"пос. Сосенское, вблизи д. Николо-Хованское",пос сосенское вблизи д николо-хованское,,,,not_found,2026-07-08T23:38:36
oks,HI3044-13-0001-001,"муниципальный округ Коммунарка, квартал 226, земельный участок 3/3",муниципальный округ коммунарка квартал 226 земельный участок 3/3,,,,not_found,2026-07-08T23:38:38
oks,HI3047-01-0001-001,"вблизи деревни Николо-Хованское, кв.35, земельный участок 12/8",вблизи деревни николо-хованское кв.35 земельный участок 12/8,,,,not_found,2026-07-08T23:38:40
oks,HI3087-06-0002-001,"""Дом отдыха ""Архангельское"", уч. № 5ю/1",дом отдыха архангельское уч № 5ю/1,,,,not_found,2026-07-08T23:38:41
oks,HI3123-10-0001-001,д. Дудкино,д дудкино,,,,not_found,2026-07-08T23:38:43
oks,HI3137-14-0001-001,Николо-Хованское дер. д. 1031 стр. 1,николо-хованское дер д 1031 стр 1,,,,not_found,2026-07-08T23:38:45
oks,HI3143-14-0001-001,"поселение Сосенское, муниципальный округ Коммунарка, квартал 226, земельный участок 3/3",поселение сосенское муниципальный округ коммунарка квартал 226 земельный участок 3/3,,,,not_found,2026-07-08T23:38:47
oks,HI3148-01-0001-001,"п. Сосенское, уч. 12, вблизи дер. Николо-Хованское",п. сосенское уч 12 вблизи дер николо-хованское,,,,not_found,2026-07-08T23:38:49
oks,HI3169-04-0001-001,"д. Столбово, НАО, Сосенское",д столбово нао сосенское,,,,not_found,2026-07-08T23:38:50
oks,HI3237-12-0001-001,д.Николо-Хованское,дниколо-хованское,,,,not_found,2026-07-08T23:38:51
oks,HI3242-04-0001-001,Николо-Хованское дер. уч. 2А,николо-хованское дер уч 2а,,,,not_found,2026-07-08T23:38:53
oks,HI3244-14-0001-001,"проспект Магеллана, земельный участок 4",проспект магеллана земельный участок 4,,,,not_found,2026-07-08T23:38:54
oks,HI3269-10-0010-001,вблизи д. Сосенки,вблизи д сосенки,,,,not_found,2026-07-08T23:38:56
oks,HI3314-06-0001-001,"квартал №4, земельный участок 2а",квартал №4 земельный участок 2а,,,,not_found,2026-07-08T23:38:58
oks,HI3322-13-0001-001,"д.Дудкино, снт.Дудкино",ддудкино снт.дудкино,,,,not_found,2026-07-08T23:38:59
oks,HI3324-08-0002-001,"дер. Дудкино, зона 24.1",дер дудкино зона 24.1,,,,not_found,2026-07-08T23:39:01
oks,HI3339-11-0001-003,"д. Николо-Хованское, уч. 9/1-1",д николо-хованское уч 9/1-1,,,,not_found,2026-07-08T23:39:02
oks,HI3383-04-0002-001,поселок Воскресенское,поселок воскресенское,55.5319156,37.446206,nominatim,village,2026-07-08T23:39:04
oks,HI3443-10-0001-001,д. Николо-Хованское. уч.5-4.2 (ППТ1-4),д николо-хованское. уч 5-4.2 (ппт1-4),,,,not_found,2026-07-08T23:39:06
oks,HI3444-99-0001-001,"город Москва, вн. тер. г. муниципальный округ Коммунарка, квартал 19, земельный участок 2",город москва вн. тер. г. муниципальный округ коммунарка квартал 19 земельный участок 2,,,,not_found,2026-07-08T23:39:07
oks,HI3479-10-0001-001,Воскресенское пос.,воскресенское пос,55.5319156,37.446206,nominatim,village,2026-07-08T23:39:09
oks,HI3479-10-0001-003,"пос. Воскресенское, корп.2",пос воскресенское корп2,,,,not_found,2026-07-08T23:39:10
oks,HI3479-10-0001-004,"пос. Воскресенское, корп. 4",пос воскресенское корп 4,,,,not_found,2026-07-08T23:39:13
oks,HI3487-11-0002-001,"п. Воскресенское, уч. № 17ю",п. воскресенское уч № 17ю,,,,not_found,2026-07-08T23:39:14
oks,HI3539-11-0001-001,"д. Николо-Хованское, уч. 9/1-1в",д николо-хованское уч 9/1-1в,,,,not_found,2026-07-08T23:39:16
oks,HI3544-05-0001-001,"поселение Сосенское, квартал 15, земельный участок 1Б",поселение сосенское квартал 15 земельный участок 1б,,,,not_found,2026-07-08T23:39:17
oks,HI3575-08-0002-001,"Москва, п. Сосенское, Столбово дер. уч. 40/1 ( НАО: поселение Сосенское )",москва п. сосенское столбово дер уч 40/1 ( нао: поселение сосенское ),,,,not_found,2026-07-08T23:39:19
oks,HI3579-10-0002-001,"посёлок Воскресенское, корп. 3",поселок воскресенское корп 3,,,,not_found,2026-07-08T23:39:21
oks,HI3602-06-0001-001,"Востряковское шоссе, з/у 1",востряковское шоссе зу 1,55.6651571,37.4551084,nominatim,tertiary,2026-07-08T23:39:23
oks,HI3603-04-0002-002,"ул. Никулинская, вл. 11Г",ул никулинская вл 11г,,,,not_found,2026-07-08T23:39:25
oks,HI3673-10-0001-001,"Столбово дер., уч.40/1",столбово дер уч 40/1,,,,not_found,2026-07-08T23:39:27
oks,HI3674-08-0001-001,"деревня Столбово, в составе ЖК ""Южное Бунино""",деревня столбово в составе жк южное бунино,,,,not_found,2026-07-08T23:39:28
oks,HI3674-13-0002-001,"Москва, НАО, район Сосенское, Столбово дер. уч. 40/1",москва нао район сосенское столбово дер уч 40/1,,,,not_found,2026-07-08T23:39:30
oks,HI3775-10-0001-001,"дер. Столбово, уч. 40/1",дер столбово уч 40/1,,,,not_found,2026-07-08T23:39:32
oks,HI3847-10-0001-001,"поселок Газопровод, улица Лесные Поляны 5-я, земельный участок 20А",поселок газопровод улица лесные поляны 5-я земельный участок 20а,,,,not_found,2026-07-08T23:39:34
oks,HI3858-14-0001-001,"поселение Сосенское, п. Коммунарка, ул. Сосенский Стан, з/у 8",поселение сосенское п. коммунарка ул сосенский стан зу 8,,,,not_found,2026-07-08T23:39:35
oks,HI3871-10-0001-001,"Столбово дер., з/у 41/1Г",столбово дер зу 41/1г,,,,not_found,2026-07-08T23:39:37
oks,HI3903-05-0002-001,"ул. Академика Анохина, вл. 34, корп. 3",ул академика анохина вл 34 корп 3,,,,not_found,2026-07-08T23:39:39
oks,HI3935-11-0001-001,"142704 г. Москва, поселок Мосрентген, Институтский проезд вл 9с2",142704 г. москва поселок мосрентген институтский проезд вл 9с2,,,,not_found,2026-07-08T23:39:40
oks,HI3937-11-0002-001,в районе п.Мосрентген,в районе п.мосрентген,,,,not_found,2026-07-08T23:39:42
oks,HI3947-10-0001-001,"Газопровод, улица Лесные Поляны 5- я, земельный участок 16",газопровод улица лесные поляны 5- я земельный участок 16,,,,not_found,2026-07-08T23:39:43
oks,HI3966-08-0002-001,"вблизи деревни Столбово, участок 2",вблизи деревни столбово участок 2,,,,not_found,2026-07-08T23:39:45
oks,HI3967-08-0001-001,"вблизи дер Столбово, участок 2 ( НАО: поселение Сосенское )",вблизи дер столбово участок 2 ( нао: поселение сосенское ),,,,not_found,2026-07-08T23:39:47
oks,HI4020-01-0001-001,"поселение Мосрентген, 44 км МКАД",поселение мосрентген 44 км мкад,,,,not_found,2026-07-08T23:39:48
oks,HI4041-04-0001-002,"в районе д. Мамыри, уч. 74/1",в районе д мамыри уч 74/1,,,,not_found,2026-07-08T23:39:50
oks,HI4055-01-0001-001,"поселение Сосенское, квартал № 150, земельный участок 1Д",поселение сосенское квартал № 150 земельный участок 1д,,,,not_found,2026-07-08T23:39:52
oks,HI4059-12-0001-001,"п. Коммунарка, уч-22ю",п. коммунарка уч-22ю,,,,not_found,2026-07-08T23:39:53
oks,HI4068-04-0001-001,"улица Александры Монаховой, земельный участок 37",улица александры монаховой земельный участок 37,,,,not_found,2026-07-08T23:39:55
oks,HI4068-10-0001-001,"ул. Александры Монаховой, вблизи дер. Столбово",ул александры монаховой вблизи дер столбово,,,,not_found,2026-07-08T23:39:57
oks,HI4068-10-0001-002,"ул. Александры Монаховой, вблизи дер. Столбово, кв-л 160, з/у 1В",ул александры монаховой вблизи дер столбово кв-л 160 зу 1в,,,,not_found,2026-07-08T23:39:59
oks,HI4136-10-0002-001,"квартал 24, земельный участок 1А",квартал 24 земельный участок 1а,,,,not_found,2026-07-08T23:40:00
oks,HI4136-10-0002-002,"Поселение Мосрентген, Квартал 24 Земельный участок 1А",поселение мосрентген квартал 24 земельный участок 1а,,,,not_found,2026-07-08T23:40:02
oks,HI4170-13-0002-001,"поселение Сосенское, кв-л 159",поселение сосенское кв-л 159,,,,not_found,2026-07-08T23:40:04
oks,HI4173-13-0001-001,"поселение Сосенское, кв-л 190",поселение сосенское кв-л 190,,,,not_found,2026-07-08T23:40:06
oks,HI4174-11-0001-001,"вн.тер.г поселение Сосенское, квартал 190",вн.тер.г поселение сосенское квартал 190,,,,not_found,2026-07-08T23:40:07
oks,HI4206-10-0002-001,"Тропарёвская ул., дом 25 (проспект Вернадского)",тропаревская ул дом 25 (проспект вернадского),,,,not_found,2026-07-08T23:40:09
oks,HI4246-04-0002-001,"район д. Мамыри, уч. 77/2",район д мамыри уч 77/2,,,,not_found,2026-07-08T23:40:11
oks,HI4246-16-0001-001,"Калужское шоссе, влд. 15",калужское шоссе влд. 15,,,,not_found,2026-07-08T23:40:12
oks,HI4249-10-0002-001,Газопровод пос. уч. 309Ю,газопровод пос уч 309ю,,,,not_found,2026-07-08T23:40:14
oks,HI4253-01-0002-001,"Коммунарка пос., уч. 318ю",коммунарка пос уч 318ю,,,,not_found,2026-07-08T23:40:15
oks,HI4257-08-0001-001,"п. Коммунарка, ул. Фитарёвская, вл. 9А",п. коммунарка ул фитаревская вл 9а,,,,not_found,2026-07-08T23:40:17
oks,HI4257-99-0002-002,"поселок Коммунарка, уч.281ю (Лазурная ул., дом 2 строение 2)",поселок коммунарка уч 281ю (лазурная ул дом 2 строение 2),,,,not_found,2026-07-08T23:40:19
oks,HI4268-10-0001-001,"поселение Сосенское, квартал 183, з/у 1",поселение сосенское квартал 183 зу 1,,,,not_found,2026-07-08T23:40:21
oks,HI4269-08-0001-001,"кв-л 160, з/у 1В",кв-л 160 зу 1в,,,,not_found,2026-07-08T23:40:23
oks,HI4276-10-0001-001,"дер. Столбово, уч. 41/1",дер столбово уч 41/1,,,,not_found,2026-07-08T23:40:25
oks,HI4351-10-0001-001,ул Газопровод 7,ул газопровод 7,55.5911573,37.6062326,nominatim,apartments,2026-07-08T23:40:26
oks,HI4353-01-0001-001,"в районе пос. Коммунарка, уч.№317ю",в районе пос коммунарка уч№317ю,,,,not_found,2026-07-08T23:40:28
oks,HI4368-10-0001-001,"вблизи дер. Столбово, ул. Александры Монаховой (ППТ2-5)",вблизи дер столбово ул александры монаховой (ппт2-5),,,,not_found,2026-07-08T23:40:30
oks,HI4369-99-0001-001,"вн.тер.г. муниципальный округ Коммунарка, квартал 160, з/у 1В",вн.тер.г. муниципальный округ коммунарка квартал 160 зу 1в,,,,not_found,2026-07-08T23:40:31
oks,HI4400-04-0002-001,"проспект Вернадского, у станции метро ""Юго-Западная""",проспект вернадского у станции метро юго-западная,,,,not_found,2026-07-08T23:40:33
oks,HI4438-99-0001-001,д.Мамыри,дмамыри,55.557247,37.0489592,nominatim,allotments,2026-07-08T23:40:34
oks,HI4442-01-0002-001,"в районе дер. Мамыри, уч. 46",в районе дер мамыри уч 46,,,,not_found,2026-07-08T23:40:37
oks,HI4444-10-0001-001,Газопровод пос.,газопровод пос,55.5811078,37.4699875,nominatim,commercial,2026-07-08T23:40:39
oks,HI4476-14-0001-002,"п. Сосенское, дер. Столбово, з/у 3/3",п. сосенское дер столбово зу 3/3,,,,not_found,2026-07-08T23:40:40
oks,HI4569-01-0001-001,Улица Александры Монаховой Земельный участок 46Ж,улица александры монаховой земельный участок 46ж,,,,not_found,2026-07-08T23:40:42
oks,HI4624-03-0001-001,Теплый стан ул. вл. 4/6,теплый стан ул вл 4/6,,,,not_found,2026-07-08T23:40:43
oks,HI4636-04-0001-001,"21 км Калужского шоссе, вл. 3А, пос. Газопровод, уч. 701",21 км калужского шоссе вл 3а пос газопровод уч 701,,,,not_found,2026-07-08T23:40:45
oks,HI4662-10-0001-001,"п. Коммунарка, ул. Александры Монаховой, з/у 88А/1",п. коммунарка ул александры монаховой зу 88а/1,,,,not_found,2026-07-08T23:40:47
oks,HI4662-10-0001-002,"п. Коммунарка, ул. Александры Монаховой, з/у 88А/2",п. коммунарка ул александры монаховой зу 88а/2,,,,not_found,2026-07-08T23:40:48
oks,HI4662-10-0001-003,"п. Коммунарка, ул. Александры Монаховой, з/у 88А/3",п. коммунарка ул александры монаховой зу 88а/3,,,,not_found,2026-07-08T23:40:50
oks,HI4665-08-0001-001,"улица Александры Монаховой, земельный участок 46Е",улица александры монаховой земельный участок 46е,,,,not_found,2026-07-08T23:40:51
oks,HI4754-01-0001-001,"пос. Коммунарка, квартал 133",пос коммунарка квартал 133,55.5448963,37.448441,nominatim,yes,2026-07-08T23:40:53
oks,HI4832-01-0001-001,"ул. Профсоюзная, земельный участок 133Б",ул профсоюзная земельный участок 133б,,,,not_found,2026-07-08T23:40:55
oks,HI4963-08-0001-001,"поселение Сосенское, подзона №2",поселение сосенское подзона №2,,,,not_found,2026-07-08T23:40:56
oks,HI4966-10-0001-001,п. Сосенское,п. сосенское,55.581794,37.477031,nominatim,government,2026-07-08T23:40:59
oks,HI4966-10-0004-001,"п. Сосенское, территория ППТ2-5",п. сосенское территория ппт2-5,,,,not_found,2026-07-08T23:41:00
oks,HI4981-03-0001-001,"пос. Потапово, пересечение улицы Остафьевской с улицей Академика Понтрягина",пос потапово пересечение улицы остафьевской с улицей академика понтрягина,,,,not_found,2026-07-08T23:41:02
oks,HI4994-10-0001-001,"улица Шоссейная, земельный участок 4А",улица шоссейная земельный участок 4а,,,,not_found,2026-07-08T23:41:03
oks,HI5012-05-0002-001,"ул. Академика Опарина, 4",ул академика опарина 4,55.6442291,37.5004569,nominatim,yes,2026-07-08T23:41:05
oks,HI5062-08-0001-001,"п. Коммунарка, участок №34.1",п. коммунарка участок №34.1,,,,not_found,2026-07-08T23:41:06
oks,HI5063-10-0001-001,"территория ППТ2-5, пос. Сосенское, з/у 1-152 (ул. Эдварда Грига, з/у 9А)",территория ппт2-5 пос сосенское зу 1-152 (ул эдварда грига зу 9а),,,,not_found,2026-07-08T23:41:08
oks,HI5063-10-0002-001,"пос. Сосенское, з/у 1-152",пос сосенское зу 1-152,,,,not_found,2026-07-08T23:41:10
oks,HI5100-10-0001-001,"улица Лобачевского, вл. 3-5",улица лобачевского вл 3-5,55.6904422,37.4715177,nominatim,secondary,2026-07-08T23:41:11
oks,HI5110-01-0002-001,Миклухо-Маклая ул. вл. 8-10,миклухо-маклая ул вл 8-10,55.6384654,37.5415201,nominatim,secondary,2026-07-08T23:41:13
oks,HI5164-10-0001-001,"п. Сосенское, пос. Коммунарка, ППТ 2-5, уч. 1-151",п. сосенское пос коммунарка ппт 2-5 уч 1-151,,,,not_found,2026-07-08T23:41:15
oks,HI5164-10-0003-001,"п. Сосенское, ППТ 2-5",п. сосенское ппт 2-5,,,,not_found,2026-07-08T23:41:16
oks,HI5167-14-0001-001,"улица Эдварда Грига, земельный участок 18А/1, по проекту строительства комплексной застройки ППТ 2-5",улица эдварда грига земельный участок 18а/1 по проекту строительства комплексной застройки ппт 2-5,,,,not_found,2026-07-08T23:41:18
oks,HI5210-01-0002-001,Миклухо-Маклая ул. вл. 16/10,миклухо-маклая ул вл 16/10,,,,not_found,2026-07-08T23:41:19
oks,HI5220-99-0001-001,"ул. Профсоюзная, между домом 130, корп. 5 и домом 132, корп. 6",ул профсоюзная между домом 130 корп 5 и домом 132 корп 6,,,,not_found,2026-07-08T23:41:21
oks,HI5264-06-0001-001,"ул. Эдварда Грига, з/у 11Г",ул эдварда грига зу 11г,,,,not_found,2026-07-08T23:41:23
oks,HI5266-04-0001-001,вблизи д. Бачурино,вблизи д бачурино,,,,not_found,2026-07-08T23:41:24
oks,HI5267-04-0001-001,"улица Эдварда Грига, земельный участок 16А/2",улица эдварда грига земельный участок 16а/2,,,,not_found,2026-07-08T23:41:26
oks,HI5285-15-0002-007,"п. Воскресенское, квартал 50, дом 1",п. воскресенское квартал 50 дом 1,,,,not_found,2026-07-08T23:41:28
oks,HI5286-10-0001-003,Язово дер.,язово дер,,,,not_found,2026-07-08T23:41:29
oks,HI5303-10-0002-001,"район Обручевский, квартал 38А, корпус 9А",район обручевский квартал 38а корпус 9а,,,,not_found,2026-07-08T23:41:31
oks,HI5310-10-0001-001,"ул. Миклухо-Маклая, вл. 23 (улица Академика Волгина, земельный участок 8/1)",ул миклухо-маклая вл 23 (улица академика волгина земельный участок 8/1),,,,not_found,2026-07-08T23:41:33
oks,HI5363-10-0001-001,"улица Поляны, земельный участок 50Д",улица поляны земельный участок 50д,,,,not_found,2026-07-08T23:41:34
oks,HI5412-03-0001-001,"улица Миклухо-Маклая, вл. 18/2",улица миклухо-маклая вл 18/2,,,,not_found,2026-07-08T23:41:36
oks,HI5413-01-0001-001,"пос. Сосенское, квартал 35, земельный участок 12/8",пос сосенское квартал 35 земельный участок 12/8,,,,not_found,2026-07-08T23:41:37
oks,HI5470-10-0001-001,"коммунальная зона «Гавриково», уч. 4",коммунальная зона гавриково уч 4,,,,not_found,2026-07-08T23:41:39
oks,HI5479-04-0001-001,"коммунальная зона ""Чечера"", Чечерский пр., вл. 43 (участок № 1)",коммунальная зона чечера чечерский пр вл 43 (участок № 1),,,,not_found,2026-07-08T23:41:40
oks,HI5486-10-0002-001,поселение Воскресенское,поселение воскресенское,55.5064798,37.432444,nominatim,yes,2026-07-08T23:41:42
oks,HI5519-14-0001-001,ул. Профсоюзная вл.125 корп.1,ул профсоюзная вл125 корп1,,,,not_found,2026-07-08T23:41:43
oks,HI5532-06-0002-001,"Новоясеневский проспект, вл. 3",новоясеневский проспект вл 3,55.6099117,37.5200372,nominatim,secondary,2026-07-08T23:41:45
oks,HI5570-10-0001-001,"коммунальная зона «Гавриково», участок №1",коммунальная зона гавриково участок №1,,,,not_found,2026-07-08T23:41:46
oks,HI5583-04-0001-001,"коммунальная зона ""Чечера"", Чечёрский проезд, вл. 45, стр. 2",коммунальная зона чечера чечерский проезд вл 45 стр 2,,,,not_found,2026-07-08T23:41:49
oks,HI5607-99-0001-001,"ул. Бутлерова, вл.1,3,5,5Б",ул бутлерова вл1 3 5 5б,,,,not_found,2026-07-08T23:41:50
oks,HI5703-05-0002-001,"ул. Новаторов, вл. 3, строен. 1, 2, 3",ул новаторов вл 3 строен. 1 2 3,,,,not_found,2026-07-08T23:41:52
oks,HI5704-01-0001-001,"Челомея академика ул., ЮЗАО, Обручевский",челомея академика ул юзао обручевский,,,,not_found,2026-07-08T23:41:53
oks,HI5704-03-0002-001,"Челомея Академика ул., вл. 3Б",челомея академика ул вл 3б,,,,not_found,2026-07-08T23:41:55
oks,HI5770-99-0002-001,"Бартеневская ул., вл. 35",бартеневская ул вл 35,55.5476019,37.5180747,nominatim,secondary,2026-07-08T23:41:56
oks,HI5773-14-0001-001,"район Южное Бутово, мкр. Б-1, корп. 28, Г-5",район южное бутово мкр. б-1 корп 28 г-5,,,,not_found,2026-07-08T23:41:58
oks,HI5796-01-0001-001,"поселение Воскресенское, квартал 100, з/у 2",поселение воскресенское квартал 100 зу 2,,,,not_found,2026-07-08T23:42:01
oks,HI5806-10-0001-001,Обручева ул. вл. 30,обручева ул вл 30,55.6517779,37.5491259,nominatim,secondary,2026-07-08T23:42:03
oks,HI5807-06-0002-001,"район Коньково, промзона 35 ""Воронцово"", участок 2",район коньково промзона 35 воронцово участок 2,,,,not_found,2026-07-08T23:42:04
oks,HI5840-03-0001-001,"ул. Тарусская, вл. 22 и ул. Ясногорская, вл. 21",ул тарусская вл 22 и ул ясногорская вл 21,,,,not_found,2026-07-08T23:42:06
oks,HI5871-99-0001-001,"Адмирала Лазарева ул., корп. 30, комплекс Б",адмирала лазарева ул корп 30 комплекс б,,,,not_found,2026-07-08T23:42:08
oks,HI5899-14-0001-001,"улица Руденко, земельный участок 1",улица руденко земельный участок 1,,,,not_found,2026-07-08T23:42:09
oks,HI5905-01-0002-001,"Обручева ул., вл. 23, корп. 2, стр. 3",обручева ул вл 23 корп 2 стр 3,,,,not_found,2026-07-08T23:42:11
oks,HI5980-10-0001-001,"Чечерский пр-д, напротив влд. 54, 56",чечерский пр-д напротив влд. 54 56,,,,not_found,2026-07-08T23:42:12
oks,HI5998-10-0004-001,посёлок Остафьево,поселок остафьево,55.4996755,37.4870944,nominatim,hamlet,2026-07-08T23:42:14
oks,HI6003-01-0001-001,"ул. Академика Семенихина, земельный участок 2",ул академика семенихина земельный участок 2,,,,not_found,2026-07-08T23:42:15
oks,HI6004-10-0001-001,"Старокалужское ш., вл.64",старокалужское ш вл64,55.6613657,37.5393097,nominatim,unclassified,2026-07-08T23:42:17
oks,HI6004-10-0001-002,"Старокалужское ш., з/у 64/1",старокалужское ш зу 64/1,,,,not_found,2026-07-08T23:42:19
oks,HI6005-10-0001-001,"Обручева ул. вл. 27 корп. 2, 3, 4, 5",обручева ул вл 27 корп 2 3 4 5,,,,not_found,2026-07-08T23:42:20
oks,HI6010-03-0001-001,"ул. Профсоюзная, вл. 67 (пересечение с ул. Бутлерова)",ул профсоюзная вл 67 (пересечение с ул бутлерова),,,,not_found,2026-07-08T23:42:22
oks,HI6076-06-0001-001,Южнобутовская ул.,южнобутовская ул,55.5378415,37.5333994,nominatim,tertiary,2026-07-08T23:42:24
oks,HI6116-10-0001-001,"улица Миклухо-Маклая, земельный участок 61 (мкр. 6, зона 2.3)",улица миклухо-маклая земельный участок 61 (мкр. 6 зона 2.3),,,,not_found,2026-07-08T23:42:25
oks,HI6120-03-0001-001,ул. Островитянова вл. 45,ул островитянова вл 45,55.6331205,37.5389494,nominatim,place_of_worship,2026-07-08T23:42:27
oks,HI6178-10-0001-001,"Чечёрский проезд, земельный участок 28/2 (Чечерский пр-д, вл. 28)",чечерский проезд земельный участок 28/2 (чечерский пр-д вл 28),,,,not_found,2026-07-08T23:42:29
oks,HI6191-04-0001-001,"ул. Космонавтов, при доме 18",ул космонавтов при доме 18,,,,not_found,2026-07-08T23:42:30
oks,HI6202-10-0001-001,улица Профсоюзная земельный участок 76А,улица профсоюзная земельный участок 76а,,,,not_found,2026-07-08T23:42:32
oks,HI6276-06-0002-001,"Чечерский проезд, вл. 22",чечерский проезд вл 22,55.5365435,37.5412302,nominatim,secondary,2026-07-08T23:42:34
oks,HI6372-04-0002-001,"Южнобутовская улица, напротив владения 9",южнобутовская улица напротив владения 9,,,,not_found,2026-07-08T23:42:36
oks,HI6409-14-0001-001,Введенского ул. уч. 6,введенского ул уч 6,55.6489084,37.5490285,nominatim,tertiary,2026-07-08T23:42:37
oks,HI6502-04-0001-001,"Москва, ЮЗАО, Черёмушки, Наметкина ул. вл. 10",москва юзао черемушки наметкина ул вл 10,,,,not_found,2026-07-08T23:42:39
oks,HI6605-12-0001-001,"Научный пр., рядом с владением 6",научный пр рядом с владением 6,,,,not_found,2026-07-08T23:42:40
oks,HI6661-06-0001-001,"коммунальная зона ""Садки"", ул. Поляны, вл. 12, уч. 2",коммунальная зона садки ул поляны вл 12 уч 2,,,,not_found,2026-07-08T23:42:42
oks,HI6667-08-0002-001,"ул. Поляны, дом 5А, стр. 7",ул поляны дом 5а стр 7,,,,not_found,2026-07-08T23:42:44
oks,HI6760-14-0001-001,"улица Поляны, земельный участок 6Б",улица поляны земельный участок 6б,,,,not_found,2026-07-08T23:42:45
oks,HI6796-06-0002-001,"ул. Новостроевская, д. 4",ул новостроевская д 4,55.503713,37.5596677,nominatim,tertiary,2026-07-08T23:42:47
oks,HI6797-06-0002-001,"ул. Индустриальная, д. 1",ул индустриальная д 1,55.4822347,37.3119261,nominatim,unclassified,2026-07-08T23:42:48
oks,HI6798-08-0001-002,"Москва, НАО, Щербинка, Индустриальная ул. (г. Щербинка) д. 15",москва нао щербинка индустриальная ул (г. щербинка) д 15,,,,not_found,2026-07-08T23:42:51
oks,HI6902-13-0001-001,"Черемушки, кв.32А",черемушки кв.32а,,,,not_found,2026-07-08T23:42:52
oks,HI6992-10-0001-001,"Северо-западная часть микрорайона ""Люблинский""",северо-западная часть микрорайона люблинский,,,,not_found,2026-07-08T23:42:54
oks,HI7008-10-0002-001,"улица Херсонская, земельный участок 16 (участок 1.3)",улица херсонская земельный участок 16 (участок 1.3),,,,not_found,2026-07-08T23:42:55
oks,HI7088-08-0001-001,"Бутово промзона, 1й планировочный комплекс, Варшавское ш.",бутово промзона 1й планировочный комплекс варшавское ш,,,,not_found,2026-07-08T23:42:57
oks,HI7097-12-0001-001,"г. Щербинка, ул. Первомайская, при д. 6.",г. щербинка ул первомайская при д 6.,,,,not_found,2026-07-08T23:42:58
oks,HI7101-10-0001-002,"Севастопольский проспект, влд. 28, к. 9",севастопольский проспект влд. 28 к 9,,,,not_found,2026-07-08T23:43:00
oks,HI7163-03-0002-001,"Москва, ЮЗАО, Северное Бутово, Глушко академика ул. пересечение с бульваром Дмитрия Донского",москва юзао северное бутово глушко академика ул пересечение с бульваром дмитрия донского,,,,not_found,2026-07-08T23:43:01
oks,HI7180-11-0001-001,"Варшавское шоссе, владение 248",варшавское шоссе владение 248,,,,not_found,2026-07-08T23:43:03
oks,HI7188-10-0001-001,"Варшавское шоссе, 1-й планировочный комплекс промзоны ""Бутово"".",варшавское шоссе 1-й планировочный комплекс промзоны бутово.,,,,not_found,2026-07-08T23:43:05
oks,HI7199-01-0001-001,"мкр. Щербинка, общественная зона вдоль Варшавского шоссе (участок 2) (ЮЗАО, район Южное Бутово)",мкр. щербинка общественная зона вдоль варшавского шоссе (участок 2) (юзао район южное бутово),,,,not_found,2026-07-08T23:43:07
oks,HI7209-99-0001-001,Херсонская д. 8,херсонская д 8,55.6630881,37.5682504,nominatim,residential,2026-07-08T23:43:08
oks,HI7282-10-0001-001,"Варшавское шоссе, Бутово промзона 1-й планировочный комплекс",варшавское шоссе бутово промзона 1-й планировочный комплекс,,,,not_found,2026-07-08T23:43:10
oks,HI7283-12-0001-001,"Москва, ЮЗАО, Южное Бутово, Варшавское шоссе, 1-й планировочный комплекс промзоны ""Бутово""",москва юзао южное бутово варшавское шоссе 1-й планировочный комплекс промзоны бутово,,,,not_found,2026-07-08T23:43:11
oks,HI7291-10-0001-001,"город Щербинка, микрорайон Люблинский",город щербинка микрорайон люблинский,,,,not_found,2026-07-08T23:43:13
oks,HI7291-10-0001-002,мкр. Люблинский. Корпус 1.2 (этап 2),мкр. люблинский. корпус 1.2 (этап 2),,,,not_found,2026-07-08T23:43:14
oks,HI7349-02-0002-001,"Варшавское шоссе, вл. 170Е/1",варшавское шоссе вл 170е/1,,,,not_found,2026-07-08T23:43:16
oks,HI7353-04-0001-001,"ул. Старобитцевская, напротив вл. 19А",ул старобитцевская напротив вл 19а,,,,not_found,2026-07-08T23:43:18
oks,HI7360-14-0002-001,"Северное Бутово, мкр. 6А, корп. 32",северное бутово мкр. 6а корп 32,,,,not_found,2026-07-08T23:43:20
oks,HI7362-99-0001-001,"Феодосийская ул., з/у.7",феодосийская ул зу 7,,,,not_found,2026-07-08T23:43:22
oks,HI7363-10-0001-001,"Феодосийская ул., д. 7, к. 2",феодосийская ул д 7 к 2,,,,not_found,2026-07-08T23:43:23
oks,HI7442-14-0001-001,"ул. Академика Янгеля, д. 12А, стр. 1",ул академика янгеля д 12а стр 1,,,,not_found,2026-07-08T23:43:25
oks,HI7453-05-0001-001,Старобитцевская ул. вл. 19 корп. 1 (напротив),старобитцевская ул вл 19 корп 1 (напротив),,,,not_found,2026-07-08T23:43:27
oks,HI7459-06-0001-001,"ул. Коктебельская, з/у 6А",ул коктебельская зу 6а,,,,not_found,2026-07-08T23:43:28
oks,HI7497-04-0001-001,"ул.Маршала Савицкого, вл.6. корп.1 (корп.26)",улмаршала савицкого вл6. корп1 (корп26),,,,not_found,2026-07-08T23:43:30
oks,HI7497-04-0002-001,"ул. Маршала Савицкого, д. 8А (Щербинка, мкр. 1, корп. 25)",ул маршала савицкого д 8а (щербинка мкр. 1 корп 25),,,,not_found,2026-07-08T23:43:32
oks,HI7503-10-0001-002,"Болотниковская улица, влд. 43",болотниковская улица влд. 43,,,,not_found,2026-07-08T23:43:33
oks,HI7504-10-0001-002,Керченская ул. вл. 2,керченская ул вл 2,55.6572182,37.5850351,nominatim,tertiary,2026-07-08T23:43:35
oks,HI7598-06-0001-001,"ул. Брусилова, вл. 19",ул брусилова вл 19,55.4999605,37.591019,nominatim,tertiary,2026-07-08T23:43:36
oks,HI7610-03-0001-001,"ул. Каховка, вл. 13, корпус 9",ул каховка вл 13 корпус 9,,,,not_found,2026-07-08T23:43:38
oks,HI7613-12-0001-001,"Балаклавский просп., з/у 26",балаклавский просп. зу 26,,,,not_found,2026-07-08T23:43:40
oks,HI7616-08-0001-001,"мкр. Чертаново Северное, земельный участок 4Б/1 (мкр. ОПЖР)",мкр. чертаново северное земельный участок 4б/1 (мкр. опжр),,,,not_found,2026-07-08T23:43:41
oks,HI7654-04-0001-001,"Старобитцевская ул., вл. 16",старобитцевская ул вл 16,55.5694055,37.5920109,nominatim,tertiary,2026-07-08T23:43:43
oks,HI7655-99-0001-001,"ул. Старобитцевская, земельный участок 11",ул старобитцевская земельный участок 11,,,,not_found,2026-07-08T23:43:45
oks,HI7712-15-0001-001,"г. Москва, Зюзино, Балаклавский проспект, владение 28А, строение 5, ЮЗАО, Зюзино",г. москва зюзино балаклавский проспект владение 28а строение 5 юзао зюзино,,,,not_found,2026-07-08T23:43:47
oks,HI7752-04-0001-001,"ш. Варшавское, вл. 170Г",ш варшавское вл 170г,,,,not_found,2026-07-08T23:43:48
oks,HI7802-10-0002-001,"Нахимовский пр-т, з/у 17/2 (зона 1.2)",нахимовский пр-т зу 17/2 (зона 1.2),,,,not_found,2026-07-08T23:43:50
oks,HI7802-10-0003-001,"Одесская улица, земельный участок 5 (зона 1.3)",одесская улица земельный участок 5 (зона 1.3),,,,not_found,2026-07-08T23:43:51
oks,HI7802-10-0004-001,"улица Одесская, земельный участок 6/1",улица одесская земельный участок 6/1,,,,not_found,2026-07-08T23:43:53
oks,HI7816-08-0002-001,"Москва, ЮАО, район Чертаново Северное, мкр. ОПЖР",москва юао район чертаново северное мкр. опжр,,,,not_found,2026-07-08T23:43:55
oks,HI7850-99-0001-001,"Варшавское шоссе, рядом с метро Аннино, микрорайон (мкр.) 18",варшавское шоссе рядом с метро аннино микрорайон (мкр.) 18,,,,not_found,2026-07-08T23:43:57
oks,HI7896-05-0002-001,"Щербинка, Северная коммунальная зона (пересечение ул. Маршала Савицкого и проектируемого проезда № 728)",щербинка северная коммунальная зона (пересечение ул маршала савицкого и проектируемого проезда № 728),,,,not_found,2026-07-08T23:43:58
oks,HI7926-03-0001-001,"Днепропетровская ул., вл. 4а",днепропетровская ул вл 4а,55.6233982,37.5963424,nominatim,tertiary,2026-07-08T23:44:00
oks,HI7941-08-0001-001,"Москва, ул. Кировоградская, вл. 25",москва ул кировоградская вл 25,55.6136614,37.6046868,nominatim,tertiary,2026-07-08T23:44:02
oks,HI7948-10-0001-001,"Варшавское шоссе, вл. 141",варшавское шоссе вл 141,,,,not_found,2026-07-08T23:44:04
oks,HI8019-01-0002-001,"Чертановская ул., вл. 2, угол Сумского пр.",чертановская ул вл 2 угол сумского пр,,,,not_found,2026-07-08T23:44:05
oks,HI8039-03-0001-001,"улица Кировоградская, вл. 21А",улица кировоградская вл 21а,55.6230412,37.6091256,nominatim,tertiary,2026-07-08T23:44:07
oks,HI8043-04-0001-001,"Варшавское шоссе, вл. 150Б/1",варшавское шоссе вл 150б/1,,,,not_found,2026-07-08T23:44:09
oks,HI8114-03-0002-001,"Симферопольский бульвар, вл. 28",симферопольский бульвар вл 28,55.642592,37.6048982,nominatim,place_of_worship,2026-07-08T23:44:10
oks,HI8145-10-0002-001,Газопровод ул.,газопровод ул,55.5891588,37.6100327,nominatim,tertiary,2026-07-08T23:44:12
oks,HI8152-11-0002-001,ул. Дорожная,ул дорожная,55.5956938,37.6187177,nominatim,secondary,2026-07-08T23:44:14
oks,HI8430-14-0003-001,"проезд Дорожный 1-й, вл. 1А/2",проезд дорожный 1-й вл 1а/2,,,,not_found,2026-07-08T23:44:16
oks,HI8452-11-0002-001,"Востряковский проезд, вл. 10, копр. 1",востряковский проезд вл 10 копр. 1,,,,not_found,2026-07-08T23:44:18
oks,HI8452-11-0005-001,"Востряковский пр., влад.10, корп. 1",востряковский пр влад.10 корп 1,,,,not_found,2026-07-08T23:44:19
oks,HI8639-01-0001-001,"ул. Дорожная, вл. 7",ул дорожная вл 7,55.6092948,37.6256131,nominatim,secondary,2026-07-08T23:44:21
oks,HI8708-14-0001-001,"пр. Каширский, вл. 25/2",пр каширский вл 25/2,,,,not_found,2026-07-08T23:44:23
oks,HI8726-11-0001-001,"Дорожная ул., вл. 1",дорожная ул вл 1,55.6242255,37.6276586,nominatim,garages,2026-07-08T23:44:25
oks,HI8747-12-0001-001,"ул. Мелитопольская, земельный участок 8/1",ул мелитопольская земельный участок 8/1,,,,not_found,2026-07-08T23:44:26
oks,HI8808-10-0002-001,"2-й Котляковский пер., земельный участок 1/1В; Каширский пр., дом 25А",2-й котляковский пер земельный участок 1/1в каширский пр дом 25а,,,,not_found,2026-07-08T23:44:28
oks,HI8909-08-0001-001,"1-й Котляковский переулок, дом 4Б",1-й котляковский переулок дом 4б,,,,not_found,2026-07-08T23:44:30
oks,HI8909-08-0003-001,"пер. Котляковский 2-й, земельный участок 1/1А ( ЮАО: район Москворечье-Сабурово )",пер котляковский 2-й земельный участок 1/1а ( юао: район москворечье-сабурово ),,,,not_found,2026-07-08T23:44:32
oks,HI8911-10-0001-001,2-й Котляковский переулок,2-й котляковский переулок,55.6457793,37.6342936,nominatim,unclassified,2026-07-08T23:44:33
oks,HI9003-10-0001-001,Каширское шоссе,каширское шоссе,55.6021607,37.7221128,nominatim,primary,2026-07-08T23:44:35
oks,HI9010-08-0002-001,"2-й Котляковский переулок, земельный участок 1/10, вл. 1 стр. 37, вл. 1 стр. 3",2-й котляковский переулок земельный участок 1/10 вл 1 стр 37 вл 1 стр 3,,,,not_found,2026-07-08T23:44:37
oks,HI9018-01-0001-001,"Промышленная улица, вл. 6",промышленная улица вл 6,55.6337969,37.6428646,nominatim,unclassified,2026-07-08T23:44:38
oks,HI9025-12-0001-001,ул. Деловая,ул деловая,55.6267611,37.6386747,nominatim,tertiary,2026-07-08T23:44:40
oks,HI9045-12-0001-001,"Бирюлево Западное, ул. Подольских Курсантов, земельный участок 28А/1",бирюлево западное ул подольских курсантов земельный участок 28а/1,,,,not_found,2026-07-08T23:44:41
oks,HI9100-01-0002-001,"Москва, Каширское шоссе, вл. 13А",москва каширское шоссе вл 13а,55.652042,37.6547811,nominatim,primary,2026-07-08T23:44:44
oks,HI9106-05-0001-001,"Москворечье ул. вл. 1, стр. 3 (ул. Москворечье, земельный участок 1/2)",москворечье ул вл 1 стр 3 (ул москворечье земельный участок 1/2),,,,not_found,2026-07-08T23:44:46
oks,HI9113-10-0001-001,"улица Котляковская, земельный участок 7/4, земельный участок 6Б",улица котляковская земельный участок 7/4 земельный участок 6б,,,,not_found,2026-07-08T23:44:47
oks,HI9113-10-0002-001,"ул. Котляковская, вл. 7, вл. 7 стр. 2- стр. 9, вл. 7 стр. 13; переулок 2-й Котляковский, земельный участок 5/1/1; пер. Котляковский 1-й, вл 6, ,",ул котляковская вл 7 вл 7 стр 2- стр 9 вл 7 стр 13 переулок 2-й котляковский земельный участок 5/1/1 пер котляковский 1-й вл 6 ,,,,not_found,2026-07-08T23:44:49
oks,HI9123-08-0001-001,"Кавказский бульвар, земельный участок 51/4",кавказский бульвар земельный участок 51/4,,,,not_found,2026-07-08T23:44:50
oks,HI9222-10-0001-001,"Кавказский бульвар, земельный участок 51/3",кавказский бульвар земельный участок 51/3,,,,not_found,2026-07-08T23:44:52
oks,HI9325-03-0001-001,пересечение ул. Севанской и ул. Бехтерева,пересечение ул севанской и ул бехтерева,,,,not_found,2026-07-08T23:44:53
oks,HI9345-06-0002-001,"ул. Медынская, вл. 6, корп. 1",ул медынская вл 6 корп 1,,,,not_found,2026-07-08T23:44:55
oks,HI9451-99-0001-001,"ул. Булатниковская, вл. 2",ул булатниковская вл 2,55.5805269,37.6451187,nominatim,tertiary,2026-07-08T23:44:56
oks,HI9536-10-0002-001,"6-я Радиальная улица, вл. 7, корп. 30, 31",6-я радиальная улица вл 7 корп 30 31,,,,not_found,2026-07-08T23:44:58
oks,HI9536-10-0002-003,"Радиальная 6-я ул. вл. 7 корп. 30, 31",радиальная 6-я ул вл 7 корп 30 31,,,,not_found,2026-07-08T23:45:00
oks,HI9537-10-0002-001,"6-я Радиальная улица, вл. 7, корп. 27, 28/29",6-я радиальная улица вл 7 корп 27 28/29,,,,not_found,2026-07-08T23:45:02
oks,HI9614-03-0001-001,пересечение Пролетарского проспекта и пр. пр. № 6216,пересечение пролетарского проспекта и пр пр № 6216,,,,not_found,2026-07-08T23:45:03
oks,HI9628-05-0001-001,"Бакинская ул., д. 26",бакинская ул д 26,55.6256324,37.6571114,nominatim,primary,2026-07-08T23:45:05
oks,HI9838-99-0001-001,"6-я Радиальная улица, дом 5А",6-я радиальная улица дом 5а,,,,not_found,2026-07-08T23:45:06
oks,HI9937-08-0002-001,Радиальная 6-я ул. вл. 7,радиальная 6-я ул вл 7,,,,not_found,2026-07-08T23:45:08
oks,HJ0376-06-0001-001,ул. Евгения Родионова,ул евгения родионова,,,,not_found,2026-07-08T23:45:10
oks,HJ0425-13-0001-001,вблизи деревни Киселевка,вблизи деревни киселевка,,,,not_found,2026-07-08T23:45:11
oks,HJ0629-11-0001-001,"поселок станции Крекшино, ул. Производственная, уч. 4",поселок станции крекшино ул производственная уч 4,,,,not_found,2026-07-08T23:45:13
oks,HJ1568-99-0001-001,"Поселение Щаповское, Квартал 399 Земельный участок 1А",поселение щаповское квартал 399 земельный участок 1а,,,,not_found,2026-07-08T23:45:15
oks,HJ1610-99-0001-001,"Десеновское, в районе дер. Яковлево",десеновское в районе дер яковлево,,,,not_found,2026-07-08T23:45:16
oks,HJ1681-11-0001-001,д. Сатино-Татарское,д сатино-татарское,,,,not_found,2026-07-08T23:45:18
oks,HJ2404-11-0001-001,"поселение Десеновское, квартал 121, з/у 1",поселение десеновское квартал 121 зу 1,,,,not_found,2026-07-08T23:45:19
oks,HJ2468-04-0001-001,"п. Щаповское, вблизи д. Троицкое",п. щаповское вблизи д троицкое,,,,not_found,2026-07-08T23:45:21
oks,HJ2572-11-0001-001,"дер. Батыбино, з/у 38А",дер батыбино зу 38а,,,,not_found,2026-07-08T23:45:23
oks,HJ2583-12-0001-001,"поселение Щаповское, квартал 401, земельный участок 8/1",поселение щаповское квартал 401 земельный участок 8/1,,,,not_found,2026-07-08T23:45:25
oks,HJ2703-11-0001-001,вблизи д.Кувекино,вблизи дкувекино,,,,not_found,2026-07-08T23:45:27
oks,HJ2767-11-0001-001,"поселение Щаповское, д. Троицкое",поселение щаповское д троицкое,,,,not_found,2026-07-08T23:45:28
oks,HJ3754-12-0001-001,"вблизи с. Ознобишино, участок с кадастровым номером 77:22:0020331:16",вблизи с. ознобишино участок с кадастровым номером 77:22:0020331:16,,,,not_found,2026-07-08T23:45:30
oks,HJ4301-16-0001-001,"д. Никульское, вл. 47-1",д никульское вл 47-1,,,,not_found,2026-07-08T23:45:31
oks,HJ4301-16-0001-002,"д. Никульское, вл. 47-2",д никульское вл 47-2,,,,not_found,2026-07-08T23:45:33
oks,HJ4301-16-0001-003,"д. Никульское, вл. 47-3",д никульское вл 47-3,,,,not_found,2026-07-08T23:45:35
oks,HJ4500-10-0001-001,село Остафьево,село остафьево,55.4957938,37.5062698,nominatim,village,2026-07-08T23:45:37
oks,HJ5101-13-0001-001,"с. Остафьево, Зелёновка ул., уч. 92А",с. остафьево зеленовка ул уч 92а,,,,not_found,2026-07-08T23:45:39
oks,HJ5101-13-0001-001(выданоновоеРС),"Зелёновка ул., уч. 92А",зеленовка ул уч 92а,,,,not_found,2026-07-08T23:45:40
oks,HJ5112-01-0001-001,"поселение Рязановское (д. Алхимово, ул. Сосновая, дом 5)",поселение рязановское (д алхимово ул сосновая дом 5),,,,not_found,2026-07-08T23:45:42
oks,HJ5206-10-0001-001,вблизи д.Алхимово,вблизи далхимово,,,,not_found,2026-07-08T23:45:43
oks,HJ5206-10-0001-004,п Рязановское,п рязановское,55.4392456,37.5265502,nominatim,village,2026-07-08T23:45:45
oks,HJ5212-13-0001-001,деревня Алхимово,деревня алхимово,,,,not_found,2026-07-08T23:45:46
oks,HJ5302-08-0002-001,с. Остафьево ( НАО: поселение Рязановское ),с. остафьево ( нао: поселение рязановское ),,,,not_found,2026-07-08T23:45:48
oks,HJ5314-10-0001-001,Алхимово дер.,алхимово дер,,,,not_found,2026-07-08T23:45:49
oks,HJ5702-10-0001-001,"с. Остафьево, ул. Любучанская, з/у 9",с. остафьево ул любучанская зу 9,,,,not_found,2026-07-08T23:45:51
oks,HJ5703-05-0001-001,"вблизи с. Остафьево, улица Любучанская, земельный участок 13",вблизи с. остафьево улица любучанская земельный участок 13,,,,not_found,2026-07-08T23:45:53
oks,HJ5802-10-0001-001,Комплексная жилая застройка с объектами социальной и инженерной инфраструктуры. Шестая очередь строительства:1-ый этап - Жилой дом 25.,комплексная жилая застройка с объектами социальной и инженерной инфраструктуры. шестая очередь строительства:1-ый этап - жилой дом 25.,,,,not_found,2026-07-08T23:45:55
oks,HJ6100-08-0001-001,"Щербинка, Местечко Барыши (г. Щербинка)",щербинка местечко барыши (г. щербинка),,,,not_found,2026-07-08T23:45:56
oks,HJ6112-04-0001-001,п. Знамя Октября,п. знамя октября,,,,not_found,2026-07-08T23:45:58
oks,HJ6115-10-0001-002,"п. Знамя Октября, влд. 3",п. знамя октября влд. 3,,,,not_found,2026-07-08T23:45:59
oks,HJ6504-08-0001-001,"г. Щербинка, кв-л Южный з/у 13",г. щербинка кв-л южный зу 13,,,,not_found,2026-07-08T23:46:01
oks,HJ6604-10-0001-001,"поселение Щербинка, Овражная улица, д. 3",поселение щербинка овражная улица д 3,,,,not_found,2026-07-08T23:46:03
oks,HJ6804-12-0001-001,Южная ул. (г. Щербинка) д. 14. д.16,южная ул (г. щербинка) д 14. д16,,,,not_found,2026-07-08T23:46:06
oks,HJ7004-04-0001-001,Симферопольское шоссе д. 13,симферопольское шоссе д 13,55.5095571,37.5738469,nominatim,secondary,2026-07-08T23:46:08
oks,HJ7600-13-0001-001,"ул. Брусилова, вл. 23",ул брусилова вл 23,55.4999704,37.594229,nominatim,tertiary,2026-07-08T23:46:09
oks,HK0306-08-0002-001,"Москва, ТАО, Клёновское, Клёново с. вл. 65А",москва тао кленовское кленово с. вл 65а,,,,not_found,2026-07-08T23:46:11
oks,HK0504-03-0001-001,"с. Кленово, ул. Садовая, влд. 5Б",с. кленово ул садовая влд. 5б,,,,not_found,2026-07-08T23:46:12
oks,HK0506-04-0001-001,"Москва, ТАО, Клёновское, Кленово с.",москва тао кленовское кленово с.,,,,not_found,2026-07-08T23:46:14
oks,HK0705-13-0001-001,"с. Кленово, Кленовское 43В",с. кленово кленовское 43в,,,,not_found,2026-07-08T23:46:15
oks,HK0708-13-0002-001,"с. Кленово, ул. Центральная, вл. 24Г",с. кленово ул центральная вл 24г,,,,not_found,2026-07-08T23:46:17
oks,IF3894-10-0001-001,Акулово пос. вл. 4,акулово пос вл 4,,,,not_found,2026-07-08T23:46:18
oks,IG0078-01-0001-001,"Менжинского улица, вл. 30, стр. 1",менжинского улица вл 30 стр 1,,,,not_found,2026-07-08T23:46:20
oks,IG0081-10-0002-001,"ул. Печорская, вл. 7",ул печорская вл 7,,,,not_found,2026-07-08T23:46:22
oks,IG0471-10-0002-001,"Тайнинская ул., вл. 7/1, 7/2, 7/3",тайнинская ул вл 7/1 7/2 7/3,,,,not_found,2026-07-08T23:46:24
oks,IG0473-10-0002-001,"Тайнинская ул., з/у 7/1",тайнинская ул зу 7/1,,,,not_found,2026-07-08T23:46:25
oks,IG0571-10-0001-001,"Тайнинская ул., вл.16",тайнинская ул вл16,55.8828453,37.6852568,nominatim,secondary,2026-07-08T23:46:27
oks,IG0576-10-0003-001,"район Лосиноостровский, ул. Изумрудная, земельный участок 28А",район лосиноостровский ул изумрудная земельный участок 28а,,,,not_found,2026-07-08T23:46:29
oks,IG0581-03-0001-001,"Анадырский пр, вл. 8 (участок 2)",анадырский пр вл 8 (участок 2),,,,not_found,2026-07-08T23:46:30
oks,IG0581-03-0001-002,"г. Москва, Анадырский пр, вл. 8 (участок 2)",г. москва анадырский пр вл 8 (участок 2),,,,not_found,2026-07-08T23:46:32
oks,IG0678-10-0001-001,"ул. Шушенская, вл.5",ул шушенская вл5,55.8684906,37.6872725,nominatim,residential,2026-07-08T23:46:33
oks,IG0770-10-0002-001,"улица Малыгина, вл. 12",улица малыгина вл 12,55.880935,37.6952434,nominatim,tertiary,2026-07-08T23:46:35
oks,IG0771-05-0001-001,"Напрудная 1-я ул., вл.15",напрудная 1-я ул вл15,,,,not_found,2026-07-08T23:46:37
oks,IG0775-10-0001-001,"Минусинская улица, земельный участок 14А",минусинская улица земельный участок 14а,,,,not_found,2026-07-08T23:46:38
oks,IG0786-02-0001-001,Шоссе Ярославское Земельный участок 26/12,шоссе ярославское земельный участок 26/12,,,,not_found,2026-07-08T23:46:40
oks,IG0969-03-0001-001,"ул. Норильская, вл. 36",ул норильская вл 36,55.8814309,37.6959434,nominatim,residential,2026-07-08T23:46:42
oks,IG1071-05-0001-001,Таежная ул. вл. 1,таежная ул вл 1,55.8818443,37.7000475,nominatim,residential,2026-07-08T23:46:43
oks,IG1172-06-0002-001,"Анадырский пр., вл. 59",анадырский пр вл 59,55.8778335,37.7063284,nominatim,tertiary,2026-07-08T23:46:45
oks,IG1490-10-0002-001,"улица Лосиноостровская, владение 45",улица лосиноостровская владение 45,,,,not_found,2026-07-08T23:46:47
oks,IG1490-10-0002-002,"ул. Лосиноостровская, вл. 45",ул лосиноостровская вл 45,55.8263758,37.7134185,nominatim,tertiary,2026-07-08T23:46:48
oks,IG1671-03-0001-001,"Ярославское шоссе, вл. 147",ярославское шоссе вл 147,,,,not_found,2026-07-08T23:46:50
oks,IG2088-99-0001-002,"16-я Парковая улица, д. 12, стр. 1",16-я парковая улица д 12 стр 1,,,,not_found,2026-07-08T23:46:52
oks,IH0026-10-0002-001,улица Шумкина,улица шумкина,55.7888869,37.6681236,nominatim,tertiary,2026-07-08T23:46:53
oks,IH0034-05-0001-001,"Москва, ул.Ольховская, вл. 27, стр.3-3а, 4, 5, 6, 16",москва улольховская вл 27 стр3-3а 4 5 6 16,,,,not_found,2026-07-08T23:46:55
oks,IH0049-04-0001-001,"Костомаровский пер., вл.15",костомаровский пер вл15,55.7496628,37.6666209,nominatim,secondary,2026-07-08T23:46:56
oks,IH0067-10-0001-001,"ул. Новоостаповская, вл. 6А",ул новоостаповская вл 6а,55.7226692,37.680814,nominatim,secondary,2026-07-08T23:46:58
oks,IH0073-99-0001-001,"ул. 2-я Машиностроения, д. 3, стр. 3",ул 2-я машиностроения д 3 стр 3,,,,not_found,2026-07-08T23:47:00
oks,IH0085-08-0001-001,"проспект Андропова, дом 9/2",проспект андропова дом 9/2,,,,not_found,2026-07-08T23:47:01
oks,IH0085-10-0001-001,"пр-кт Андропова, вл. 9/1",пр-кт андропова вл 9/1,,,,not_found,2026-07-08T23:47:03
oks,IH0128-17-0001-001,г.ф.з. Москва,г.ф.з. москва,,,,not_found,2026-07-08T23:47:05
oks,IH0167-10-0001-001,"ул. Шарикоподшипниковская, вл. 11, стр.1, 2, 4, 10, стр.5, стр.7",ул шарикоподшипниковская вл 11 стр1 2 4 10 стр5 стр7,,,,not_found,2026-07-08T23:47:07
oks,IH0186-01-0001-001,Андропова просп. уч. 11/1,андропова просп. уч 11/1,,,,not_found,2026-07-08T23:47:09
oks,IH0191-10-0001-002,"ул. Судостроительная, влд. 15",ул судостроительная влд. 15,,,,not_found,2026-07-08T23:47:10
oks,IH0229-17-0001-001,ул. Русаковская д. 19,ул русаковская д 19,,,,not_found,2026-07-08T23:47:12
oks,IH0279-13-0001-001,2-й Южнопортовый проезд,2-й южнопортовый проезд,55.703159,37.6974831,nominatim,residential,2026-07-08T23:47:14
oks,IH0333-01-0001-001,"ул. Бауманская, вл.11",ул бауманская вл11,55.7693623,37.6793303,nominatim,tertiary,2026-07-08T23:47:15
oks,IH0367-10-0001-001,"улица Шарикоподшипниковская, земельный участок 11/2",улица шарикоподшипниковская земельный участок 11/2,,,,not_found,2026-07-08T23:47:17
oks,IH0376-10-0001-001,"7-я Кожуховская улица, земельный участок 8",7-я кожуховская улица земельный участок 8,,,,not_found,2026-07-08T23:47:19
oks,IH0440-02-0004-001,"пересечение 2-й Бауманской ул. и Бригадирского пер., Госпитальная наб., 4с1А (Участок 1.3)",пересечение 2-й бауманской ул и бригадирского пер госпитальная наб. 4с1а (участок 1.3),,,,not_found,2026-07-08T23:47:20
oks,IH0484-99-0001-001,"Нагатинская пойма, участок № 2",нагатинская пойма участок № 2,,,,not_found,2026-07-08T23:47:22
oks,IH0549-03-0001-001,"ул. Золоторожский Вал, вл. 22",ул золоторожский вал вл 22,55.7570881,37.6939493,nominatim,tertiary,2026-07-08T23:47:24
oks,IH0550-01-0001-001,"Золоторожский Вал, 11А/1",золоторожский вал 11а/1,55.7570881,37.6939493,nominatim,tertiary,2026-07-08T23:47:26
oks,IH0550-10-0001-001,"ул. Золоторожский Вал, вл. 11, стр. 32-34",ул золоторожский вал вл 11 стр 32-34,,,,not_found,2026-07-08T23:47:27
oks,IH0565-04-0001-001,"Москва, пр-кт Волгоградский",москва пр-кт волгоградский,,,,not_found,2026-07-08T23:47:29
oks,IH0631-01-0001-001,"Переведеновский пер. вл. 13 стр. 11,12",переведеновский пер вл 13 стр 11 12,,,,not_found,2026-07-08T23:47:30
oks,IH0636-03-0001-001,"ул. Малая Почтовая, д.12, стр.1, стр.10",ул малая почтовая д12 стр1 стр10,,,,not_found,2026-07-08T23:47:32
oks,IH0636-10-0002-001,"ул. Малая Почтовая, вл. 12, стр. 2, 3, 4, 5, 7, 9, 11, вл. 12, соор. 6",ул малая почтовая вл 12 стр 2 3 4 5 7 9 11 вл 12 соор. 6,,,,not_found,2026-07-08T23:47:34
oks,IH0648-10-0001-001,"ул. Золоторожский Вал, вл. 11, стр. 50,56",ул золоторожский вал вл 11 стр 50 56,,,,not_found,2026-07-08T23:47:35
oks,IH0648-10-0001-002,"Золоторожский вал ул., вл.11, стр.73,75",золоторожский вал ул вл11 стр73 75,,,,not_found,2026-07-08T23:47:37
oks,IH0650-10-0001-001,"Золоторожский Вал ул., вл. 11 стр. 30, 37, 47, 57, 58",золоторожский вал ул вл 11 стр 30 37 47 57 58,,,,not_found,2026-07-08T23:47:38
oks,IH0667-99-0001-001,Волгоградский просп. вл. 32 корп. 3,волгоградский просп. вл 32 корп 3,,,,not_found,2026-07-08T23:47:40
oks,IH0679-01-0001-001,Южнопортовый 2-й пр. вл. 12а,южнопортовый 2-й пр вл 12а,,,,not_found,2026-07-08T23:47:42
oks,IH0721-14-0002-001,Короленко ул. вл. 5,короленко ул вл 5,55.7984855,37.6874921,nominatim,secondary,2026-07-08T23:47:43
oks,IH0729-10-0001-001,Улица Гастелло Земельный участок 32,улица гастелло земельный участок 32,,,,not_found,2026-07-08T23:47:45
oks,IH0731-10-0001-001,"улица Бакунинская, земельный участок 77/3",улица бакунинская земельный участок 77/3,,,,not_found,2026-07-08T23:47:46
oks,IH0733-10-0003-001,"Фридриха Энгельса 56/1 вл. 58 стр. 1,2,3 вл. 60 стр. 1, вл. 62 стр. 1",фридриха энгельса 56/1 вл 58 стр 1 2 3 вл 60 стр 1 вл 62 стр 1,,,,not_found,2026-07-08T23:47:48
oks,IH0733-10-0003-002,"улица Фридриха Энгельса, д. участок 58, стр.1, 2, 3, Басманный район Центрального административного округа города Москвы",улица фридриха энгельса д участок 58 стр1 2 3 басманный район центрального административного округа города москвы,,,,not_found,2026-07-08T23:47:49
oks,IH0737-04-0002-001,"Рубцовская наб., вл. 2/18",рубцовская наб. вл 2/18,,,,not_found,2026-07-08T23:47:51
oks,IH0747-10-0001-001,"ул. Золоторожский Вал, вл. 11, стр. 46",ул золоторожский вал вл 11 стр 46,,,,not_found,2026-07-08T23:47:53
oks,IH0754-01-0002-001,"Москва, Рабочая ул. вл. 91",москва рабочая ул вл 91,,,,not_found,2026-07-08T23:47:56
oks,IH0768-10-0003-001,"Волгоградский проспект, влд. 32/5",волгоградский проспект влд. 32/5,,,,not_found,2026-07-08T23:47:57
oks,IH0776-10-0001-001,"ул. Южнопортовая, земельный участок 28А/10",ул южнопортовая земельный участок 28а/10,,,,not_found,2026-07-08T23:47:59
oks,IH0776-99-0001-001,Южнопортовая ул. уч. 28А,южнопортовая ул уч 28а,55.7079846,37.6845568,nominatim,secondary,2026-07-08T23:48:01
oks,IH0827-99-0002-001,"Рубцовско-Дворцовая улица, д. 1/3",рубцовско-дворцовая улица д 1/3,55.7866332,37.6932005,nominatim,residential,2026-07-08T23:48:02
oks,IH0833-10-0001-001,"Почтовая Большая ул., вл.18, стр.1,2,3,4,5,8,9, вл.18/20, вл.18/20, стр.6, вл.20, стр.1,2,3,4",почтовая большая ул вл18 стр1 2 3 4 5 8 9 вл18/20 вл18/20 стр6 вл20 стр1 2 3 4,,,,not_found,2026-07-08T23:48:04
oks,IH0847-10-0001-001,"Крузенштерна ул., дом 7, корп. 1 (ул. Золоторожский Вал, вл. 11, стр. 61, 62)",крузенштерна ул дом 7 корп 1 (ул золоторожский вал вл 11 стр 61 62),,,,not_found,2026-07-08T23:48:06
oks,IH0848-10-0001-001,"ул. Золоторожский Вал, вл. 11, стр. 63",ул золоторожский вал вл 11 стр 63,,,,not_found,2026-07-08T23:48:07
oks,IH0851-16-0001-003,шоссе Энтузиастов,шоссе энтузиастов,55.7575686,37.7494868,nominatim,station,2026-07-08T23:48:09
oks,IH0851-16-0001-010,"шоссе Энтузиастов, дом 4, строение 19",шоссе энтузиастов дом 4 строение 19,,,,not_found,2026-07-08T23:48:11
oks,IH0862-99-0001-001,"ул. Скотопрогонная, д. 31А",ул скотопрогонная д 31а,55.7320074,37.6957439,nominatim,tertiary,2026-07-08T23:48:12
oks,IH0872-12-0002-002,"ул. Угрешская, вл. 2, стр. 104, вл. 2Б, стр. 1, 2",ул угрешская вл 2 стр 104 вл 2б стр 1 2,,,,not_found,2026-07-08T23:48:14
oks,IH0879-12-0002-001,"2-й Южнопортовый проезд, вл. 26А",2-й южнопортовый проезд вл 26а,55.6990676,37.6849685,nominatim,residential,2026-07-08T23:48:16
oks,IH0887-14-0002-001,"ул. Речников, земельный участок 7/2",ул речников земельный участок 7/2,,,,not_found,2026-07-08T23:48:18
oks,IH0888-03-0001-001,"улица Речников, земельный участок 7/8",улица речников земельный участок 7/8,,,,not_found,2026-07-08T23:48:20
oks,IH0936-10-0001-001,ул. Новая Дорога Земельный участок 11Б/1,ул новая дорога земельный участок 11б/1,,,,not_found,2026-07-08T23:48:22
oks,IH0959-01-0001-002,"проезд Боенский, вл. 11",проезд боенский вл 11,55.7340719,37.6988427,nominatim,tertiary,2026-07-08T23:48:23
oks,IH0976-10-0001-001,"ул. Южнопортовая, уч. 28А/17/1",ул южнопортовая уч 28а/17/1,,,,not_found,2026-07-08T23:48:25
oks,IH0977-04-0001-001,"Южнопортовая ул., з.у. 28А/16",южнопортовая ул з.уч 28а/16,,,,not_found,2026-07-08T23:48:26
oks,IH0986-01-0001-001,"Нагатинский Затон, земельный участок 7/3",нагатинский затон земельный участок 7/3,,,,not_found,2026-07-08T23:48:28
oks,IH0988-01-0001-001,"Нагатинский затон, земельный участок 7/7",нагатинский затон земельный участок 7/7,,,,not_found,2026-07-08T23:48:30
oks,IH0988-10-0003-001,"ул. Речников, вл. 7 стр. 1, 1А, 4, 5, 7, 11, 12, 14, 15, 17, 19, 21, 22, 27, 28",ул речников вл 7 стр 1 1а 4 5 7 11 12 14 15 17 19 21 22 27 28,,,,not_found,2026-07-08T23:48:31
oks,IH1011-99-0002-001,"3-я Гражданская улица, владение 1",3-я гражданская улица владение 1,,,,not_found,2026-07-08T23:48:33
oks,IH1014-10-0002-001,"ул. Краснобогатырская, вл. 38",ул краснобогатырская вл 38,55.8163822,37.6905871,nominatim,unclassified,2026-07-08T23:48:35
oks,IH1018-04-0001-001,"ул. Потешная, вл. 5, стр. 1, 2",ул потешная вл 5 стр 1 2,,,,not_found,2026-07-08T23:48:36
oks,IH1032-01-0002-001,"Большая Почтовая ул., вл. 24, стр. 2, 3",большая почтовая ул вл 24 стр 2 3,,,,not_found,2026-07-08T23:48:38
oks,IH1043-10-0002-001,ул. Энергетическая - Энергетический проезд - ул. Лефортовский Вал,ул энергетическая - энергетический проезд - ул лефортовский вал,,,,not_found,2026-07-08T23:48:40
oks,IH1049-02-0002-001,"ул. Золоторожский Вал, вл. 11, з/у 6",ул золоторожский вал вл 11 зу 6,,,,not_found,2026-07-08T23:48:41
oks,IH1052-10-0002-001,"Шепелюгинская ул., вл.16",шепелюгинская ул вл16,55.7461165,37.7027121,nominatim,residential,2026-07-08T23:48:43
oks,IH1052-10-0003-001,"Москва, внутригородское муниципальное образование Лефортово, Шепелюгинский переулок, земельный участок 7",москва внутригородское муниципальное образование лефортово шепелюгинский переулок земельный участок 7,,,,not_found,2026-07-08T23:48:45
oks,IH1131-10-0001-001,"Семеновская набережная, вл. 3, стр. 13А",семеновская набережная вл 3 стр 13а,,,,not_found,2026-07-08T23:48:47
oks,IH1143-10-0001-001,"ул. Авиамоторная, вл.5",ул авиамоторная вл5,55.7416582,37.7212943,nominatim,tertiary,2026-07-08T23:48:48
oks,IH1150-01-0001-001,"шоссе Энтузиастов, земельный участок 12",шоссе энтузиастов земельный участок 12,,,,not_found,2026-07-08T23:48:50
oks,IH1162-11-0001-001,"проезд Автомобильный , вл. 8",проезд автомобильный вл 8,55.7282991,37.7079134,nominatim,tertiary,2026-07-08T23:48:52
oks,IH1169-13-0001-004,Угрешская ул. д. 22,угрешская ул д 22,55.7151779,37.6951861,nominatim,tertiary,2026-07-08T23:48:53
oks,IH1223-10-0001-001,"Электрозаводская ул. д. 60, ВАО, Преображенское",электрозаводская ул д 60 вао преображенское,,,,not_found,2026-07-08T23:48:55
oks,IH1253-01-0001-001,"г. Москва, проезд Перовский, вл. 54",г. москва проезд перовский вл 54,,,,not_found,2026-07-08T23:48:57
oks,IH1253-01-0002-002,пр-д Перовский,пр-д перовский,,,,not_found,2026-07-08T23:48:58
oks,IH1307-10-0001-001,"Погонный проезд, влд. 13",погонный проезд влд. 13,,,,not_found,2026-07-08T23:49:00
oks,IH1311-99-0001-001,Игральная ул. д. 8,игральная ул д 8,55.8142007,37.7123854,nominatim,tertiary,2026-07-08T23:49:02
oks,IH1321-08-0001-001,"ул. 1-ая Бухвостова, вл. 12/11 ( ВАО: район Преображенское )",ул 1-ая бухвостова вл 12/11 ( вао: район преображенское ),,,,not_found,2026-07-08T23:49:03
oks,IH1321-10-0001-001,"Бухвостова 1-я ул., вл. 12/11",бухвостова 1-я ул вл 12/11,,,,not_found,2026-07-08T23:49:05
oks,IH1321-10-0002-002,"1-я улица Бухвостова, вл. 12/11",1-я улица бухвостова вл 12/11,,,,not_found,2026-07-08T23:49:07
oks,IH1335-08-0001-001,25-26 км МКАД,25-26 км мкад,55.6234134,37.7935045,nominatim,trunk,2026-07-08T23:49:08
oks,IH1363-10-0004-002,Новохохловская ул. вл. 15,новохохловская ул вл 15,55.7276002,37.7110573,nominatim,tertiary,2026-07-08T23:49:10
oks,IH1376-16-0001-001,"Шоссейный проезд, земельный участок 12А",шоссейный проезд земельный участок 12а,,,,not_found,2026-07-08T23:49:12
oks,IH1380-10-0001-001,"улица Южнопортовая, земельный участок 21/53/54/4",улица южнопортовая земельный участок 21/53/54/4,,,,not_found,2026-07-08T23:49:13
oks,IH1384-10-0001-001,ул. Южнопортовая,ул южнопортовая,55.7079846,37.6845568,nominatim,secondary,2026-07-08T23:49:15
oks,IH1406-10-0001-001,"улица Ивантеевская, земельный участок 1/3",улица ивантеевская земельный участок 1/3,,,,not_found,2026-07-08T23:49:17
oks,IH1413-10-0002-001,4-я Гражданская ул.,4-я гражданская ул,55.8106978,37.7123269,nominatim,residential,2026-07-08T23:49:19
oks,IH1446-04-0001-001,"Авиамоторная ул. вл. 39/1 вл. 39, стр. 2",авиамоторная ул вл 39/1 вл 39 стр 2,,,,not_found,2026-07-08T23:49:20
oks,IH1463-01-0001-001,Новохохловская ул. вл. 23 стр. 3,новохохловская ул вл 23 стр 3,,,,not_found,2026-07-08T23:49:22
oks,IH1485-10-0001-001,"Южнопортовая ул., з/у 42/1",южнопортовая ул зу 42/1,,,,not_found,2026-07-08T23:49:23
oks,IH1499-10-0001-001,"округ Печатники, улица Шоссейная, земельный участок 90/9",округ печатники улица шоссейная земельный участок 90/9,,,,not_found,2026-07-08T23:49:25
oks,IH1522-09-0001-001,"Большая Черкизовская улица, вл. 4",большая черкизовская улица вл 4,55.7996244,37.7357801,nominatim,primary,2026-07-08T23:49:26
oks,IH1545-16-0001-001,Энтузиастов пр. вл. 11,энтузиастов пр вл 11,55.7595442,37.7194095,nominatim,residential,2026-07-08T23:49:28
oks,IH1628-01-0001-001,Вельяминовская ул. вл. 34,вельяминовская ул вл 34,55.7812611,37.7222085,nominatim,tertiary,2026-07-08T23:49:30
oks,IH1639-17-0001-001,"Москва, ЦАО, Таганский",москва цао таганский,,,,not_found,2026-07-08T23:49:31
oks,IH1662-10-0001-001,"Нижегородская улица, земельный участок 92А (зона 2.4)",нижегородская улица земельный участок 92а (зона 2.4),,,,not_found,2026-07-08T23:49:33
oks,IH1668-10-0001-001,"проезд 1-й Грайвороновский, з/у 2/2",проезд 1-й грайвороновский зу 2/2,,,,not_found,2026-07-08T23:49:36
oks,IH1673-99-0001-001,"Волгоградский проспект, вл. 42, к. 13",волгоградский проспект вл 42 к 13,,,,not_found,2026-07-08T23:49:38
oks,IH1678-01-0001-001,"пр. Шоссейный, вл. 30, строен. 1",пр шоссейный вл 30 строен. 1,,,,not_found,2026-07-08T23:49:39
oks,IH1781-10-0001-001,ул. Шоссейная,ул шоссейная,55.6582127,37.7095189,nominatim,secondary,2026-07-08T23:49:41
oks,IH1909-99-0001-001,6-й проезд Подбельского вл. 8-9,6-й проезд подбельского вл 8-9,,,,not_found,2026-07-08T23:49:42
oks,IH1931-06-0001-001,Щербаковская ул. д. 38,щербаковская ул д 38,55.7829613,37.7366559,nominatim,secondary,2026-07-08T23:49:44
oks,IH2034-08-0001-001,"1-й Кирпичный пер., земельный участок 17А/17 ( ВАО: район Гольяново )",1-й кирпичный пер земельный участок 17а/17 ( вао: район гольяново ),,,,not_found,2026-07-08T23:49:45
oks,IH2034-10-0001-001,"переулок 1-й Кирпичный, земельный участок 17А/17",переулок 1-й кирпичный земельный участок 17а/17,,,,not_found,2026-07-08T23:49:47
oks,IH2043-10-0001-001,"проспект Буденного, земельный участок 49",проспект буденного земельный участок 49,,,,not_found,2026-07-08T23:49:49
oks,IH2063-10-0002-001,"ул. Газгольдерная, вл. 8.",ул газгольдерная вл 8.,55.7293779,37.7277786,nominatim,tertiary,2026-07-08T23:49:51
oks,IH2065-99-0001-001,ул. Газгольдерная вл. 10А,ул газгольдерная вл 10а,,,,not_found,2026-07-08T23:49:53
oks,IH2066-10-0002-001,"Грайвороново квартал, 90а",грайвороново квартал 90а,,,,not_found,2026-07-08T23:49:54
oks,IH2072-10-0001-001,Саратовский 1-й пр. уч. 5,саратовский 1-й пр уч 5,,,,not_found,2026-07-08T23:49:56
oks,IH2110-10-0002-001,"Открытое шоссе, земельные участки 9/14А, 9/14, 9/1, 9/1/1",открытое шоссе земельные участки 9/14а 9/14 9/1 9/1/1,,,,not_found,2026-07-08T23:49:57
oks,IH2111-10-0001-001,"Открытое шоссе, д. 14Д (Открытое шоссе, вл. 14Д)",открытое шоссе д 14д (открытое шоссе вл 14д),,,,not_found,2026-07-08T23:49:59
oks,IH2134-10-0002-002,Вольная ул. уч. 28/5,вольная ул уч 28/5,,,,not_found,2026-07-08T23:50:01
oks,IH2150-01-0001-001,"шоссе Энтузиастов, улица Лабораторная, земельный участок 23/1, земельный участок 12",шоссе энтузиастов улица лабораторная земельный участок 23/1 земельный участок 12,,,,not_found,2026-07-08T23:50:02
oks,IH2162-10-0002-001,Рязанский просп. уч. 2/25,рязанский просп. уч 2/25,,,,not_found,2026-07-08T23:50:04
oks,IH2163-10-0002-001,"просп. Рязанский, вл. 2",просп. рязанский вл 2,55.7258386,37.7610357,nominatim,primary,2026-07-08T23:50:06
oks,IH2177-05-0002-001,"ул. 8-я Текстильщиков, вл. 2",ул 8-я текстильщиков вл 2,,,,not_found,2026-07-08T23:50:08
oks,IH2211-10-0002-001,"Открытое шоссе, вл. 14Д",открытое шоссе вл 14д,55.8270187,37.7638444,nominatim,tertiary,2026-07-08T23:50:09
oks,IH2224-04-0001-001,Окружной пр. вл. 10Б,окружной пр вл 10б,55.7685255,37.7451358,nominatim,tertiary,2026-07-08T23:50:11
oks,IH2236-03-0002-001,Соколиной горы 8-я ул. вл. 15,соколиной горы 8-я ул вл 15,,,,not_found,2026-07-08T23:50:12
oks,IH2244-10-0002-001,"Гаражная улица, влд. 3",гаражная улица влд. 3,,,,not_found,2026-07-08T23:50:14
oks,IH2259-10-0002-001,"шоссе Перовское, земельный участок 2",шоссе перовское земельный участок 2,,,,not_found,2026-07-08T23:50:16
oks,IH2261-08-0001-001,"проспект Рязанский, вл. 2",проспект рязанский вл 2,55.7257698,37.7624491,nominatim,tertiary,2026-07-08T23:50:18
oks,IH2261-10-0002-001,"Рязанский пр-т, вл. 17",рязанский пр-т вл 17,,,,not_found,2026-07-08T23:50:19
oks,IH2269-06-0002-001,"Москва, ЮВАО, Текстильщики, Волжский бульв. вл. 8",москва ювао текстильщики волжский бульв. вл 8,,,,not_found,2026-07-08T23:50:21
oks,IH2343-03-0002-001,"ул. Гаражная, вл. 3",ул гаражная вл 3,55.7603835,37.7449423,nominatim,place_of_worship,2026-07-08T23:50:23
oks,IH2357-10-0001-001,"Перовское шоссе, влд. 21",перовское шоссе влд. 21,,,,not_found,2026-07-08T23:50:25
oks,IH2357-10-0003-001,ш. Перовское,ш перовское,55.7347583,37.7421318,nominatim,tertiary,2026-07-08T23:50:26
oks,IH2358-03-0001-001,"ул. Грайвороновская, вл. 10",ул грайвороновская вл 10,55.7192459,37.7306986,nominatim,place_of_worship,2026-07-08T23:50:29
oks,IH2393-10-0001-001,"проспект 40 лет Октября, земельный участок 18/13",проспект 40 лет октября земельный участок 18/13,,,,not_found,2026-07-08T23:50:30
oks,IH2409-10-0001-001,"Открытое шоссе, земельный участок 18, земельный участок 20/1",открытое шоссе земельный участок 18 земельный участок 20/1,,,,not_found,2026-07-08T23:50:32
oks,IH2409-10-0002-001,"ул. Тагильская, вл.4",ул тагильская вл4,55.8109799,37.7624853,nominatim,tertiary,2026-07-08T23:50:34
oks,IH2417-10-0001-001,ул. Амурская,ул амурская,55.807868,37.7606449,nominatim,tertiary,2026-07-08T23:50:35
oks,IH2418-17-0001-001,Преображенское,преображенское,55.7938235,37.7113174,nominatim,administrative,2026-07-08T23:50:37
oks,IH2465-08-0002-001,Рязанский пр-кт,рязанский пр-кт,,,,not_found,2026-07-08T23:50:39
oks,IH2494-03-0001-001,"Краснодонская ул., земельный участок 16/19",краснодонская ул земельный участок 16/19,,,,not_found,2026-07-08T23:50:40
oks,IH2509-08-0002-001,"ул. Тагильская, вл. 6",ул тагильская вл 6,55.8198239,37.7508174,nominatim,secondary,2026-07-08T23:50:42
oks,IH2509-99-0001-001,"ул. Тагильская, Земельный участок 4",ул тагильская земельный участок 4,,,,not_found,2026-07-08T23:50:43
oks,IH2511-08-0001-001,"Открытое ш., з/у вл. 18/1",открытое ш зу вл 18/1,,,,not_found,2026-07-08T23:50:45
oks,IH2515-10-0001-001,"район Гольяново, земельный участок 1, Корпуса 6, 7, 8",район гольяново земельный участок 1 корпуса 6 7 8,,,,not_found,2026-07-08T23:50:46
oks,IH2546-04-0001-001,"ул. Электродная, земельный участок 2А",ул электродная земельный участок 2а,,,,not_found,2026-07-08T23:50:48
oks,IH2563-10-0002-001,пр-кт Рязанский,пр-кт рязанский,,,,not_found,2026-07-08T23:50:50
oks,IH2611-10-0001-001,"Тагильская, стр.6/1",тагильская стр6/1,,,,not_found,2026-07-08T23:50:51
oks,IH2615-10-0001-001,Амурская зу 1/18,амурская зу 1/18,,,,not_found,2026-07-08T23:50:53
oks,IH2616-10-0001-001,"ул. Амурская, вл. 2А, строение 1",ул амурская вл 2а строение 1,,,,not_found,2026-07-08T23:50:55
oks,IH2616-10-0001-002,"ул.Амурская, вл.2А, строение 1",уламурская вл2а строение 1,,,,not_found,2026-07-08T23:50:56
oks,IH2616-10-0001-004,"ул. Амурская, вл.2А, строение 1",ул амурская вл2а строение 1,,,,not_found,2026-07-08T23:50:58
oks,IH2652-14-0002-001,"ул. Перовская, вл. 2В",ул перовская вл 2в,55.7476253,37.7556614,nominatim,secondary,2026-07-08T23:51:00
oks,IH2689-10-0001-001,"улица Таганрогская, земельный участок 8",улица таганрогская земельный участок 8,,,,not_found,2026-07-08T23:51:01
oks,IH2711-01-0002-001,"Тагильская ул. вл. 4, з/у4",тагильская ул вл 4 зу 4,,,,not_found,2026-07-08T23:51:03
oks,IH2719-10-0001-001,"Сиреневый бульвар, земельные участки 4/7, 4/7А",сиреневый бульвар земельные участки 4/7 4/7а,,,,not_found,2026-07-08T23:51:04
oks,IH2721-10-0002-001,"бульвар Сиреневый, земельный участок 4/4 (Сиреневый б-р, вл. 4, з/у 4)",бульвар сиреневый земельный участок 4/4 (сиреневый б-р вл 4 зу 4),,,,not_found,2026-07-08T23:51:06
oks,IH2752-10-0001-001,"улица Перовская, земельный участок 6А (Перовская ул., вл. 6А)",улица перовская земельный участок 6а (перовская ул вл 6а),,,,not_found,2026-07-08T23:51:08
oks,IH2759-10-0001-001,шоссе Перовское,шоссе перовское,55.7347583,37.7421318,nominatim,tertiary,2026-07-08T23:51:10
oks,IH2762-10-0001-001,"Рязанский просп., вл.39",рязанский просп. вл39,55.7313461,37.7330252,nominatim,primary,2026-07-08T23:51:12
oks,IH2805-10-0001-001,"Метрогородок, Открытое шоссе земельный участок 26/3, номер зоны - 4.5 (ЖУ-5)",метрогородок открытое шоссе земельный участок 26/3 номер зоны - 4.5 (жу-5),,,,not_found,2026-07-08T23:51:13
oks,IH2807-10-0001-001,"улица Николая Химушина, земельный участок 2/7Б",улица николая химушина земельный участок 2/7б,,,,not_found,2026-07-08T23:51:15
oks,IH2812-10-0001-001,"1-й Иртышский проезд, вл. 3 (улица Тагильская, земельный участок 6/5)",1-й иртышский проезд вл 3 (улица тагильская земельный участок 6/5),,,,not_found,2026-07-08T23:51:16
oks,IH2843-99-0001-001,"Шоссе Энтузиастов, земельный участок 56/39",шоссе энтузиастов земельный участок 56/39,,,,not_found,2026-07-08T23:51:18
oks,IH2848-10-0001-001,"улица Плеханова, земельный участок 11Б, 13Б",улица плеханова земельный участок 11б 13б,,,,not_found,2026-07-08T23:51:20
oks,IH2856-10-0001-001,"ул. Плющева, земельный участок 17/3 (зона 10.1, ЖУ20)",ул плющева земельный участок 17/3 (зона 10.1 жу20),,,,not_found,2026-07-08T23:51:21
oks,IH2871-10-0001-001,"улица Жигулёвская, земельный участок 3/3/1 (мкр. 120, зона 3.1)",улица жигулевская земельный участок 3/3/1 (мкр. 120 зона 3.1),,,,not_found,2026-07-08T23:51:23
oks,IH2891-10-0002-001,Совхозная ул. уч. 55/1,совхозная ул уч 55/1,,,,not_found,2026-07-08T23:51:25
oks,IH2911-10-0001-001,проезд 2-й Иртышский,проезд 2-й иртышский,55.8192198,37.7804658,nominatim,bus_stop,2026-07-08T23:51:27
oks,IH2911-10-0001-002,пр-д 2-й Иртышский,пр-д 2-й иртышский,,,,not_found,2026-07-08T23:51:28
oks,IH2948-08-0001-001,"ул. Плеханова, вл. 11",ул плеханова вл 11,55.7448589,37.7657761,nominatim,tertiary,2026-07-08T23:51:30
oks,IH2978-04-0001-001,"улица Зеленодольская, д.42",улица зеленодольская д42,55.71474,37.7873316,nominatim,tertiary,2026-07-08T23:51:31
oks,IH2989-03-0002-001,"Москва, ул. Ставропольская, вл. 25",москва ул ставропольская вл 25,55.6827857,37.7639623,nominatim,service,2026-07-08T23:51:33
oks,IH3020-10-0001-001,"внутригородское муниципальное образование Измайлово, 3-я Прядильная улица, земельный участок 1А",внутригородское муниципальное образование измайлово 3-я прядильная улица земельный участок 1а,,,,not_found,2026-07-08T23:51:35
oks,IH3094-04-0002-001,"Краснодарская ул., вл. 52-56",краснодарская ул вл 52-56,,,,not_found,2026-07-08T23:51:36
oks,IH3103-10-0002-001,"Открытое шоссе, влд.30, з/у 1",открытое шоссе влд.30 зу 1,,,,not_found,2026-07-08T23:51:38
oks,IH3113-10-0001-001,ул. Монтажная вл. 8/24,ул монтажная вл 8/24,,,,not_found,2026-07-08T23:51:40
oks,IH3163-10-0001-001,"улица Михайлова, земельный участок 27 (Михайлова ул., вл. 27)",улица михайлова земельный участок 27 (михайлова ул вл 27),,,,not_found,2026-07-08T23:51:42
oks,IH3173-04-0001-001,"вн.тер.г. муниципальный округ Кузьминки, улица Зеленодольская, земельный участок 28/5",вн.тер.г. муниципальный округ кузьминки улица зеленодольская земельный участок 28/5,,,,not_found,2026-07-08T23:51:44
oks,IH3213-10-0001-001,"Амурская улица, земельный участок 26 (мкр. 1-2, зона 2.1 ЖУ-2)",амурская улица земельный участок 26 (мкр. 1-2 зона 2.1 жу-2),,,,not_found,2026-07-08T23:51:45
oks,IH3220-99-0001-001,"3-я Прядильная ул., земельный участок 13 (3-я Прядильная ул., вл.13)",3-я прядильная ул земельный участок 13 (3-я прядильная ул вл13),,,,not_found,2026-07-08T23:51:47
oks,IH3221-99-0001-001,"Никитинская ул., з/у 5",никитинская ул зу 5,55.7974915,37.7751289,nominatim,tertiary,2026-07-08T23:51:49
oks,IH3241-13-0001-001,"ш. Энтузиастов, влд. 33 ( з/у 33/1)",ш энтузиастов влд. 33 ( зу 33/1),,,,not_found,2026-07-08T23:51:51
oks,IH3269-04-0001-001,"ул. Окская, вл. 9",ул окская вл 9,55.7173866,37.7765131,nominatim,secondary,2026-07-08T23:51:54
oks,IH3307-99-0001-001,Иртышский 2-й пр.,иртышский 2-й пр,55.8192198,37.7804658,nominatim,bus_stop,2026-07-08T23:51:56
oks,IH3312-10-0001-001,"Амурская улица, земельный участок 30 (мкр. 1-2, зона 2.2, ЖУ-3)",амурская улица земельный участок 30 (мкр. 1-2 зона 2.2 жу-3),,,,not_found,2026-07-08T23:51:57
oks,IH3343-10-0001-001,"ул. 2-я Владимирская, вл. 10А, стр. 1",ул 2-я владимирская вл 10а стр 1,,,,not_found,2026-07-08T23:51:59
oks,IH3352-10-0001-001,"Перовская ул., з/у 36, к. 1 (зона 4.1)",перовская ул зу 36 к 1 (зона 4.1),,,,not_found,2026-07-08T23:52:00
oks,IH3390-12-0001-001,"ул. Ставропольская, вл. 37-41, ЮВАО, Люблино",ул ставропольская вл 37-41 ювао люблино,,,,not_found,2026-07-08T23:52:02
oks,IH3392-03-0002-001,"бульв. Тихорецкий, вл. 1",бульв. тихорецкий вл 1,,,,not_found,2026-07-08T23:52:04
oks,IH3412-10-0003-001,"Амурская улица, земельный участок 46",амурская улица земельный участок 46,,,,not_found,2026-07-08T23:52:05
oks,IH3418-03-0002-001,площадь В. Кодовильи,площадь в. кодовильи,,,,not_found,2026-07-08T23:52:07
oks,IH3422-10-0001-001,"улица 2-я Прядильная, земельный участок 9",улица 2-я прядильная земельный участок 9,,,,not_found,2026-07-08T23:52:08
oks,IH3448-10-0001-001,"Владимирская 2-я ул. зу 26Б (участок 55), зу 28/30",владимирская 2-я ул зу 26б (участок 55) зу 28/30,,,,not_found,2026-07-08T23:52:11
oks,IH3479-10-0001-001,"улица Юных Ленинцев, земельный участок 103 (участок 12.4)",улица юных ленинцев земельный участок 103 (участок 12.4),,,,not_found,2026-07-08T23:52:12
oks,IH3497-14-0001-001,"ул. Краснодарская, з/у 2",ул краснодарская зу 2,,,,not_found,2026-07-08T23:52:14
oks,IH3567-10-0001-001,"улица Михайлова, земельный участок 38",улица михайлова земельный участок 38,,,,not_found,2026-07-08T23:52:16
oks,IH3578-10-0001-001,"Волгоградский проспект, земельный участок 138/14/4",волгоградский проспект земельный участок 138/14/4,,,,not_found,2026-07-08T23:52:18
oks,IH3580-10-0002-001,"улица Юных Ленинцев, земельный участок 113 (участки 12.9 и 12.12)",улица юных ленинцев земельный участок 113 (участки 12.9 и 12.12),,,,not_found,2026-07-08T23:52:19
oks,IH3675-04-0001-001,"ул. Федора Полетаева, д. 36 корп. 2",ул федора полетаева д 36 корп 2,,,,not_found,2026-07-08T23:52:21
oks,IH3679-10-0001-001,"Волгоградский проспект, земельный участок 140/2",волгоградский проспект земельный участок 140/2,,,,not_found,2026-07-08T23:52:22
oks,IH3710-10-0001-001,"улица Байкальская, земельный участок 16/11",улица байкальская земельный участок 16/11,,,,not_found,2026-07-08T23:52:24
oks,IH3744-10-0002-001,"Металлургов ул., вл. 30",металлургов ул вл 30,55.7576969,37.7830399,nominatim,tertiary,2026-07-08T23:52:26
oks,IH3751-10-0001-001,"Утренняя улица, влд. 3",утренняя улица влд. 3,,,,not_found,2026-07-08T23:52:28
oks,IH3767-10-0001-002,"улица Паперника, влд. 12",улица паперника влд. 12,,,,not_found,2026-07-08T23:52:29
oks,IH3770-04-0001-001,Рязанский проспект,рязанский проспект,55.716947,37.7933151,nominatim,station,2026-07-08T23:52:31
oks,IH3817-10-0001-001,"Сиреневый бульвар, земельный участок 29 (зоны 32.1, 32.2, 32.3)",сиреневый бульвар земельный участок 29 (зоны 32.1 32.2 32.3),,,,not_found,2026-07-08T23:52:32
oks,IH3848-03-0002-001,Зеленый просп. вл. 26-28,зеленый просп. вл 26-28,,,,not_found,2026-07-08T23:52:34
oks,IH3870-99-0003-001,Рязанский просп.,рязанский просп.,55.716947,37.7933151,nominatim,station,2026-07-08T23:52:36
oks,IH3871-08-0001-001,ул. Академика Скрябина,ул академика скрябина,55.7082279,37.7948035,nominatim,secondary,2026-07-08T23:52:37
oks,IH3895-06-0001-001,"мкр.14 корп.102, Марьинский парк",мкр.14 корп102 марьинский парк,,,,not_found,2026-07-08T23:52:39
oks,IH3910-10-0002-001,"площадь Белы Куна, влд. 1",площадь белы куна влд. 1,,,,not_found,2026-07-08T23:52:41
oks,IH4014-99-0001-001,"Парковая 11-я ул., уч. 57",парковая 11-я ул уч 57,,,,not_found,2026-07-08T23:52:42
oks,IH4017-10-0001-001,"Парковая 11-я ул., вл. 45",парковая 11-я ул вл 45,,,,not_found,2026-07-08T23:52:44
oks,IH4053-10-0003-001,Перовская ул. вл. 66Г,перовская ул вл 66г,,,,not_found,2026-07-08T23:52:46
oks,IH4074-12-0001-001,"ул. Ферганская, вл. 4Б",ул ферганская вл 4б,55.7049526,37.8190043,nominatim,tertiary,2026-07-08T23:52:48
oks,IH4114-14-0001-001,"Северное Измайлово, кв. 49-50, корп. 3",северное измайлово кв. 49-50 корп 3,,,,not_found,2026-07-08T23:52:49
oks,IH4143-99-0001-002,"ул. Металлургов, д. 56/2",ул металлургов д 56/2,55.7591815,37.7911963,nominatim,tertiary,2026-07-08T23:52:51
oks,IH4176-12-0001-001,Сормовский пр. уч. 13,сормовский пр уч 13,55.7078031,37.7988397,nominatim,residential,2026-07-08T23:52:53
oks,IH4181-10-0001-001,"Ташкентская ул., з/у 29/1 (уч.2.1)",ташкентская ул зу 29/1 (уч 2.1),,,,not_found,2026-07-08T23:52:54
oks,IH4251-14-0002-001,"ул. Мартеновская, вл. 33",ул мартеновская вл 33,55.7491465,37.8024271,nominatim,tertiary,2026-07-08T23:52:56
oks,IH4252-99-0001-001,"Мартеновская ул., вл.39",мартеновская ул вл39,55.7491465,37.8024271,nominatim,tertiary,2026-07-08T23:52:57
oks,IH4471-10-0002-001,"Рязанский проспект, вл. 99.",рязанский проспект вл 99.,55.7313461,37.7330252,nominatim,primary,2026-07-08T23:52:59
oks,IH4473-99-0001-002,"Гостиничный проезд, вл. 8А",гостиничный проезд вл 8а,55.8431189,37.5771448,nominatim,unclassified,2026-07-08T23:53:01
oks,IH4476-10-0001-001,"улица Ташкентская, земельный участок 14/5 (зоны 3.3 и 3.4), ,",улица ташкентская земельный участок 14/5 (зоны 3.3 и 3.4) ,,,,not_found,2026-07-08T23:53:02
oks,IH4476-99-0001-001,"улица Ташкентская, дом 14, корп.1",улица ташкентская дом 14 корп1,,,,not_found,2026-07-08T23:53:04
oks,IH4477-10-0001-001,"улица Ташкентская, дом 14, корп.3",улица ташкентская дом 14 корп3,,,,not_found,2026-07-08T23:53:05
oks,IH4483-10-0002-001,"Ферганский проезд, вл. 14",ферганский проезд вл 14,55.6956134,37.8209626,nominatim,tertiary,2026-07-08T23:53:07
oks,IH4548-04-0001-001,"Свободный просп. вл. 33, ВАО, Новогиреево",свободный просп. вл 33 вао новогиреево,,,,not_found,2026-07-08T23:53:08
oks,IH4576-04-0002-001,"ул. Ферганская, земельный участок 17/1",ул ферганская земельный участок 17/1,,,,not_found,2026-07-08T23:53:10
oks,IH4581-10-0001-001,"Самаркандский бульвар, земельный участок 15/5/1",самаркандский бульвар земельный участок 15/5/1,,,,not_found,2026-07-08T23:53:12
oks,IH4582-10-0001-001,"Самаркандский бульвар, земельный участок 15/4 (участок 5.2)",самаркандский бульвар земельный участок 15/4 (участок 5.2),,,,not_found,2026-07-08T23:53:14
oks,IH4582-10-0002-001,"Самаркандский бульвар, земельный участок 15/5",самаркандский бульвар земельный участок 15/5,,,,not_found,2026-07-08T23:53:16
oks,IH4846-10-0001-001,"проезд Саперный, земельный участок 14",проезд саперный земельный участок 14,,,,not_found,2026-07-08T23:53:17
oks,IH4849-99-0001-001,"Зелёный проспект, земельный участок 101 (участки 6.1, 6.2)",зеленый проспект земельный участок 101 (участки 6.1 6.2),,,,not_found,2026-07-08T23:53:19
oks,IH4949-10-0001-001,"улица Молостовых, земельный участок 18 (участок 7.1)",улица молостовых земельный участок 18 (участок 7.1),,,,not_found,2026-07-08T23:53:21
oks,IH4959-05-0001-001,"Вешняковская улица, д. 23",вешняковская улица д 23,55.7306522,37.8314265,nominatim,hospital,2026-07-08T23:53:22
oks,IH5018-10-0001-001,"Сиреневый бульвар, земельный участок 70 (Сиреневый б-р, вл. 70)",сиреневый бульвар земельный участок 70 (сиреневый б-р вл 70),,,,not_found,2026-07-08T23:53:24
oks,IH5061-05-0001-001,"ул. Вешняковская, д. 23",ул вешняковская д 23,55.7306522,37.8314265,nominatim,hospital,2026-07-08T23:53:25
oks,IH5061-05-0001-002,Вешняковская ул. д. 23,вешняковская ул д 23,55.7306522,37.8314265,nominatim,hospital,2026-07-08T23:53:27
oks,IH5064-04-0001-001,Косинская Б. ул. вл. 10,косинская б. ул вл 10,,,,not_found,2026-07-08T23:53:29
oks,IH5478-16-0001-001,"Москва, ВАО, район Косино-Ухтомский, ЮВАО, район Выхино-Жулебино",москва вао район косино-ухтомский ювао район выхино-жулебино,,,,not_found,2026-07-08T23:53:31
oks,IH5561-04-0002-001,"ул. Николая Старостина, вл. 14",ул николая старостина вл 14,55.7311461,37.8502903,nominatim,secondary,2026-07-08T23:53:32
oks,IH5587-06-0001-001,ул. Авиаконструктора Миля на пересечении с Жулебинским бульваром,ул авиаконструктора миля на пересечении с жулебинским бульваром,,,,not_found,2026-07-08T23:53:34
oks,IH5770-10-0001-001,"улица Черное Озеро, з/у 8",улица черное озеро зу 8,,,,not_found,2026-07-08T23:53:36
oks,IH5792-06-0002-001,"Жулебино мкр. 6, корп. 18",жулебино мкр. 6 корп 18,,,,not_found,2026-07-08T23:53:37
oks,IH5886-04-0002-001,"ул. Маршала Полубоярова, д. 4 корп. 1",ул маршала полубоярова д 4 корп 1,,,,not_found,2026-07-08T23:53:39
oks,IH5889-04-0002-001,"Жулебино, мкр. 5, корп. 15. Ул. Маршала Полубоярова, д.18",жулебино мкр. 5 корп 15. ул маршала полубоярова д18,,,,not_found,2026-07-08T23:53:40
oks,IH5957-14-0001-001,"Салтыковская улица, земельный участок 1Б/1",салтыковская улица земельный участок 1б/1,,,,not_found,2026-07-08T23:53:42
oks,IH5965-10-0001-001,"улица Салтыковская, дом 6/1",улица салтыковская дом 6/1,,,,not_found,2026-07-08T23:53:45
oks,IH5968-05-0001-001,"ул. Оранжерейная, вл. 21/23",ул оранжерейная вл 21/23,55.7373502,37.8155589,nominatim,residential,2026-07-08T23:53:46
oks,IH5973-10-0001-001,"улица Оренбургская, земельный участок 26",улица оренбургская земельный участок 26,,,,not_found,2026-07-08T23:53:48
oks,IH6108-99-0001-001,"ул. 9 Мая, земельный участок 24 (9 Мая ул., вл. 24)",ул 9 мая земельный участок 24 (9 мая ул вл 24),,,,not_found,2026-07-08T23:53:49
oks,IH6266-01-0001-001,"ул. Салтыковская, вл. 8",ул салтыковская вл 8,,,,not_found,2026-07-08T23:53:51
oks,IH6369-06-0001-001,"улица Салтыковская, земельный участок 4А",улица салтыковская земельный участок 4а,,,,not_found,2026-07-08T23:53:52
oks,IH6552-12-0001-001,"ул Салтыковская, вл 24",ул салтыковская вл 24,55.708353,37.8780636,nominatim,tertiary,2026-07-08T23:53:54
oks,IH7171-12-0001-001,"проезд Красковский 1-й, вл.38А",проезд красковский 1-й вл38а,,,,not_found,2026-07-08T23:53:56
oks,IH7265-99-0002-001,"улица Пехорская, земельный участок 3А",улица пехорская земельный участок 3а,,,,not_found,2026-07-08T23:53:57
oks,IH7776-04-0001-001,"ТПУ Некрасовка, з/у 1",тпу некрасовка зу 1,,,,not_found,2026-07-08T23:53:59
oks,IH7870-01-0001-003,"улица Маресьева, земельный участок 11",улица маресьева земельный участок 11,,,,not_found,2026-07-08T23:54:00
oks,IH7877-06-0001-001,"ул. Рождественская, д.33 (напротив)",ул рождественская д33 (напротив),,,,not_found,2026-07-08T23:54:02
oks,IH8073-10-0002-001,"улица Вертолетчиков, земельный участок 26",улица вертолетчиков земельный участок 26,,,,not_found,2026-07-08T23:54:05
oks,IH8074-10-0002-001,"пос. Некрасовка (ул Маресьева 7, К1)",пос некрасовка (ул маресьева 7 к1),,,,not_found,2026-07-08T23:54:06
oks,IH8075-08-0001-001,"Некрасовка, кв. 17",некрасовка кв. 17,,,,not_found,2026-07-08T23:54:08
oks,IH8089-13-0001-001,"ул. 2-я Вольская, вл. 30",ул 2-я вольская вл 30,,,,not_found,2026-07-08T23:54:09
oks,IH8169-13-0001-001,в районе проектируемого проезда № 6656А,в районе проектируемого проезда № 6656а,,,,not_found,2026-07-08T23:54:11
oks,IH8187-13-0001-001,"2-я Вольская ул., д. 30, с25А",2-я вольская ул д 30 с25а,,,,not_found,2026-07-08T23:54:13
oks,IH8187-13-0001-003,"улица 2-я Вольская, дом 30, строение 25А",улица 2-я вольская дом 30 строение 25а,,,,not_found,2026-07-08T23:54:15
oks,IH8270-13-0001-001,район проектируемого проезда № 6656А,район проектируемого проезда № 6656а,,,,not_found,2026-07-08T23:54:16
oks,IH8273-10-0002-001,"ул. Маршала Еременко, д.1, к.1",ул маршала еременко д1 к1,,,,not_found,2026-07-08T23:54:18
oks,IH8468-13-0001-001,"Москва, район Косино-Ухтомский, Восточный административный округ города Москвы, район Некрасовка, Юго-Восточный административный округ города Москвы, Московская область, г. Реутов, г.о. Балашиха, включая г. Железнодорожный, микрорайоны Павлино и Салтыковка",москва район косино-ухтомский восточный административный округ города москвы район некрасовка юго-восточный административный округ города москвы московская область г. реутов г.о. балашиха включая г. железнодорожный микрорайоны павлино и салтыковка,,,,not_found,2026-07-08T23:54:20
oks,IH8587-13-0001-001,"2-я Вольская, д. 30",2-я вольская д 30,,,,not_found,2026-07-08T23:54:21
oks,IH8587-13-0001-008,"2-я Вольская, д. 31",2-я вольская д 31,,,,not_found,2026-07-08T23:54:23
oks,II0124-10-0001-001,"улица Каспийская, земельный участок 24/4/1 (Каспийская ул., вл. 24, корп. 4)",улица каспийская земельный участок 24/4/1 (каспийская ул вл 24 корп 4),,,,not_found,2026-07-08T23:54:24
oks,II0126-03-0001-001,"ул. Луганская, вл. 9-11",ул луганская вл 9-11,,,,not_found,2026-07-08T23:54:26
oks,II0126-04-0001-001,"Каспийская ул. вл.28, корп. 1",каспийская ул вл28 корп 1,,,,not_found,2026-07-08T23:54:28
oks,II0226-10-0001-001,Каспийская ул. уч. 28,каспийская ул уч 28,55.6312184,37.6841469,nominatim,secondary,2026-07-08T23:54:29
oks,II0252-10-0001-001,"улица Загорьевская, земельный участок 2/5",улица загорьевская земельный участок 2/5,,,,not_found,2026-07-08T23:54:31
oks,II0604-13-0001-001,"1-й Курьяновский проезд, д.15",1-й курьяновский проезд д15,55.6563027,37.6999999,nominatim,residential,2026-07-08T23:54:33
oks,II0716-06-0002-001,"Каширское шоссе, вл. 51, корп. 1",каширское шоссе вл 51 корп 1,,,,not_found,2026-07-08T23:54:34
oks,II0805-99-0001-002,"1-й Курьяновский проезд, дом 15, Курьяновские очистные сооружения",1-й курьяновский проезд дом 15 курьяновские очистные сооружения,,,,not_found,2026-07-08T23:54:36
oks,II1007-17-0001-001,"районы Марьино, Люблино, Печатники",районы марьино люблино печатники,,,,not_found,2026-07-08T23:54:37
oks,II1049-99-0001-001,"Набережная Академика Туполева, земельный участок 15",набережная академика туполева земельный участок 15,,,,not_found,2026-07-08T23:54:39
oks,II1110-08-0001-001,"ул. Донецкая, вл. 30",ул донецкая вл 30,55.6518099,37.719279,nominatim,secondary,2026-07-08T23:54:40
oks,II1117-10-0002-001,ул. Борисовские пруды,ул борисовские пруды,55.6352738,37.7290223,nominatim,secondary,2026-07-08T23:54:42
oks,II1217-10-0001-001,"ул. Борисовские Пруды, земельный участок 1/44",ул борисовские пруды земельный участок 1/44,,,,not_found,2026-07-08T23:54:44
oks,II1300-10-0002-001,"ул. Шоссейная, вл. 90. Корпус 5",ул шоссейная вл 90. корпус 5,,,,not_found,2026-07-08T23:54:46
oks,II1300-10-0003-001,"улица Шоссейная, земельный участок 90",улица шоссейная земельный участок 90,,,,not_found,2026-07-08T23:54:47
oks,II1300-99-0001-001,"Шоссейная ул., вл.90, корп. K2",шоссейная ул вл90 корп k2,,,,not_found,2026-07-08T23:54:49
oks,II1301-10-0001-001,"улица Шоссейная, земельный участок 90/11",улица шоссейная земельный участок 90/11,,,,not_found,2026-07-08T23:54:50
oks,II1311-03-0001-001,"Новочеркасский бульвар, вл. 6-8",новочеркасский бульвар вл 6-8,55.646607,37.7139188,nominatim,place_of_worship,2026-07-08T23:54:52
oks,II1605-10-0001-001,"улица Иловайская, земельный участок 3/4",улица иловайская земельный участок 3/4,,,,not_found,2026-07-08T23:54:54
oks,II1633-04-0003-001,"Каширское шоссе, Ореховый бульвар",каширское шоссе ореховый бульвар,,,,not_found,2026-07-08T23:54:55
oks,II1636-03-0001-001,"Каширское шоссе, земельный участок 63/2",каширское шоссе земельный участок 63/2,,,,not_found,2026-07-08T23:54:57
oks,II1704-08-0001-001,Иловайская улица,иловайская улица,55.6581011,37.7240597,nominatim,secondary,2026-07-08T23:54:59
oks,II1705-10-0001-001,Иловайская ул.,иловайская ул,55.656613,37.7269227,nominatim,secondary,2026-07-08T23:55:00
oks,II1804-10-0001-005,"ул. Иловайская, земельный участок 2Б/3, ул. Нижние Поля, влд.20, к.1, к.1, стр.2,3,5, ул. Нижние Поля",ул иловайская земельный участок 2б/3 ул нижние поля влд.20 к1 к1 стр2 3 5 ул нижние поля,,,,not_found,2026-07-08T23:55:02
oks,II1805-08-0001-001,Иловайская ул. з/у 3/7а,иловайская ул зу 3/7а,,,,not_found,2026-07-08T23:55:03
oks,II1807-11-0003-003,"ул. Перерва, вл. 11, стр. 1, 2, 11, 14, 27, 28",ул перерва вл 11 стр 1 2 11 14 27 28,,,,not_found,2026-07-08T23:55:05
oks,II1830-03-0002-001,"пр. Ореховый пр., вл. 41 (напротив)",пр ореховый пр вл 41 (напротив),,,,not_found,2026-07-08T23:55:06
oks,II1919-06-0001-001,"Борисовские Пруды ул., Наташинская ул. (пересечение)",борисовские пруды ул наташинская ул (пересечение),,,,not_found,2026-07-08T23:55:08
oks,II2000-10-0002-001,"Люблинская улица, вл. 72",люблинская улица вл 72,55.645737,37.7454006,nominatim,primary,2026-07-08T23:55:10
oks,II2019-14-0002-001,"Братеево, 1-й мкр., ул. Борисовские пруды",братеево 1-й мкр. ул борисовские пруды,,,,not_found,2026-07-08T23:55:12
oks,II2223-10-0001-001,"ул. Мусы Джалиля, вл. 6, корпус 2",ул мусы джалиля вл 6 корпус 2,,,,not_found,2026-07-08T23:55:13
oks,II2327-14-0002-001,"улица Мусы Джалиля, вл. 23/56",улица мусы джалиля вл 23/56,,,,not_found,2026-07-08T23:55:15
oks,II2335-03-0002-001,"Тамбовская улица, пересечение с ул. Ясеневая",тамбовская улица пересечение с ул ясеневая,,,,not_found,2026-07-08T23:55:17
oks,II2703-03-0002-001,ул. Братиславская (парк Артема Боровика),ул братиславская (парк артема боровика),,,,not_found,2026-07-08T23:55:18
oks,II3023-16-0002-001,район Братеево,район братеево,55.6359246,37.7619218,nominatim,administrative,2026-07-08T23:55:20
oks,II4001-99-0001-001,"улица Верхние Поля, дом 51А",улица верхние поля дом 51а,,,,not_found,2026-07-08T23:55:22
oks,II4110-12-0003-001,"2-й квартал, вл.1",2-й квартал вл1,56.0127537,37.1666193,nominatim,locality,2026-07-08T23:55:24
oks,II4110-13-0002-001,"Капотня, 2-й квартал, вл. 1",капотня 2-й квартал вл 1,55.6402451,37.7969504,nominatim,quarter,2026-07-08T23:55:26
oks,II4204-99-0001-001,"улица Верхние Поля, земельный участок 54/4",улица верхние поля земельный участок 54/4,,,,not_found,2026-07-08T23:55:28
oks,II4215-12-0001-001,"ул. Капотня, 2-й квартал, вл. 1",ул капотня 2-й квартал вл 1,,,,not_found,2026-07-08T23:55:29
oks,II4218-12-0001-001,"2-ой Капотнинский, з/у 1",2-ой капотнинский зу 1,,,,not_found,2026-07-08T23:55:31
oks,II4811-14-0001-001,"Капотня, МКАД 15-й км",капотня мкад 15-й км,55.6460273,37.8283562,nominatim,trunk,2026-07-08T23:55:32
oks,II6367-01-0001-001,д. Орлово уч. 1,д орлово уч 1,,,,not_found,2026-07-08T23:55:34
oks,TT0000-01-0040-001,"п.Вороновское, Варшавское ш., 64-й км, д.1А",п.вороновское варшавское ш 64-й км д1а,,,,not_found,2026-07-08T23:55:36
oks,TT0000-01-0221-001,"Москва, ЦАО, район Пресненский, Краснопресненская набережная, участок № 4 ММДЦ ""Москва-Сити""",москва цао район пресненский краснопресненская набережная участок № 4 ммдц москва-сити,,,,not_found,2026-07-08T23:55:38
oks,TT0000-01-0222-001,"Жуков пр., вл. 8",жуков пр вл 8,55.7231852,37.6386528,nominatim,tertiary,2026-07-08T23:55:40
oks,TT0000-01-0267-001,"Новосходненское шоссе, земельный участок 5А",новосходненское шоссе земельный участок 5а,,,,not_found,2026-07-08T23:55:41
oks,TT0000-01-0271-001,"Краснопресненская набережная, участок № 4 ММДЦ ""Москва-Сити""",краснопресненская набережная участок № 4 ммдц москва-сити,,,,not_found,2026-07-08T23:55:43
oks,TT0000-01-0273-001,"Южное Бутово, коммунальная зона «Гавриково""",южное бутово коммунальная зона гавриково,,,,not_found,2026-07-08T23:55:44
oks,TT0000-01-0274-001,"Лавров переулок, вл. 6",лавров переулок вл 6,55.7333988,37.6607285,nominatim,residential,2026-07-08T23:55:46
oks,TT0000-01-0276-001,"Малая Ордынка, д. 27/5-3, стр. 5",малая ордынка д 27/5-3 стр 5,,,,not_found,2026-07-08T23:55:48
oks,TT0000-01-0277-001,"г. Троицк, ул. Квантовая, д. 8 (г. Москва, г. Троицк, ул. Промышленная)",г. троицк ул квантовая д 8 (г. москва г. троицк ул промышленная),,,,not_found,2026-07-08T23:55:49
oks,TT0000-01-0278-001,"ул. Свиридова Алексея, вл. 17",ул свиридова алексея вл 17,55.7272088,37.4552862,nominatim,residential,2026-07-08T23:55:51
oks,TT0000-01-0279-001,"деревня Большое Покровское, земельный участок 23",деревня большое покровское земельный участок 23,,,,not_found,2026-07-08T23:55:52
oks,TT0000-01-0285-001,Поморская ул. земельный участок 50/5,поморская ул земельный участок 50/5,,,,not_found,2026-07-08T23:55:54
oks,TT0000-01-0293-001,"ул. Яблочкова, вл. 5",ул яблочкова вл 5,55.8173309,37.5813936,nominatim,tertiary,2026-07-08T23:55:56
oks,TT0000-01-0295-001,"п. Шишкин Лес, з/у 30",п. шишкин лес зу 30,,,,not_found,2026-07-08T23:55:57
oks,TT0000-01-0301-001,"территория инновационного центра ""Сколково"", Большой бульвар, 27",территория инновационного центра сколково большой бульвар 27,,,,not_found,2026-07-08T23:55:59
oks,TT0000-01-0311-001,"Молдавская ул. , земельный участок 1",молдавская ул земельный участок 1,,,,not_found,2026-07-08T23:56:00
oks,TT0000-01-0317-001,Ямского поля 1-я ул. вл. 12,ямского поля 1-я ул вл 12,,,,not_found,2026-07-08T23:56:02
oks,TT0000-01-0330-001,"ул. Серёгина, вл. 5-7",ул серегина вл 5-7,,,,not_found,2026-07-08T23:56:04
oks,TT0000-02-0012-001,"проспект Вернадского, вл. 82",проспект вернадского вл 82,55.6768257,37.5002093,nominatim,administrative,2026-07-08T23:56:06
oks,TT0000-02-0022-001,"Бауманская 2-я ул., уч. 5/10",бауманская 2-я ул уч 5/10,,,,not_found,2026-07-08T23:56:07
oks,TT0000-02-0025-001,"Улица Островитянова, 1",улица островитянова 1,55.6325076,37.5367697,nominatim,apartments,2026-07-08T23:56:09
oks,TT0000-02-0026-001,"Бауманская ул., д.57Б, с.2; Бригадирский пер., д.16; Бригадирский пер., д.12, в/г 45Д; Бригадирский пер., д.13, с.2",бауманская ул д57б с.2 бригадирский пер д16 бригадирский пер д12 в/г 45д бригадирский пер д13 с.2,,,,not_found,2026-07-08T23:56:10
oks,TT0000-03-0008-001,"Москва, ЮЗАО, Южное Бутово, Привокзальная площадь у ж/д ст. ""Бутово""",москва юзао южное бутово привокзальная площадь у ж/д ст. бутово,,,,not_found,2026-07-08T23:56:12
oks,TT0000-03-0008-002,"улица Старонародная, земельный участок 1",улица старонародная земельный участок 1,,,,not_found,2026-07-08T23:56:14
oks,TT0000-03-0010-001,"Сиреневый бульвар, пересечение с ул. 15-я Парковая",сиреневый бульвар пересечение с ул 15-я парковая,,,,not_found,2026-07-08T23:56:16
oks,TT0000-03-0025-001,"Зеленоград мкр. 10 (Филаретовская ул.,д.3)",зеленоград мкр. 10 (филаретовская ул д3),,,,not_found,2026-07-08T23:56:17
oks,TT0000-03-0053-001,пересечение ул. Поречная с Перервинским бульваром,пересечение ул поречная с перервинским бульваром,,,,not_found,2026-07-08T23:56:19
oks,TT0000-03-0060-001,"ул. Мосфильмовская, вл. 80",ул мосфильмовская вл 80,55.7086905,37.498808,nominatim,place_of_worship,2026-07-08T23:56:21
oks,TT0000-03-0061-001,"дер Марушкино, ул. Привольная, вл.8",дер марушкино ул привольная вл8,,,,not_found,2026-07-08T23:56:22
oks,TT0000-03-0062-001,"ул. Полоцкая, в районе вл.16",ул полоцкая в районе вл16,,,,not_found,2026-07-08T23:56:24
oks,TT0000-03-0065-001,"Москва, СВАО, Останкинский, Березовая аллея вл. 5 /1",москва свао останкинский березовая аллея вл 5 /1,,,,not_found,2026-07-08T23:56:26
oks,TT0000-03-0066-001,"Москва, СВАО, Северный, Дмитровское шоссе вл. 120 стр. 1",москва свао северный дмитровское шоссе вл 120 стр 1,,,,not_found,2026-07-08T23:56:28
oks,TT0000-03-0075-001,Лужнецкий пр. вл. 15,лужнецкий пр вл 15,55.7228521,37.5554487,nominatim,secondary,2026-07-08T23:56:29
oks,TT0000-03-0081-001,"Самаркандский бульвар, пересечение с ул. Ферганской",самаркандский бульвар пересечение с ул ферганской,,,,not_found,2026-07-08T23:56:31
oks,TT0000-04-0011-001,"ул. Барболина, вл. 22",ул барболина вл 22,55.7884549,37.6847001,nominatim,residential,2026-07-08T23:56:33
oks,TT0000-04-0015-001,"г.Троицк, ФКУ ФМС России ""ЦМПРВ ""Ватутинки-1""",г.троицк фку фмс россии цмпрв ватутинки-1,,,,not_found,2026-07-08T23:56:34
oks,TT0000-04-0074-001,д. Лапшинка,д лапшинка,,,,not_found,2026-07-08T23:56:36
oks,TT0000-04-0171-001,"г. Москва, ул. Правды, вл. 24",г. москва ул правды вл 24,,,,not_found,2026-07-08T23:56:38
oks,TT0000-04-0189-001,"Москва, САО, Хорошевский, ул. 4-я Магистральная, вл. 4, стр. 11, влд. 4/1",москва сао хорошевский ул 4-я магистральная вл 4 стр 11 влд. 4/1,,,,not_found,2026-07-08T23:56:39
oks,TT0000-04-0207-001,Грина ул. вл. 1 корп. 3,грина ул вл 1 корп 3,,,,not_found,2026-07-08T23:56:41
oks,TT0000-04-0215-001,"ул. Лухмановская, вл.4",ул лухмановская вл4,,,,not_found,2026-07-08T23:56:42
oks,TT0000-04-0221-001,Дудкино дер.,дудкино дер,,,,not_found,2026-07-08T23:56:44
oks,TT0000-04-0262-001,вблизи дер. Троицкое,вблизи дер троицкое,,,,not_found,2026-07-08T23:56:45
oks,TT0000-04-0281-001,ул. 2-я Новая,ул 2-я новая,55.6218706,37.4305634,nominatim,residential,2026-07-08T23:56:47
oks,TT0000-04-0290-001,"тер. ТПУ ""Рязанская"", з/у 7; тер. ТПУ ""Рязанская"", з/у 3",тер. тпу рязанская зу 7 тер. тпу рязанская зу 3,,,,not_found,2026-07-08T23:56:49
oks,TT0000-04-0301-001,д.Староселье,дстароселье,,,,not_found,2026-07-08T23:56:51
oks,TT0000-04-0302-001,"д. Изварино, уч. № 64а",д изварино уч № 64а,,,,not_found,2026-07-08T23:56:52
oks,TT0000-04-0303-001,пос. Марьино,пос марьино,55.5465808,37.3050386,nominatim,bus_stop,2026-07-08T23:56:54
oks,TT0000-04-0306-001,"ул. Элеваторная, вл.1А; вл.1А, стр.1, 2, 3",ул элеваторная вл1а вл1а стр1 2 3,,,,not_found,2026-07-08T23:56:55
oks,TT0000-04-0311-001,"проезд Западный 3-й, вл 17, стр 1, 2, 4, 5, 6",проезд западный 3-й вл 17 стр 1 2 4 5 6,,,,not_found,2026-07-08T23:56:57
oks,TT0000-04-0313-001,"ул. Бутырская, з/у 1",ул бутырская зу 1,,,,not_found,2026-07-08T23:56:59
oks,TT0000-04-0316-001,"Мосрентген, земельный участок 5Б",мосрентген земельный участок 5б,,,,not_found,2026-07-08T23:57:00
oks,TT0000-04-0318-001,"г.Москва,ул.Войсковаяуч.No 1. Этап 3: корпус 2",г.москва улвойсковаяуч.no 1. этап 3: корпус 2,,,,not_found,2026-07-08T23:57:02
oks,TT0000-04-0319-001,"г.Москва,ул.Войсковаяуч.No 1. Этап 4: Корпус 3",г.москва улвойсковаяуч.no 1. этап 4: корпус 3,,,,not_found,2026-07-08T23:57:03
oks,TT0000-04-0325-001,Силикатный 2-й пр. вл. 8,силикатный 2-й пр вл 8,,,,not_found,2026-07-08T23:57:05
oks,TT0000-04-0328-001,"Олонецкая вл 14 стр. 1,2,3",олонецкая вл 14 стр 1 2 3,,,,not_found,2026-07-08T23:57:07
oks,TT0000-04-0339-001,"ул. Уточкина, з/у 10, з/у 11",ул уточкина зу 10 зу 11,,,,not_found,2026-07-08T23:57:09
oks,TT0000-04-0340-001,"8-я улица Соколиной Горы, земельный участок 26А",8-я улица соколиной горы земельный участок 26а,,,,not_found,2026-07-08T23:57:10
oks,TT0000-05-0046-002,"г. Москва, ул. Пехотная, д.3, СЗАО, Щукино",г. москва ул пехотная д3 сзао щукино,,,,not_found,2026-07-08T23:57:12
oks,TT0000-05-0054-001,"Москва, ЗАО, район Проспект Вернадского, ул. Лобачевского, вл. 42",москва зао район проспект вернадского ул лобачевского вл 42,,,,not_found,2026-07-08T23:57:13
oks,TT0000-05-0068-001,"Новогиреевская ул., з/у 30/1",новогиреевская ул зу 30/1,,,,not_found,2026-07-08T23:57:15
oks,TT0000-05-0069-001,Панфиловский просп. уч. 18,панфиловский просп. уч 18,55.9772066,37.1566603,nominatim,primary,2026-07-08T23:57:17
oks,TT0000-05-0070-001,"Пролетарский проспект, земельный участок 24/2/1",пролетарский проспект земельный участок 24/2/1,,,,not_found,2026-07-08T23:57:18
oks,TT0000-06-0002-001,"р-н Останкинский, Березовая аллея",р-н останкинский березовая аллея,55.8484734,37.6212401,nominatim,secondary,2026-07-08T23:57:20
oks,TT0000-06-0011-001,"ул. Раменки, влд. 19",ул раменки влд. 19,,,,not_found,2026-07-08T23:57:22
oks,TT0000-06-0027-001,"Волоколамское шоссе, вл.71/17",волоколамское шоссе вл71/17,,,,not_found,2026-07-08T23:57:23
oks,TT0000-06-0029-001,"бульвар Дмитрия Донского, влд. 12-14",бульвар дмитрия донского влд. 12-14,,,,not_found,2026-07-08T23:57:25
oks,TT0000-06-0060-001,вблизи д. Ерино,вблизи д ерино,,,,not_found,2026-07-08T23:57:27
oks,TT0000-08-0034-002,"Калужское шоссе, вл. 52Б, 35 км ( НАО: поселение Десеновское )",калужское шоссе вл 52б 35 км ( нао: поселение десеновское ),,,,not_found,2026-07-08T23:57:28
oks,TT0000-08-0042-001,"Мироновская ул., дом 46А",мироновская ул дом 46а,,,,not_found,2026-07-08T23:57:30
oks,TT0000-08-0072-001,"Фестивальная ул., вл. 16А, стр.1",фестивальная ул вл 16а стр1,,,,not_found,2026-07-08T23:57:31
oks,TT0000-08-0170-001,"Петрозаводская улица, д. 28А",петрозаводская улица д 28а,55.8643521,37.5010155,nominatim,secondary,2026-07-08T23:57:33
oks,TT0000-08-0177-001,"вблизи д. Николо-Хованское, кв-л 7, з/у 2",вблизи д николо-хованское кв-л 7 зу 2,,,,not_found,2026-07-08T23:57:35
oks,TT0000-08-0203-001,земельный участок 13,земельный участок 13,,,,not_found,2026-07-08T23:57:37
oks,TT0000-08-0220-001,"1-я Сестрорецкаяулица, земельный участок 6А",1-я сестрорецкаяулица земельный участок 6а,,,,not_found,2026-07-08T23:57:38
oks,TT0000-08-0227-001,"улица Сормовская, земельный участок 17",улица сормовская земельный участок 17,,,,not_found,2026-07-08T23:57:40
oks,TT0000-08-0327-001,Южнопортовая ул. ( ЮВАО: район Печатники ),южнопортовая ул ( ювао: район печатники ),,,,not_found,2026-07-08T23:57:42
oks,TT0000-08-0332-001,"2-й Хорошевский проезд, вл. 7",2-й хорошевский проезд вл 7,55.7744098,37.532132,nominatim,tertiary,2026-07-08T23:57:44
oks,TT0000-10-0005-001,"улица Введенского, влд. 5",улица введенского влд. 5,,,,not_found,2026-07-08T23:57:45
oks,TT0000-10-0012-002,"ул. Новохохловская, з/у 1 (район Нижегородский, кв.80, между Новохохловской ул. и Третьим транспортным кольцом)",ул новохохловская зу 1 (район нижегородский кв.80 между новохохловской ул и третьим транспортным кольцом),,,,not_found,2026-07-08T23:57:47
oks,TT0000-10-0016-002,"Лавочкина ул., уч. 4",лавочкина ул уч 4,55.8498657,37.5016765,nominatim,residential,2026-07-08T23:57:49
oks,TT0000-10-0017-001,"улица Камова, влд. 24",улица камова влд. 24,,,,not_found,2026-07-08T23:57:50
oks,TT0000-10-0042-001,"Есенинский бульвар, з/у 1 (Есенинский бульвар, напротив вл. 9, корп. 5)",есенинский бульвар зу 1 (есенинский бульвар напротив вл 9 корп 5),,,,not_found,2026-07-08T23:57:52
oks,TT0000-10-0047-001,"ул. Нижние Мневники, вл. 62А (ТПУ ""Мнёвники"", ЗУ 6.1 и 6.2)",ул нижние мневники вл 62а (тпу мневники зу 6.1 и 6.2),,,,not_found,2026-07-08T23:57:53
oks,TT0000-10-0055-001,"Щёлковское шоссе, влд. 92, к. 3",щелковское шоссе влд. 92 к 3,,,,not_found,2026-07-08T23:57:56
oks,TT0000-10-0066-001,Амурская ул. земельный участок 2,амурская ул земельный участок 2,,,,not_found,2026-07-08T23:57:57
oks,TT0000-10-0130-001,"Пересветов пер., влд. 5",пересветов пер влд. 5,,,,not_found,2026-07-08T23:57:59
oks,TT0000-10-0165-001,"1-й квартал Капотня, вл. 8",1-й квартал капотня вл 8,,,,not_found,2026-07-08T23:58:01
oks,TT0000-10-0174-001,"Свободный проспект, влд. 25/27",свободный проспект влд. 25/27,,,,not_found,2026-07-08T23:58:03
oks,TT0000-10-0200-001,"улица Толбухина, дом 2",улица толбухина дом 2,,,,not_found,2026-07-08T23:58:04
oks,TT0000-10-0211-001,"Солнечная аллея, влд.935 (мкр.9, корп.935)",солнечная аллея влд.935 (мкр.9 корп935),,,,not_found,2026-07-08T23:58:06
oks,TT0000-10-0212-001,"ул. Золоторожский Вал, вл. 11/14, 11/15",ул золоторожский вал вл 11/14 11/15,,,,not_found,2026-07-08T23:58:07
oks,TT0000-10-0232-001,"Краснодарская улица, влд. 6",краснодарская улица влд. 6,,,,not_found,2026-07-08T23:58:09
oks,TT0000-10-0263-001,"Базовская ул., з/у 24/26",базовская ул зу 24/26,,,,not_found,2026-07-08T23:58:11
oks,TT0000-10-0272-001,"Кутузовский просп. вл. 12/1, 12/2, 12/4",кутузовский просп. вл 12/1 12/2 12/4,,,,not_found,2026-07-08T23:58:13
oks,TT0000-10-0280-001,Берзарина ул. вл. 32/3,берзарина ул вл 32/3,,,,not_found,2026-07-08T23:58:15
oks,TT0000-10-0285-002,"ул. Автозаводская, з/у 26/1",ул автозаводская зу 26/1,,,,not_found,2026-07-08T23:58:16
oks,TT0000-10-0309-001,"ул. Новочеремушкинская, 56/3",ул новочеремушкинская 56/3,55.6830392,37.5800691,nominatim,tertiary,2026-07-08T23:58:18
oks,TT0000-10-0331-001,Новомихалковский 3-й пр. вл. 8 корп. 1,новомихалковский 3-й пр вл 8 корп 1,,,,not_found,2026-07-08T23:58:20
oks,TT0000-10-0338-001,"Пивченков ул., вл.14",пивченков ул вл14,,,,not_found,2026-07-08T23:58:22
oks,TT0000-10-0346-001,"ул. Речников, вл. 22",ул речников вл 22,55.6804731,37.6907376,nominatim,tertiary,2026-07-08T23:58:24
oks,TT0000-10-0353-001,"улица Лавочкина, уч. 9",улица лавочкина уч 9,55.8498657,37.5016765,nominatim,residential,2026-07-08T23:58:25
oks,TT0000-10-0365-001,"улица Лавочкина, з/у 8",улица лавочкина зу 8,,,,not_found,2026-07-08T23:58:28
oks,TT0000-10-0390-001,"ул. Лобачевского, з/у 1",ул лобачевского зу 1,55.6656805,37.5060646,nominatim,secondary,2026-07-08T23:58:30
oks,TT0000-10-0412-001,"Русаковская улица, д. 2/1, стр.1, стр.2",русаковская улица д 2/1 стр1 стр2,,,,not_found,2026-07-08T23:58:32
oks,TT0000-10-0414-001,"Солнечная аллея вл. 936 (мкр. 9, корп. 936)",солнечная аллея вл 936 (мкр. 9 корп 936),,,,not_found,2026-07-08T23:58:33
oks,TT0000-10-0417-001,"ул. Пятницкая, вл. 16, стр. 3, 6-8, 9-10, 11, 12; Климентовский пер., вл. 12, стр. 4, 6-18; ул. Пятницкая, вл. 16, стр.13; ул. Пятницкая, вл. 20, стр.3; ул. Большая Ордынка, 17/8; ул. Большая Ордынка, вл.19, стр.9",ул пятницкая вл 16 стр 3 6-8 9-10 11 12 климентовский пер вл 12 стр 4 6-18 ул пятницкая вл 16 стр13 ул пятницкая вл 20 стр3 ул большая ордынка 17/8 ул большая ордынка вл19 стр9,,,,not_found,2026-07-08T23:58:35
oks,TT0000-10-0420-001,"Волоколамское шоссе, вл. 95",волоколамское шоссе вл 95,55.8190744,37.4547251,nominatim,secondary,2026-07-08T23:58:37
oks,TT0000-10-0421-001,"ОАО ""Марьинская птицефабрика"", вблизи д.Середнево, уч. № 8-1/1",оао марьинская птицефабрика вблизи дсереднево уч № 8-1/1,,,,not_found,2026-07-08T23:58:39
oks,TT0000-10-0436-001,Открытое шоссе вл. 18/1,открытое шоссе вл 18/1,,,,not_found,2026-07-08T23:58:41
oks,TT0000-10-0449-001,"улица Лавочкина, з/у 10",улица лавочкина зу 10,,,,not_found,2026-07-08T23:58:42
oks,TT0000-10-0459-001,"ул. Плющева, влд.15/3",ул плющева влд.15/3,,,,not_found,2026-07-08T23:58:44
oks,TT0000-10-0473-001,"Фестивальная ул. вл. 13, вл. 13А",фестивальная ул вл 13 вл 13а,,,,not_found,2026-07-08T23:58:46
oks,TT0000-10-0488-001,"улица Нижняя Хохловка, дом 6",улица нижняя хохловка дом 6,55.7290859,37.7224002,nominatim,residential,2026-07-08T23:58:47
oks,TT0000-10-0490-003,"Варшавское шоссе, участок 37 А/1",варшавское шоссе участок 37 а/1,,,,not_found,2026-07-08T23:58:49
oks,TT0000-10-0491-001,"п. Десеновское, квартал 9",п. десеновское квартал 9,,,,not_found,2026-07-08T23:58:51
oks,TT0000-10-0498-001,вблизи д .Николо-Хованское,вблизи д .николо-хованское,,,,not_found,2026-07-08T23:58:52
oks,TT0000-10-0501-001,"Кронштадтский бульвар, вл. 27",кронштадтский бульвар вл 27,55.8437411,37.5027366,nominatim,tertiary,2026-07-08T23:58:54
oks,TT0000-10-0504-001,"у д. Захарково, квартал 120, земельный участок 88",у д захарково квартал 120 земельный участок 88,,,,not_found,2026-07-08T23:58:56
oks,TT0000-10-0511-001,"пр-д Нансена, земельный участок 8",пр-д нансена земельный участок 8,,,,not_found,2026-07-08T23:58:58
oks,TT0000-10-0512-001,"г. Зеленоград, аллея Солнечная",г. зеленоград аллея солнечная,,,,not_found,2026-07-08T23:58:59
oks,TT0000-10-0517-001,Кунцево у д. Захарково,кунцево у д захарково,,,,not_found,2026-07-08T23:59:01
oks,TT0000-10-0552-001,Бабушкина летчика ул. вл. 29 корп. 5,бабушкина летчика ул вл 29 корп 5,,,,not_found,2026-07-08T23:59:03
oks,TT0000-10-0582-001,"Внуковское, д. Рассказовка, уч.13/4",внуковское д рассказовка уч 13/4,,,,not_found,2026-07-08T23:59:04
oks,TT0000-10-0588-003,Рязанский просп. вл. 26/1,рязанский просп. вл 26/1,,,,not_found,2026-07-08T23:59:06
oks,TT0000-10-0593-001,"Кавказский бульвар, земельный участок 51",кавказский бульвар земельный участок 51,,,,not_found,2026-07-08T23:59:08
oks,TT0000-10-0653-001,"поселение Внуковское, д. Рассказовка, уч.№ 13/1.",поселение внуковское д рассказовка уч№ 13/1.,,,,not_found,2026-07-08T23:59:10
oks,TT0000-10-0679-001,"поселение Кокошкино, вблизи деревни Санино",поселение кокошкино вблизи деревни санино,,,,not_found,2026-07-08T23:59:11
oks,TT0000-10-0685-001,"коммунальная зона Гавриково, участок № 2",коммунальная зона гавриково участок № 2,,,,not_found,2026-07-08T23:59:13
oks,TT0000-10-0689-001,"внутригородское муниципальное образование Дорогомилово, проезд Кутузовский, земельный участок 16А/1",внутригородское муниципальное образование дорогомилово проезд кутузовский земельный участок 16а/1,,,,not_found,2026-07-08T23:59:15
oks,TT0000-10-0690-001,"улица Сергея Макеева, владение 11/9, строение 1-10, 13",улица сергея макеева владение 11/9 строение 1-10 13,,,,not_found,2026-07-08T23:59:16
oks,TT0000-10-0690-002,"ул. Сергея Макеева, вл. 11/9, стр. 1-10, 13",ул сергея макеева вл 11/9 стр 1-10 13,,,,not_found,2026-07-08T23:59:18
oks,TT0000-10-0709-001,Спортивная ул. уч. 6А/6,спортивная ул уч 6а/6,,,,not_found,2026-07-08T23:59:19
oks,TT0000-10-0710-001,"ул. Люблинская, д. 52, стр. 1)",ул люблинская д 52 стр 1),,,,not_found,2026-07-08T23:59:21
oks,TT0000-10-0711-001,"Строительный проезд, земельный участок 9/13 (Строительный проезд, вл. 9)",строительный проезд земельный участок 9/13 (строительный проезд вл 9),,,,not_found,2026-07-08T23:59:23
oks,TT0000-10-0712-001,"улица Госпитальный Вал, земельный участок 5/10",улица госпитальный вал земельный участок 5/10,,,,not_found,2026-07-08T23:59:26
oks,TT0000-10-0713-001,"ул. Госпитальный Вал, вл. 3",ул госпитальный вал вл 3,55.772002,37.7070271,nominatim,secondary,2026-07-08T23:59:27
oks,TT0000-10-0717-001,"улица Корнейчука, земельный участок 47А/1 (ул. Корнейчука, вл. 47А)",улица корнейчука земельный участок 47а/1 (ул корнейчука вл 47а),,,,not_found,2026-07-08T23:59:29
oks,TT0000-10-0719-001,внутригородское муниципальное образование Молжаниновский КСХП «Химки»,внутригородское муниципальное образование молжаниновский ксхп химки,,,,not_found,2026-07-08T23:59:30
oks,TT0000-10-0722-001,"Сосенское, дер. Столбово, уч. 40/1",сосенское дер столбово уч 40/1,,,,not_found,2026-07-08T23:59:32
oks,TT0000-10-0725-001,"ул. Нижние Мневники, земельный участок 14",ул нижние мневники земельный участок 14,,,,not_found,2026-07-08T23:59:34
oks,TT0000-10-0730-001,"Саларьево, к.68",саларьево к68,55.6206384,37.4288519,nominatim,village,2026-07-08T23:59:36
oks,TT0000-10-0731-001,"территория, ограниченная проектируемым проездом №1889, Богородским шоссе, улицей Краснобогатырская, проектируемым проездом 422",территория ограниченная проектируемым проездом №1889 богородским шоссе улицей краснобогатырская проектируемым проездом 422,,,,not_found,2026-07-08T23:59:37
oks,TT0000-10-0732-002,"п Сосенское, вблизи д. Николо-Хованское",п сосенское вблизи д николо-хованское,,,,not_found,2026-07-08T23:59:39
oks,TT0000-10-0735-001,"Изумрудная улица, земельный участок 44/1",изумрудная улица земельный участок 44/1,,,,not_found,2026-07-08T23:59:40
oks,TT0000-10-0736-001,"Снежная ул., вл.22, корп.3",снежная ул вл22 корп3,,,,not_found,2026-07-08T23:59:43
oks,TT0000-10-0738-001,"Кавказский бульв., з/у 51/2",кавказский бульв. зу 51/2,,,,not_found,2026-07-08T23:59:44
oks,TT0000-10-0738-002,"Кавказский бульвар, земельный участок 51/2",кавказский бульвар земельный участок 51/2,,,,not_found,2026-07-08T23:59:46
oks,TT0000-10-0740-001,"Любучанская ул., з/у 19",любучанская ул зу 19,,,,not_found,2026-07-08T23:59:48
oks,TT0000-10-0741-001,"Римского- Корсакова ул., з/у 11/12",римского- корсакова ул зу 11/12,,,,not_found,2026-07-08T23:59:49
oks,TT0000-10-0743-001,"Огородный пр., з/у 4/2",огородный пр зу 4/2,,,,not_found,2026-07-08T23:59:51
oks,TT0000-10-0744-001,"поселение Марушкинское, п. совхоза ""Крекшино"", позиция 26",поселение марушкинское п. совхоза крекшино позиция 26,,,,not_found,2026-07-08T23:59:53
oks,TT0000-10-0747-001,"Озерная ул., вл.42",озерная ул вл42,55.6674057,37.4432988,nominatim,primary,2026-07-08T23:59:55
oks,TT0000-10-0748-001,Часовая ул.,часовая ул,55.8082422,37.5311513,nominatim,tertiary,2026-07-08T23:59:57
oks,TT0000-10-0749-001,"Вернадского просп., вл.12Б",вернадского просп. вл12б,55.6768257,37.5002093,nominatim,administrative,2026-07-08T23:59:59
oks,TT0000-10-0751-001,"Жигулевская ул., з/у 12/6",жигулевская ул зу 12/6,,,,not_found,2026-07-09T00:00:00
oks,TT0000-10-0753-001,Большое Свинорье дер. (вблизи),большое свинорье дер (вблизи),,,,not_found,2026-07-09T00:00:02
oks,TT0000-10-0755-001,"Любучанская ул, з/у 4",любучанская ул зу 4,,,,not_found,2026-07-09T00:00:03
oks,TT0000-10-0756-001,"Любучанская ул., з/у 7",любучанская ул зу 7,,,,not_found,2026-07-09T00:00:05
oks,TT0000-10-0765-001,"Дербеневская ул., вл.20",дербеневская ул вл20,55.7201025,37.6448522,nominatim,construction,2026-07-09T00:00:06
oks,TT0000-10-0770-001,"поселение Филимонковское, д. Староселье",поселение филимонковское д староселье,,,,not_found,2026-07-09T00:00:08
oks,TT0000-10-0771-001,"Дубининская ул., вл.59-69",дубининская ул вл59-69,,,,not_found,2026-07-09T00:00:09
oks,TT0000-10-0781-001,"вблизи дер. Столбово кв-л 160, з/у 1В",вблизи дер столбово кв-л 160 зу 1в,,,,not_found,2026-07-09T00:00:11
oks,TT0000-10-0782-001,Чуйкова маршала ул. уч. 9/5/2,чуйкова маршала ул уч 9/5/2,,,,not_found,2026-07-09T00:00:13
oks,TT0000-10-0783-001,Зорге ул. вл. 25,зорге ул вл 25,55.7953866,37.504053,nominatim,tertiary,2026-07-09T00:00:14
oks,TT0000-10-0787-001,"улица Бакинская, вл. 31",улица бакинская вл 31,55.6256324,37.6571114,nominatim,primary,2026-07-09T00:00:16
oks,TT0000-10-0788-001,"Рязанский проспект, земельный участок 6А",рязанский проспект земельный участок 6а,,,,not_found,2026-07-09T00:00:18
oks,TT0000-10-0790-001,Ильменский пр. уч. 8А,ильменский пр уч 8а,55.8581505,37.547069,nominatim,tertiary,2026-07-09T00:00:19
oks,TT0000-10-0792-001,"улица Пржевальского, земельный участок 12 (зона 6.2)",улица пржевальского земельный участок 12 (зона 6.2),,,,not_found,2026-07-09T00:00:21
oks,TT0000-10-0796-001,"улица Годовикова, земельный участок 7 (Годовикова ул., вл. 7)",улица годовикова земельный участок 7 (годовикова ул вл 7),,,,not_found,2026-07-09T00:00:23
oks,TT0000-10-0797-001,"улица Годовикова, земельный участок 12 (Годовикова ул., вл. 12, корп. 1, 2)",улица годовикова земельный участок 12 (годовикова ул вл 12 корп 1 2),,,,not_found,2026-07-09T00:00:25
oks,TT0000-10-0799-001,"Анненская ул., вл. 5, 7, 9",анненская ул вл 5 7 9,,,,not_found,2026-07-09T00:00:26
oks,TT0000-10-0800-001,"Стартовая улица, земельный участок 5/2 (Стартовая ул., вл. 5, корп. 2)",стартовая улица земельный участок 5/2 (стартовая ул вл 5 корп 2),,,,not_found,2026-07-09T00:00:29
oks,TT0000-10-0801-001,"Москва, ЗАО, район Филевский Парк, проезд Береговой, земельный участок 9/1",москва зао район филевский парк проезд береговой земельный участок 9/1,,,,not_found,2026-07-09T00:00:30
oks,TT0000-10-0812-001,"улица Чапаева, земельный участок 4 (Чапаева ул., вл. 4, 6)",улица чапаева земельный участок 4 (чапаева ул вл 4 6),,,,not_found,2026-07-09T00:00:32
oks,TT0000-10-0813-001,"улица Металлургов, земельный участок 30",улица металлургов земельный участок 30,,,,not_found,2026-07-09T00:00:34
oks,TT0000-10-0814-001,"улица Ставропольская, земельный участок 9А",улица ставропольская земельный участок 9а,,,,not_found,2026-07-09T00:00:35
oks,TT0000-10-0816-001,"Изумрудная улица, земельный участок 12А (зона 6.2)",изумрудная улица земельный участок 12а (зона 6.2),,,,not_found,2026-07-09T00:00:37
oks,TT0000-10-0817-001,"шоссе Волоколамское, земельный участок 106 (зона 1.2)",шоссе волоколамское земельный участок 106 (зона 1.2),,,,not_found,2026-07-09T00:00:40
oks,TT0000-10-0827-001,"ул. Эдварда Грига, з/у 14Б",ул эдварда грига зу 14б,,,,not_found,2026-07-09T00:00:41
oks,TT0000-10-0833-001,Макарова адмирала ул. уч. 2/16,макарова адмирала ул уч 2/16,,,,not_found,2026-07-09T00:00:43
oks,TT0000-10-0835-002,"Большой Кисельный пер., д.11, стр.1-5",большой кисельный пер д11 стр1-5,,,,not_found,2026-07-09T00:00:44
oks,TT0000-10-0836-002,"Мичуринский проспект, вл.70",мичуринский проспект вл70,55.6701433,37.4489097,nominatim,primary,2026-07-09T00:00:46
oks,TT0000-10-0839-001,"улица 1-я Ямского Поля, земельный участок 1",улица 1-я ямского поля земельный участок 1,,,,not_found,2026-07-09T00:00:48
oks,TT0000-10-0840-001,"Новодевичий проезд, вл. 6, стр. 2",новодевичий проезд вл 6 стр 2,,,,not_found,2026-07-09T00:00:49
oks,TT0000-10-0842-001,проезд 1-й Красногорский,проезд 1-й красногорский,,,,not_found,2026-07-09T00:00:51
oks,TT0000-10-0884-001,"ул. Нижние Мнёвники, земельный участок 12 (Объект 2)",ул нижние мневники земельный участок 12 (объект 2),,,,not_found,2026-07-09T00:00:53
oks,TT0000-10-0888-001,"улица Каховка, земельный участок 14/2 (кв.38, зона 33.3)",улица каховка земельный участок 14/2 (кв.38 зона 33.3),,,,not_found,2026-07-09T00:00:55
oks,TT0000-10-0889-001,"улица Перекопская, земельный участок 4 ( кв.37, зона 22.3)",улица перекопская земельный участок 4 ( кв.37 зона 22.3),,,,not_found,2026-07-09T00:00:57
oks,TT0000-10-0892-001,"ул. Лобачевского, земельный участок 120А/1",ул лобачевского земельный участок 120а/1,,,,not_found,2026-07-09T00:00:59
oks,TT0000-10-0912-001,"Фрунзенская наб., вл. 30, вл. 30 стр. 2, вл. 30, стр. 19",фрунзенская наб. вл 30 вл 30 стр 2 вл 30 стр 19,,,,not_found,2026-07-09T00:01:00
oks,TT0000-10-0913-001,Ленинградское ш.,ленинградское ш,55.8838468,37.4420495,nominatim,trunk,2026-07-09T00:01:02
oks,TT0000-10-0915-003,"район Кунцево, квартал 120",район кунцево квартал 120,55.8029211,37.3477553,nominatim,quarter,2026-07-09T00:01:04
oks,TT0000-10-0938-001,"ул. Амурская, вл. 2А/1",ул амурская вл 2а/1,55.8063992,37.7566198,nominatim,construction,2026-07-09T00:01:06
oks,TT0000-10-0940-001,"город Москва, вн.тер.г. муниципальный округ Филимонковский, квартал 23, земельный участок 5",город москва вн.тер.г. муниципальный округ филимонковский квартал 23 земельный участок 5,,,,not_found,2026-07-09T00:01:07
oks,TT0000-11-0011-001,"в районе д.Румянцево, уч.№ 17/2л",в районе друмянцево уч№ 17/2л,,,,not_found,2026-07-09T00:01:09
oks,TT0000-11-0011-002,"Солнцево, квартал 32, земельный участок 17Ж",солнцево квартал 32 земельный участок 17ж,,,,not_found,2026-07-09T00:01:10
oks,TT0000-11-0039-001,"ул. Академика Франка, д.23",ул академика франка д23,55.457745,37.2798012,nominatim,tertiary,2026-07-09T00:01:12
oks,TT0000-11-0060-001,"д.Николо-Хованское,на земельном участке с кадастровым номером 50:21:0120114:3108",дниколо-хованское на земельном участке с кадастровым номером 50:21:0120114:3108,,,,not_found,2026-07-09T00:01:14
oks,TT0000-12-0021-001,Капотня 2-й квартал д. 1 корп. 3,капотня 2-й квартал д 1 корп 3,,,,not_found,2026-07-09T00:01:15
oks,TT0000-12-0032-001,"Новохохловская ул., вл. 25; ул. Новохохловская, вл. 25, з/у 1",новохохловская ул вл 25 ул новохохловская вл 25 зу 1,,,,not_found,2026-07-09T00:01:17
oks,TT0000-12-0065-001,"вн. тер. г. поселение Краснопахорское, кв-л 61, з/у 1",вн. тер. г. поселение краснопахорское кв-л 61 зу 1,,,,not_found,2026-07-09T00:01:18
oks,TT0000-12-0066-001,"Нагатинская наб., влд. 74",нагатинская наб. влд. 74,,,,not_found,2026-07-09T00:01:20
oks,TT0000-12-0067-001,район Силино,район силино,56.0017567,37.1688978,nominatim,administrative,2026-07-09T00:01:22
oks,TT0000-13-0146-002,"поселение Десеновское, квартал 61, з/у 13",поселение десеновское квартал 61 зу 13,,,,not_found,2026-07-09T00:01:24
oks,TT0000-13-0636-001,"Москва, п. Московский, д. Саларьево",москва п. московский д саларьево,,,,not_found,2026-07-09T00:01:26
oks,TT0000-13-1474-001,"поселения Десеновское, Филимонковское",поселения десеновское филимонковское,,,,not_found,2026-07-09T00:01:28
oks,TT0000-13-1481-001,"ул. Саларьевская, земельный участок 18 (дер. Картмазово)",ул саларьевская земельный участок 18 (дер картмазово),,,,not_found,2026-07-09T00:01:29
oks,TT0000-13-1548-001,"квартал № 84, земельный участок 4",квартал № 84 земельный участок 4,,,,not_found,2026-07-09T00:01:31
oks,TT0000-13-1582-001,"город Зеленоград, проезд 5557, дом 2",город зеленоград проезд 5557 дом 2,,,,not_found,2026-07-09T00:01:33
oks,TT0000-13-1627-001,"квартал 2, з/у 5",квартал 2 зу 5,55.6324083,37.4556676,nominatim,quarter,2026-07-09T00:01:36
oks,TT0000-14-0119-001,"Вернадского просп. вл. 42-1 А, 42-1 Б",вернадского просп. вл 42-1 а 42-1 б,,,,not_found,2026-07-09T00:01:37
oks,TT0000-14-0128-001,"Москва, ул. Люблинская, вл. 72",москва ул люблинская вл 72,55.645737,37.7454006,nominatim,primary,2026-07-09T00:01:39
oks,TT0000-14-0136-001,ш. Варшавское,ш варшавское,55.6750848,37.6272261,nominatim,post_office,2026-07-09T00:01:41
oks,TT0000-14-0144-001,"Мичуринский проспект, вл. 13/1",мичуринский проспект вл 13/1,55.6990946,37.5126625,nominatim,mall,2026-07-09T00:01:42
oks,TT0000-14-0158-001,"улица Никитина, земельный участок 3",улица никитина земельный участок 3,,,,not_found,2026-07-09T00:01:44
oks,TT0000-15-0221-003,Богородское,богородское,55.2122256,37.0576084,nominatim,hamlet,2026-07-09T00:01:45
oks,TT0000-15-0304-002,район Марьино,район марьино,55.650711,37.7353743,nominatim,administrative,2026-07-09T00:01:47
oks,TT0000-15-0397-002,территория Мневниковской поймы,территория мневниковской поймы,,,,not_found,2026-07-09T00:01:49
oks,TT0000-15-0535-002,"2-й Южнопортовый проезд, 35с1",2-й южнопортовый проезд 35с1,55.7031233,37.6984857,nominatim,yes,2026-07-09T00:01:50
oks,TT0000-16-0089-001,"Москва, ул. Авиамоторная, д.39; 1-ая ул. Энтузиастов, д. 4",москва ул авиамоторная д39 1-ая ул энтузиастов д 4,,,,not_found,2026-07-09T00:01:52
oks,TT0000-16-0214-001,"Рублевское шоссе, земельный участок 66",рублевское шоссе земельный участок 66,,,,not_found,2026-07-09T00:01:54
oks,TT0000-17-0001-002,"Проспект Вернадского, пересечение Рижского направления и Малого кольца Московской железной дороги",проспект вернадского пересечение рижского направления и малого кольца московской железной дороги,,,,not_found,2026-07-09T00:01:55
oks,TT0000-99-0001-001,"улица Конструктора Лукина, дом 14, строение 17",улица конструктора лукина дом 14 строение 17,,,,not_found,2026-07-09T00:01:57
oks,TT0000-99-0049-002,"проспект Будённого, влд. 47Б/1",проспект буденного влд. 47б/1,,,,not_found,2026-07-09T00:01:59
oks,TT0000-99-0091-002,"проспект Мира, д. 119",проспект мира д 119,55.8329472,37.6312455,nominatim,zoo,2026-07-09T00:02:02
oks,TT0000-99-0208-002,"ул. Артюхиной, влд. 26А, з/у 1 (Артюхиной ул., вл. 26А)",ул артюхиной влд. 26а зу 1 (артюхиной ул вл 26а),,,,not_found,2026-07-09T00:02:03
oks,TT0000-99-0385-001,"ул. Демьяна Бедного, земельный участок 22/3",ул демьяна бедного земельный участок 22/3,,,,not_found,2026-07-09T00:02:05
oks,TT0000-99-0427-001,"Магистральный 1-й туп., вл. 6а",магистральный 1-й туп. вл 6а,,,,not_found,2026-07-09T00:02:06
oks,TT0000-99-0439-001,"Промышленная ул. (г.Троицк) з/у 3, д. 3",промышленная ул (г.троицк) зу 3 д 3,,,,not_found,2026-07-09T00:02:09
oks,TT0000-99-0443-001,"2-я Владимирская улица, вл. 13",2-я владимирская улица вл 13,55.7632446,37.7773438,nominatim,tertiary,2026-07-09T00:02:11
oks,TT0000-99-0476-001,"ул. Оренбургская, влд.4",ул оренбургская влд.4,,,,not_found,2026-07-09T00:02:12
oks,TT0000-99-0617-001,Лобачевского ул. вл. 62,лобачевского ул вл 62,55.6656805,37.5060646,nominatim,secondary,2026-07-09T00:02:14
oks,TT0000-99-0701-001,Говорова ул. вл. 14/16,говорова ул вл 14/16,,,,not_found,2026-07-09T00:02:16
oks,TT0000-99-0756-001,"улица Москворечье, д. 4, к. 1",улица москворечье д 4 к 1,,,,not_found,2026-07-09T00:02:18
oks,TT0000-99-0779-001,"Новохорошевский пр-д, вл. 6/1",новохорошевский пр-д вл 6/1,,,,not_found,2026-07-09T00:02:20
oks,TT0000-99-0806-001,"Владимирская 1-я ул., земельный участок 47/1 (1-я Владимирская ул., вл. 47)",владимирская 1-я ул земельный участок 47/1 (1-я владимирская ул вл 47),,,,not_found,2026-07-09T00:02:22
oks,TT0000-99-0871-001,"Гродненская улица, влд. 7/9",гродненская улица влд. 7/9,,,,not_found,2026-07-09T00:02:23
oks,TT0000-99-0873-001,"улица Летчика Бабушкина, земельный участок 42/1",улица летчика бабушкина земельный участок 42/1,,,,not_found,2026-07-09T00:02:25
oks,TT0000-99-0887-001,"ул. Николая Старостина, з/у 8А",ул николая старостина зу 8а,,,,not_found,2026-07-09T00:02:27
oks,TT0000-99-0907-001,"Машиностроения 1-я ул., вл. 5А",машиностроения 1-я ул вл 5а,,,,not_found,2026-07-09T00:02:28
oks,TT0000-99-0924-001,"ул. Остафьевская, к. ""Г""",ул остафьевская к г,,,,not_found,2026-07-09T00:02:30
oks,TT0000-99-0926-001,"Грайвороново, кв. 90А корп. 12",грайвороново кв. 90а корп 12,,,,not_found,2026-07-09T00:02:32
oks,TT0000-99-0940-001,"Загорьевская улица, влд. 2/2",загорьевская улица влд. 2/2,,,,not_found,2026-07-09T00:02:34
oks,TT0000-99-0942-001,"Большая Филёвская улица, влд. 6А",большая филевская улица влд. 6а,,,,not_found,2026-07-09T00:02:36
oks,TT0000-99-0977-001,"Верхние Поля ул., з/у19",верхние поля ул зу 19,,,,not_found,2026-07-09T00:02:37
oks,TT0000-99-1144-001,"ул. Лужники, дом 24, строение 56",ул лужники дом 24 строение 56,,,,not_found,2026-07-09T00:02:39
oks,TT0000-99-1164-001,"Артюхиной ул., вл. 24",артюхиной ул вл 24,55.7024011,37.7370952,nominatim,residential,2026-07-09T00:02:40
oks,TT0000-99-1304-001,Алтуфьевское шоссе д. 100,алтуфьевское шоссе д 100,55.853884,37.5845346,nominatim,primary,2026-07-09T00:02:42
oks,TT0000-99-1551-001,Вавилова 76,вавилова 76,55.6984105,37.5842389,nominatim,garages,2026-07-09T00:02:44
oks,TT0000-99-1610-001,"Чечёрский проезд, влд. 28, участок 1",чечерский проезд влд. 28 участок 1,,,,not_found,2026-07-09T00:02:46
oks,TT0000-99-1636-001,"Клинская улица, влд. 24",клинская улица влд. 24,,,,not_found,2026-07-09T00:02:47
oks,TT0000-99-1822-001,"Касимовская ул., вл. 39/2",касимовская ул вл 39/2,,,,not_found,2026-07-09T00:02:49
oks,TT0000-99-1935-001,"Москва, ЗелАО, Силино, Российская Федерация, город Москва, внутригородская территория муниципальный округ Силино, город Зеленоград, улица Конструктора Лукина, дом 14, строение 16",москва зелао силино российская федерация город москва внутригородская территория муниципальный округ силино город зеленоград улица конструктора лукина дом 14 строение 16,,,,not_found,2026-07-09T00:02:50
oks,TT0000-99-2072-001,"Ставропольская ул., вл.4, корп.2",ставропольская ул вл4 корп2,,,,not_found,2026-07-09T00:02:52
oks,TT0000-99-2075-001,"ул. Константина Федина, вл. 5",ул константина федина вл 5,55.8065524,37.7977201,nominatim,residential,2026-07-09T00:02:54
oks,TT0000-99-2175-001,"улица Генерала Рычагова, земельный участок 14/2",улица генерала рычагова земельный участок 14/2,,,,not_found,2026-07-09T00:02:56
oks,TT0000-99-2392-001,Парковая 9-я ул. вл. 68/2/3,парковая 9-я ул вл 68/2/3,,,,not_found,2026-07-09T00:02:58
oks,TT0000-99-2454-001,"Утренняя улица, влд. 20, стр. 2",утренняя улица влд. 20 стр 2,,,,not_found,2026-07-09T00:03:00
oks,TT0000-99-2554-001,"ул. Дубравная, вл. 50/1",ул дубравная вл 50/1,,,,not_found,2026-07-09T00:03:01
oks,TT0000-99-2559-001,"9-я улица Соколиной Горы, д. 9",9-я улица соколиной горы д 9,55.7737213,37.7423598,nominatim,tertiary,2026-07-09T00:03:03
oks,TT0000-99-2616-001,"Лобачевского ул., земельный участок 28/36",лобачевского ул земельный участок 28/36,,,,not_found,2026-07-09T00:03:05
oks,TT0000-99-2636-001,"п. Воскресенское, влд. 67А",п. воскресенское влд. 67а,,,,not_found,2026-07-09T00:03:06
oks,TT0000-99-2763-001,"ул. Одесская, земельный участок 4 (ул. Одесская, вл. 4, стр. 1-7) (Зона1.1)",ул одесская земельный участок 4 (ул одесская вл 4 стр 1-7) (зона1.1),,,,not_found,2026-07-09T00:03:08
oks,TT0000-99-2789-001,"проезд Черепановых, влд. 56А",проезд черепановых влд. 56а,,,,not_found,2026-07-09T00:03:10
oks,TT0000-99-3117-001,Часовая ул. д. 27/12,часовая ул д 27/12,,,,not_found,2026-07-09T00:03:11
oks,TT0000-99-3126-001,Анохина академика ул. вл. 40 корп. 2,анохина академика ул вл 40 корп 2,,,,not_found,2026-07-09T00:03:13
oks,TT0000-99-3156-001,"Вишневского Всеволода ул., уч. 11",вишневского всеволода ул уч 11,,,,not_found,2026-07-09T00:03:15
oks,TT0000-99-3176-001,"Амурская улица, земельный участок 1.1, Корпус 9",амурская улица земельный участок 1.1 корпус 9,,,,not_found,2026-07-09T00:03:16
oks,TT0000-99-3286-001,"Радиальная 6-я ул., вл.7, участок 20",радиальная 6-я ул вл7 участок 20,,,,not_found,2026-07-09T00:03:18
oks,TT0000-99-3483-001,"Волгоградский проспект, земельный участок 101/ 2 (Волгоградский пр-т, влд. 101, к. 2)",волгоградский проспект земельный участок 101/ 2 (волгоградский пр-т влд. 101 к 2),,,,not_found,2026-07-09T00:03:19
oks,TT0000-99-3519-001,"Зеленодольская ул., вл. 30",зеленодольская ул вл 30,55.7045765,37.7667175,nominatim,tertiary,2026-07-09T00:03:21
oks,TT0000-99-3758-001,9-я Северная Линия вл.3,9-я северная линия вл3,55.936695,37.5505229,nominatim,residential,2026-07-09T00:03:24
oks,TT0000-99-3808-001,"ул. Новогиреевская. вл. 24А/1, вл. 24А/2",ул новогиреевская. вл 24а/1 вл 24а/2,,,,not_found,2026-07-09T00:03:25
oks,TT0000-99-3935-001,"ул. Федина Константина, вл. 3",ул федина константина вл 3,,,,not_found,2026-07-09T00:03:27
oks,TT0000-99-4043-001,"Соколиной горы 5-я ул., земельный участок 21А",соколиной горы 5-я ул земельный участок 21а,,,,not_found,2026-07-09T00:03:29
oks,TT0000-99-4083-001,"Новохорошевский пр-д, влд. 24/3/1",новохорошевский пр-д влд. 24/3/1,,,,not_found,2026-07-09T00:03:30
oks,TT0000-99-4330-001,пересечение Новоясеневского проспекта с ул. Ясногорской и ул. Тарусской,пересечение новоясеневского проспекта с ул ясногорской и ул тарусской,,,,not_found,2026-07-09T00:03:32
oks,TT0000-99-4403-001,"Кастанаевская улица, вл. 32",кастанаевская улица вл 32,55.740897,37.5002275,nominatim,tertiary,2026-07-09T00:03:33
oks,TT0000-99-4500-001,"Волгоградский проспект, вл. 155",волгоградский проспект вл 155,,,,not_found,2026-07-09T00:03:35
oks,TT0000-99-4506-001,"деревня Лапшинка, земельный участок 57Б/1",деревня лапшинка земельный участок 57б/1,,,,not_found,2026-07-09T00:03:36
oks,TT0000-99-4673-001,"Капотня, кв. 2, з/у 21",капотня кв. 2 зу 21,,,,not_found,2026-07-09T00:03:39
oks,TT0000-99-5037-001,"2-й Лихачевский пер., земельный участок 4",2-й лихачевский пер земельный участок 4,,,,not_found,2026-07-09T00:03:41
oks,TT0000-99-5262-001,"3-я Владимирская улица, земельный участок 23 (3-я Владимирская улица, вл.23)",3-я владимирская улица земельный участок 23 (3-я владимирская улица вл23),,,,not_found,2026-07-09T00:03:43
oks,TT0000-99-5316-001,"ул. Академика Скрябина, вл. 3/1",ул академика скрябина вл 3/1,55.7082279,37.7948035,nominatim,secondary,2026-07-09T00:03:44
oks,TT0000-99-5348-001,"Гражданская 3-я ул., вл. 35",гражданская 3-я ул вл 35,,,,not_found,2026-07-09T00:03:46
oks,TT0000-99-5602-001,"Вернадского просп., вл. 12Б",вернадского просп. вл 12б,55.6768257,37.5002093,nominatim,administrative,2026-07-09T00:03:48
oks,TT0000-99-5616-001,"вн. тер. г. муниципальный округ Печатники, проезд Шоссейный, земельный участок 26",вн. тер. г. муниципальный округ печатники проезд шоссейный земельный участок 26,,,,not_found,2026-07-09T00:03:50
oks,TT0000-99-5635-001,Годовикова ул. вл. 10,годовикова ул вл 10,55.808648,37.6304622,nominatim,tertiary,2026-07-09T00:03:51
oks,TT0000-99-5648-001,"поселение Краснопахорское, городской округ Троицк",поселение краснопахорское городской округ троицк,,,,not_found,2026-07-09T00:03:53
oks,TT0000-99-5727-001,"Клязьминская улица, влд. 28А",клязьминская улица влд. 28а,,,,not_found,2026-07-09T00:03:54
oks,TT0000-99-5781-001,"Судостроительная ул., вл. 5",судостроительная ул вл 5,55.6820448,37.6787001,nominatim,tertiary,2026-07-09T00:03:56
oks,TT0000-99-5835-001,"Люблинская ул., з/у 113/3",люблинская ул зу 113/3,,,,not_found,2026-07-09T00:03:57
oks,TT0000-99-5960-001,"ул. Радужная, влд.15, к. 3, стр. 1/1 и 1/2 (напротив вл. 15, корп. 2)",ул радужная влд.15 к 3 стр 1/1 и 1/2 (напротив вл 15 корп 2),,,,not_found,2026-07-09T00:03:59
oks,TT0000-99-6088-001,"Ереванская ул. земельный участок 6/2 (вл. 6, корп. 2)",ереванская ул земельный участок 6/2 (вл 6 корп 2),,,,not_found,2026-07-09T00:04:00
oks,TT0000-99-6145-001,"Москва, ЦАО, район Басманный, Госпитальная набережная, вл. 4, стр. 1А",москва цао район басманный госпитальная набережная вл 4 стр 1а,,,,not_found,2026-07-09T00:04:02
oks,TT0000-99-6145-002,"Госпитальная набережная, вл. 4, стр.1А",госпитальная набережная вл 4 стр1а,,,,not_found,2026-07-09T00:04:04
oks,TT0000-99-6185-001,"Анненская улица, д. 6",анненская улица д 6,55.8047034,37.6100712,nominatim,tertiary,2026-07-09T00:04:05
oks,TT0000-99-6415-001,район Рязанский (Окская ул.),район рязанский (окская ул),55.7112359,37.7518108,nominatim,unclassified,2026-07-09T00:04:07
oks,TT0000-99-6444-001,"ТПУ ""Мамыри""",тпу мамыри,,,,not_found,2026-07-09T00:04:08
oks,TT0000-99-6452-001,"улица Олеко Дундича, дом 31, корпус 1",улица олеко дундича дом 31 корпус 1,,,,not_found,2026-07-09T00:04:10
oks,TT0000-99-6472-001,"ул. Ульянова Дмитрия, уч. 47",ул ульянова дмитрия уч 47,,,,not_found,2026-07-09T00:04:11
oks,TT0000-99-6595-001,ул. Красных зорь д. 23,ул красных зорь д 23,55.7262991,37.4351386,nominatim,tertiary,2026-07-09T00:04:13
oks,TT0000-99-6702-001,"Пивченкова ул., з/у 1",пивченкова ул зу 1,55.7336118,37.4776574,nominatim,residential,2026-07-09T00:04:14
oks,TT0000-99-6716-001,"ул. 6-я Радиальная, вл. 7",ул 6-я радиальная вл 7,,,,not_found,2026-07-09T00:04:16
oks,TT0000-99-6800-001,"Дмитровское ш., д.55, корп.1",дмитровское ш д55 корп1,,,,not_found,2026-07-09T00:04:18
oks,TT0000-99-6826-001,"ул. Пресненский Вал, вл. 27",ул пресненский вал вл 27,55.7677477,37.5649198,nominatim,secondary,2026-07-09T00:04:20
oks,TT0000-99-6828-001,"Ярославская улица, влд. 12",ярославская улица влд. 12,,,,not_found,2026-07-09T00:04:22
oks,TT0000-99-6992-001,Горбунова ул. вл. 11/3,горбунова ул вл 11/3,,,,not_found,2026-07-09T00:04:23
oks,TT0000-99-7060-001,"Давыдковская улица, влд. 10",давыдковская улица влд. 10,,,,not_found,2026-07-09T00:04:25
oks,TT0000-99-7159-001,"Люблинская ул., з/у 111/3",люблинская ул зу 111/3,,,,not_found,2026-07-09T00:04:26
oks,TT0000-99-7426-001,"Балаклавский проспект, вл. 33, корпус 3",балаклавский проспект вл 33 корпус 3,,,,not_found,2026-07-09T00:04:28
oks,TT0000-99-7460-001,"ул. 6-я Радиальная, влд. 7, участок 18",ул 6-я радиальная влд. 7 участок 18,,,,not_found,2026-07-09T00:04:30
oks,TT0000-99-7587-001,Синявинская ул. вл. 13,синявинская ул вл 13,55.9480726,37.3503702,nominatim,living_street,2026-07-09T00:04:31
oks,TT0000-99-7595-008,"п. Сосенское, п. Коммунарка",п. сосенское п. коммунарка,,,,not_found,2026-07-09T00:04:33
oks,TT0000-99-7601-001,Королева академика ул. вл. 21 (земельный участок 21/1),королева академика ул вл 21 (земельный участок 21/1),,,,not_found,2026-07-09T00:04:34
oks,TT0000-99-7605-001,"Никитинская улица, земельный участок 21/1/3 (Никитинская ул., вл. 21, корп. 1, 3)",никитинская улица земельный участок 21/1/3 (никитинская ул вл 21 корп 1 3),,,,not_found,2026-07-09T00:04:36
oks,TT0000-99-7617-002,"Tерритория инновационного центра ""Сколково"", Большой бульвар 43",tерритория инновационного центра сколково большой бульвар 43,,,,not_found,2026-07-09T00:04:38
oks,TT0000-99-7617-003,"Tерритория инновационного центра ""Сколково"", Большой бульвар 41",tерритория инновационного центра сколково большой бульвар 41,,,,not_found,2026-07-09T00:04:40
oks,TT0000-99-7617-004,"Tерритория инновационного центра ""Сколково"", Малевича 6",tерритория инновационного центра сколково малевича 6,,,,not_found,2026-07-09T00:04:41
oks,TT0000-99-7617-005,"Tерритория инновационного центра ""Сколково"", Малевича 4",tерритория инновационного центра сколково малевича 4,,,,not_found,2026-07-09T00:04:43
oks,TT0000-99-7617-006,"г. Москва, территория инновационного центра ""Сколково"", Большой бульвар 41, 43, 45, ул. Малевича 2, 3, 4, 5, 6, 7",г. москва территория инновационного центра сколково большой бульвар 41 43 45 ул малевича 2 3 4 5 6 7,,,,not_found,2026-07-09T00:04:44
oks,TT0000-99-7617-007,"Tерритория инновационного центра ""Сколково"", Малевича 7",tерритория инновационного центра сколково малевича 7,,,,not_found,2026-07-09T00:04:46
oks,TT0000-99-7617-008,"Tерритория инновационного центра ""Сколково"", Малевича 5",tерритория инновационного центра сколково малевича 5,,,,not_found,2026-07-09T00:04:48
oks,TT0000-99-7617-009,"Tерритория инновационного центра ""Сколково"", Малевича 3",tерритория инновационного центра сколково малевича 3,,,,not_found,2026-07-09T00:04:50
oks,TT0000-99-7652-001,"улица Яблочкова, земельный участок 26А",улица яблочкова земельный участок 26а,,,,not_found,2026-07-09T00:04:52
oks,TT0000-99-7658-001,"Волгоградский проспект, земельный участок 107/4 (Волгоградский пр-т, вл. 107, к.4)",волгоградский проспект земельный участок 107/4 (волгоградский пр-т вл 107 к4),,,,not_found,2026-07-09T00:04:53
oks,TT0000-99-7671-001,"Лобненская ул., вл. 10",лобненская ул вл 10,55.8901511,37.5302196,nominatim,tertiary,2026-07-09T00:04:55
oks,TT0000-99-7672-001,"улица Новохохловская, земельный участок 15/2 (Новохохловская ул., вл. 15/2)",улица новохохловская земельный участок 15/2 (новохохловская ул вл 15/2),,,,not_found,2026-07-09T00:04:56
oks,TT0000-99-7684-001,Мира просп. вл. 222/2,мира просп. вл 222/2,,,,not_found,2026-07-09T00:04:59
oks,TT0000-99-7690-001,"Коровинское шоссе, земельный участок 4/6",коровинское шоссе земельный участок 4/6,,,,not_found,2026-07-09T00:05:00
oks,TT0000-99-7694-001,"2-я Дубровская улица, земельный участок 1",2-я дубровская улица земельный участок 1,,,,not_found,2026-07-09T00:05:02
oks,TT0000-99-7695-001,Илимская ул. уч. 5,илимская ул уч 5,55.8913032,37.5709844,nominatim,tertiary,2026-07-09T00:05:03
oks,TT0000-99-7699-001,"1-й Волоколамский пр-д, влд. 7, корп. 1",1-й волоколамский пр-д влд. 7 корп 1,,,,not_found,2026-07-09T00:05:05
oks,TT0000-99-7700-001,"Большая Черемушкинская улица, земельный участок 26/2",большая черемушкинская улица земельный участок 26/2,,,,not_found,2026-07-09T00:05:06
oks,TT0000-99-7706-001,"Дмитровское шоссе, земельный участок 36/2 (Зоны 2.1, 2.2, 2.3)",дмитровское шоссе земельный участок 36/2 (зоны 2.1 2.2 2.3),,,,not_found,2026-07-09T00:05:09
oks,TT0000-99-7707-001,Дмитровское шоссе уч. 32/1,дмитровское шоссе уч 32/1,,,,not_found,2026-07-09T00:05:10
oks,TT0000-99-7709-001,"Восточная улица, вл. 4А",восточная улица вл 4а,55.7149468,37.6600031,nominatim,secondary,2026-07-09T00:05:12
oks,TT0000-99-7710-001,"Культурно-спортивный центр ""Печатники""",культурно-спортивный центр печатники,,,,not_found,2026-07-09T00:05:14
oks,TT0000-99-7712-001,"ул. Малая Юшуньская, д. 12, корп. 1",ул малая юшуньская д 12 корп 1,,,,not_found,2026-07-09T00:05:15
oks,TT0000-99-7717-001,"Открытое шоссе, земельный участок 27/6/7 (участок 11.2)",открытое шоссе земельный участок 27/6/7 (участок 11.2),,,,not_found,2026-07-09T00:05:17
oks,TT0000-99-7719-001,"улица Кременчугская, вл. 11-17",улица кременчугская вл 11-17,,,,not_found,2026-07-09T00:05:19
oks,TT0000-99-7731-001,"шоссе Энтузиастов, вл. 4",шоссе энтузиастов вл 4,55.7620919,37.7710285,nominatim,primary,2026-07-09T00:05:20
oks,TT0000-99-7747-001,"Окружная улица, земельный участок 2А",окружная улица земельный участок 2а,,,,not_found,2026-07-09T00:05:22
oks,TT0000-99-7748-001,"Даниловская наб., вл. 8",даниловская наб. вл 8,55.7087579,37.6337043,nominatim,secondary,2026-07-09T00:05:23
oks,TT0000-99-7749-001,"ул. Щербаковская, земельный участок 5А",ул щербаковская земельный участок 5а,,,,not_found,2026-07-09T00:05:25
oks,TT0000-99-7750-001,Улица Мироновская Земельный участок 32,улица мироновская земельный участок 32,,,,not_found,2026-07-09T00:05:27
oks,TT0000-99-7751-001,"Лосевская улица, земельный участок 3А (Лосевская улица, вблизи д. 3)",лосевская улица земельный участок 3а (лосевская улица вблизи д 3),,,,not_found,2026-07-09T00:05:29
oks,TT0000-99-7753-001,"3-й Нижнелихоборский проезд, вл. 5, стр. 1",3-й нижнелихоборский проезд вл 5 стр 1,,,,not_found,2026-07-09T00:05:31
oks,TT0000-99-7756-001,"улица Перекопская, земельный участок 27",улица перекопская земельный участок 27,,,,not_found,2026-07-09T00:05:32
oks,TT0000-99-7757-001,Чуйкова маршала ул. уч. 9/5/1,чуйкова маршала ул уч 9/5/1,,,,not_found,2026-07-09T00:05:34
oks,TT0000-99-7759-001,"Варшавское шоссе, земельный участок 90/1 (участок 5.1)",варшавское шоссе земельный участок 90/1 (участок 5.1),,,,not_found,2026-07-09T00:05:35
oks,TT0000-99-7760-001,"Байкальская ул., з/у 28/3",байкальская ул зу 28/3,,,,not_found,2026-07-09T00:05:37
oks,TT0000-99-7761-001,"Нагатинская ул, вл.1/4 (Нагатинская ул, вл.1)",нагатинская ул вл1/4 (нагатинская ул вл1),,,,not_found,2026-07-09T00:05:39
oks,TT0000-99-7764-001,"ул. Артековская, з/у 7/6",ул артековская зу 7/6,,,,not_found,2026-07-09T00:05:40
oks,TT0000-99-7767-001,"ул. Юных Ленинцев, земельный участок 44/3 (зоны 2.5 и 2.7)",ул юных ленинцев земельный участок 44/3 (зоны 2.5 и 2.7),,,,not_found,2026-07-09T00:05:42
oks,TT0000-99-7768-001,"улица Академика Скрябина, земельный участок 40 (участка 13.1 и 13.2)",улица академика скрябина земельный участок 40 (участка 13.1 и 13.2),,,,not_found,2026-07-09T00:05:44
oks,TT0000-99-7782-001,Посланников пер. уч. 18,посланников пер уч 18,55.7701498,37.6819801,nominatim,residential,2026-07-09T00:05:46
oks,TT0000-99-7783-001,"ул. Краснобогатырская, земельный участок 38А (Краснобогатырская ул., вблизи вл. 38)",ул краснобогатырская земельный участок 38а (краснобогатырская ул вблизи вл 38),,,,not_found,2026-07-09T00:05:48
oks,TT0000-99-7785-001,"ул. Гаврикова, земельный участок 3",ул гаврикова земельный участок 3,,,,not_found,2026-07-09T00:05:49
oks,TT0000-99-7787-001,"ул. Смольная, земельный участок 23",ул смольная земельный участок 23,,,,not_found,2026-07-09T00:05:51
oks,TT0000-99-7788-001,"Карельский бульвар, земельный участок 14/16",карельский бульвар земельный участок 14/16,,,,not_found,2026-07-09T00:05:52
oks,TT0000-99-7789-001,Кавказский з/у 27,кавказский зу 27,,,,not_found,2026-07-09T00:05:55
oks,TT0000-99-7790-001,"улица Маршала Ерёменко, земельный участок 2 (зона 36)",улица маршала еременко земельный участок 2 (зона 36),,,,not_found,2026-07-09T00:05:56
oks,TT0000-99-7792-001,"Коровинское шоссе, з/у 29",коровинское шоссе зу 29,,,,not_found,2026-07-09T00:05:58
oks,TT0000-99-7793-001,3-й Михалковский переулок,3-й михалковский переулок,55.8358463,37.5266937,nominatim,residential,2026-07-09T00:06:00
oks,TT0000-99-7794-001,Тайнинская ул. уч. 11,тайнинская ул уч 11,55.8828453,37.6852568,nominatim,secondary,2026-07-09T00:06:01
oks,TT0000-99-7795-001,"Измайловский бульв., з/у 71",измайловский бульв. зу 71,,,,not_found,2026-07-09T00:06:03
oks,TT0000-99-7796-001,"7-я Парковая улица, земельный участок 19А (7-я Парковая улица, земельный участок 19)",7-я парковая улица земельный участок 19а (7-я парковая улица земельный участок 19),,,,not_found,2026-07-09T00:06:04
oks,TT0000-99-7798-001,"3-я Прядильная улица, земельный участок 14",3-я прядильная улица земельный участок 14,,,,not_found,2026-07-09T00:06:06
oks,TT0000-99-7799-001,"3-я Прядильная улица, земельный участок 10",3-я прядильная улица земельный участок 10,,,,not_found,2026-07-09T00:06:07
oks,TT0000-99-7800-001,"Никитинская улица, земельный участок 19/1/2",никитинская улица земельный участок 19/1/2,,,,not_found,2026-07-09T00:06:09
oks,TT0000-99-7802-001,"Бочковаул., з/у 11А/1",бочковаул. зу 11а/1,,,,not_found,2026-07-09T00:06:10
oks,TT0000-99-7806-001,"2-я Владимирская улица, земельный участок 28/30",2-я владимирская улица земельный участок 28/30,,,,not_found,2026-07-09T00:06:12
oks,TT0000-99-7809-001,"Северное Измайлово, 11-я Парковая улица, земельный участок 53 (11-я Парковая ул., вл. 53) (зона 72.3) (к.39)",северное измайлово 11-я парковая улица земельный участок 53 (11-я парковая ул вл 53) (зона 72.3) (к39),,,,not_found,2026-07-09T00:06:14
oks,TT0000-99-7810-001,"Восточная ул., 1",восточная ул 1,55.7144688,37.6578813,nominatim,community_centre,2026-07-09T00:06:16
oks,TT0000-99-7812-001,"улица Бехтерева, земельный участок 3/5/2",улица бехтерева земельный участок 3/5/2,,,,not_found,2026-07-09T00:06:17
oks,TT0000-99-7813-001,"Ереванская ул., з/у 4",ереванская ул зу 4,,,,not_found,2026-07-09T00:06:19
oks,TT0000-99-7814-001,"Кантемировская ул., 43",кантемировская ул 43,55.6367629,37.6821392,nominatim,secondary,2026-07-09T00:06:20
oks,TT0000-99-7815-001,"ул. Кантемировская, д. 35",ул кантемировская д 35,55.6406296,37.6224854,nominatim,secondary,2026-07-09T00:06:22
oks,TT0000-99-7817-001,"микрорайон 6 района Коньково, зона 1.3 (Введенского ул., вл. 9)",микрорайон 6 района коньково зона 1.3 (введенского ул вл 9),,,,not_found,2026-07-09T00:06:23
oks,TT0000-99-7818-001,Большая Очаковская д 45 к 1,большая очаковская д 45 к 1,,,,not_found,2026-07-09T00:06:26
oks,TT0000-99-7819-001,"ул. Веерная, земельный участок 28А",ул веерная земельный участок 28а,,,,not_found,2026-07-09T00:06:27
oks,TT0000-99-7820-001,Парковая уч. 7,парковая уч 7,55.8046369,37.8120143,nominatim,tertiary,2026-07-09T00:06:31
oks,TT0000-99-7821-001,"набережная Новикова-Прибоя, земельный участок 6/2 (Новикова Прибоя наб., вл. 6, корп.2, корп.3)",набережная новикова-прибоя земельный участок 6/2 (новикова прибоя наб. вл 6 корп2 корп3),,,,not_found,2026-07-09T00:06:33
oks,TT0000-99-7822-001,Глаголева генерала ул. уч. 9,глаголева генерала ул уч 9,,,,not_found,2026-07-09T00:06:34
oks,TT0000-99-7826-001,"ул. Авиационная, д. 61, корп. 2",ул авиационная д 61 корп 2,,,,not_found,2026-07-09T00:06:36
oks,TT0000-99-7828-001,"ул. Заводская, д. 12Б; ул. Заводская, д. 14; ул. Заводская, д. 14А; ул. Заводская, д. 16)",ул заводская д 12б ул заводская д 14 ул заводская д 14а ул заводская д 16),,,,not_found,2026-07-09T00:06:38
oks,TT0000-99-7829-001,"г Зеленоград, ул Заводская 8",г зеленоград ул заводская 8,,,,not_found,2026-07-09T00:06:39
oks,TT0000-99-7830-001,"Панфиловский проспект, з/у 927 (Зеленоград, вл. 927)",панфиловский проспект зу 927 (зеленоград вл 927),,,,not_found,2026-07-09T00:06:41
oks,TT0000-99-7835-001,"Черноморский бульвар, земельный участок 20 (участок 6.1)",черноморский бульвар земельный участок 20 (участок 6.1),,,,not_found,2026-07-09T00:06:43
oks,TT0000-99-7845-001,"Бескудниковский бульвар, земельный участок 50",бескудниковский бульвар земельный участок 50,,,,not_found,2026-07-09T00:06:44
oks,TT0000-99-7847-001,"Лобненская ул., з/у9А",лобненская ул зу 9а,,,,not_found,2026-07-09T00:06:46
oks,TT0000-99-7848-001,Михалковская ул. вл. 10,михалковская ул вл 10,55.8376768,37.5114605,nominatim,tertiary,2026-07-09T00:06:47
oks,TT0000-99-7849-001,"город Щербинка, улица 40 лет Октября, земельный участок 12",город щербинка улица 40 лет октября земельный участок 12,,,,not_found,2026-07-09T00:06:50
oks,TT0000-99-7851-001,"переулок Старокоптевский, земельный участок 7 (Старокоптевский пер., вл. 7)",переулок старокоптевский земельный участок 7 (старокоптевский пер вл 7),,,,not_found,2026-07-09T00:06:51
oks,TT0000-99-7852-001,"ул. 3-я Институтская улица, земельный участок 4/1",ул 3-я институтская улица земельный участок 4/1,,,,not_found,2026-07-09T00:06:53
oks,TT0000-99-7853-001,"ул. Тюменская, з/у 5/10",ул тюменская зу 5/10,,,,not_found,2026-07-09T00:06:55
oks,TT0000-99-7854-001,"улица Зарайская, земельный участок 46/1 (Зарайская ул., вл. 46, корп.1 и 2,Шатурская ул. Вл. 39",улица зарайская земельный участок 46/1 (зарайская ул вл 46 корп1 и 2 шатурская ул вл 39,,,,not_found,2026-07-09T00:06:56
oks,TT0000-99-7856-001,"Михайлова ул., з/у 15",михайлова ул зу 15,,,,not_found,2026-07-09T00:06:58
oks,TT0000-99-7857-001,"шоссе Фрезер, земельный участок 17",шоссе фрезер земельный участок 17,,,,not_found,2026-07-09T00:06:59
oks,TT0000-99-7858-001,"Плеханова ул., з/у 24А",плеханова ул зу 24а,,,,not_found,2026-07-09T00:07:01
oks,TT0000-99-7860-001,"улица 2-я Фрезерная, земельный участок 6 (2-я Фрезерная ул., вл. 6)",улица 2-я фрезерная земельный участок 6 (2-я фрезерная ул вл 6),,,,not_found,2026-07-09T00:07:03
oks,TT0000-99-7861-001,"ул. Петра Романова, земельный участок,10",ул петра романова земельный участок 10,,,,not_found,2026-07-09T00:07:04
oks,TT0000-99-7862-001,"Варшавское шоссе, земельный участок 8/10 (Варшавское ш., вл. 8А-10А)",варшавское шоссе земельный участок 8/10 (варшавское ш вл 8а-10а),,,,not_found,2026-07-09T00:07:06
oks,TT0000-99-7863-001,"Севанская ул., вл.60",севанская ул вл60,55.6185745,37.6661872,nominatim,tertiary,2026-07-09T00:07:07
oks,TT0000-99-7870-001,"г. Троицк, ул. Спортивная, з/у 1",г. троицк ул спортивная зу 1,,,,not_found,2026-07-09T00:07:09
oks,TT0000-99-7874-001,"улица Свободы, з/у 69",улица свободы зу 69,,,,not_found,2026-07-09T00:07:12
oks,TT0000-99-7877-001,"бульвар Яна Райниса, влд. 2, к. 2, 3",бульвар яна райниса влд. 2 к 2 3,,,,not_found,2026-07-09T00:07:13
oks,TT0000-99-7885-001,"Амурская ул. уч. 1/19 (зоны 1.1, 1.2, 1.5)",амурская ул уч 1/19 (зоны 1.1 1.2 1.5),,,,not_found,2026-07-09T00:07:15
oks,TT0000-99-7888-001,Амурская зу 1/11,амурская зу 1/11,,,,not_found,2026-07-09T00:07:16
oks,TT0000-99-7890-001,"Заречная ул., вл.5",заречная ул вл5,55.5281831,37.4933052,nominatim,residential,2026-07-09T00:07:18
oks,TT0000-99-7893-001,"улица Амурская, земельный участок 1/12 (участок 3.5)",улица амурская земельный участок 1/12 (участок 3.5),,,,not_found,2026-07-09T00:07:20
oks,TT0000-99-7904-001,Юных ленинцев ул. уч. 97/4,юных ленинцев ул уч 97/4,,,,not_found,2026-07-09T00:07:22
oks,TT0000-99-7906-001,"Октябрьский пр-кт, д. 5",октябрьский пр-кт д 5,,,,not_found,2026-07-09T00:07:23
oks,TT0000-99-7912-001,"ул. Бутлерова, з/у 34/2",ул бутлерова зу 34/2,,,,not_found,2026-07-09T00:07:25
oks,TT0000-99-7913-001,"Судакова ул., влд. 5",судакова ул влд. 5,,,,not_found,2026-07-09T00:07:27
oks,TT0000-99-7915-001,"Барклая ул., вл.6",барклая ул вл6,55.7376365,37.50951,nominatim,secondary,2026-07-09T00:07:29
oks,TT0000-99-7918-001,"Перовская улица, земельный участок 40А",перовская улица земельный участок 40а,,,,not_found,2026-07-09T00:07:30
oks,TT0000-99-7920-001,"ул. Юных Ленинцев, земельный участок 40/3 (зоны 2.4 и 2.7)",ул юных ленинцев земельный участок 40/3 (зоны 2.4 и 2.7),,,,not_found,2026-07-09T00:07:32
oks,TT0000-99-7927-001,3-я Прядильная улица вл. 4,3-я прядильная улица вл 4,55.7982716,37.7721517,nominatim,tertiary,2026-07-09T00:07:34
oks,TT0000-99-7928-001,Кусковская влд. 12,кусковская влд. 12,,,,not_found,2026-07-09T00:07:35
oks,TT0000-99-7929-001,"улица Люблинская, земельный участок 121/1 (Люблинская улица, вл. 121/1)",улица люблинская земельный участок 121/1 (люблинская улица вл 121/1),,,,not_found,2026-07-09T00:07:37
oks,TT0000-99-7930-001,"Булатниковский пр-д, земельный участок 2В/3 (Булатниковский пр-д, вл. 2В, корп. 3)",булатниковский пр-д земельный участок 2в/3 (булатниковский пр-д вл 2в корп 3),,,,not_found,2026-07-09T00:07:38
oks,TT0000-99-7931-001,"ул. Велозаводская, з.у. 2",ул велозаводская з.уч 2,,,,not_found,2026-07-09T00:07:40
oks,TT0000-99-7937-001,"1-й Очаковский переулок, земельный участок 4А",1-й очаковский переулок земельный участок 4а,,,,not_found,2026-07-09T00:07:42
oks,TT0000-99-7939-001,"Севастопольский проспект, земельный участок 46/7",севастопольский проспект земельный участок 46/7,,,,not_found,2026-07-09T00:07:43
oks,TT0000-99-7940-001,"Бехтерева ул., з/у 25/49/1",бехтерева ул зу 25/49/1,,,,not_found,2026-07-09T00:07:45
oks,TT0000-99-7941-002,Кутузовский пр-т д. 78,кутузовский пр-т д 78,,,,not_found,2026-07-09T00:07:46
oks,TT0000-99-7944-001,"Изумрудная ул., з/у 44/2",изумрудная ул зу 44/2,,,,not_found,2026-07-09T00:07:48
oks,TT0000-99-7946-001,"Рязанский проспект, земельный участок 49",рязанский проспект земельный участок 49,,,,not_found,2026-07-09T00:07:50
oks,TT0000-99-7948-001,"улица Краснодарская, земельный участок 8 (Краснодарская ул., вл. 8)",улица краснодарская земельный участок 8 (краснодарская ул вл 8),,,,not_found,2026-07-09T00:07:52
oks,TT0000-99-7949-001,"ул. Краснодарская, вл. 16, ул. Краснодонская, вл.18/18, ул. Краснодонская, вл. 20, ул. Краснодарская, земельный участок 18 (Краснодарская ул., вл. 18)",ул краснодарская вл 16 ул краснодонская вл18/18 ул краснодонская вл 20 ул краснодарская земельный участок 18 (краснодарская ул вл 18),,,,not_found,2026-07-09T00:07:54
oks,TT0000-99-7952-001,"улица Лобачевского, земельный участок 50 (кв. 32-33, 34-35, Проспект Вернадского, вл. 74/50, зона 13.1)",улица лобачевского земельный участок 50 (кв. 32-33 34-35 проспект вернадского вл 74/50 зона 13.1),,,,not_found,2026-07-09T00:07:56
oks,TT0000-99-7953-001,"улица Гарибальди, земельный участок 17 (участок 1.2)",улица гарибальди земельный участок 17 (участок 1.2),,,,not_found,2026-07-09T00:07:57
oks,TT0000-99-7961-001,"улица Константинова, земельный участок 2",улица константинова земельный участок 2,,,,not_found,2026-07-09T00:07:59
oks,TT0000-99-7963-001,"Профсоюзная ул., з/у 32/1 (уч.7.1)",профсоюзная ул зу 32/1 (уч 7.1),,,,not_found,2026-07-09T00:08:00
oks,TT0000-99-7964-003,"улица Плющева, земельный участок 9А",улица плющева земельный участок 9а,,,,not_found,2026-07-09T00:08:02
oks,TT0000-99-7968-001,Парковая 15-я ул. уч. 46/1,парковая 15-я ул уч 46/1,,,,not_found,2026-07-09T00:08:04
oks,TT0000-99-7972-001,"15-я Парковая улица, земельный участок 42",15-я парковая улица земельный участок 42,,,,not_found,2026-07-09T00:08:06
oks,TT0000-99-7973-002,"Криворожская ул., з/у 1/3/5",криворожская ул зу 1/3/5,,,,not_found,2026-07-09T00:08:07
oks,TT0000-99-7975-001,"проспект Будённого, вл. 51",проспект буденного вл 51,55.7605356,37.7370939,nominatim,secondary,2026-07-09T00:08:09
oks,TT0000-99-7980-001,"улица Профсоюзная, земельный участок 60 (участок 3.2)",улица профсоюзная земельный участок 60 (участок 3.2),,,,not_found,2026-07-09T00:08:11
oks,TT0000-99-7983-001,"Симферопольский пр., влд.7, стр. 1",симферопольский пр влд.7 стр 1,,,,not_found,2026-07-09T00:08:12
oks,TT0000-99-7984-001,"улица Матросова, земельный участок 29/1 (Матросова ул., вл. 21-29)",улица матросова земельный участок 29/1 (матросова ул вл 21-29),,,,not_found,2026-07-09T00:08:14
oks,TT0000-99-7990-001,"улица Гарибальди, дом 26, корпус 2",улица гарибальди дом 26 корпус 2,,,,not_found,2026-07-09T00:08:17
oks,TT0000-99-7992-001,Гарибальди ул. уч. 22,гарибальди ул уч 22,55.6672364,37.5623979,nominatim,tertiary,2026-07-09T00:08:20
oks,TT0000-99-7994-001,"улица Кржижановского, земельный участок 31/1 (Кржижановского ул., вл. 31)",улица кржижановского земельный участок 31/1 (кржижановского ул вл 31),,,,not_found,2026-07-09T00:08:22
oks,TT0000-99-7995-001,"Долгопрудная, з/у 3/5",долгопрудная зу 3/5,,,,not_found,2026-07-09T00:08:24
oks,TT0000-99-7996-001,"Булатниковский пр., з/у 2Б, вл.2Б",булатниковский пр зу 2б вл2б,,,,not_found,2026-07-09T00:08:25
oks,TT0000-99-8001-001,"внутригородская территория муниципальный округ Нагатинский затон, улица Речников, земельный участок 18/1, 18/2",внутригородская территория муниципальный округ нагатинский затон улица речников земельный участок 18/1 18/2,,,,not_found,2026-07-09T00:08:27
oks,TT0000-99-8003-001,"ул. Хлобыстова, земельный участок 16/2/1",ул хлобыстова земельный участок 16/2/1,,,,not_found,2026-07-09T00:08:28
oks,TT0000-99-8015-001,"ул. Героев Панфиловцев, вл. 39, корпус 2",ул героев панфиловцев вл 39 корпус 2,,,,not_found,2026-07-09T00:08:30
oks,TT0000-99-8021-001,Дмитровское шоссе уч. 89,дмитровское шоссе уч 89,55.9354367,37.5462717,nominatim,trunk,2026-07-09T00:08:32
oks,TT0000-99-8027-001,"поселок Шишкин Лес, земельный участок 5 (пос. Шишкин Лес, зона 6.2)",поселок шишкин лес земельный участок 5 (пос шишкин лес зона 6.2),,,,not_found,2026-07-09T00:08:33
oks,TT0000-99-8029-001,"Ташкентская ул., з/у 15А (уч. 1.1,1.7)",ташкентская ул зу 15а (уч 1.1 1.7),55.6981009,37.8070249,nominatim,secondary,2026-07-09T00:08:35
oks,TT0000-99-8030-001,"улица Херсонская, земельный участок 14 (участок 1.4)",улица херсонская земельный участок 14 (участок 1.4),,,,not_found,2026-07-09T00:08:37
oks,TT0000-99-8033-001,ул. Онежская з/у 33,ул онежская зу 33,,,,not_found,2026-07-09T00:08:38
oks,TT0000-99-8051-001,"ул. Люблинская, земельный участок 111/2/1",ул люблинская земельный участок 111/2/1,,,,not_found,2026-07-09T00:08:40
oks,TT0000-99-8052-001,"улица Ставропольская, земельный участок 7",улица ставропольская земельный участок 7,,,,not_found,2026-07-09T00:08:41
oks,TT0000-99-8075-001,"Сиреневый бульвар, земельный участок 4/12А (з/у 4/9,участок 6.1)",сиреневый бульвар земельный участок 4/12а (зу 4/9 участок 6.1),,,,not_found,2026-07-09T00:08:43
oks,TT0000-99-8086-001,"Волгоградский просп., з/у 161/2",волгоградский просп. зу 161/2,,,,not_found,2026-07-09T00:08:45
oks,TT0000-99-8089-001,"Вернадского просп., з/у 75",вернадского просп. зу 75,,,,not_found,2026-07-09T00:08:46
oks,TT0000-99-8159-001,"Варшавское ш., вл. 219, стр. 3",варшавское ш вл 219 стр 3,,,,not_found,2026-07-09T00:08:48
oks,TT0000-99-8180-006,район Филевский Парк,район филевский парк,55.747055,37.49218,nominatim,administrative,2026-07-09T00:08:50
oks,TT0000-99-8181-001,"улица Нижние Мнёвники, 3 ст.1",улица нижние мневники 3 ст.1,55.7632265,37.4673412,nominatim,secondary,2026-07-09T00:08:51
oks,TT0000-99-8181-002,территории застройки Мневниковской поймы,территории застройки мневниковской поймы,,,,not_found,2026-07-09T00:08:53
oks,TT0000-99-8216-001,"Главмосстроя ул., вл.1",главмосстроя ул вл1,55.6585709,37.4048544,nominatim,tertiary,2026-07-09T00:08:55
oks,TT0000-99-8217-001,"Мневниковская пойма, район Хорошёво-Мнёвники",мневниковская пойма район хорошево-мневники,,,,not_found,2026-07-09T00:08:56
oks,TT0000-99-8222-001,"Климашкина ул., вл. 7/11, стр. 1",климашкина ул вл 7/11 стр 1,,,,not_found,2026-07-09T00:08:58
oks,TT0000-99-8236-001,пос. Шишкин Лес,пос шишкин лес,,,,not_found,2026-07-09T00:08:59
oks,TT0000-99-8268-001,"Б. Черемушкинская ул., вл. 25",б. черемушкинская ул вл 25,55.6845587,37.5919839,nominatim,secondary,2026-07-09T00:09:01
oks,TT0000-99-8274-001,"ул. Офицерская, земельный участок 5",ул офицерская земельный участок 5,,,,not_found,2026-07-09T00:09:03
oks,TT0000-99-8281-001,Шумилова ул. уч. 26,шумилова ул уч 26,55.7085904,37.7738781,nominatim,residential,2026-07-09T00:09:05
oks,TT0000-99-8287-001,"Суворовская улица, земельный участок 2А/1 (ул. Суворовская, вл. 2/1, корп. 3)",суворовская улица земельный участок 2а/1 (ул суворовская вл 2/1 корп 3),,,,not_found,2026-07-09T00:09:06
oks,TT0000-99-8287-002,"Суворовская улица, земельный участок 2А/1 (ул. Суворовская, вл. 2/1, корп. 4)",суворовская улица земельный участок 2а/1 (ул суворовская вл 2/1 корп 4),,,,not_found,2026-07-09T00:09:08
oks,TT0000-99-8288-001,"ул. Оренбургская, земельный участок 30 (ул. Оренбургская, вл. 30)",ул оренбургская земельный участок 30 (ул оренбургская вл 30),,,,not_found,2026-07-09T00:09:09
oks,TT0000-99-8289-001,"5-я Кожуховская улица, земельный участок 33 (ул. 5-я Кожуховская, вл. 33)",5-я кожуховская улица земельный участок 33 (ул 5-я кожуховская вл 33),,,,not_found,2026-07-09T00:09:11
oks,TT0000-99-8290-001,"4-й Вешняковский проезд, земельный участок 5/1",4-й вешняковский проезд земельный участок 5/1,,,,not_found,2026-07-09T00:09:13
oks,TT0000-99-8291-001,"1-й квартал Капотни, земельный участок 4 (1-й квартал Капотни, вл. 4)",1-й квартал капотни земельный участок 4 (1-й квартал капотни вл 4),,,,not_found,2026-07-09T00:09:15
oks,TT0000-99-8292-001,"улица 2-я Синичкина, земельный участок 9",улица 2-я синичкина земельный участок 9,,,,not_found,2026-07-09T00:09:16
oks,TT0000-99-8293-001,"поселение Кокошкино, дачный поселок Кокошкино, улица Труда, земельный участок 1 (ул. Труда, вл.1, 2, 3, 4)",поселение кокошкино дачный поселок кокошкино улица труда земельный участок 1 (ул труда вл1 2 3 4),,,,not_found,2026-07-09T00:09:18
oks,TT0000-99-8294-001,"ул. Матвеевская, земельный участок 20/1 (Матвеевская ул., вл. 20-1, 24)",ул матвеевская земельный участок 20/1 (матвеевская ул вл 20-1 24),,,,not_found,2026-07-09T00:09:19
oks,TT0000-99-8299-001,"ул. Авиамоторная, вл. 21, 23",ул авиамоторная вл 21 23,,,,not_found,2026-07-09T00:09:21
oks,TT0000-99-8300-001,"ул. Синичкина 2-я, д. 15; ул. Синичкина 2-я, д. 17",ул синичкина 2-я д 15 ул синичкина 2-я д 17,,,,not_found,2026-07-09T00:09:23
oks,TT0000-99-8312-001,"ул. Давыдковская, вл. 10А",ул давыдковская вл 10а,,,,not_found,2026-07-09T00:09:24
oks,TT0000-99-8316-001,"улица Пехорская, земельный участок 1Б",улица пехорская земельный участок 1б,,,,not_found,2026-07-09T00:09:26
oks,TT0000-99-8318-001,"Некрасовка, улица Маресьева, земельный участок 9",некрасовка улица маресьева земельный участок 9,,,,not_found,2026-07-09T00:09:27
