
============================================================
Прогон realty | старт 24.06.2026 12:15:17
Источники: monitoring, rasprod, kvart, erz-top, erz-cards, fedstat, rosstat
KVART_PER_DEV=0
Лог-файл: C:\v7\logs\update_20260624_121517.log
============================================================

════════════════════════════════════════════════════════════
══ Волна 1/2: monitoring, rasprod, kvart, erz-top, fedstat, rosstat (max parallel = 4)
════════════════════════════════════════════════════════════

────────────────────────────────────────────────────────────
▶ monitoring (watchdog: 5мин)
────────────────────────────────────────────────────────────

────────────────────────────────────────────────────────────

────────────────────────────────────────────────────────────

────────────────────────────────────────────────────────────
▶ rasprod (watchdog: 90мин)
────────────────────────────────────────────────────────────
▶ erz-top (watchdog: 15мин)
────────────────────────────────────────────────────────────
▶ kvart (watchdog: 180мин)
────────────────────────────────────────────────────────────
[monitoring] 
[monitoring] ============================================================
[monitoring] наш.дом.рф / GSheets | Запуск: 2026-06-24 12:15:22
[monitoring] Источники: monitoring_2_0
[monitoring] ============================================================
[monitoring] 
[monitoring]   🌐 monitoring_2_0 (Google Sheets export):
[monitoring]      https://docs.google.com/spreadsheets/d/19Z8y6EtoCNbygA9OIjZ7lHaPfeA9fV3Yl6Ned53gNcY/export?format=xlsx
[monitoring]   ✅ monitoring_2_0_20260624.xlsx (4,921 KB)
[monitoring] 
[monitoring] ============================================================
[monitoring] Итог: новых/обновлённых файлов — 1
[monitoring]   • data\raw\realty\nashdom\monitoring_2_0_20260624.xlsx
[monitoring] ============================================================
[monitoring] 
✅ monitoring: успех (за 0.3 мин)

────────────────────────────────────────────────────────────
▶ fedstat (watchdog: 30мин)
────────────────────────────────────────────────────────────
[   erz-top] 
[   erz-top] ============================================================
[   erz-top] erzrf.ru | Запуск: 2026-06-24 12:15:20
[   erz-top] Источники: top
[   erz-top] ============================================================
[   erz-top] 
[   erz-top]   🔐 Логин как Tsa***
[   erz-top]   ✅ Авторизация прошла
[   erz-top]   🌐 регион: rf (РФ)
[   erz-top]      ▸ сортировка: obyem_stroitelstva (topType=0)
[   erz-top]        URL: https://erzrf.ru/top-zastroyshchikov/rf?topType=0&regionKey=0
[   erz-top]        клик: [title-parent>Весь список] SPAN «Весь список»
[   erz-top]        ✅ top_obyem_stroitelstva_rf_20260624.xlsx
[   erz-top]      ▸ сортировка: obyem_vvoda (topType=1)
[   erz-top]        URL: https://erzrf.ru/top-zastroyshchikov/rf?topType=1&regionKey=0
[   erz-top]        клик: [title-parent>Весь список] SPAN «Весь список»
[   erz-top]        ✅ top_obyem_vvoda_rf_20260624.xlsx
[   erz-top]        ── обход по годам: [2022, 2023, 2024, 2025, 2026]
[   erz-top]        клик: [title-parent>Весь список] SPAN «Весь список»
[   erz-top]        ✅ top_obyem_vvoda_rf_2022_20260624.xlsx
[   erz-top]        клик: [title-parent>Весь список] SPAN «Весь список»
[   erz-top]        ✅ top_obyem_vvoda_rf_2023_20260624.xlsx
[   erz-top]        клик: [title-parent>Весь список] SPAN «Весь список»
[   erz-top]        ✅ top_obyem_vvoda_rf_2024_20260624.xlsx
[   erz-top]        клик: [title-parent>Весь список] SPAN «Весь список»
[   erz-top]        ✅ top_obyem_vvoda_rf_2025_20260624.xlsx
[   erz-top]        клик: [title-parent>Весь список] SPAN «Весь список»
[   erz-top]        ✅ top_obyem_vvoda_rf_2026_20260624.xlsx
[   erz-top]      ▸ сортировка: nakopl_vvod (topType=2)
[   erz-top]        URL: https://erzrf.ru/top-zastroyshchikov/rf?topType=2&regionKey=0
[   erz-top]        ⚠️  контент не появился
[   erz-top]      ▸ сортировка: potreb_kachestva (topType=3)
[   erz-top]        URL: https://erzrf.ru/top-zastroyshchikov/rf?topType=3&regionKey=0
[   erz-top]        ⚠️  контент не появился
[   erz-top]      ▸ сортировка: skorost (topType=4)
[   erz-top]        URL: https://erzrf.ru/top-zastroyshchikov/rf?topType=4&regionKey=0
[   erz-top]        клик: [title-parent>Весь список] SPAN «Весь список»
[   erz-top]        ✅ top_skorost_rf_20260624.xlsx
[   erz-top]      ── Сбор ТОП-100 застройщиков для карточек:
[   erz-top]      · страница 1/5: https://erzrf.ru/top-zastroyshchikov/rf?topType=0&regionKey=0&page=1
[   erz-top]        + 20 новых (всего 20)
[   erz-top]      · страница 2/5: https://erzrf.ru/top-zastroyshchikov/rf?topType=0&regionKey=0&page=2
[   erz-top]        ⚠️  страница 2 не загрузилась
[   erz-top]      ✅ top_developers_rf_20260624.json (20 застройщиков)
[   erz-top]   🌐 регион: msk (г.Москва)
[   erz-top]      ▸ сортировка: obyem_stroitelstva (topType=0)
[   erz-top]        URL: https://erzrf.ru/top-zastroyshchikov/moskva?topType=0&regionKey=143443001&region=moskva
[   erz-top]        ⚠️  контент не появился
[   erz-top]      ▸ сортировка: obyem_vvoda (topType=1)
[   erz-top]        URL: https://erzrf.ru/top-zastroyshchikov/moskva?topType=1&regionKey=143443001&region=moskva
[   erz-top]        ⚠️  контент не появился
[   erz-top]      ▸ сортировка: nakopl_vvod (topType=2)
[   erz-top]        URL: https://erzrf.ru/top-zastroyshchikov/moskva?topType=2&regionKey=143443001&region=moskva
[   erz-top]        клик: [title-parent>Весь список] SPAN «Весь список»
[   erz-top]        ✅ top_nakopl_vvod_msk_20260624.xlsx
[   erz-top]      ▸ сортировка: potreb_kachestva (topType=3)
[   erz-top]        URL: https://erzrf.ru/top-zastroyshchikov/moskva?topType=3&regionKey=143443001&region=moskva
[   erz-top]        клик: [title-parent>Весь список] SPAN «Весь список»
[   erz-top]        ✅ top_potreb_kachestva_msk_20260624.xlsx
[   erz-top]      ▸ сортировка: skorost (topType=4)
[   erz-top]        URL: https://erzrf.ru/top-zastroyshchikov/moskva?topType=4&regionKey=143443001&region=moskva
[   erz-top]        клик: [title-parent>Весь список] SPAN «Весь список»
[   erz-top]        ✅ top_skorost_msk_20260624.xlsx
[   erz-top]      ── Сбор ТОП-100 застройщиков для карточек:
[   erz-top]      · страница 1/5: https://erzrf.ru/top-zastroyshchikov/moskva?topType=0&regionKey=143443001&region=moskva&page=1
[   erz-top]        + 20 новых (всего 20)
[   erz-top]      · страница 2/5: https://erzrf.ru/top-zastroyshchikov/moskva?topType=0&regionKey=143443001&region=moskva&page=2
[   erz-top]        ⚠️  страница 2 не загрузилась
[   erz-top]      ✅ top_developers_msk_20260624.json (20 застройщиков)
[   erz-top] 
[   erz-top] ============================================================
[   erz-top] erzrf.ru | Итог: новых/обновлённых файлов — 13
[   erz-top] ============================================================
[   erz-top] 
✅ erz-top: успех (за 9.6 мин)

────────────────────────────────────────────────────────────
🔍 Дедупликация новых файлов (31 шт)
────────────────────────────────────────────────────────────
  Все 31 файлов уникальны (дублей нет)

────────────────────────────────────────────────────────────
▶ rosstat (watchdog: 30мин)
────────────────────────────────────────────────────────────
[   rosstat] 
[   rosstat] ============================================================
[   rosstat] rosstat_checker: 2026-06-24 12:24:59
[   rosstat] ============================================================
[   rosstat] 
[   rosstat] 📄 Страница: https://77.rosstat.gov.ru/folder/134924
[   rosstat]   🌐 GET https://77.rosstat.gov.ru/folder/134924
[   rosstat]      найдено xlsx-ссылок: 7
[   rosstat]   🔎 vrp_msk: ищу ['ВРП с 1998']
[   rosstat]      ✔️  без изменений (16.03.2026)
[   rosstat]   🔎 vds_msk_s2016: ищу ['ВДС годы ОКВЭД2 (с 2016']
[   rosstat]      ✔️  без изменений (16.03.2026)
[   rosstat] 
[   rosstat] 📄 Страница: https://www.rosstat.gov.ru/statistics/accounts
[   rosstat]   🌐 GET https://www.rosstat.gov.ru/statistics/accounts
[   rosstat]      найдено xlsx-ссылок: 52
[   rosstat]   🔎 vvp_god: ищу ['VVP_god_s1995', 'ВВП годы (с 1995']
[   rosstat]      ✔️  без изменений (10.04.2026)
[   rosstat]   🔎 vvp_na_dushu: ищу ['VVP_na_dushu', 'ВВП на душу населения']
[   rosstat]      ✔️  без изменений (10.04.2026)
[   rosstat]   🔎 vds_rf_s2011: ищу ['VDS_god_OKVED2_s2011', 'ВДС годы ОКВЭД2 (с 2011']
[   rosstat]      ✔️  без изменений (10.04.2026)
[   rosstat]   🔎 vrp_okved2007: ищу ['VRP_OKVED2007', 'VRP_god_OKVED2007', 'ВРП ОКВЭД 2007']
[   rosstat]      ✔️  без изменений (09.03.2022)
[   rosstat] 
[   rosstat] ============================================================
[   rosstat] Итог: скачано — 0
[   rosstat] ============================================================
[   rosstat] 
✅ rosstat: успех (за 0.0 мин)
[   fedstat] 
[   fedstat] ============================================================
[   fedstat] Запуск: 2026-06-24 12:15:43
[   fedstat] Индикаторов: 29
[   fedstat] ============================================================
[   fedstat] 
[   fedstat] 📊 [33648] Индекс предпринимательской уверенности в строительстве
[   fedstat]   🌐 Открываю: https://www.fedstat.ru/indicator/33648
[   fedstat]   🔄 Попытка 2/3 после ошибки: Message: javascript error: Cannot read properties of null (reading 'appendChild'
[   fedstat]   🔄 Попытка 3/3 после ошибки: Message: javascript error: Cannot read properties of null (reading 'appendChild'
[   fedstat]   ❌ Ошибка при чтении страницы: Message: javascript error: Cannot read properties of null (reading 'appendChild')
[   fedstat]   (Session info: chrome=149.0.7827.156)
[   fedstat] Stacktrace:
[   fedstat] 	chromedriver!GetHandleVerifier [0x7ff708333fa5+14925]
[   fedstat] 	chromedriver!GetHandleVerifier [0x7ff708334000+14980]
[   fedstat] 	chromedriver!(No symbol) [0x7ff707e7793d]
[   fedstat] 	chromedriver!(No symbol) [0x7ff707e7f8b1]
[   fedstat] 	chromedriver!(No symbol) [0x7ff707e82c0f]
[   fedstat] 	chromedriver!(No symbol) [0x7ff707f20748]
[   fedstat] 	chromedriver!(No symbol) [0x7ff707efa3ca]
[   fedstat] 	chromedriver!(No symbol) [0x7ff707f1f39b]
[   fedstat] 	chromedriver!(No symbol) [0x7ff707ec401c]
[   fedstat] 	chromedriver!(No symbol) [0x7ff707ec4f43]
[   fedstat] 	chromedriver!GetHandleVerifier [0x7ff708917591+5f7f11]
[   fedstat] 	chromedriver!GetHandleVerifier [0x7ff708911902+5f2282]
[   fedstat] 	chromedriver!GetHandleVerifier [0x7ff708937115+617a95]
[   fedstat] 	chromedriver!GetHandleVerifier [0x7ff708351dce+3274e]
[   fedstat] 	chromedriver!GetHandleVerifier [0x7ff70835a82c+3b1ac]
[   fedstat] 	chromedriver!GetHandleVerifier [0x7ff70833d744+1e0c4]
[   fedstat] 	chromedriver!GetHandleVerifier [0x7ff70833d8d4+1e254]
[   fedstat] 	chromedriver!GetHandleVerifier [0x7ff708321447+1dc7]
[   fedstat] 	KERNEL32!BaseThreadInitThunk [0x7ff923077344+14]
[   fedstat] 	ntdll!RtlUserThreadStart [0x7ff92509cc91+21]
[   fedstat] 
[   fedstat]   ⚠️  Пропускаю — не удалось получить дату
[   fedstat] 
[   fedstat] 📊 [61497] Валовой региональный продукт в основных ценах (ОКВЭД 2)
[   fedstat]   🌐 Открываю: https://www.fedstat.ru/indicator/61497
[   fedstat]   🔄 Попытка 2/3 после ошибки: Message: javascript error: Cannot read properties of null (reading 'appendChild'
[   fedstat]   🔄 Попытка 3/3 после ошибки: Message: javascript error: Cannot read properties of null (reading 'appendChild'
[   fedstat]   ❌ Ошибка при чтении страницы: Message: javascript error: Cannot read properties of null (reading 'appendChild')
[   fedstat]   (Session info: chrome=149.0.7827.156)
[   fedstat] Stacktrace:
[   fedstat] 	chromedriver!GetHandleVerifier [0x7ff708333fa5+14925]
[   fedstat] 	chromedriver!GetHandleVerifier [0x7ff708334000+14980]
[   fedstat] 	chromedriver!(No symbol) [0x7ff707e7793d]
[   fedstat] 	chromedriver!(No symbol) [0x7ff707e7f8b1]
[   fedstat] 	chromedriver!(No symbol) [0x7ff707e82c0f]
[   fedstat] 	chromedriver!(No symbol) [0x7ff707f20748]
[   fedstat] 	chromedriver!(No symbol) [0x7ff707efa3ca]
[   fedstat] 	chromedriver!(No symbol) [0x7ff707f1f39b]
[   fedstat] 	chromedriver!(No symbol) [0x7ff707ec401c]
[   fedstat] 	chromedriver!(No symbol) [0x7ff707ec4f43]
[   fedstat] 	chromedriver!GetHandleVerifier [0x7ff708917591+5f7f11]
[   fedstat] 	chromedriver!GetHandleVerifier [0x7ff708911902+5f2282]
[   fedstat] 	chromedriver!GetHandleVerifier [0x7ff708937115+617a95]
[   fedstat] 	chromedriver!GetHandleVerifier [0x7ff708351dce+3274e]
[   fedstat] 	chromedriver!GetHandleVerifier [0x7ff70835a82c+3b1ac]
[   fedstat] 	chromedriver!GetHandleVerifier [0x7ff70833d744+1e0c4]
[   fedstat] 	chromedriver!GetHandleVerifier [0x7ff70833d8d4+1e254]
[   fedstat] 	chromedriver!GetHandleVerifier [0x7ff708321447+1dc7]
[   fedstat] 	KERNEL32!BaseThreadInitThunk [0x7ff923077344+14]
[   fedstat] 	ntdll!RtlUserThreadStart [0x7ff92509cc91+21]
[   fedstat] 
[   fedstat]   ⚠️  Пропускаю — не удалось получить дату
[   fedstat] 
[   fedstat] 📊 [59449] Индексы физического объема валового регионального проду
[   fedstat]   🌐 Открываю: https://www.fedstat.ru/indicator/59449
[   fedstat]   🔄 Попытка 2/3 после ошибки: Message: javascript error: Cannot read properties of null (reading 'appendChild'
[   fedstat]   🔄 Попытка 3/3 после ошибки: Message: javascript error: Cannot read properties of null (reading 'appendChild'
[   fedstat]   ❌ Ошибка при чтении страницы: Message: javascript error: Cannot read properties of null (reading 'appendChild')
[   fedstat]   (Session info: chrome=149.0.7827.156)
[   fedstat] Stacktrace:
[   fedstat] 	chromedriver!GetHandleVerifier [0x7ff708333fa5+14925]
[   fedstat] 	chromedriver!GetHandleVerifier [0x7ff708334000+14980]
[   fedstat] 	chromedriver!(No symbol) [0x7ff707e7793d]
[   fedstat] 	chromedriver!(No symbol) [0x7ff707e7f8b1]
[   fedstat] 	chromedriver!(No symbol) [0x7ff707e82c0f]
[   fedstat] 	chromedriver!(No symbol) [0x7ff707f20748]
[   fedstat] 	chromedriver!(No symbol) [0x7ff707efa3ca]
[   fedstat] 	chromedriver!(No symbol) [0x7ff707f1f39b]
[   fedstat] 	chromedriver!(No symbol) [0x7ff707ec401c]
[   fedstat] 	chromedriver!(No symbol) [0x7ff707ec4f43]
[   fedstat] 	chromedriver!GetHandleVerifier [0x7ff708917591+5f7f11]
[   fedstat] 	chromedriver!GetHandleVerifier [0x7ff708911902+5f2282]
[   fedstat] 	chromedriver!GetHandleVerifier [0x7ff708937115+617a95]
[   fedstat] 	chromedriver!GetHandleVerifier [0x7ff708351dce+3274e]
[   fedstat] 	chromedriver!GetHandleVerifier [0x7ff70835a82c+3b1ac]
[   fedstat] 	chromedriver!GetHandleVerifier [0x7ff70833d744+1e0c4]
[   fedstat] 	chromedriver!GetHandleVerifier [0x7ff70833d8d4+1e254]
[   fedstat] 	chromedriver!GetHandleVerifier [0x7ff708321447+1dc7]
[   fedstat] 	KERNEL32!BaseThreadInitThunk [0x7ff923077344+14]
[   fedstat] 	ntdll!RtlUserThreadStart [0x7ff92509cc91+21]
[   fedstat] 
[   fedstat]   ⚠️  Пропускаю — не удалось получить дату
[   fedstat] 
[   fedstat] 📊 [61483] Валовой региональный продукт на душу населения (ОКВЭД 2
[   fedstat]   🌐 Открываю: https://www.fedstat.ru/indicator/61483
[   fedstat]   🔄 Попытка 2/3 после ошибки: Message: javascript error: Cannot read properties of null (reading 'appendChild'
[   fedstat]   🔄 Попытка 3/3 после ошибки: Message: javascript error: Cannot read properties of null (reading 'appendChild'
[   fedstat]   ❌ Ошибка при чтении страницы: Message: javascript error: Cannot read properties of null (reading 'appendChild')
[   fedstat]   (Session info: chrome=149.0.7827.156)
[   fedstat] Stacktrace:
[   fedstat] 	chromedriver!GetHandleVerifier [0x7ff708333fa5+14925]
[   fedstat] 	chromedriver!GetHandleVerifier [0x7ff708334000+14980]
[   fedstat] 	chromedriver!(No symbol) [0x7ff707e7793d]
[   fedstat] 	chromedriver!(No symbol) [0x7ff707e7f8b1]
[   fedstat] 	chromedriver!(No symbol) [0x7ff707e82c0f]
[   fedstat] 	chromedriver!(No symbol) [0x7ff707f20748]
[   fedstat] 	chromedriver!(No symbol) [0x7ff707efa3ca]
[   fedstat] 	chromedriver!(No symbol) [0x7ff707f1f39b]
[   fedstat] 	chromedriver!(No symbol) [0x7ff707ec401c]
[   fedstat] 	chromedriver!(No symbol) [0x7ff707ec4f43]
[   fedstat] 	chromedriver!GetHandleVerifier [0x7ff708917591+5f7f11]
[   fedstat] 	chromedriver!GetHandleVerifier [0x7ff708911902+5f2282]
[   fedstat] 	chromedriver!GetHandleVerifier [0x7ff708937115+617a95]
[   fedstat] 	chromedriver!GetHandleVerifier [0x7ff708351dce+3274e]
[   fedstat] 	chromedriver!GetHandleVerifier [0x7ff70835a82c+3b1ac]
[   fedstat] 	chromedriver!GetHandleVerifier [0x7ff70833d744+1e0c4]
[   fedstat] 	chromedriver!GetHandleVerifier [0x7ff70833d8d4+1e254]
[   fedstat] 	chromedriver!GetHandleVerifier [0x7ff708321447+1dc7]
[   fedstat] 	KERNEL32!BaseThreadInitThunk [0x7ff923077344+14]
[   fedstat] 	ntdll!RtlUserThreadStart [0x7ff92509cc91+21]
[   fedstat] 
[   fedstat]   ⚠️  Пропускаю — не удалось получить дату
[   fedstat] 
[   fedstat] 📊 [45341] Индекс физического объема валового регионального продук
[   fedstat]   🌐 Открываю: https://www.fedstat.ru/indicator/45341
[   fedstat]   🔄 Попытка 2/3 после ошибки: Message: javascript error: Cannot read properties of null (reading 'appendChild'
[   fedstat]   🔄 Попытка 3/3 после ошибки: Message: javascript error: Cannot read properties of null (reading 'appendChild'
[   fedstat]   ❌ Ошибка при чтении страницы: Message: javascript error: Cannot read properties of null (reading 'appendChild')
[   fedstat]   (Session info: chrome=149.0.7827.156)
[   fedstat] Stacktrace:
[   fedstat] 	chromedriver!GetHandleVerifier [0x7ff708333fa5+14925]
[   fedstat] 	chromedriver!GetHandleVerifier [0x7ff708334000+14980]
[   fedstat] 	chromedriver!(No symbol) [0x7ff707e7793d]
[   fedstat] 	chromedriver!(No symbol) [0x7ff707e7f8b1]
[   fedstat] 	chromedriver!(No symbol) [0x7ff707e82c0f]
[   fedstat] 	chromedriver!(No symbol) [0x7ff707f20748]
[   fedstat] 	chromedriver!(No symbol) [0x7ff707efa3ca]
[   fedstat] 	chromedriver!(No symbol) [0x7ff707f1f39b]
[   fedstat] 	chromedriver!(No symbol) [0x7ff707ec401c]
[   fedstat] 	chromedriver!(No symbol) [0x7ff707ec4f43]
[   fedstat] 	chromedriver!GetHandleVerifier [0x7ff708917591+5f7f11]
[   fedstat] 	chromedriver!GetHandleVerifier [0x7ff708911902+5f2282]
[   fedstat] 	chromedriver!GetHandleVerifier [0x7ff708937115+617a95]
[   fedstat] 	chromedriver!GetHandleVerifier [0x7ff708351dce+3274e]
[   fedstat] 	chromedriver!GetHandleVerifier [0x7ff70835a82c+3b1ac]
[   fedstat] 	chromedriver!GetHandleVerifier [0x7ff70833d744+1e0c4]
[   fedstat] 	chromedriver!GetHandleVerifier [0x7ff70833d8d4+1e254]
[   fedstat] 	chromedriver!GetHandleVerifier [0x7ff708321447+1dc7]
[   fedstat] 	KERNEL32!BaseThreadInitThunk [0x7ff923077344+14]
[   fedstat] 	ntdll!RtlUserThreadStart [0x7ff92509cc91+21]
[   fedstat] 
[   fedstat]   ⚠️  Пропускаю — не удалось получить дату
[   fedstat] 
[   fedstat] 📊 [59450] Структура валового регионального продукта (ОКВЭД 2) (пр
[   fedstat]   🌐 Открываю: https://www.fedstat.ru/indicator/59450
[   fedstat]   🔄 Попытка 2/3 после ошибки: Message: javascript error: Cannot read properties of null (reading 'appendChild'
[   fedstat]   🔄 Попытка 3/3 после ошибки: Message: javascript error: Cannot read properties of null (reading 'appendChild'
[   fedstat]   ❌ Ошибка при чтении страницы: Message: javascript error: Cannot read properties of null (reading 'appendChild')
[   fedstat]   (Session info: chrome=149.0.7827.156)
[   fedstat] Stacktrace:
[   fedstat] 	chromedriver!GetHandleVerifier [0x7ff708333fa5+14925]
[   fedstat] 	chromedriver!GetHandleVerifier [0x7ff708334000+14980]
[   fedstat] 	chromedriver!(No symbol) [0x7ff707e7793d]
[   fedstat] 	chromedriver!(No symbol) [0x7ff707e7f8b1]
[   fedstat] 	chromedriver!(No symbol) [0x7ff707e82c0f]
[   fedstat] 	chromedriver!(No symbol) [0x7ff707f20748]
[   fedstat] 	chromedriver!(No symbol) [0x7ff707efa3ca]
[   fedstat] 	chromedriver!(No symbol) [0x7ff707f1f39b]
[   fedstat] 	chromedriver!(No symbol) [0x7ff707ec401c]
[   fedstat] 	chromedriver!(No symbol) [0x7ff707ec4f43]
[   fedstat] 	chromedriver!GetHandleVerifier [0x7ff708917591+5f7f11]
[   fedstat] 	chromedriver!GetHandleVerifier [0x7ff708911902+5f2282]
[   fedstat] 	chromedriver!GetHandleVerifier [0x7ff708937115+617a95]
[   fedstat] 	chromedriver!GetHandleVerifier [0x7ff708351dce+3274e]
[   fedstat] 	chromedriver!GetHandleVerifier [0x7ff70835a82c+3b1ac]
[   fedstat] 	chromedriver!GetHandleVerifier [0x7ff70833d744+1e0c4]
[   fedstat] 	chromedriver!GetHandleVerifier [0x7ff70833d8d4+1e254]
[   fedstat] 	chromedriver!GetHandleVerifier [0x7ff708321447+1dc7]
[   fedstat] 	KERNEL32!BaseThreadInitThunk [0x7ff923077344+14]
[   fedstat] 	ntdll!RtlUserThreadStart [0x7ff92509cc91+21]
[   fedstat] 
[   fedstat]   ⚠️  Пропускаю — не удалось получить дату
[   fedstat] 
[   fedstat] 📊 [55370] Доля продукции высокотехнологичных и наукоемких отрасле
[   fedstat]   🌐 Открываю: https://www.fedstat.ru/indicator/55370
[   fedstat]   🔄 Попытка 2/3 после ошибки: Message: javascript error: Cannot read properties of null (reading 'appendChild'
[   fedstat]   🔄 Попытка 3/3 после ошибки: Message: javascript error: Cannot read properties of null (reading 'appendChild'
[   fedstat]   ❌ Ошибка при чтении страницы: Message: javascript error: Cannot read properties of null (reading 'appendChild')
[   fedstat]   (Session info: chrome=149.0.7827.156)
[   fedstat] Stacktrace:
[   fedstat] 	chromedriver!GetHandleVerifier [0x7ff708333fa5+14925]
[   fedstat] 	chromedriver!GetHandleVerifier [0x7ff708334000+14980]
[   fedstat] 	chromedriver!(No symbol) [0x7ff707e7793d]
[   fedstat] 	chromedriver!(No symbol) [0x7ff707e7f8b1]
[   fedstat] 	chromedriver!(No symbol) [0x7ff707e82c0f]
[   fedstat] 	chromedriver!(No symbol) [0x7ff707f20748]
[   fedstat] 	chromedriver!(No symbol) [0x7ff707efa3ca]
[   fedstat] 	chromedriver!(No symbol) [0x7ff707f1f39b]
[   fedstat] 	chromedriver!(No symbol) [0x7ff707ec401c]
[   fedstat] 	chromedriver!(No symbol) [0x7ff707ec4f43]
[   fedstat] 	chromedriver!GetHandleVerifier [0x7ff708917591+5f7f11]
[   fedstat] 	chromedriver!GetHandleVerifier [0x7ff708911902+5f2282]
[   fedstat] 	chromedriver!GetHandleVerifier [0x7ff708937115+617a95]
[   fedstat] 	chromedriver!GetHandleVerifier [0x7ff708351dce+3274e]
[   fedstat] 	chromedriver!GetHandleVerifier [0x7ff70835a82c+3b1ac]
[   fedstat] 	chromedriver!GetHandleVerifier [0x7ff70833d744+1e0c4]
[   fedstat] 	chromedriver!GetHandleVerifier [0x7ff70833d8d4+1e254]
[   fedstat] 	chromedriver!GetHandleVerifier [0x7ff708321447+1dc7]
[   fedstat] 	KERNEL32!BaseThreadInitThunk [0x7ff923077344+14]
[   fedstat] 	ntdll!RtlUserThreadStart [0x7ff92509cc91+21]
[   fedstat] 
[   fedstat]   ⚠️  Пропускаю — не удалось получить дату
[   fedstat] 
[   fedstat] 📊 [55373] Индекс производительности труда относительно уровня 201
[   fedstat]   🌐 Открываю: https://www.fedstat.ru/indicator/55373
[   fedstat]   🔄 Попытка 2/3 после ошибки: Message: javascript error: Cannot read properties of null (reading 'appendChild'
[   fedstat]   🔄 Попытка 3/3 после ошибки: Message: javascript error: Cannot read properties of null (reading 'appendChild'
[   fedstat]   ❌ Ошибка при чтении страницы: Message: javascript error: Cannot read properties of null (reading 'appendChild')
[   fedstat]   (Session info: chrome=149.0.7827.156)
[   fedstat] Stacktrace:
[   fedstat] 	chromedriver!GetHandleVerifier [0x7ff708333fa5+14925]
[   fedstat] 	chromedriver!GetHandleVerifier [0x7ff708334000+14980]
[   fedstat] 	chromedriver!(No symbol) [0x7ff707e7793d]
[   fedstat] 	chromedriver!(No symbol) [0x7ff707e7f8b1]
[   fedstat] 	chromedriver!(No symbol) [0x7ff707e82c0f]
[   fedstat] 	chromedriver!(No symbol) [0x7ff707f20748]
[   fedstat] 	chromedriver!(No symbol) [0x7ff707efa3ca]
[   fedstat] 	chromedriver!(No symbol) [0x7ff707f1f39b]
[   fedstat] 	chromedriver!(No symbol) [0x7ff707ec401c]
[   fedstat] 	chromedriver!(No symbol) [0x7ff707ec4f43]
[   fedstat] 	chromedriver!GetHandleVerifier [0x7ff708917591+5f7f11]
[   fedstat] 	chromedriver!GetHandleVerifier [0x7ff708911902+5f2282]
[   fedstat] 	chromedriver!GetHandleVerifier [0x7ff708937115+617a95]
[   fedstat] 	chromedriver!GetHandleVerifier [0x7ff708351dce+3274e]
[   fedstat] 	chromedriver!GetHandleVerifier [0x7ff70835a82c+3b1ac]
[   fedstat] 	chromedriver!GetHandleVerifier [0x7ff70833d744+1e0c4]
[   fedstat] 	chromedriver!GetHandleVerifier [0x7ff70833d8d4+1e254]
[   fedstat] 	chromedriver!GetHandleVerifier [0x7ff708321447+1dc7]
[   fedstat] 	KERNEL32!BaseThreadInitThunk [0x7ff923077344+14]
[   fedstat] 	ntdll!RtlUserThreadStart [0x7ff92509cc91+21]
[   fedstat] 
[   fedstat]   ⚠️  Пропускаю — не удалось получить дату
[   fedstat] 
[   fedstat] 📊 [31557] Численность постоянного населения на 1 января (Раздел 1
[   fedstat]   🌐 Открываю: https://www.fedstat.ru/indicator/31557
[   fedstat]   ⏳ Не загрузилось за 30с (всего 30с), повторяю...
[   fedstat]   ⏳ Не загрузилось за 30с (всего 60с), повторяю...
[   fedstat]   ⏳ Не загрузилось за 30с (всего 90с), повторяю...
[   fedstat]   ⏳ Не загрузилось за 30с (всего 120с), повторяю...
[   fedstat]   ⏳ Не загрузилось за 30с (всего 150с), повторяю...
[   fedstat]   🔄 Попытка 2/3 после ошибки: Message: javascript error: Cannot read properties of null (reading 'appendChild'
[   fedstat]   🔄 Попытка 3/3 после ошибки: Message: javascript error: Cannot read properties of null (reading 'appendChild'
[   fedstat]   ❌ Ошибка при чтении страницы: Message: javascript error: Cannot read properties of null (reading 'appendChild')
[   fedstat]   (Session info: chrome=149.0.7827.156)
[   fedstat] Stacktrace:
[   fedstat] 	chromedriver!GetHandleVerifier [0x7ff708333fa5+14925]
[   fedstat] 	chromedriver!GetHandleVerifier [0x7ff708334000+14980]
[   fedstat] 	chromedriver!(No symbol) [0x7ff707e7793d]
[   fedstat] 	chromedriver!(No symbol) [0x7ff707e7f8b1]
[   fedstat] 	chromedriver!(No symbol) [0x7ff707e82c0f]
[   fedstat] 	chromedriver!(No symbol) [0x7ff707f20748]
[   fedstat] 	chromedriver!(No symbol) [0x7ff707efa3ca]
[   fedstat] 	chromedriver!(No symbol) [0x7ff707f1f39b]
[   fedstat] 	chromedriver!(No symbol) [0x7ff707ec401c]
[   fedstat] 	chromedriver!(No symbol) [0x7ff707ec4f43]
[   fedstat] 	chromedriver!GetHandleVerifier [0x7ff708917591+5f7f11]
[   fedstat] 	chromedriver!GetHandleVerifier [0x7ff708911902+5f2282]
[   fedstat] 	chromedriver!GetHandleVerifier [0x7ff708937115+617a95]
[   fedstat] 	chromedriver!GetHandleVerifier [0x7ff708351dce+3274e]
[   fedstat] 	chromedriver!GetHandleVerifier [0x7ff70835a82c+3b1ac]
[   fedstat] 	chromedriver!GetHandleVerifier [0x7ff70833d744+1e0c4]
[   fedstat] 	chromedriver!GetHandleVerifier [0x7ff70833d8d4+1e254]
[   fedstat] 	chromedriver!GetHandleVerifier [0x7ff708321447+1dc7]
[   fedstat] 	KERNEL32!BaseThreadInitThunk [0x7ff923077344+14]
[   fedstat] 	ntdll!RtlUserThreadStart [0x7ff92509cc91+21]
[   fedstat] 
[   fedstat]   ⚠️  Пропускаю — не удалось получить дату
[   fedstat] 
[   fedstat] 📊 [31556] Численность постоянного населения в среднем за год (чел
[   fedstat]   🌐 Открываю: https://www.fedstat.ru/indicator/31556
[   fedstat]   🔄 Попытка 2/3 после ошибки: Message: javascript error: Cannot read properties of null (reading 'appendChild'
[   fedstat]   🔄 Попытка 3/3 после ошибки: Message: javascript error: Cannot read properties of null (reading 'appendChild'
[   fedstat]   ❌ Ошибка при чтении страницы: Message: javascript error: Cannot read properties of null (reading 'appendChild')
[   fedstat]   (Session info: chrome=149.0.7827.156)
[   fedstat] Stacktrace:
[   fedstat] 	chromedriver!GetHandleVerifier [0x7ff708333fa5+14925]
[   fedstat] 	chromedriver!GetHandleVerifier [0x7ff708334000+14980]
[   fedstat] 	chromedriver!(No symbol) [0x7ff707e7793d]
[   fedstat] 	chromedriver!(No symbol) [0x7ff707e7f8b1]
[   fedstat] 	chromedriver!(No symbol) [0x7ff707e82c0f]
[   fedstat] 	chromedriver!(No symbol) [0x7ff707f20748]
[   fedstat] 	chromedriver!(No symbol) [0x7ff707efa3ca]
[   fedstat] 	chromedriver!(No symbol) [0x7ff707f1f39b]
[   fedstat] 	chromedriver!(No symbol) [0x7ff707ec401c]
[   fedstat] 	chromedriver!(No symbol) [0x7ff707ec4f43]
[   fedstat] 	chromedriver!GetHandleVerifier [0x7ff708917591+5f7f11]
[   fedstat] 	chromedriver!GetHandleVerifier [0x7ff708911902+5f2282]
[   fedstat] 	chromedriver!GetHandleVerifier [0x7ff708937115+617a95]
[   fedstat] 	chromedriver!GetHandleVerifier [0x7ff708351dce+3274e]
[   fedstat] 	chromedriver!GetHandleVerifier [0x7ff70835a82c+3b1ac]
[   fedstat] 	chromedriver!GetHandleVerifier [0x7ff70833d744+1e0c4]
[   fedstat] 	chromedriver!GetHandleVerifier [0x7ff70833d8d4+1e254]
[   fedstat] 	chromedriver!GetHandleVerifier [0x7ff708321447+1dc7]
[   fedstat] 	KERNEL32!BaseThreadInitThunk [0x7ff923077344+14]
[   fedstat] 	ntdll!RtlUserThreadStart [0x7ff92509cc91+21]
[   fedstat] 
[   fedstat]   ⚠️  Пропускаю — не удалось получить дату
[   fedstat] 
[   fedstat] 📊 [36730] Среднегодовая численность трудовых ресурсов (значение п
[   fedstat]   🌐 Открываю: https://www.fedstat.ru/indicator/36730
[   fedstat]   🔄 Попытка 2/3 после ошибки: Message: javascript error: Cannot read properties of null (reading 'appendChild'
[   fedstat]   🔄 Попытка 3/3 после ошибки: Message: javascript error: Cannot read properties of null (reading 'appendChild'
[   fedstat]   ❌ Ошибка при чтении страницы: Message: javascript error: Cannot read properties of null (reading 'appendChild')
[   fedstat]   (Session info: chrome=149.0.7827.156)
[   fedstat] Stacktrace:
[   fedstat] 	chromedriver!GetHandleVerifier [0x7ff708333fa5+14925]
[   fedstat] 	chromedriver!GetHandleVerifier [0x7ff708334000+14980]
[   fedstat] 	chromedriver!(No symbol) [0x7ff707e7793d]
[   fedstat] 	chromedriver!(No symbol) [0x7ff707e7f8b1]
[   fedstat] 	chromedriver!(No symbol) [0x7ff707e82c0f]
[   fedstat] 	chromedriver!(No symbol) [0x7ff707f20748]
[   fedstat] 	chromedriver!(No symbol) [0x7ff707efa3ca]
[   fedstat] 	chromedriver!(No symbol) [0x7ff707f1f39b]
[   fedstat] 	chromedriver!(No symbol) [0x7ff707ec401c]
[   fedstat] 	chromedriver!(No symbol) [0x7ff707ec4f43]
[   fedstat] 	chromedriver!GetHandleVerifier [0x7ff708917591+5f7f11]
[   fedstat] 	chromedriver!GetHandleVerifier [0x7ff708911902+5f2282]
[   fedstat] 	chromedriver!GetHandleVerifier [0x7ff708937115+617a95]
[   fedstat] 	chromedriver!GetHandleVerifier [0x7ff708351dce+3274e]
[   fedstat] 	chromedriver!GetHandleVerifier [0x7ff70835a82c+3b1ac]
[   fedstat] 	chromedriver!GetHandleVerifier [0x7ff70833d744+1e0c4]
[   fedstat] 	chromedriver!GetHandleVerifier [0x7ff70833d8d4+1e254]
[   fedstat] 	chromedriver!GetHandleVerifier [0x7ff708321447+1dc7]
[   fedstat] 	KERNEL32!BaseThreadInitThunk [0x7ff923077344+14]
[   fedstat] 	ntdll!RtlUserThreadStart [0x7ff92509cc91+21]
[   fedstat] 
[   fedstat]   ⚠️  Пропускаю — не удалось получить дату
[   fedstat] 
[   fedstat] 📊 [58994] Среднегодовая численность занятых в экономике (расчеты
[   fedstat]   🌐 Открываю: https://www.fedstat.ru/indicator/58994
[   fedstat]   🔄 Попытка 2/3 после ошибки: Message: javascript error: Cannot read properties of null (reading 'appendChild'
[   fedstat]   🔄 Попытка 3/3 после ошибки: Message: javascript error: Cannot read properties of null (reading 'appendChild'
[   fedstat]   ❌ Ошибка при чтении страницы: Message: javascript error: Cannot read properties of null (reading 'appendChild')
[   fedstat]   (Session info: chrome=149.0.7827.156)
[   fedstat] Stacktrace:
[   fedstat] 	chromedriver!GetHandleVerifier [0x7ff708333fa5+14925]
[   fedstat] 	chromedriver!GetHandleVerifier [0x7ff708334000+14980]
[   fedstat] 	chromedriver!(No symbol) [0x7ff707e7793d]
[   fedstat] 	chromedriver!(No symbol) [0x7ff707e7f8b1]
[   fedstat] 	chromedriver!(No symbol) [0x7ff707e82c0f]
[   fedstat] 	chromedriver!(No symbol) [0x7ff707f20748]
[   fedstat] 	chromedriver!(No symbol) [0x7ff707efa3ca]
[   fedstat] 	chromedriver!(No symbol) [0x7ff707f1f39b]
[   fedstat] 	chromedriver!(No symbol) [0x7ff707ec401c]
[   fedstat] 	chromedriver!(No symbol) [0x7ff707ec4f43]
[   fedstat] 	chromedriver!GetHandleVerifier [0x7ff708917591+5f7f11]
[   fedstat] 	chromedriver!GetHandleVerifier [0x7ff708911902+5f2282]
[   fedstat] 	chromedriver!GetHandleVerifier [0x7ff708937115+617a95]
[   fedstat] 	chromedriver!GetHandleVerifier [0x7ff708351dce+3274e]
[   fedstat] 	chromedriver!GetHandleVerifier [0x7ff70835a82c+3b1ac]
[   fedstat] 	chromedriver!GetHandleVerifier [0x7ff70833d744+1e0c4]
[   fedstat] 	chromedriver!GetHandleVerifier [0x7ff70833d8d4+1e254]
[   fedstat] 	chromedriver!GetHandleVerifier [0x7ff708321447+1dc7]
[   fedstat] 	KERNEL32!BaseThreadInitThunk [0x7ff923077344+14]
[   fedstat] 	ntdll!RtlUserThreadStart [0x7ff92509cc91+21]
[   fedstat] 
[   fedstat]   ⚠️  Пропускаю — не удалось получить дату
[   fedstat] 
[   fedstat] 📊 [43211] Среднегодовая численность занятых в экономике (расчеты
[   fedstat]   🌐 Открываю: https://www.fedstat.ru/indicator/43211
[   fedstat]   🔄 Попытка 2/3 после ошибки: Message: javascript error: Cannot read properties of null (reading 'appendChild'
[   fedstat]   🔄 Попытка 3/3 после ошибки: Message: javascript error: Cannot read properties of null (reading 'appendChild'
[   fedstat]   ❌ Ошибка при чтении страницы: Message: javascript error: Cannot read properties of null (reading 'appendChild')
[   fedstat]   (Session info: chrome=149.0.7827.156)
[   fedstat] Stacktrace:
[   fedstat] 	chromedriver!GetHandleVerifier [0x7ff708333fa5+14925]
[   fedstat] 	chromedriver!GetHandleVerifier [0x7ff708334000+14980]
[   fedstat] 	chromedriver!(No symbol) [0x7ff707e7793d]
[   fedstat] 	chromedriver!(No symbol) [0x7ff707e7f8b1]
[   fedstat] 	chromedriver!(No symbol) [0x7ff707e82c0f]
[   fedstat] 	chromedriver!(No symbol) [0x7ff707f20748]
[   fedstat] 	chromedriver!(No symbol) [0x7ff707efa3ca]
[   fedstat] 	chromedriver!(No symbol) [0x7ff707f1f39b]
[   fedstat] 	chromedriver!(No symbol) [0x7ff707ec401c]
[   fedstat] 	chromedriver!(No symbol) [0x7ff707ec4f43]
[   fedstat] 	chromedriver!GetHandleVerifier [0x7ff708917591+5f7f11]
[   fedstat] 	chromedriver!GetHandleVerifier [0x7ff708911902+5f2282]
[   fedstat] 	chromedriver!GetHandleVerifier [0x7ff708937115+617a95]
[   fedstat] 	chromedriver!GetHandleVerifier [0x7ff708351dce+3274e]
[   fedstat] 	chromedriver!GetHandleVerifier [0x7ff70835a82c+3b1ac]
[   fedstat] 	chromedriver!GetHandleVerifier [0x7ff70833d744+1e0c4]
[   fedstat] 	chromedriver!GetHandleVerifier [0x7ff70833d8d4+1e254]
[   fedstat] 	chromedriver!GetHandleVerifier [0x7ff708321447+1dc7]
[   fedstat] 	KERNEL32!BaseThreadInitThunk [0x7ff923077344+14]
[   fedstat] 	ntdll!RtlUserThreadStart [0x7ff92509cc91+21]
[   fedstat] 
[   fedstat]   ⚠️  Пропускаю — не удалось получить дату
[   fedstat] 
[   fedstat] 📊 [57824] Среднемесячная номинальная начисленная заработная плата
[   fedstat]   🌐 Открываю: https://www.fedstat.ru/indicator/57824
[   fedstat]   🔄 Попытка 2/3 после ошибки: Message: javascript error: Cannot read properties of null (reading 'appendChild'
[   fedstat]   🔄 Попытка 3/3 после ошибки: Message: javascript error: Cannot read properties of null (reading 'appendChild'
[   fedstat]   ❌ Ошибка при чтении страницы: Message: javascript error: Cannot read properties of null (reading 'appendChild')
[   fedstat]   (Session info: chrome=149.0.7827.156)
[   fedstat] Stacktrace:
[   fedstat] 	chromedriver!GetHandleVerifier [0x7ff708333fa5+14925]
[   fedstat] 	chromedriver!GetHandleVerifier [0x7ff708334000+14980]
[   fedstat] 	chromedriver!(No symbol) [0x7ff707e7793d]
[   fedstat] 	chromedriver!(No symbol) [0x7ff707e7f8b1]
[   fedstat] 	chromedriver!(No symbol) [0x7ff707e82c0f]
[   fedstat] 	chromedriver!(No symbol) [0x7ff707f20748]
[   fedstat] 	chromedriver!(No symbol) [0x7ff707efa3ca]
[   fedstat] 	chromedriver!(No symbol) [0x7ff707f1f39b]
[   fedstat] 	chromedriver!(No symbol) [0x7ff707ec401c]
[   fedstat] 	chromedriver!(No symbol) [0x7ff707ec4f43]
[   fedstat] 	chromedriver!GetHandleVerifier [0x7ff708917591+5f7f11]
[   fedstat] 	chromedriver!GetHandleVerifier [0x7ff708911902+5f2282]
[   fedstat] 	chromedriver!GetHandleVerifier [0x7ff708937115+617a95]
[   fedstat] 	chromedriver!GetHandleVerifier [0x7ff708351dce+3274e]
[   fedstat] 	chromedriver!GetHandleVerifier [0x7ff70835a82c+3b1ac]
[   fedstat] 	chromedriver!GetHandleVerifier [0x7ff70833d744+1e0c4]
[   fedstat] 	chromedriver!GetHandleVerifier [0x7ff70833d8d4+1e254]
[   fedstat] 	chromedriver!GetHandleVerifier [0x7ff708321447+1dc7]
[   fedstat] 	KERNEL32!BaseThreadInitThunk [0x7ff923077344+14]
[   fedstat] 	ntdll!RtlUserThreadStart [0x7ff92509cc91+21]
[   fedstat] 
[   fedstat]   ⚠️  Пропускаю — не удалось получить дату
[   fedstat] 
[   fedstat] 📊 [43246] Среднемесячная номинальная начисленная заработная плата
[   fedstat]   🌐 Открываю: https://www.fedstat.ru/indicator/43246
[   fedstat]   🔄 Попытка 2/3 после ошибки: Message: javascript error: Cannot read properties of null (reading 'appendChild'
[   fedstat]   🔄 Попытка 3/3 после ошибки: Message: javascript error: Cannot read properties of null (reading 'appendChild'
[   fedstat]   ❌ Ошибка при чтении страницы: Message: javascript error: Cannot read properties of null (reading 'appendChild')
[   fedstat]   (Session info: chrome=149.0.7827.156)
[   fedstat] Stacktrace:
[   fedstat] 	chromedriver!GetHandleVerifier [0x7ff708333fa5+14925]
[   fedstat] 	chromedriver!GetHandleVerifier [0x7ff708334000+14980]
[   fedstat] 	chromedriver!(No symbol) [0x7ff707e7793d]
[   fedstat] 	chromedriver!(No symbol) [0x7ff707e7f8b1]
[   fedstat] 	chromedriver!(No symbol) [0x7ff707e82c0f]
[   fedstat] 	chromedriver!(No symbol) [0x7ff707f20748]
[   fedstat] 	chromedriver!(No symbol) [0x7ff707efa3ca]
[   fedstat] 	chromedriver!(No symbol) [0x7ff707f1f39b]
[   fedstat] 	chromedriver!(No symbol) [0x7ff707ec401c]
[   fedstat] 	chromedriver!(No symbol) [0x7ff707ec4f43]
[   fedstat] 	chromedriver!GetHandleVerifier [0x7ff708917591+5f7f11]
[   fedstat] 	chromedriver!GetHandleVerifier [0x7ff708911902+5f2282]
[   fedstat] 	chromedriver!GetHandleVerifier [0x7ff708937115+617a95]
[   fedstat] 	chromedriver!GetHandleVerifier [0x7ff708351dce+3274e]
[   fedstat] 	chromedriver!GetHandleVerifier [0x7ff70835a82c+3b1ac]
[   fedstat] 	chromedriver!GetHandleVerifier [0x7ff70833d744+1e0c4]
[   fedstat] 	chromedriver!GetHandleVerifier [0x7ff70833d8d4+1e254]
[   fedstat] 	chromedriver!GetHandleVerifier [0x7ff708321447+1dc7]
[   fedstat] 	KERNEL32!BaseThreadInitThunk [0x7ff923077344+14]
[   fedstat] 	ntdll!RtlUserThreadStart [0x7ff92509cc91+21]
[   fedstat] 
[   fedstat]   ⚠️  Пропускаю — не удалось получить дату
[   fedstat] 
[   fedstat] 📊 [34475] Инвестиции в основной капитал по полному кругу организа
[   fedstat]   🌐 Открываю: https://www.fedstat.ru/indicator/34475
[   fedstat]   🔄 Попытка 2/3 после ошибки: Message: javascript error: Cannot read properties of null (reading 'appendChild'
[   fedstat]   🔄 Попытка 3/3 после ошибки: Message: javascript error: Cannot read properties of null (reading 'appendChild'
[   fedstat]   ❌ Ошибка при чтении страницы: Message: javascript error: Cannot read properties of null (reading 'appendChild')
[   fedstat]   (Session info: chrome=149.0.7827.156)
[   fedstat] Stacktrace:
[   fedstat] 	chromedriver!GetHandleVerifier [0x7ff708333fa5+14925]
[   fedstat] 	chromedriver!GetHandleVerifier [0x7ff708334000+14980]
[   fedstat] 	chromedriver!(No symbol) [0x7ff707e7793d]
[   fedstat] 	chromedriver!(No symbol) [0x7ff707e7f8b1]
[   fedstat] 	chromedriver!(No symbol) [0x7ff707e82c0f]
[   fedstat] 	chromedriver!(No symbol) [0x7ff707f20748]
[   fedstat] 	chromedriver!(No symbol) [0x7ff707efa3ca]
[   fedstat] 	chromedriver!(No symbol) [0x7ff707f1f39b]
[   fedstat] 	chromedriver!(No symbol) [0x7ff707ec401c]
[   fedstat] 	chromedriver!(No symbol) [0x7ff707ec4f43]
[   fedstat] 	chromedriver!GetHandleVerifier [0x7ff708917591+5f7f11]
[   fedstat] 	chromedriver!GetHandleVerifier [0x7ff708911902+5f2282]
[   fedstat] 	chromedriver!GetHandleVerifier [0x7ff708937115+617a95]
[   fedstat] 	chromedriver!GetHandleVerifier [0x7ff708351dce+3274e]
[   fedstat] 	chromedriver!GetHandleVerifier [0x7ff70835a82c+3b1ac]
[   fedstat] 	chromedriver!GetHandleVerifier [0x7ff70833d744+1e0c4]
[   fedstat] 	chromedriver!GetHandleVerifier [0x7ff70833d8d4+1e254]
[   fedstat] 	chromedriver!GetHandleVerifier [0x7ff708321447+1dc7]
[   fedstat] 	KERNEL32!BaseThreadInitThunk [0x7ff923077344+14]
[   fedstat] 	ntdll!RtlUserThreadStart [0x7ff92509cc91+21]
[   fedstat] 
[   fedstat]   ⚠️  Пропускаю — не удалось получить дату
[   fedstat] 
[   fedstat] 📊 [59047] Инвестиции в основной капитал по полному кругу хозяйств
[   fedstat]   🌐 Открываю: https://www.fedstat.ru/indicator/59047
[   fedstat]   🔄 Попытка 2/3 после ошибки: Message: javascript error: Cannot read properties of null (reading 'appendChild'
[   fedstat]   🔄 Попытка 3/3 после ошибки: Message: javascript error: Cannot read properties of null (reading 'appendChild'
[   fedstat]   ❌ Ошибка при чтении страницы: Message: javascript error: Cannot read properties of null (reading 'appendChild')
[   fedstat]   (Session info: chrome=149.0.7827.156)
[   fedstat] Stacktrace:
[   fedstat] 	chromedriver!GetHandleVerifier [0x7ff708333fa5+14925]
[   fedstat] 	chromedriver!GetHandleVerifier [0x7ff708334000+14980]
[   fedstat] 	chromedriver!(No symbol) [0x7ff707e7793d]
[   fedstat] 	chromedriver!(No symbol) [0x7ff707e7f8b1]
[   fedstat] 	chromedriver!(No symbol) [0x7ff707e82c0f]
[   fedstat] 	chromedriver!(No symbol) [0x7ff707f20748]
[   fedstat] 	chromedriver!(No symbol) [0x7ff707efa3ca]
[   fedstat] 	chromedriver!(No symbol) [0x7ff707f1f39b]
[   fedstat] 	chromedriver!(No symbol) [0x7ff707ec401c]
[   fedstat] 	chromedriver!(No symbol) [0x7ff707ec4f43]
[   fedstat] 	chromedriver!GetHandleVerifier [0x7ff708917591+5f7f11]
[   fedstat] 	chromedriver!GetHandleVerifier [0x7ff708911902+5f2282]
[   fedstat] 	chromedriver!GetHandleVerifier [0x7ff708937115+617a95]
[   fedstat] 	chromedriver!GetHandleVerifier [0x7ff708351dce+3274e]
[   fedstat] 	chromedriver!GetHandleVerifier [0x7ff70835a82c+3b1ac]
[   fedstat] 	chromedriver!GetHandleVerifier [0x7ff70833d744+1e0c4]
[   fedstat] 	chromedriver!GetHandleVerifier [0x7ff70833d8d4+1e254]
[   fedstat] 	chromedriver!GetHandleVerifier [0x7ff708321447+1dc7]
[   fedstat] 	KERNEL32!BaseThreadInitThunk [0x7ff923077344+14]
[   fedstat] 	ntdll!RtlUserThreadStart [0x7ff92509cc91+21]
[   fedstat] 
[   fedstat]   ⚠️  Пропускаю — не удалось получить дату
[   fedstat] 
[   fedstat] 📊 [36078] Индекс физического объема инвестиций в основной капитал
[   fedstat]   🌐 Открываю: https://www.fedstat.ru/indicator/36078
[   fedstat]   🔄 Попытка 2/3 после ошибки: Message: javascript error: Cannot read properties of null (reading 'appendChild'
[   fedstat]   🔄 Попытка 3/3 после ошибки: Message: javascript error: Cannot read properties of null (reading 'appendChild'
[   fedstat]   ❌ Ошибка при чтении страницы: Message: javascript error: Cannot read properties of null (reading 'appendChild')
[   fedstat]   (Session info: chrome=149.0.7827.156)
[   fedstat] Stacktrace:
[   fedstat] 	chromedriver!GetHandleVerifier [0x7ff708333fa5+14925]
[   fedstat] 	chromedriver!GetHandleVerifier [0x7ff708334000+14980]
[   fedstat] 	chromedriver!(No symbol) [0x7ff707e7793d]
[   fedstat] 	chromedriver!(No symbol) [0x7ff707e7f8b1]
[   fedstat] 	chromedriver!(No symbol) [0x7ff707e82c0f]
[   fedstat] 	chromedriver!(No symbol) [0x7ff707f20748]
[   fedstat] 	chromedriver!(No symbol) [0x7ff707efa3ca]
[   fedstat] 	chromedriver!(No symbol) [0x7ff707f1f39b]
[   fedstat] 	chromedriver!(No symbol) [0x7ff707ec401c]
[   fedstat] 	chromedriver!(No symbol) [0x7ff707ec4f43]
[   fedstat] 	chromedriver!GetHandleVerifier [0x7ff708917591+5f7f11]
[   fedstat] 	chromedriver!GetHandleVerifier [0x7ff708911902+5f2282]
[   fedstat] 	chromedriver!GetHandleVerifier [0x7ff708937115+617a95]
[   fedstat] 	chromedriver!GetHandleVerifier [0x7ff708351dce+3274e]
[   fedstat] 	chromedriver!GetHandleVerifier [0x7ff70835a82c+3b1ac]
[   fedstat] 	chromedriver!GetHandleVerifier [0x7ff70833d744+1e0c4]
[   fedstat] 	chromedriver!GetHandleVerifier [0x7ff70833d8d4+1e254]
[   fedstat] 	chromedriver!GetHandleVerifier [0x7ff708321447+1dc7]
[   fedstat] 	KERNEL32!BaseThreadInitThunk [0x7ff923077344+14]
[   fedstat] 	ntdll!RtlUserThreadStart [0x7ff92509cc91+21]
[   fedstat] 
[   fedstat]   ⚠️  Пропускаю — не удалось получить дату
[   fedstat] 
[   fedstat] 📊 [34129] Индекс физического объема инвестиций в основной капитал
[   fedstat]   🌐 Открываю: https://www.fedstat.ru/indicator/34129
[   fedstat]   🔄 Попытка 2/3 после ошибки: Message: javascript error: Cannot read properties of null (reading 'appendChild'
[   fedstat]   🔄 Попытка 3/3 после ошибки: Message: javascript error: Cannot read properties of null (reading 'appendChild'
[   fedstat]   ❌ Ошибка при чтении страницы: Message: javascript error: Cannot read properties of null (reading 'appendChild')
[   fedstat]   (Session info: chrome=149.0.7827.156)
[   fedstat] Stacktrace:
[   fedstat] 	chromedriver!GetHandleVerifier [0x7ff708333fa5+14925]
[   fedstat] 	chromedriver!GetHandleVerifier [0x7ff708334000+14980]
[   fedstat] 	chromedriver!(No symbol) [0x7ff707e7793d]
[   fedstat] 	chromedriver!(No symbol) [0x7ff707e7f8b1]
[   fedstat] 	chromedriver!(No symbol) [0x7ff707e82c0f]
[   fedstat] 	chromedriver!(No symbol) [0x7ff707f20748]
[   fedstat] 	chromedriver!(No symbol) [0x7ff707efa3ca]
[   fedstat] 	chromedriver!(No symbol) [0x7ff707f1f39b]
[   fedstat] 	chromedriver!(No symbol) [0x7ff707ec401c]
[   fedstat] 	chromedriver!(No symbol) [0x7ff707ec4f43]
[   fedstat] 	chromedriver!GetHandleVerifier [0x7ff708917591+5f7f11]
[   fedstat] 	chromedriver!GetHandleVerifier [0x7ff708911902+5f2282]
[   fedstat] 	chromedriver!GetHandleVerifier [0x7ff708937115+617a95]
[   fedstat] 	chromedriver!GetHandleVerifier [0x7ff708351dce+3274e]
[   fedstat] 	chromedriver!GetHandleVerifier [0x7ff70835a82c+3b1ac]
[   fedstat] 	chromedriver!GetHandleVerifier [0x7ff70833d744+1e0c4]
[   fedstat] 	chromedriver!GetHandleVerifier [0x7ff70833d8d4+1e254]
[   fedstat] 	chromedriver!GetHandleVerifier [0x7ff708321447+1dc7]
[   fedstat] 	KERNEL32!BaseThreadInitThunk [0x7ff923077344+14]
[   fedstat] 	ntdll!RtlUserThreadStart [0x7ff92509cc91+21]
[   fedstat] 
[   fedstat]   ⚠️  Пропускаю — не удалось получить дату
[   fedstat] 
[   fedstat] 📊 [58089] Индекс физического объема инвестиций в основной капитал
[   fedstat]   🌐 Открываю: https://www.fedstat.ru/indicator/58089
[   fedstat]   🔄 Попытка 2/3 после ошибки: Message: javascript error: Cannot read properties of null (reading 'appendChild'
[   fedstat]   🔄 Попытка 3/3 после ошибки: Message: javascript error: Cannot read properties of null (reading 'appendChild'
[   fedstat]   ❌ Ошибка при чтении страницы: Message: javascript error: Cannot read properties of null (reading 'appendChild')
[   fedstat]   (Session info: chrome=149.0.7827.156)
[   fedstat] Stacktrace:
[   fedstat] 	chromedriver!GetHandleVerifier [0x7ff708333fa5+14925]
[   fedstat] 	chromedriver!GetHandleVerifier [0x7ff708334000+14980]
[   fedstat] 	chromedriver!(No symbol) [0x7ff707e7793d]
[   fedstat] 	chromedriver!(No symbol) [0x7ff707e7f8b1]
[   fedstat] 	chromedriver!(No symbol) [0x7ff707e82c0f]
[   fedstat] 	chromedriver!(No symbol) [0x7ff707f20748]
[   fedstat] 	chromedriver!(No symbol) [0x7ff707efa3ca]
[   fedstat] 	chromedriver!(No symbol) [0x7ff707f1f39b]
[   fedstat] 	chromedriver!(No symbol) [0x7ff707ec401c]
[   fedstat] 	chromedriver!(No symbol) [0x7ff707ec4f43]
[   fedstat] 	chromedriver!GetHandleVerifier [0x7ff708917591+5f7f11]
[   fedstat] 	chromedriver!GetHandleVerifier [0x7ff708911902+5f2282]
[   fedstat] 	chromedriver!GetHandleVerifier [0x7ff708937115+617a95]
[   fedstat] 	chromedriver!GetHandleVerifier [0x7ff708351dce+3274e]
[   fedstat] 	chromedriver!GetHandleVerifier [0x7ff70835a82c+3b1ac]
[   fedstat] 	chromedriver!GetHandleVerifier [0x7ff70833d744+1e0c4]
[   fedstat] 	chromedriver!GetHandleVerifier [0x7ff70833d8d4+1e254]
[   fedstat] 	chromedriver!GetHandleVerifier [0x7ff708321447+1dc7]
[   fedstat] 	KERNEL32!BaseThreadInitThunk [0x7ff923077344+14]
[   fedstat] 	ntdll!RtlUserThreadStart [0x7ff92509cc91+21]
[   fedstat] 
[   fedstat]   ⚠️  Пропускаю — не удалось получить дату
[   fedstat] 
[   fedstat] 📊 [34118] Введено в действие общей площади жилых домов (оперативн
[   fedstat]   🌐 Открываю: https://www.fedstat.ru/indicator/34118
[   fedstat]   🔄 Попытка 2/3 после ошибки: Message: javascript error: Cannot read properties of null (reading 'appendChild'
[   fedstat]   🔄 Попытка 3/3 после ошибки: Message: javascript error: Cannot read properties of null (reading 'appendChild'
[   fedstat]   ❌ Ошибка при чтении страницы: Message: javascript error: Cannot read properties of null (reading 'appendChild')
[   fedstat]   (Session info: chrome=149.0.7827.156)
[   fedstat] Stacktrace:
[   fedstat] 	chromedriver!GetHandleVerifier [0x7ff708333fa5+14925]
[   fedstat] 	chromedriver!GetHandleVerifier [0x7ff708334000+14980]
[   fedstat] 	chromedriver!(No symbol) [0x7ff707e7793d]
[   fedstat] 	chromedriver!(No symbol) [0x7ff707e7f8b1]
[   fedstat] 	chromedriver!(No symbol) [0x7ff707e82c0f]
[   fedstat] 	chromedriver!(No symbol) [0x7ff707f20748]
[   fedstat] 	chromedriver!(No symbol) [0x7ff707efa3ca]
[   fedstat] 	chromedriver!(No symbol) [0x7ff707f1f39b]
[   fedstat] 	chromedriver!(No symbol) [0x7ff707ec401c]
[   fedstat] 	chromedriver!(No symbol) [0x7ff707ec4f43]
[   fedstat] 	chromedriver!GetHandleVerifier [0x7ff708917591+5f7f11]
[   fedstat] 	chromedriver!GetHandleVerifier [0x7ff708911902+5f2282]
[   fedstat] 	chromedriver!GetHandleVerifier [0x7ff708937115+617a95]
[   fedstat] 	chromedriver!GetHandleVerifier [0x7ff708351dce+3274e]
[   fedstat] 	chromedriver!GetHandleVerifier [0x7ff70835a82c+3b1ac]
[   fedstat] 	chromedriver!GetHandleVerifier [0x7ff70833d744+1e0c4]
[   fedstat] 	chromedriver!GetHandleVerifier [0x7ff70833d8d4+1e254]
[   fedstat] 	chromedriver!GetHandleVerifier [0x7ff708321447+1dc7]
[   fedstat] 	KERNEL32!BaseThreadInitThunk [0x7ff923077344+14]
[   fedstat] 	ntdll!RtlUserThreadStart [0x7ff92509cc91+21]
[   fedstat] 
[   fedstat]   ⚠️  Пропускаю — не удалось получить дату
[   fedstat] 
[   fedstat] 📊 [33575] Введено в действие общей площади жилых домов, построенн
[   fedstat]   🌐 Открываю: https://www.fedstat.ru/indicator/33575
[   fedstat]   🔄 Попытка 2/3 после ошибки: Message: javascript error: Cannot read properties of null (reading 'appendChild'
[   fedstat]   🔄 Попытка 3/3 после ошибки: Message: javascript error: Cannot read properties of null (reading 'appendChild'
[   fedstat]   ❌ Ошибка при чтении страницы: Message: javascript error: Cannot read properties of null (reading 'appendChild')
[   fedstat]   (Session info: chrome=149.0.7827.156)
[   fedstat] Stacktrace:
[   fedstat] 	chromedriver!GetHandleVerifier [0x7ff708333fa5+14925]
[   fedstat] 	chromedriver!GetHandleVerifier [0x7ff708334000+14980]
[   fedstat] 	chromedriver!(No symbol) [0x7ff707e7793d]
[   fedstat] 	chromedriver!(No symbol) [0x7ff707e7f8b1]
[   fedstat] 	chromedriver!(No symbol) [0x7ff707e82c0f]
[   fedstat] 	chromedriver!(No symbol) [0x7ff707f20748]
[   fedstat] 	chromedriver!(No symbol) [0x7ff707efa3ca]
[   fedstat] 	chromedriver!(No symbol) [0x7ff707f1f39b]
[   fedstat] 	chromedriver!(No symbol) [0x7ff707ec401c]
[   fedstat] 	chromedriver!(No symbol) [0x7ff707ec4f43]
[   fedstat] 	chromedriver!GetHandleVerifier [0x7ff708917591+5f7f11]
[   fedstat] 	chromedriver!GetHandleVerifier [0x7ff708911902+5f2282]
[   fedstat] 	chromedriver!GetHandleVerifier [0x7ff708937115+617a95]
[   fedstat] 	chromedriver!GetHandleVerifier [0x7ff708351dce+3274e]
[   fedstat] 	chromedriver!GetHandleVerifier [0x7ff70835a82c+3b1ac]
[   fedstat] 	chromedriver!GetHandleVerifier [0x7ff70833d744+1e0c4]
[   fedstat] 	chromedriver!GetHandleVerifier [0x7ff70833d8d4+1e254]
[   fedstat] 	chromedriver!GetHandleVerifier [0x7ff708321447+1dc7]
[   fedstat] 	KERNEL32!BaseThreadInitThunk [0x7ff923077344+14]
[   fedstat] 	ntdll!RtlUserThreadStart [0x7ff92509cc91+21]
[   fedstat] 
[   fedstat]   ⚠️  Пропускаю — не удалось получить дату
[   fedstat] 
[   fedstat] 📊 [33574] Введено в действие общей площади жилых домов на 1000 че
[   fedstat]   🌐 Открываю: https://www.fedstat.ru/indicator/33574
[   fedstat]   🔄 Попытка 2/3 после ошибки: Message: javascript error: Cannot read properties of null (reading 'appendChild'
[   fedstat]   🔄 Попытка 3/3 после ошибки: Message: javascript error: Cannot read properties of null (reading 'appendChild'
[   fedstat]   ❌ Ошибка при чтении страницы: Message: javascript error: Cannot read properties of null (reading 'appendChild')
[   fedstat]   (Session info: chrome=149.0.7827.156)
[   fedstat] Stacktrace:
[   fedstat] 	chromedriver!GetHandleVerifier [0x7ff708333fa5+14925]
[   fedstat] 	chromedriver!GetHandleVerifier [0x7ff708334000+14980]
[   fedstat] 	chromedriver!(No symbol) [0x7ff707e7793d]
[   fedstat] 	chromedriver!(No symbol) [0x7ff707e7f8b1]
[   fedstat] 	chromedriver!(No symbol) [0x7ff707e82c0f]
[   fedstat] 	chromedriver!(No symbol) [0x7ff707f20748]
[   fedstat] 	chromedriver!(No symbol) [0x7ff707efa3ca]
[   fedstat] 	chromedriver!(No symbol) [0x7ff707f1f39b]
[   fedstat] 	chromedriver!(No symbol) [0x7ff707ec401c]
[   fedstat] 	chromedriver!(No symbol) [0x7ff707ec4f43]
[   fedstat] 	chromedriver!GetHandleVerifier [0x7ff708917591+5f7f11]
[   fedstat] 	chromedriver!GetHandleVerifier [0x7ff708911902+5f2282]
[   fedstat] 	chromedriver!GetHandleVerifier [0x7ff708937115+617a95]
[   fedstat] 	chromedriver!GetHandleVerifier [0x7ff708351dce+3274e]
[   fedstat] 	chromedriver!GetHandleVerifier [0x7ff70835a82c+3b1ac]
[   fedstat] 	chromedriver!GetHandleVerifier [0x7ff70833d744+1e0c4]
[   fedstat] 	chromedriver!GetHandleVerifier [0x7ff70833d8d4+1e254]
[   fedstat] 	chromedriver!GetHandleVerifier [0x7ff708321447+1dc7]
[   fedstat] 	KERNEL32!BaseThreadInitThunk [0x7ff923077344+14]
[   fedstat] 	ntdll!RtlUserThreadStart [0x7ff92509cc91+21]
[   fedstat] 
[   fedstat]   ⚠️  Пропускаю — не удалось получить дату
[   fedstat] 
[   fedstat] 📊 [33738] Количество построенных квартир (значение показателя за
[   fedstat]   🌐 Открываю: https://www.fedstat.ru/indicator/33738
[   fedstat]   🔄 Попытка 2/3 после ошибки: Message: javascript error: Cannot read properties of null (reading 'appendChild'
[   fedstat]   🔄 Попытка 3/3 после ошибки: Message: javascript error: Cannot read properties of null (reading 'appendChild'
[   fedstat]   ❌ Ошибка при чтении страницы: Message: javascript error: Cannot read properties of null (reading 'appendChild')
[   fedstat]   (Session info: chrome=149.0.7827.156)
[   fedstat] Stacktrace:
[   fedstat] 	chromedriver!GetHandleVerifier [0x7ff708333fa5+14925]
[   fedstat] 	chromedriver!GetHandleVerifier [0x7ff708334000+14980]
[   fedstat] 	chromedriver!(No symbol) [0x7ff707e7793d]
[   fedstat] 	chromedriver!(No symbol) [0x7ff707e7f8b1]
[   fedstat] 	chromedriver!(No symbol) [0x7ff707e82c0f]
[   fedstat] 	chromedriver!(No symbol) [0x7ff707f20748]
[   fedstat] 	chromedriver!(No symbol) [0x7ff707efa3ca]
[   fedstat] 	chromedriver!(No symbol) [0x7ff707f1f39b]
[   fedstat] 	chromedriver!(No symbol) [0x7ff707ec401c]
[   fedstat] 	chromedriver!(No symbol) [0x7ff707ec4f43]
[   fedstat] 	chromedriver!GetHandleVerifier [0x7ff708917591+5f7f11]
[   fedstat] 	chromedriver!GetHandleVerifier [0x7ff708911902+5f2282]
[   fedstat] 	chromedriver!GetHandleVerifier [0x7ff708937115+617a95]
[   fedstat] 	chromedriver!GetHandleVerifier [0x7ff708351dce+3274e]
[   fedstat] 	chromedriver!GetHandleVerifier [0x7ff70835a82c+3b1ac]
[   fedstat] 	chromedriver!GetHandleVerifier [0x7ff70833d744+1e0c4]
[   fedstat] 	chromedriver!GetHandleVerifier [0x7ff70833d8d4+1e254]
[   fedstat] 	chromedriver!GetHandleVerifier [0x7ff708321447+1dc7]
[   fedstat] 	KERNEL32!BaseThreadInitThunk [0x7ff923077344+14]
[   fedstat] 	ntdll!RtlUserThreadStart [0x7ff92509cc91+21]
[   fedstat] 
[   fedstat]   ⚠️  Пропускаю — не удалось получить дату
[   fedstat] 
[   fedstat] 📊 [40466] Общая площадь жилых помещений, приходящаяся в среднем н
[   fedstat]   🌐 Открываю: https://www.fedstat.ru/indicator/40466
[   fedstat]   🔄 Попытка 2/3 после ошибки: Message: javascript error: Cannot read properties of null (reading 'appendChild'
[   fedstat]   🔄 Попытка 3/3 после ошибки: Message: javascript error: Cannot read properties of null (reading 'appendChild'
[   fedstat]   ❌ Ошибка при чтении страницы: Message: javascript error: Cannot read properties of null (reading 'appendChild')
[   fedstat]   (Session info: chrome=149.0.7827.156)
[   fedstat] Stacktrace:
[   fedstat] 	chromedriver!GetHandleVerifier [0x7ff708333fa5+14925]
[   fedstat] 	chromedriver!GetHandleVerifier [0x7ff708334000+14980]
[   fedstat] 	chromedriver!(No symbol) [0x7ff707e7793d]
[   fedstat] 	chromedriver!(No symbol) [0x7ff707e7f8b1]
[   fedstat] 	chromedriver!(No symbol) [0x7ff707e82c0f]
[   fedstat] 	chromedriver!(No symbol) [0x7ff707f20748]
[   fedstat] 	chromedriver!(No symbol) [0x7ff707efa3ca]
[   fedstat] 	chromedriver!(No symbol) [0x7ff707f1f39b]
[   fedstat] 	chromedriver!(No symbol) [0x7ff707ec401c]
[   fedstat] 	chromedriver!(No symbol) [0x7ff707ec4f43]
[   fedstat] 	chromedriver!GetHandleVerifier [0x7ff708917591+5f7f11]
[   fedstat] 	chromedriver!GetHandleVerifier [0x7ff708911902+5f2282]
[   fedstat] 	chromedriver!GetHandleVerifier [0x7ff708937115+617a95]
[   fedstat] 	chromedriver!GetHandleVerifier [0x7ff708351dce+3274e]
[   fedstat] 	chromedriver!GetHandleVerifier [0x7ff70835a82c+3b1ac]
[   fedstat] 	chromedriver!GetHandleVerifier [0x7ff70833d744+1e0c4]
[   fedstat] 	chromedriver!GetHandleVerifier [0x7ff70833d8d4+1e254]
[   fedstat] 	chromedriver!GetHandleVerifier [0x7ff708321447+1dc7]
[   fedstat] 	KERNEL32!BaseThreadInitThunk [0x7ff923077344+14]
[   fedstat] 	ntdll!RtlUserThreadStart [0x7ff92509cc91+21]
[   fedstat] 
[   fedstat]   ⚠️  Пропускаю — не удалось получить дату
[   fedstat] 
[   fedstat] 📊 [31074_часть1] Индексы потребительских цен на товары и услуги часть1 (
[   fedstat]   🌐 Открываю: https://www.fedstat.ru/indicator/31074
[   fedstat]   🔄 Попытка 2/3 после ошибки: Message: javascript error: Cannot read properties of null (reading 'appendChild'
[   fedstat]   🔄 Попытка 3/3 после ошибки: Message: javascript error: Cannot read properties of null (reading 'appendChild'
[   fedstat]   ❌ Ошибка при чтении страницы: Message: javascript error: Cannot read properties of null (reading 'appendChild')
[   fedstat]   (Session info: chrome=149.0.7827.156)
[   fedstat] Stacktrace:
[   fedstat] 	chromedriver!GetHandleVerifier [0x7ff708333fa5+14925]
[   fedstat] 	chromedriver!GetHandleVerifier [0x7ff708334000+14980]
[   fedstat] 	chromedriver!(No symbol) [0x7ff707e7793d]
[   fedstat] 	chromedriver!(No symbol) [0x7ff707e7f8b1]
[   fedstat] 	chromedriver!(No symbol) [0x7ff707e82c0f]
[   fedstat] 	chromedriver!(No symbol) [0x7ff707f20748]
[   fedstat] 	chromedriver!(No symbol) [0x7ff707efa3ca]
[   fedstat] 	chromedriver!(No symbol) [0x7ff707f1f39b]
[   fedstat] 	chromedriver!(No symbol) [0x7ff707ec401c]
[   fedstat] 	chromedriver!(No symbol) [0x7ff707ec4f43]
[   fedstat] 	chromedriver!GetHandleVerifier [0x7ff708917591+5f7f11]
[   fedstat] 	chromedriver!GetHandleVerifier [0x7ff708911902+5f2282]
[   fedstat] 	chromedriver!GetHandleVerifier [0x7ff708937115+617a95]
[   fedstat] 	chromedriver!GetHandleVerifier [0x7ff708351dce+3274e]
[   fedstat] 	chromedriver!GetHandleVerifier [0x7ff70835a82c+3b1ac]
[   fedstat] 	chromedriver!GetHandleVerifier [0x7ff70833d744+1e0c4]
[   fedstat] 	chromedriver!GetHandleVerifier [0x7ff70833d8d4+1e254]
[   fedstat] 	chromedriver!GetHandleVerifier [0x7ff708321447+1dc7]
[   fedstat] 	KERNEL32!BaseThreadInitThunk [0x7ff923077344+14]
[   fedstat] 	ntdll!RtlUserThreadStart [0x7ff92509cc91+21]
[   fedstat] 
[   fedstat]   ⚠️  Пропускаю — не удалось получить дату
[   fedstat] 
[   fedstat] 📊 [31074_часть2] Индексы потребительских цен на товары и услуги часть2 (
[   fedstat]   🌐 Открываю: https://www.fedstat.ru/indicator/31074
[   fedstat]   🔄 Попытка 2/3 после ошибки: Message: javascript error: Cannot read properties of null (reading 'appendChild'
[   fedstat]   🔄 Попытка 3/3 после ошибки: Message: javascript error: Cannot read properties of null (reading 'appendChild'
[   fedstat]   ❌ Ошибка при чтении страницы: Message: javascript error: Cannot read properties of null (reading 'appendChild')
[   fedstat]   (Session info: chrome=149.0.7827.156)
[   fedstat] Stacktrace:
[   fedstat] 	chromedriver!GetHandleVerifier [0x7ff708333fa5+14925]
[   fedstat] 	chromedriver!GetHandleVerifier [0x7ff708334000+14980]
[   fedstat] 	chromedriver!(No symbol) [0x7ff707e7793d]
[   fedstat] 	chromedriver!(No symbol) [0x7ff707e7f8b1]
[   fedstat] 	chromedriver!(No symbol) [0x7ff707e82c0f]
[   fedstat] 	chromedriver!(No symbol) [0x7ff707f20748]
[   fedstat] 	chromedriver!(No symbol) [0x7ff707efa3ca]
[   fedstat] 	chromedriver!(No symbol) [0x7ff707f1f39b]
[   fedstat] 	chromedriver!(No symbol) [0x7ff707ec401c]
[   fedstat] 	chromedriver!(No symbol) [0x7ff707ec4f43]
[   fedstat] 	chromedriver!GetHandleVerifier [0x7ff708917591+5f7f11]
[   fedstat] 	chromedriver!GetHandleVerifier [0x7ff708911902+5f2282]
[   fedstat] 	chromedriver!GetHandleVerifier [0x7ff708937115+617a95]
[   fedstat] 	chromedriver!GetHandleVerifier [0x7ff708351dce+3274e]
[   fedstat] 	chromedriver!GetHandleVerifier [0x7ff70835a82c+3b1ac]
[   fedstat] 	chromedriver!GetHandleVerifier [0x7ff70833d744+1e0c4]
[   fedstat] 	chromedriver!GetHandleVerifier [0x7ff70833d8d4+1e254]
[   fedstat] 	chromedriver!GetHandleVerifier [0x7ff708321447+1dc7]
[   fedstat] 	KERNEL32!BaseThreadInitThunk [0x7ff923077344+14]
[   fedstat] 	ntdll!RtlUserThreadStart [0x7ff92509cc91+21]
[   fedstat] 
[   fedstat]   ⚠️  Пропускаю — не удалось получить дату
[   fedstat] 
[   fedstat] 📊 [31452] Средняя цена 1 кв. м  общей площади квартир на рынке жи
[   fedstat]   🌐 Открываю: https://www.fedstat.ru/indicator/31452
[   fedstat]   🔄 Попытка 2/3 после ошибки: Message: javascript error: Cannot read properties of null (reading 'appendChild'
[   fedstat]   🔄 Попытка 3/3 после ошибки: Message: javascript error: Cannot read properties of null (reading 'appendChild'
[   fedstat]   ❌ Ошибка при чтении страницы: Message: javascript error: Cannot read properties of null (reading 'appendChild')
[   fedstat]   (Session info: chrome=149.0.7827.156)
[   fedstat] Stacktrace:
[   fedstat] 	chromedriver!GetHandleVerifier [0x7ff708333fa5+14925]
[   fedstat] 	chromedriver!GetHandleVerifier [0x7ff708334000+14980]
[   fedstat] 	chromedriver!(No symbol) [0x7ff707e7793d]
[   fedstat] 	chromedriver!(No symbol) [0x7ff707e7f8b1]
[   fedstat] 	chromedriver!(No symbol) [0x7ff707e82c0f]
[   fedstat] 	chromedriver!(No symbol) [0x7ff707f20748]
[   fedstat] 	chromedriver!(No symbol) [0x7ff707efa3ca]
[   fedstat] 	chromedriver!(No symbol) [0x7ff707f1f39b]
[   fedstat] 	chromedriver!(No symbol) [0x7ff707ec401c]
[   fedstat] 	chromedriver!(No symbol) [0x7ff707ec4f43]
[   fedstat] 	chromedriver!GetHandleVerifier [0x7ff708917591+5f7f11]
[   fedstat] 	chromedriver!GetHandleVerifier [0x7ff708911902+5f2282]
[   fedstat] 	chromedriver!GetHandleVerifier [0x7ff708937115+617a95]
[   fedstat] 	chromedriver!GetHandleVerifier [0x7ff708351dce+3274e]
[   fedstat] 	chromedriver!GetHandleVerifier [0x7ff70835a82c+3b1ac]
[   fedstat] 	chromedriver!GetHandleVerifier [0x7ff70833d744+1e0c4]
[   fedstat] 	chromedriver!GetHandleVerifier [0x7ff70833d8d4+1e254]
[   fedstat] 	chromedriver!GetHandleVerifier [0x7ff708321447+1dc7]
[   fedstat] 	KERNEL32!BaseThreadInitThunk [0x7ff923077344+14]
[   fedstat] 	ntdll!RtlUserThreadStart [0x7ff92509cc91+21]
[   fedstat] 
[   fedstat]   ⚠️  Пропускаю — не удалось получить дату
[   fedstat] 
[   fedstat] 📊 [31448] Средние потребительские цены (тарифы) на товары и услуг
[   fedstat]   🌐 Открываю: https://www.fedstat.ru/indicator/31448
[   fedstat]   🔄 Попытка 2/3 после ошибки: Message: javascript error: Cannot read properties of null (reading 'appendChild'
[   fedstat]   🔄 Попытка 3/3 после ошибки: Message: javascript error: Cannot read properties of null (reading 'appendChild'
[   fedstat]   ❌ Ошибка при чтении страницы: Message: javascript error: Cannot read properties of null (reading 'appendChild')
[   fedstat]   (Session info: chrome=149.0.7827.156)
[   fedstat] Stacktrace:
[   fedstat] 	chromedriver!GetHandleVerifier [0x7ff708333fa5+14925]
[   fedstat] 	chromedriver!GetHandleVerifier [0x7ff708334000+14980]
[   fedstat] 	chromedriver!(No symbol) [0x7ff707e7793d]
[   fedstat] 	chromedriver!(No symbol) [0x7ff707e7f8b1]
[   fedstat] 	chromedriver!(No symbol) [0x7ff707e82c0f]
[   fedstat] 	chromedriver!(No symbol) [0x7ff707f20748]
[   fedstat] 	chromedriver!(No symbol) [0x7ff707efa3ca]
[   fedstat] 	chromedriver!(No symbol) [0x7ff707f1f39b]
[   fedstat] 	chromedriver!(No symbol) [0x7ff707ec401c]
[   fedstat] 	chromedriver!(No symbol) [0x7ff707ec4f43]
[   fedstat] 	chromedriver!GetHandleVerifier [0x7ff708917591+5f7f11]
[   fedstat] 	chromedriver!GetHandleVerifier [0x7ff708911902+5f2282]
[   fedstat] 	chromedriver!GetHandleVerifier [0x7ff708937115+617a95]
[   fedstat] 	chromedriver!GetHandleVerifier [0x7ff708351dce+3274e]
[   fedstat] 	chromedriver!GetHandleVerifier [0x7ff70835a82c+3b1ac]
[   fedstat] 	chromedriver!GetHandleVerifier [0x7ff70833d744+1e0c4]
[   fedstat] 	chromedriver!GetHandleVerifier [0x7ff70833d8d4+1e254]
[   fedstat] 	chromedriver!GetHandleVerifier [0x7ff708321447+1dc7]
[   fedstat] 	KERNEL32!BaseThreadInitThunk [0x7ff923077344+14]
[   fedstat] 	ntdll!RtlUserThreadStart [0x7ff92509cc91+21]
[   fedstat] 
[   fedstat]   ⚠️  Пропускаю — не удалось получить дату
[   fedstat] 
[   fedstat] 
[   fedstat] ============================================================
[   fedstat] Итог: скачано файлов — 0
[   fedstat] ============================================================
[   fedstat] 
❌ fedstat: код выхода 2 (за 13.7 мин)
[     kvart] 
[     kvart] ============================================================
[     kvart] наш.дом.рф / GSheets | Запуск: 2026-06-24 12:15:22
[     kvart] Источники: kvartirografia
[     kvart] ============================================================
[     kvart] 
[     kvart]   🌐 kvartirografia: https://xn--80az8a.xn--d1aqf.xn--p1ai/%D0%B0%D0%BD%D0%B0%D0%BB%D0%B8%D1%82%D0%B8%D0%BA%D0%B0/%D0%BA%D0%B2%D0%B0%D1%80%D1%82%D0%B8%D1%80%D0%BE%D0%B3%D1%80%D0%B0%D1%84%D0%B8%D1%8F
[     kvart]      ── регион: rf (Российская Федерация)
[     kvart]        devs (виртуальный список 0):
[     kvart]        inner scrollHeight=52953px (≈2787 строк)
[     kvart]          · шаг 20, pos=11400/52953, собрано 392/2787
[     kvart]          · шаг 40, pos=23400/52953, собрано 787/2787
[     kvart]          · шаг 60, pos=35400/52953, собрано 1170/2787
[     kvart]          · шаг 80, pos=47400/52953, собрано 1534/2787
[     kvart]        финал: 1688 строк за 90 шагов
[     kvart]        regions (виртуальный список 1):
[     kvart]        inner scrollHeight=1691px (≈89 строк)
[     kvart]        финал: 65 строк за 4 шагов
[     kvart]        · apartments=5, distribution=8, devs=1688, regs=65
[     kvart]      💾 kvartirografia_20260624.xlsx: {'apartments': 5, 'distribution': 8, 'developers': 1688, 'regions': 65, 'per_dev': 0}
[     kvart]        ── mapping: 1688 сайтовых, 94 matched, 8 conflicts, 1594 unmatched
[     kvart]      💾 kvartirografia_20260624.xlsx: {'apartments': 5, 'distribution': 8, 'developers': 1688, 'regions': 65, 'per_dev': 0}
[     kvart]        ── per-dev обход: 200/1688 девелоперов (KVART_PER_DEV=0 чтобы выключить)
[     kvart]           🚫 8/200 «ССК»: парсер дал 36542 шт, ожидалось ~1000 (ratio=36.54) — пропускаю
[     kvart]           🚫 9/200 «ЮгСтройИнвест»: парсер дал 31745 шт, ожидалось ~1000 (ratio=31.75) — пропускаю
[     kvart]           · 10/200: ok=8, miss=0, rejected=2
[     kvart]      💾 kvartirografia_20260624.xlsx: {'apartments': 5, 'distribution': 8, 'developers': 1688, 'regions': 65, 'per_dev': 8}
[     kvart]           🚫 12/200 «Эталон»: парсер дал 20631 шт, ожидалось ~1000 (ratio=20.63) — пропускаю
[     kvart]           · 20/200: ok=17, miss=0, rejected=3
[     kvart]      💾 kvartirografia_20260624.xlsx: {'apartments': 5, 'distribution': 8, 'developers': 1688, 'regions': 65, 'per_dev': 17}
[     kvart]           · 30/200: ok=27, miss=0, rejected=3
[     kvart]      💾 kvartirografia_20260624.xlsx: {'apartments': 5, 'distribution': 8, 'developers': 1688, 'regions': 65, 'per_dev': 27}
[     kvart]           · 40/200: ok=35, miss=0, rejected=5
[     kvart]      💾 kvartirografia_20260624.xlsx: {'apartments': 5, 'distribution': 8, 'developers': 1688, 'regions': 65, 'per_dev': 35}
[     kvart]           · 50/200: ok=44, miss=0, rejected=6
[     kvart]      💾 kvartirografia_20260624.xlsx: {'apartments': 5, 'distribution': 8, 'developers': 1688, 'regions': 65, 'per_dev': 44}
[     kvart]           · 60/200: ok=54, miss=0, rejected=6
[     kvart]      💾 kvartirografia_20260624.xlsx: {'apartments': 5, 'distribution': 8, 'developers': 1688, 'regions': 65, 'per_dev': 54}
[     kvart]      ❌ ошибка при обработке rf: HTTPConnectionPool(host='localhost', port=52361): Read timed out. (read timeout=120)
[     kvart]      💾 kvartirografia_20260624.xlsx: {'apartments': 5, 'distribution': 8, 'developers': 1688, 'regions': 65, 'per_dev': 55}
[     kvart]      ── регион: msk (Город Москва)
[     kvart]      ❌ ошибка при обработке msk: HTTPConnectionPool(host='localhost', port=52361): Read timed out. (read timeout=120)
[     kvart]      💾 kvartirografia_20260624.xlsx: {'apartments': 5, 'distribution': 8, 'developers': 1688, 'regions': 65, 'per_dev': 55}
[     kvart]   ⚠️  kvartirografia: НЕ собраны регионы: ['msk']. Собрано только: ['rf']
[     kvart] 
[     kvart] ============================================================
[     kvart] Итог: новых/обновлённых файлов — 2
[     kvart]   • data\raw\realty\nashdom\kvartirografia_20260624.json
[     kvart]   • data\raw\realty\nashdom\kvartirografia_20260624.xlsx
[     kvart] ============================================================
[     kvart] 
✅ kvart: успех (за 20.8 мин)

────────────────────────────────────────────────────────────
🔍 Дедупликация новых файлов (31 шт)
────────────────────────────────────────────────────────────
  Все 31 файлов уникальны (дублей нет)
⏰ rasprod: убит по watchdog'у (>90мин), гашу процессы Chrome
[   rasprod] 
[   rasprod] ============================================================
[   rasprod] наш.дом.рф / GSheets | Запуск: 2026-06-24 12:15:22
[   rasprod] Источники: rasprodannost
[   rasprod] ============================================================
[   rasprod] 
[   rasprod]   🌐 rasprodannost: https://xn--80az8a.xn--d1aqf.xn--p1ai/%D0%B0%D0%BD%D0%B0%D0%BB%D0%B8%D1%82%D0%B8%D0%BA%D0%B0/%D1%80%D0%B0%D1%81%D0%BF%D1%80%D0%BE%D0%B4%D0%B0%D0%BD%D0%BD%D0%BE%D1%81%D1%82%D1%8C-%D1%81%D1%82%D1%80%D0%BE%D0%B9%D0%B3%D0%BE%D1%82%D0%BE%D0%B2%D0%BD%D0%BE%D1%81%D1%82%D1%8C
[   rasprod]      ── регион: rf (Все)
[   rasprod]      · перешли к самому свежему году: 2026
[   rasprod]        · доступных периодов: 77
[   rasprod]        ▸ 1/77: Май 2026
[   rasprod]           📥 свежий период: проскроллил «Девелоперы», 2761 строк
[   rasprod]           KPI=4, tables=2793 строк
[   rasprod]      💾 rasprodannost_20260624.xlsx (записей=1)
[   rasprod]        ▸ 2/77: Апрель 2026
[   rasprod]           KPI=4, tables=2782 строк
[   rasprod]      💾 rasprodannost_20260624.xlsx (записей=2)
[   rasprod]        ▸ 3/77: Март 2026
[   rasprod]           KPI=4, tables=2761 строк
[   rasprod]      💾 rasprodannost_20260624.xlsx (записей=3)
[   rasprod]        ▸ 4/77: Февраль 2026
[   rasprod]           KPI=4, tables=2755 строк
[   rasprod]      💾 rasprodannost_20260624.xlsx (записей=4)
[   rasprod]        ▸ 5/77: Январь 2026
[   rasprod]           KPI=4, tables=2727 строк
[   rasprod]      💾 rasprodannost_20260624.xlsx (записей=5)
[   rasprod]        ▸ 6/77: Декабрь 2025
[   rasprod]           KPI=4, tables=2744 строк
[   rasprod]      💾 rasprodannost_20260624.xlsx (записей=6)
[   rasprod]        ▸ 7/77: Ноябрь 2025
[   rasprod]           KPI=4, tables=2790 строк
[   rasprod]      💾 rasprodannost_20260624.xlsx (записей=7)
[   rasprod]        ▸ 8/77: Октябрь 2025
[   rasprod]           KPI=4, tables=2781 строк
[   rasprod]      💾 rasprodannost_20260624.xlsx (записей=8)
[   rasprod]        ▸ 9/77: Сентябрь 2025
[   rasprod]           KPI=4, tables=2789 строк
[   rasprod]      💾 rasprodannost_20260624.xlsx (записей=9)
[   rasprod]        ▸ 10/77: Август 2025
[   rasprod]           KPI=4, tables=2764 строк
[   rasprod]      💾 rasprodannost_20260624.xlsx (записей=10)
[   rasprod]        ▸ 11/77: Июль 2025
[   rasprod]           KPI=4, tables=2739 строк
[   rasprod]      💾 rasprodannost_20260624.xlsx (записей=11)
[   rasprod]        ▸ 12/77: Июнь 2025
[   rasprod]           KPI=4, tables=2709 строк
[   rasprod]      💾 rasprodannost_20260624.xlsx (записей=12)
[   rasprod]        ▸ 13/77: Май 2025
[   rasprod]           KPI=4, tables=2703 строк
[   rasprod]      💾 rasprodannost_20260624.xlsx (записей=13)
[   rasprod]        ▸ 14/77: Апрель 2025
[   rasprod]           KPI=4, tables=2693 строк
[   rasprod]      💾 rasprodannost_20260624.xlsx (записей=14)
[   rasprod]        ▸ 15/77: Март 2025
[   rasprod]           KPI=4, tables=2646 строк
[   rasprod]      💾 rasprodannost_20260624.xlsx (записей=15)
[   rasprod]        ▸ 16/77: Февраль 2025
[   rasprod]           KPI=4, tables=2623 строк
[   rasprod]      💾 rasprodannost_20260624.xlsx (записей=16)
[   rasprod]        ▸ 17/77: Январь 2025
[   rasprod]           KPI=4, tables=2617 строк
[   rasprod]      💾 rasprodannost_20260624.xlsx (записей=17)
[   rasprod]        ▸ 18/77: Декабрь 2024
[   rasprod]           KPI=4, tables=2625 строк
[   rasprod]      💾 rasprodannost_20260624.xlsx (записей=18)
[   rasprod]        ▸ 19/77: Ноябрь 2024
[   rasprod]           KPI=4, tables=2701 строк
[   rasprod]      💾 rasprodannost_20260624.xlsx (записей=19)
[   rasprod]        ▸ 20/77: Октябрь 2024
[   rasprod]           KPI=4, tables=2691 строк
[   rasprod]      💾 rasprodannost_20260624.xlsx (записей=20)
[   rasprod]        ▸ 21/77: Сентябрь 2024
[   rasprod]           KPI=4, tables=2676 строк
[   rasprod]      💾 rasprodannost_20260624.xlsx (записей=21)
[   rasprod]        ▸ 22/77: Август 2024
[   rasprod]           KPI=4, tables=2762 строк
[   rasprod]      💾 rasprodannost_20260624.xlsx (записей=22)
[   rasprod]        ▸ 23/77: Июль 2024
[   rasprod]           KPI=4, tables=2775 строк
[   rasprod]      💾 rasprodannost_20260624.xlsx (записей=23)
[   rasprod]        ▸ 24/77: Июнь 2024
[   rasprod]           KPI=4, tables=2765 строк
[   rasprod]      💾 rasprodannost_20260624.xlsx (записей=24)
[   rasprod]        ▸ 25/77: Май 2024
[   rasprod]           KPI=4, tables=2729 строк
[   rasprod]      💾 rasprodannost_20260624.xlsx (записей=25)
[   rasprod]        ▸ 26/77: Апрель 2024
[   rasprod]           KPI=4, tables=2686 строк
[   rasprod]      💾 rasprodannost_20260624.xlsx (записей=26)
[   rasprod]        ▸ 27/77: Март 2024
[   rasprod]           KPI=4, tables=2642 строк
[   rasprod]      💾 rasprodannost_20260624.xlsx (записей=27)
[   rasprod]        ▸ 28/77: Февраль 2024
[   rasprod]           KPI=4, tables=2613 строк
[   rasprod]      💾 rasprodannost_20260624.xlsx (записей=28)
[   rasprod]        ▸ 29/77: Январь 2024
[   rasprod]           KPI=4, tables=2601 строк
[   rasprod]      💾 rasprodannost_20260624.xlsx (записей=29)
[   rasprod]        ▸ 30/77: Декабрь 2023
[   rasprod]           KPI=4, tables=2623 строк
[   rasprod]      💾 rasprodannost_20260624.xlsx (записей=30)
[   rasprod]        ▸ 31/77: Ноябрь 2023
[   rasprod]           KPI=4, tables=2621 строк
[   rasprod]      💾 rasprodannost_20260624.xlsx (записей=31)
[   rasprod]        ▸ 32/77: Октябрь 2023
[   rasprod]           KPI=4, tables=2586 строк
[   rasprod]      💾 rasprodannost_20260624.xlsx (записей=32)
[   rasprod]        ▸ 33/77: Сентябрь 2023
[   rasprod]           KPI=4, tables=2551 строк
[   rasprod]      💾 rasprodannost_20260624.xlsx (записей=33)
[   rasprod]        ▸ 34/77: Август 2023
[   rasprod]           KPI=4, tables=2516 строк
[   rasprod]      💾 rasprodannost_20260624.xlsx (записей=34)
[   rasprod]        ▸ 35/77: Июль 2023
[   rasprod]           KPI=4, tables=2469 строк
[   rasprod]      💾 rasprodannost_20260624.xlsx (записей=35)
[   rasprod]        ▸ 36/77: Июнь 2023
[   rasprod]           KPI=4, tables=2437 строк
[   rasprod]      💾 rasprodannost_20260624.xlsx (записей=36)
[   rasprod]        ▸ 37/77: Май 2023
[   rasprod]           KPI=4, tables=2404 строк
[   rasprod]      💾 rasprodannost_20260624.xlsx (записей=37)
[   rasprod]        ▸ 38/77: Апрель 2023
[   rasprod]           KPI=4, tables=2382 строк
[   rasprod]      💾 rasprodannost_20260624.xlsx (записей=38)
[   rasprod]        ▸ 39/77: Март 2023
[   rasprod]           KPI=4, tables=2382 строк
[   rasprod]      💾 rasprodannost_20260624.xlsx (записей=39)
[   rasprod]        ▸ 40/77: Февраль 2023
[   rasprod]           KPI=4, tables=2382 строк
[   rasprod]      💾 rasprodannost_20260624.xlsx (записей=40)
[   rasprod]        ▸ 41/77: Январь 2023
[   rasprod]           KPI=4, tables=2358 строк
[   rasprod]      💾 rasprodannost_20260624.xlsx (записей=41)
[   rasprod]        ▸ 42/77: Декабрь 2022
[   rasprod]           KPI=4, tables=2410 строк
[   rasprod]      💾 rasprodannost_20260624.xlsx (записей=42)
[   rasprod]        ▸ 43/77: Ноябрь 2022
[   rasprod]           KPI=4, tables=2424 строк
[   rasprod]      💾 rasprodannost_20260624.xlsx (записей=43)
[   rasprod]        ▸ 44/77: Октябрь 2022
[   rasprod]           KPI=4, tables=2445 строк
[   rasprod]      💾 rasprodannost_20260624.xlsx (записей=44)
[   rasprod]        ▸ 45/77: Сентябрь 2022
[   rasprod]           KPI=4, tables=2430 строк
[   rasprod]      💾 rasprodannost_20260624.xlsx (записей=45)
[   rasprod]        ▸ 46/77: Август 2022
[   rasprod]           KPI=4, tables=2399 строк
[   rasprod]      💾 rasprodannost_20260624.xlsx (записей=46)
[   rasprod]        ▸ 47/77: Июль 2022
[   rasprod]           KPI=4, tables=2372 строк
[   rasprod]      💾 rasprodannost_20260624.xlsx (записей=47)
[   rasprod]        ▸ 48/77: Июнь 2022
[   rasprod]           KPI=4, tables=2326 строк
[   rasprod]      💾 rasprodannost_20260624.xlsx (записей=48)
[   rasprod]        ▸ 49/77: Май 2022
[   rasprod]           KPI=4, tables=2263 строк
[   rasprod]      💾 rasprodannost_20260624.xlsx (записей=49)
[   rasprod]        ▸ 50/77: Апрель 2022
[   rasprod]           KPI=4, tables=2259 строк
[   rasprod]      💾 rasprodannost_20260624.xlsx (записей=50)
[   rasprod]        ▸ 51/77: Март 2022
[   rasprod]           KPI=4, tables=2236 строк
[   rasprod]      💾 rasprodannost_20260624.xlsx (записей=51)
[   rasprod]        ▸ 52/77: Февраль 2022
[   rasprod]           KPI=4, tables=2236 строк
[   rasprod]      💾 rasprodannost_20260624.xlsx (записей=52)
[   rasprod]        ▸ 53/77: Январь 2022
[   rasprod]           KPI=4, tables=2236 строк
[   rasprod]      💾 rasprodannost_20260624.xlsx (записей=53)
[   rasprod]        ▸ 54/77: Декабрь 2021
[   rasprod]           KPI=4, tables=2239 строк
[   rasprod]      💾 rasprodannost_20260624.xlsx (записей=54)
[   rasprod]        ▸ 55/77: Ноябрь 2021
[   rasprod]           KPI=4, tables=2239 строк
[   rasprod]      💾 rasprodannost_20260624.xlsx (записей=55)
[   rasprod]        ▸ 56/77: Октябрь 2021
[   rasprod]           KPI=4, tables=2239 строк
[   rasprod]      💾 rasprodannost_20260624.xlsx (записей=56)
[   rasprod]        ▸ 57/77: Сентябрь 2021
[   rasprod]           KPI=4, tables=2239 строк
[   rasprod]      💾 rasprodannost_20260624.xlsx (записей=57)
[   rasprod]        ▸ 58/77: Август 2021
[   rasprod]           KPI=4, tables=2239 строк
[   rasprod]      💾 rasprodannost_20260624.xlsx (записей=58)
[   rasprod]        ▸ 59/77: Июль 2021
[   rasprod]           KPI=4, tables=2215 строк
[   rasprod]      💾 rasprodannost_20260624.xlsx (записей=59)
[   rasprod]        ▸ 60/77: Июнь 2021
[   rasprod]           KPI=4, tables=2176 строк
[   rasprod]      💾 rasprodannost_20260624.xlsx (записей=60)
[   rasprod]        ▸ 61/77: Май 2021
[   rasprod]           KPI=4, tables=2124 строк
[   rasprod]      💾 rasprodannost_20260624.xlsx (записей=61)
[   rasprod]        ▸ 62/77: Апрель 2021
[   rasprod]           KPI=4, tables=2084 строк
[   rasprod]      💾 rasprodannost_20260624.xlsx (записей=62)
[   rasprod]        ▸ 63/77: Март 2021
[   rasprod]           KPI=4, tables=2051 строк
[   rasprod]      ❌ ошибка rf:
[   rasprod]      💾 rasprodannost_20260624.xlsx (записей=63)
[   rasprod]      ── регион: msk (Город Москва)
[   rasprod]        · baseline объём: 91 960
[   rasprod]        · клик на trigger #regionSelect
[   rasprod]        · ввёл в поиск: 'Москва' (ok=True)
[   rasprod]        · клик на «Город Москва» (ok=True)
[   rasprod]        ✅ данные сменились: 91 960 → 15 903
[   rasprod]      · перешли к самому свежему году: 2026
[   rasprod]        · доступных периодов: 77
[   rasprod]        ▸ 1/77: Май 2026
[   rasprod]           📥 свежий период: проскроллил «Девелоперы», 120 строк
[   rasprod]           KPI=4, tables=132 строк
[   rasprod]      💾 rasprodannost_20260624.xlsx (записей=64)
[   rasprod]        ▸ 2/77: Апрель 2026
[   rasprod]           KPI=4, tables=130 строк
[   rasprod]      💾 rasprodannost_20260624.xlsx (записей=65)
[   rasprod]        ▸ 3/77: Март 2026
[   rasprod]           KPI=4, tables=128 строк
[   rasprod]      💾 rasprodannost_20260624.xlsx (записей=66)
[   rasprod]        ▸ 4/77: Февраль 2026
[   rasprod]           KPI=4, tables=125 строк
[   rasprod]      💾 rasprodannost_20260624.xlsx (записей=67)
[   rasprod]        ▸ 5/77: Январь 2026
[   rasprod]           KPI=4, tables=121 строк
[   rasprod]      💾 rasprodannost_20260624.xlsx (записей=68)
[   rasprod]        ▸ 6/77: Декабрь 2025
[   rasprod]           KPI=4, tables=121 строк
[   rasprod]      💾 rasprodannost_20260624.xlsx (записей=69)
[   rasprod]        ▸ 7/77: Ноябрь 2025
[   rasprod]           KPI=4, tables=112 строк
[   rasprod]      💾 rasprodannost_20260624.xlsx (записей=70)
[   rasprod]        ▸ 8/77: Октябрь 2025
[   rasprod]           KPI=4, tables=113 строк
[   rasprod]      💾 rasprodannost_20260624.xlsx (записей=71)
[   rasprod]        ▸ 9/77: Сентябрь 2025
[   rasprod]           KPI=4, tables=112 строк
[   rasprod]      💾 rasprodannost_20260624.xlsx (записей=72)
[   rasprod]        ▸ 10/77: Август 2025
[   rasprod]           KPI=4, tables=114 строк
[   rasprod]      💾 rasprodannost_20260624.xlsx (записей=73)
[   rasprod]        ▸ 11/77: Июль 2025
[   rasprod]           KPI=4, tables=114 строк
[   rasprod]      💾 rasprodannost_20260624.xlsx (записей=74)
[   rasprod]        ▸ 12/77: Июнь 2025
[   rasprod]           KPI=4, tables=111 строк
[   rasprod]      💾 rasprodannost_20260624.xlsx (записей=75)
[   rasprod]        ▸ 13/77: Май 2025
[   rasprod]           KPI=4, tables=110 строк
[   rasprod]      💾 rasprodannost_20260624.xlsx (записей=76)
[   rasprod]        ▸ 14/77: Апрель 2025
[   rasprod]           KPI=4, tables=110 строк
[   rasprod]      💾 rasprodannost_20260624.xlsx (записей=77)
[   rasprod]        ▸ 15/77: Март 2025
[   rasprod]           KPI=4, tables=106 строк
[   rasprod]      💾 rasprodannost_20260624.xlsx (записей=78)
[   rasprod]        ▸ 16/77: Февраль 2025
[   rasprod]           KPI=4, tables=104 строк
[   rasprod]      💾 rasprodannost_20260624.xlsx (записей=79)
[   rasprod]        ▸ 17/77: Январь 2025
[   rasprod]           KPI=4, tables=104 строк
[   rasprod]      💾 rasprodannost_20260624.xlsx (записей=80)
[   rasprod]        ▸ 18/77: Декабрь 2024
[   rasprod]           KPI=4, tables=104 строк
[   rasprod]      💾 rasprodannost_20260624.xlsx (записей=81)
[   rasprod]        ▸ 19/77: Ноябрь 2024
[   rasprod]           KPI=4, tables=102 строк
[   rasprod]      💾 rasprodannost_20260624.xlsx (записей=82)
[   rasprod]        ▸ 20/77: Октябрь 2024
[   rasprod]           KPI=4, tables=106 строк
[   rasprod]      💾 rasprodannost_20260624.xlsx (записей=83)
[   rasprod]        ▸ 21/77: Сентябрь 2024
[   rasprod]           KPI=4, tables=101 строк
[   rasprod]      💾 rasprodannost_20260624.xlsx (записей=84)
[   rasprod]        ▸ 22/77: Август 2024
[   rasprod]           KPI=4, tables=101 строк
[   rasprod]      💾 rasprodannost_20260624.xlsx (записей=85)
[   rasprod]        ▸ 23/77: Июль 2024
[   rasprod]           KPI=4, tables=108 строк
[   rasprod]      💾 rasprodannost_20260624.xlsx (записей=86)
[   rasprod]        ▸ 24/77: Июнь 2024
[   rasprod]           KPI=4, tables=111 строк
[   rasprod]      💾 rasprodannost_20260624.xlsx (записей=87)
[   rasprod]        ▸ 25/77: Май 2024
[   rasprod]           KPI=4, tables=110 строк
[   rasprod]      💾 rasprodannost_20260624.xlsx (записей=88)
[   rasprod]        ▸ 26/77: Апрель 2024
[   rasprod]           KPI=4, tables=108 строк
[   rasprod]      💾 rasprodannost_20260624.xlsx (записей=89)
[   rasprod]        ▸ 27/77: Март 2024
[   rasprod]           KPI=4, tables=106 строк
[   rasprod]      💾 rasprodannost_20260624.xlsx (записей=90)
[   rasprod]        ▸ 28/77: Февраль 2024
[   rasprod]           KPI=4, tables=106 строк
[   rasprod]      💾 rasprodannost_20260624.xlsx (записей=91)
[   rasprod]        ▸ 29/77: Январь 2024
[   rasprod]           KPI=4, tables=103 строк
[   rasprod]      💾 rasprodannost_20260624.xlsx (записей=92)
[   rasprod]        ▸ 30/77: Декабрь 2023
[   rasprod]           KPI=4, tables=106 строк
[   rasprod]      💾 rasprodannost_20260624.xlsx (записей=93)
[   rasprod]        ▸ 31/77: Ноябрь 2023
[   rasprod]           KPI=4, tables=102 строк
[   rasprod]      💾 rasprodannost_20260624.xlsx (записей=94)
[   rasprod]        ▸ 32/77: Октябрь 2023
[   rasprod]           KPI=4, tables=103 строк
[   rasprod]      💾 rasprodannost_20260624.xlsx (записей=95)
[   rasprod]        ▸ 33/77: Сентябрь 2023
[   rasprod]           KPI=4, tables=106 строк
[   rasprod]      💾 rasprodannost_20260624.xlsx (записей=96)
[   rasprod]        ▸ 34/77: Август 2023
[   rasprod]           KPI=4, tables=103 строк
[   rasprod]      💾 rasprodannost_20260624.xlsx (записей=97)
[   rasprod]        ▸ 35/77: Июль 2023
[   rasprod]           KPI=4, tables=102 строк
[   rasprod]      💾 rasprodannost_20260624.xlsx (записей=98)
[   rasprod]        ▸ 36/77: Июнь 2023
[   rasprod]           KPI=4, tables=101 строк
[   rasprod]      💾 rasprodannost_20260624.xlsx (записей=99)
[   rasprod]        ▸ 37/77: Май 2023
[   rasprod]           KPI=4, tables=99 строк
[   rasprod]      💾 rasprodannost_20260624.xlsx (записей=100)
[   rasprod]        ▸ 38/77: Апрель 2023
[   rasprod]           KPI=4, tables=99 строк
[   rasprod]      💾 rasprodannost_20260624.xlsx (записей=101)
[   rasprod]        ▸ 39/77: Март 2023
[   rasprod]           KPI=4, tables=99 строк
[   rasprod]      💾 rasprodannost_20260624.xlsx (записей=102)
[   rasprod]        ▸ 40/77: Февраль 2023
[   rasprod]           KPI=4, tables=102 строк
[   rasprod]      💾 rasprodannost_20260624.xlsx (записей=103)
[   rasprod]        ▸ 41/77: Январь 2023
[   rasprod]           KPI=4, tables=101 строк
[   rasprod]      💾 rasprodannost_20260624.xlsx (записей=104)
[   rasprod]        ▸ 42/77: Декабрь 2022
[   rasprod]           KPI=4, tables=98 строк
[   rasprod]      💾 rasprodannost_20260624.xlsx (записей=105)
[   rasprod]        ▸ 43/77: Ноябрь 2022
[   rasprod]           KPI=4, tables=97 строк
[   rasprod]      💾 rasprodannost_20260624.xlsx (записей=106)
[   rasprod]        ▸ 44/77: Октябрь 2022
[   rasprod]           KPI=4, tables=108 строк
[   rasprod]      💾 rasprodannost_20260624.xlsx (записей=107)
[   rasprod]        ▸ 45/77: Сентябрь 2022
[   rasprod]           KPI=4, tables=108 строк
[   rasprod]      💾 rasprodannost_20260624.xlsx (записей=108)
[   rasprod]        ▸ 46/77: Август 2022
[   rasprod]           KPI=4, tables=108 строк
[   rasprod]      💾 rasprodannost_20260624.xlsx (записей=109)
[   rasprod]        ▸ 47/77: Июль 2022
[   rasprod]           KPI=4, tables=109 строк
[   rasprod]      💾 rasprodannost_20260624.xlsx (записей=110)
[   rasprod]        ▸ 48/77: Июнь 2022
[   rasprod]           KPI=4, tables=108 строк
[   rasprod]      💾 rasprodannost_20260624.xlsx (записей=111)
[   rasprod]        ▸ 49/77: Май 2022
[   rasprod]           KPI=4, tables=103 строк
[   rasprod]      💾 rasprodannost_20260624.xlsx (записей=112)
[   rasprod]        ▸ 50/77: Апрель 2022
[   rasprod]           KPI=4, tables=103 строк
[   rasprod]      💾 rasprodannost_20260624.xlsx (записей=113)
[   rasprod]        ▸ 51/77: Март 2022
[   rasprod]           KPI=4, tables=102 строк
[   rasprod]      💾 rasprodannost_20260624.xlsx (записей=114)
[   rasprod]        ▸ 52/77: Февраль 2022
[   rasprod]           KPI=4, tables=103 строк
[   rasprod]      💾 rasprodannost_20260624.xlsx (записей=115)
[   rasprod]        ▸ 53/77: Январь 2022
[   rasprod]           KPI=4, tables=102 строк
[   rasprod]      💾 rasprodannost_20260624.xlsx (записей=116)
[   rasprod]        ▸ 54/77: Декабрь 2021
[   rasprod]           KPI=4, tables=103 строк
[   rasprod]      💾 rasprodannost_20260624.xlsx (записей=117)
[   rasprod]        ▸ 55/77: Ноябрь 2021
[   rasprod]           KPI=4, tables=108 строк
[   rasprod]      💾 rasprodannost_20260624.xlsx (записей=118)
[   rasprod]        ▸ 56/77: Октябрь 2021
[   rasprod]           KPI=4, tables=110 строк
[   rasprod]      💾 rasprodannost_20260624.xlsx (записей=119)
[   rasprod]        ▸ 57/77: Сентябрь 2021
[   rasprod]           KPI=4, tables=109 строк
[   rasprod]      💾 rasprodannost_20260624.xlsx (записей=120)
[   rasprod]        ▸ 58/77: Август 2021
[   rasprod]           KPI=4, tables=105 строк
[   rasprod]      💾 rasprodannost_20260624.xlsx (записей=121)
[   rasprod]        ▸ 59/77: Июль 2021
[   rasprod]           KPI=4, tables=108 строк
[   rasprod]      💾 rasprodannost_20260624.xlsx (записей=122)
[   rasprod]        ▸ 60/77: Июнь 2021
[   rasprod]           KPI=4, tables=108 строк
[   rasprod]      💾 rasprodannost_20260624.xlsx (записей=123)
[   rasprod]        ▸ 61/77: Май 2021
[   rasprod]           KPI=4, tables=104 строк
[   rasprod]      💾 rasprodannost_20260624.xlsx (записей=124)
[   rasprod]        ▸ 62/77: Апрель 2021
[   rasprod]           KPI=4, tables=102 строк
[   rasprod]      💾 rasprodannost_20260624.xlsx (записей=125)
[   rasprod]        ▸ 63/77: Март 2021
[   rasprod]           KPI=4, tables=98 строк
[   rasprod]      💾 rasprodannost_20260624.xlsx (записей=126)
[   rasprod]        ▸ 64/77: Февраль 2021
[   rasprod]           KPI=4, tables=99 строк
[   rasprod]      💾 rasprodannost_20260624.xlsx (записей=127)
[   rasprod]        ▸ 65/77: Январь 2021
[   rasprod]           KPI=4, tables=108 строк
[   rasprod]      💾 rasprodannost_20260624.xlsx (записей=128)
[   rasprod]        ▸ 66/77: Декабрь 2020
[   rasprod]           KPI=4, tables=109 строк
[   rasprod]      💾 rasprodannost_20260624.xlsx (записей=129)
[   rasprod]        ▸ 67/77: Ноябрь 2020
[   rasprod]           KPI=4, tables=108 строк
[   rasprod]      💾 rasprodannost_20260624.xlsx (записей=130)
[   rasprod]        ▸ 68/77: Октябрь 2020
[   rasprod]           KPI=4, tables=108 строк
[   rasprod]      💾 rasprodannost_20260624.xlsx (записей=131)
[   rasprod]        ▸ 69/77: Сентябрь 2020
[   rasprod]           KPI=4, tables=115 строк
[   rasprod]      💾 rasprodannost_20260624.xlsx (записей=132)
[   rasprod]        ▸ 70/77: Август 2020
[   rasprod]           KPI=4, tables=112 строк
[   rasprod]      💾 rasprodannost_20260624.xlsx (записей=133)
[   rasprod]        ▸ 71/77: Июль 2020
[   rasprod]           KPI=4, tables=108 строк
[   rasprod]      💾 rasprodannost_20260624.xlsx (записей=134)
[   rasprod]        ▸ 72/77: Июнь 2020
[   rasprod]           KPI=4, tables=104 строк
[   rasprod]      💾 rasprodannost_20260624.xlsx (записей=135)
[   rasprod]        ▸ 73/77: Май 2020
[   rasprod]           KPI=4, tables=104 строк
[   rasprod]      💾 rasprodannost_20260624.xlsx (записей=136)
[   rasprod]        ▸ 74/77: Апрель 2020
[   rasprod]           KPI=4, tables=105 строк
[   rasprod]      💾 rasprodannost_20260624.xlsx (записей=137)
[   rasprod]        ▸ 75/77: Март 2020
[   rasprod]           KPI=4, tables=115 строк
[   rasprod]      💾 rasprodannost_20260624.xlsx (записей=138)
[   rasprod]        ▸ 76/77: Февраль 2020
[   rasprod]           KPI=4, tables=116 строк
[   rasprod]      💾 rasprodannost_20260624.xlsx (записей=139)
[   rasprod]        ▸ 77/77: Январь 2020
[   rasprod]           KPI=4, tables=114 строк
[   rasprod]      💾 rasprodannost_20260624.xlsx (записей=140)
[   rasprod] 
[   rasprod] ============================================================
[   rasprod] Итог: новых/обновлённых файлов — 2
[   rasprod]   • data\raw\realty\nashdom\rasprodannost_20260624.xlsx
[   rasprod]   • data\raw\realty\nashdom\rasprodannost_20260624.json
[   rasprod] ============================================================
[   rasprod] 

════════════════════════════════════════════════════════════
══ Волна 2/2: erz-cards (max parallel = 4)
════════════════════════════════════════════════════════════

────────────────────────────────────────────────────────────
▶ erz-cards (watchdog: 30мин)
────────────────────────────────────────────────────────────
[ erz-cards] 
✅ erz-cards: успех (за 4.8 мин)
[ erz-cards] ============================================================
[ erz-cards] erzrf.ru | Запуск: 2026-06-24 14:50:46
[ erz-cards] Источники: cards
[ erz-cards] ============================================================
[ erz-cards] 
[ erz-cards]   🔐 Логин как Tsa***
[ erz-cards]   ✅ Авторизация прошла
[ erz-cards]      · 1 | 0 | ГК Самолет,   ГК Самолет  →  brand/gruppa-kompanij-samolet-2366201001
[ erz-cards]      · 2 | 0 | ПИК, г.Москв  ПИК  →  brand/pik-429726001
[ erz-cards]      · 3 | 0 | DOGMA, Красн  DOGMA  →  brand/dogma-5699998001
[ erz-cards]      · 4 | 0 | ГК ТОЧНО, Кр  ГК ТОЧНО  →  brand/gruppa-kompanij-tochno-2894925001
[ erz-cards]      · 5 | 0 | ГК ФСК, г.Мо  ГК ФСК  →  brand/gruppa-kompanij-fsk-755344001
[ erz-cards]        ⚠️  пусто — не удалось распарсить
[ erz-cards]      · 6 | +1 | ГК ССК, Кра  ГК ССК  →  brand/gruppa-kompanij-ssk-5360409001
[ erz-cards]      · 7 | -1 | Брусника, С  Брусника  →  brand/brusnika-733498001
[ erz-cards]      · 8 | 0 | ГК ЮгСтройИн  ГК ЮгСтройИнвест  →  brand/gruppa-kompanij-jugstrojinvest-1705946001
[ erz-cards]      · 9 | 0 | Холдинг Setl  Холдинг Setl Group  →  brand/kholding-setl-group-363697001
[ erz-cards]      · 10 | 0 | ГК Страна Д  ГК Страна Девелопмент  →  brand/gruppa-kompanij-strana-development-5339663001
[ erz-cards]      · 11 | +1 | Группа Эта  Группа Эталон  →  brand/gruppa-etalon-1331499001
[ erz-cards]      · 12 | -1 | Группа ЛСР  Группа ЛСР  →  brand/gruppa-lsr-429468001
[ erz-cards]      · 13 | 0 | MR Group, г  MR Group  →  brand/mr-group-430836001
[ erz-cards]      · 14 | 0 | ГК Развитие  ГК Развитие  →  brand/gruppa-kompanij-razvitie-461175001
[ erz-cards]      · 15 | 0 | Талан, Удму  Талан  →  brand/talan-2493968001
[ erz-cards]      · 16 | +1 | ГК Гранель  ГК Гранель  →  brand/gruppa-kompanij-granel-955386001
[ erz-cards]        ⚠️  пусто — не удалось распарсить
[ erz-cards]      · 17 | +1 | ГК Расцвет  ГК Расцветай  →  brand/gruppa-kompanij-rascvetaj-5799295001
[ erz-cards]      · 18 | +1 | ДОНСТРОЙ,   ДОНСТРОЙ  →  brand/donstroj-430278001
[ erz-cards]      · 19 | -3 | Группа Акв  Группа Аквилон  →  brand/gruppa-akvilon-391375001
[ erz-cards]        ⚠️  пусто — не удалось распарсить
[ erz-cards]      · 20 | 0 | ГК GloraX,   ГК GloraX  →  brand/gruppa-kompanij-glorax-1931581001
[ erz-cards]      ✅ cards_20260624.xlsx (карточек: 17, лет: 11 ['2016', '2017', '2018', '2019', '2020', '2021', '2022', '2023', '2024', '2025', '2026'], ошибок: 3)
[ erz-cards] 
[ erz-cards] ============================================================
[ erz-cards] erzrf.ru | Итог: новых/обновлённых файлов — 1
[ erz-cards] ============================================================
[ erz-cards] 

────────────────────────────────────────────────────────────
🔍 Дедупликация новых файлов (9 шт)
────────────────────────────────────────────────────────────
  Все 9 файлов уникальны (дублей нет)

────────────────────────────────────────────────────────────
🔁 Retry #1: жду 30с и повторяю 2 источников: fedstat, rasprod
────────────────────────────────────────────────────────────

════════════════════════════════════════════════════════════
   Retry #1 волна 1: rasprod, fedstat (max parallel = 4)
════════════════════════════════════════════════════════════

────────────────────────────────────────────────────────────
▶ rasprod (watchdog: 90мин)

────────────────────────────────────────────────────────────
▶ fedstat (watchdog: 30мин)
────────────────────────────────────────────────────────────
────────────────────────────────────────────────────────────
[   fedstat] 
[   fedstat] ============================================================
[   fedstat] Запуск: 2026-06-24 15:18:22
[   fedstat] Индикаторов: 29
[   fedstat] ============================================================
[   fedstat] 
[   fedstat] 📊 [33648] Индекс предпринимательской уверенности в строительстве
[   fedstat]   🌐 Открываю: https://www.fedstat.ru/indicator/33648
[   fedstat]   🔄 Попытка 2/3 после ошибки: Message: javascript error: Cannot read properties of null (reading 'appendChild'
[   fedstat]   🔄 Попытка 3/3 после ошибки: Message: javascript error: Cannot read properties of null (reading 'appendChild'
[   fedstat]   ❌ Ошибка при чтении страницы: Message: javascript error: Cannot read properties of null (reading 'appendChild')
[   fedstat]   (Session info: chrome=149.0.7827.156)
[   fedstat] Stacktrace:
[   fedstat] 	chromedriver!GetHandleVerifier [0x7ff6a8063fa5+14925]
[   fedstat] 	chromedriver!GetHandleVerifier [0x7ff6a8064000+14980]
[   fedstat] 	chromedriver!(No symbol) [0x7ff6a7ba793d]
[   fedstat] 	chromedriver!(No symbol) [0x7ff6a7baf8b1]
[   fedstat] 	chromedriver!(No symbol) [0x7ff6a7bb2c0f]
[   fedstat] 	chromedriver!(No symbol) [0x7ff6a7c50748]
[   fedstat] 	chromedriver!(No symbol) [0x7ff6a7c2a3ca]
[   fedstat] 	chromedriver!(No symbol) [0x7ff6a7c4f39b]
[   fedstat] 	chromedriver!(No symbol) [0x7ff6a7bf401c]
[   fedstat] 	chromedriver!(No symbol) [0x7ff6a7bf4f43]
[   fedstat] 	chromedriver!GetHandleVerifier [0x7ff6a8647591+5f7f11]
[   fedstat] 	chromedriver!GetHandleVerifier [0x7ff6a8641902+5f2282]
[   fedstat] 	chromedriver!GetHandleVerifier [0x7ff6a8667115+617a95]
[   fedstat] 	chromedriver!GetHandleVerifier [0x7ff6a8081dce+3274e]
[   fedstat] 	chromedriver!GetHandleVerifier [0x7ff6a808a82c+3b1ac]
[   fedstat] 	chromedriver!GetHandleVerifier [0x7ff6a806d744+1e0c4]
[   fedstat] 	chromedriver!GetHandleVerifier [0x7ff6a806d8d4+1e254]
[   fedstat] 	chromedriver!GetHandleVerifier [0x7ff6a8051447+1dc7]
[   fedstat] 	KERNEL32!BaseThreadInitThunk [0x7ff923077344+14]
[   fedstat] 	ntdll!RtlUserThreadStart [0x7ff92509cc91+21]
[   fedstat] 
[   fedstat]   ⚠️  Пропускаю — не удалось получить дату
[   fedstat] 
[   fedstat] 📊 [61497] Валовой региональный продукт в основных ценах (ОКВЭД 2)
[   fedstat]   🌐 Открываю: https://www.fedstat.ru/indicator/61497
[   fedstat]   🔄 Попытка 2/3 после ошибки: Message: javascript error: Cannot read properties of null (reading 'appendChild'
[   fedstat]   🔄 Попытка 3/3 после ошибки: Message: javascript error: Cannot read properties of null (reading 'appendChild'
[   fedstat]   ❌ Ошибка при чтении страницы: Message: javascript error: Cannot read properties of null (reading 'appendChild')
[   fedstat]   (Session info: chrome=149.0.7827.156)
[   fedstat] Stacktrace:
[   fedstat] 	chromedriver!GetHandleVerifier [0x7ff6a8063fa5+14925]
[   fedstat] 	chromedriver!GetHandleVerifier [0x7ff6a8064000+14980]
[   fedstat] 	chromedriver!(No symbol) [0x7ff6a7ba793d]
[   fedstat] 	chromedriver!(No symbol) [0x7ff6a7baf8b1]
[   fedstat] 	chromedriver!(No symbol) [0x7ff6a7bb2c0f]
[   fedstat] 	chromedriver!(No symbol) [0x7ff6a7c50748]
[   fedstat] 	chromedriver!(No symbol) [0x7ff6a7c2a3ca]
[   fedstat] 	chromedriver!(No symbol) [0x7ff6a7c4f39b]
[   fedstat] 	chromedriver!(No symbol) [0x7ff6a7bf401c]
[   fedstat] 	chromedriver!(No symbol) [0x7ff6a7bf4f43]
[   fedstat] 	chromedriver!GetHandleVerifier [0x7ff6a8647591+5f7f11]
[   fedstat] 	chromedriver!GetHandleVerifier [0x7ff6a8641902+5f2282]
[   fedstat] 	chromedriver!GetHandleVerifier [0x7ff6a8667115+617a95]
[   fedstat] 	chromedriver!GetHandleVerifier [0x7ff6a8081dce+3274e]
[   fedstat] 	chromedriver!GetHandleVerifier [0x7ff6a808a82c+3b1ac]
[   fedstat] 	chromedriver!GetHandleVerifier [0x7ff6a806d744+1e0c4]
[   fedstat] 	chromedriver!GetHandleVerifier [0x7ff6a806d8d4+1e254]
[   fedstat] 	chromedriver!GetHandleVerifier [0x7ff6a8051447+1dc7]
[   fedstat] 	KERNEL32!BaseThreadInitThunk [0x7ff923077344+14]
[   fedstat] 	ntdll!RtlUserThreadStart [0x7ff92509cc91+21]
[   fedstat] 
[   fedstat]   ⚠️  Пропускаю — не удалось получить дату
[   fedstat] 
[   fedstat] 📊 [59449] Индексы физического объема валового регионального проду
[   fedstat]   🌐 Открываю: https://www.fedstat.ru/indicator/59449
[   fedstat]   🔄 Попытка 2/3 после ошибки: Message: javascript error: Cannot read properties of null (reading 'appendChild'
[   fedstat]   🔄 Попытка 3/3 после ошибки: Message: javascript error: Cannot read properties of null (reading 'appendChild'
[   fedstat]   ❌ Ошибка при чтении страницы: Message: javascript error: Cannot read properties of null (reading 'appendChild')
[   fedstat]   (Session info: chrome=149.0.7827.156)
[   fedstat] Stacktrace:
[   fedstat] 	chromedriver!GetHandleVerifier [0x7ff6a8063fa5+14925]
[   fedstat] 	chromedriver!GetHandleVerifier [0x7ff6a8064000+14980]
[   fedstat] 	chromedriver!(No symbol) [0x7ff6a7ba793d]
[   fedstat] 	chromedriver!(No symbol) [0x7ff6a7baf8b1]
[   fedstat] 	chromedriver!(No symbol) [0x7ff6a7bb2c0f]
[   fedstat] 	chromedriver!(No symbol) [0x7ff6a7c50748]
[   fedstat] 	chromedriver!(No symbol) [0x7ff6a7c2a3ca]
[   fedstat] 	chromedriver!(No symbol) [0x7ff6a7c4f39b]
[   fedstat] 	chromedriver!(No symbol) [0x7ff6a7bf401c]
[   fedstat] 	chromedriver!(No symbol) [0x7ff6a7bf4f43]
[   fedstat] 	chromedriver!GetHandleVerifier [0x7ff6a8647591+5f7f11]
[   fedstat] 	chromedriver!GetHandleVerifier [0x7ff6a8641902+5f2282]
[   fedstat] 	chromedriver!GetHandleVerifier [0x7ff6a8667115+617a95]
[   fedstat] 	chromedriver!GetHandleVerifier [0x7ff6a8081dce+3274e]
[   fedstat] 	chromedriver!GetHandleVerifier [0x7ff6a808a82c+3b1ac]
[   fedstat] 	chromedriver!GetHandleVerifier [0x7ff6a806d744+1e0c4]
[   fedstat] 	chromedriver!GetHandleVerifier [0x7ff6a806d8d4+1e254]
[   fedstat] 	chromedriver!GetHandleVerifier [0x7ff6a8051447+1dc7]
[   fedstat] 	KERNEL32!BaseThreadInitThunk [0x7ff923077344+14]
[   fedstat] 	ntdll!RtlUserThreadStart [0x7ff92509cc91+21]
[   fedstat] 
[   fedstat]   ⚠️  Пропускаю — не удалось получить дату
[   fedstat] 
[   fedstat] 📊 [61483] Валовой региональный продукт на душу населения (ОКВЭД 2
[   fedstat]   🌐 Открываю: https://www.fedstat.ru/indicator/61483
[   fedstat]   🔄 Попытка 2/3 после ошибки: Message: javascript error: Cannot read properties of null (reading 'appendChild'
[   fedstat]   🔄 Попытка 3/3 после ошибки: Message: javascript error: Cannot read properties of null (reading 'appendChild'
[   fedstat]   ❌ Ошибка при чтении страницы: Message: javascript error: Cannot read properties of null (reading 'appendChild')
[   fedstat]   (Session info: chrome=149.0.7827.156)
[   fedstat] Stacktrace:
[   fedstat] 	chromedriver!GetHandleVerifier [0x7ff6a8063fa5+14925]
[   fedstat] 	chromedriver!GetHandleVerifier [0x7ff6a8064000+14980]
[   fedstat] 	chromedriver!(No symbol) [0x7ff6a7ba793d]
[   fedstat] 	chromedriver!(No symbol) [0x7ff6a7baf8b1]
[   fedstat] 	chromedriver!(No symbol) [0x7ff6a7bb2c0f]
[   fedstat] 	chromedriver!(No symbol) [0x7ff6a7c50748]
[   fedstat] 	chromedriver!(No symbol) [0x7ff6a7c2a3ca]
[   fedstat] 	chromedriver!(No symbol) [0x7ff6a7c4f39b]
[   fedstat] 	chromedriver!(No symbol) [0x7ff6a7bf401c]
[   fedstat] 	chromedriver!(No symbol) [0x7ff6a7bf4f43]
[   fedstat] 	chromedriver!GetHandleVerifier [0x7ff6a8647591+5f7f11]
[   fedstat] 	chromedriver!GetHandleVerifier [0x7ff6a8641902+5f2282]
[   fedstat] 	chromedriver!GetHandleVerifier [0x7ff6a8667115+617a95]
[   fedstat] 	chromedriver!GetHandleVerifier [0x7ff6a8081dce+3274e]
[   fedstat] 	chromedriver!GetHandleVerifier [0x7ff6a808a82c+3b1ac]
[   fedstat] 	chromedriver!GetHandleVerifier [0x7ff6a806d744+1e0c4]
[   fedstat] 	chromedriver!GetHandleVerifier [0x7ff6a806d8d4+1e254]
[   fedstat] 	chromedriver!GetHandleVerifier [0x7ff6a8051447+1dc7]
[   fedstat] 	KERNEL32!BaseThreadInitThunk [0x7ff923077344+14]
[   fedstat] 	ntdll!RtlUserThreadStart [0x7ff92509cc91+21]
[   fedstat] 
[   fedstat]   ⚠️  Пропускаю — не удалось получить дату
[   fedstat] 
[   fedstat] 📊 [45341] Индекс физического объема валового регионального продук
[   fedstat]   🌐 Открываю: https://www.fedstat.ru/indicator/45341
[   fedstat]   🔄 Попытка 2/3 после ошибки: Message: javascript error: Cannot read properties of null (reading 'appendChild'
[   fedstat]   🔄 Попытка 3/3 после ошибки: Message: javascript error: Cannot read properties of null (reading 'appendChild'
[   fedstat]   ❌ Ошибка при чтении страницы: Message: javascript error: Cannot read properties of null (reading 'appendChild')
[   fedstat]   (Session info: chrome=149.0.7827.156)
[   fedstat] Stacktrace:
[   fedstat] 	chromedriver!GetHandleVerifier [0x7ff6a8063fa5+14925]
[   fedstat] 	chromedriver!GetHandleVerifier [0x7ff6a8064000+14980]
[   fedstat] 	chromedriver!(No symbol) [0x7ff6a7ba793d]
[   fedstat] 	chromedriver!(No symbol) [0x7ff6a7baf8b1]
[   fedstat] 	chromedriver!(No symbol) [0x7ff6a7bb2c0f]
[   fedstat] 	chromedriver!(No symbol) [0x7ff6a7c50748]
[   fedstat] 	chromedriver!(No symbol) [0x7ff6a7c2a3ca]
[   fedstat] 	chromedriver!(No symbol) [0x7ff6a7c4f39b]
[   fedstat] 	chromedriver!(No symbol) [0x7ff6a7bf401c]
[   fedstat] 	chromedriver!(No symbol) [0x7ff6a7bf4f43]
[   fedstat] 	chromedriver!GetHandleVerifier [0x7ff6a8647591+5f7f11]
[   fedstat] 	chromedriver!GetHandleVerifier [0x7ff6a8641902+5f2282]
[   fedstat] 	chromedriver!GetHandleVerifier [0x7ff6a8667115+617a95]
[   fedstat] 	chromedriver!GetHandleVerifier [0x7ff6a8081dce+3274e]
[   fedstat] 	chromedriver!GetHandleVerifier [0x7ff6a808a82c+3b1ac]
[   fedstat] 	chromedriver!GetHandleVerifier [0x7ff6a806d744+1e0c4]
[   fedstat] 	chromedriver!GetHandleVerifier [0x7ff6a806d8d4+1e254]
[   fedstat] 	chromedriver!GetHandleVerifier [0x7ff6a8051447+1dc7]
[   fedstat] 	KERNEL32!BaseThreadInitThunk [0x7ff923077344+14]
[   fedstat] 	ntdll!RtlUserThreadStart [0x7ff92509cc91+21]
[   fedstat] 
[   fedstat]   ⚠️  Пропускаю — не удалось получить дату
[   fedstat] 
[   fedstat] 📊 [59450] Структура валового регионального продукта (ОКВЭД 2) (пр
[   fedstat]   🌐 Открываю: https://www.fedstat.ru/indicator/59450
[   fedstat]   🔄 Попытка 2/3 после ошибки: Message: javascript error: Cannot read properties of null (reading 'appendChild'
[   fedstat]   🔄 Попытка 3/3 после ошибки: Message: javascript error: Cannot read properties of null (reading 'appendChild'
[   fedstat]   ❌ Ошибка при чтении страницы: Message: javascript error: Cannot read properties of null (reading 'appendChild')
[   fedstat]   (Session info: chrome=149.0.7827.156)
[   fedstat] Stacktrace:
[   fedstat] 	chromedriver!GetHandleVerifier [0x7ff6a8063fa5+14925]
[   fedstat] 	chromedriver!GetHandleVerifier [0x7ff6a8064000+14980]
[   fedstat] 	chromedriver!(No symbol) [0x7ff6a7ba793d]
[   fedstat] 	chromedriver!(No symbol) [0x7ff6a7baf8b1]
[   fedstat] 	chromedriver!(No symbol) [0x7ff6a7bb2c0f]
[   fedstat] 	chromedriver!(No symbol) [0x7ff6a7c50748]
[   fedstat] 	chromedriver!(No symbol) [0x7ff6a7c2a3ca]
[   fedstat] 	chromedriver!(No symbol) [0x7ff6a7c4f39b]
[   fedstat] 	chromedriver!(No symbol) [0x7ff6a7bf401c]
[   fedstat] 	chromedriver!(No symbol) [0x7ff6a7bf4f43]
[   fedstat] 	chromedriver!GetHandleVerifier [0x7ff6a8647591+5f7f11]
[   fedstat] 	chromedriver!GetHandleVerifier [0x7ff6a8641902+5f2282]
[   fedstat] 	chromedriver!GetHandleVerifier [0x7ff6a8667115+617a95]
[   fedstat] 	chromedriver!GetHandleVerifier [0x7ff6a8081dce+3274e]
[   fedstat] 	chromedriver!GetHandleVerifier [0x7ff6a808a82c+3b1ac]
[   fedstat] 	chromedriver!GetHandleVerifier [0x7ff6a806d744+1e0c4]
[   fedstat] 	chromedriver!GetHandleVerifier [0x7ff6a806d8d4+1e254]
[   fedstat] 	chromedriver!GetHandleVerifier [0x7ff6a8051447+1dc7]
[   fedstat] 	KERNEL32!BaseThreadInitThunk [0x7ff923077344+14]
[   fedstat] 	ntdll!RtlUserThreadStart [0x7ff92509cc91+21]
[   fedstat] 
[   fedstat]   ⚠️  Пропускаю — не удалось получить дату
[   fedstat] 
[   fedstat] 📊 [55370] Доля продукции высокотехнологичных и наукоемких отрасле
[   fedstat]   🌐 Открываю: https://www.fedstat.ru/indicator/55370
[   fedstat]   🔄 Попытка 2/3 после ошибки: Message: javascript error: Cannot read properties of null (reading 'appendChild'
[   fedstat]   🔄 Попытка 3/3 после ошибки: Message: javascript error: Cannot read properties of null (reading 'appendChild'
[   fedstat]   ❌ Ошибка при чтении страницы: Message: javascript error: Cannot read properties of null (reading 'appendChild')
[   fedstat]   (Session info: chrome=149.0.7827.156)
[   fedstat] Stacktrace:
[   fedstat] 	chromedriver!GetHandleVerifier [0x7ff6a8063fa5+14925]
[   fedstat] 	chromedriver!GetHandleVerifier [0x7ff6a8064000+14980]
[   fedstat] 	chromedriver!(No symbol) [0x7ff6a7ba793d]
[   fedstat] 	chromedriver!(No symbol) [0x7ff6a7baf8b1]
[   fedstat] 	chromedriver!(No symbol) [0x7ff6a7bb2c0f]
[   fedstat] 	chromedriver!(No symbol) [0x7ff6a7c50748]
[   fedstat] 	chromedriver!(No symbol) [0x7ff6a7c2a3ca]
[   fedstat] 	chromedriver!(No symbol) [0x7ff6a7c4f39b]
[   fedstat] 	chromedriver!(No symbol) [0x7ff6a7bf401c]
[   fedstat] 	chromedriver!(No symbol) [0x7ff6a7bf4f43]
[   fedstat] 	chromedriver!GetHandleVerifier [0x7ff6a8647591+5f7f11]
[   fedstat] 	chromedriver!GetHandleVerifier [0x7ff6a8641902+5f2282]
[   fedstat] 	chromedriver!GetHandleVerifier [0x7ff6a8667115+617a95]
[   fedstat] 	chromedriver!GetHandleVerifier [0x7ff6a8081dce+3274e]
[   fedstat] 	chromedriver!GetHandleVerifier [0x7ff6a808a82c+3b1ac]
[   fedstat] 	chromedriver!GetHandleVerifier [0x7ff6a806d744+1e0c4]
[   fedstat] 	chromedriver!GetHandleVerifier [0x7ff6a806d8d4+1e254]
[   fedstat] 	chromedriver!GetHandleVerifier [0x7ff6a8051447+1dc7]
[   fedstat] 	KERNEL32!BaseThreadInitThunk [0x7ff923077344+14]
[   fedstat] 	ntdll!RtlUserThreadStart [0x7ff92509cc91+21]
[   fedstat] 
[   fedstat]   ⚠️  Пропускаю — не удалось получить дату
[   fedstat] 
[   fedstat] 📊 [55373] Индекс производительности труда относительно уровня 201
[   fedstat]   🌐 Открываю: https://www.fedstat.ru/indicator/55373
[   fedstat]   🔄 Попытка 2/3 после ошибки: Message: javascript error: Cannot read properties of null (reading 'appendChild'
[   fedstat]   🔄 Попытка 3/3 после ошибки: Message: javascript error: Cannot read properties of null (reading 'appendChild'
[   fedstat]   ❌ Ошибка при чтении страницы: Message: javascript error: Cannot read properties of null (reading 'appendChild')
[   fedstat]   (Session info: chrome=149.0.7827.156)
[   fedstat] Stacktrace:
[   fedstat] 	chromedriver!GetHandleVerifier [0x7ff6a8063fa5+14925]
[   fedstat] 	chromedriver!GetHandleVerifier [0x7ff6a8064000+14980]
[   fedstat] 	chromedriver!(No symbol) [0x7ff6a7ba793d]
[   fedstat] 	chromedriver!(No symbol) [0x7ff6a7baf8b1]
[   fedstat] 	chromedriver!(No symbol) [0x7ff6a7bb2c0f]
[   fedstat] 	chromedriver!(No symbol) [0x7ff6a7c50748]
[   fedstat] 	chromedriver!(No symbol) [0x7ff6a7c2a3ca]
[   fedstat] 	chromedriver!(No symbol) [0x7ff6a7c4f39b]
[   fedstat] 	chromedriver!(No symbol) [0x7ff6a7bf401c]
[   fedstat] 	chromedriver!(No symbol) [0x7ff6a7bf4f43]
[   fedstat] 	chromedriver!GetHandleVerifier [0x7ff6a8647591+5f7f11]
[   fedstat] 	chromedriver!GetHandleVerifier [0x7ff6a8641902+5f2282]
[   fedstat] 	chromedriver!GetHandleVerifier [0x7ff6a8667115+617a95]
[   fedstat] 	chromedriver!GetHandleVerifier [0x7ff6a8081dce+3274e]
[   fedstat] 	chromedriver!GetHandleVerifier [0x7ff6a808a82c+3b1ac]
[   fedstat] 	chromedriver!GetHandleVerifier [0x7ff6a806d744+1e0c4]
[   fedstat] 	chromedriver!GetHandleVerifier [0x7ff6a806d8d4+1e254]
[   fedstat] 	chromedriver!GetHandleVerifier [0x7ff6a8051447+1dc7]
[   fedstat] 	KERNEL32!BaseThreadInitThunk [0x7ff923077344+14]
[   fedstat] 	ntdll!RtlUserThreadStart [0x7ff92509cc91+21]
[   fedstat] 
[   fedstat]   ⚠️  Пропускаю — не удалось получить дату
[   fedstat] 
[   fedstat] 📊 [31557] Численность постоянного населения на 1 января (Раздел 1
[   fedstat]   🌐 Открываю: https://www.fedstat.ru/indicator/31557
[   fedstat]   ⏳ Не загрузилось за 30с (всего 30с), повторяю...
[   fedstat]   ⏳ Не загрузилось за 30с (всего 60с), повторяю...
[   fedstat]   ⏳ Не загрузилось за 30с (всего 90с), повторяю...
[   fedstat]   ⏳ Не загрузилось за 30с (всего 120с), повторяю...
[   fedstat]   ⏳ Не загрузилось за 30с (всего 150с), повторяю...
[   fedstat]   ⏳ Не загрузилось за 30с (всего 180с), повторяю...
[   fedstat]   ⏳ Не загрузилось за 30с (всего 210с), повторяю...
[   fedstat]   🔄 Попытка 2/3 после ошибки: Message: javascript error: Cannot read properties of null (reading 'appendChild'
[   fedstat]   🔄 Попытка 3/3 после ошибки: Message: javascript error: Cannot read properties of null (reading 'appendChild'
[   fedstat]   ❌ Ошибка при чтении страницы: Message: javascript error: Cannot read properties of null (reading 'appendChild')
[   fedstat]   (Session info: chrome=149.0.7827.156)
[   fedstat] Stacktrace:
[   fedstat] 	chromedriver!GetHandleVerifier [0x7ff6a8063fa5+14925]
[   fedstat] 	chromedriver!GetHandleVerifier [0x7ff6a8064000+14980]
[   fedstat] 	chromedriver!(No symbol) [0x7ff6a7ba793d]
[   fedstat] 	chromedriver!(No symbol) [0x7ff6a7baf8b1]
[   fedstat] 	chromedriver!(No symbol) [0x7ff6a7bb2c0f]
[   fedstat] 	chromedriver!(No symbol) [0x7ff6a7c50748]
[   fedstat] 	chromedriver!(No symbol) [0x7ff6a7c2a3ca]
[   fedstat] 	chromedriver!(No symbol) [0x7ff6a7c4f39b]
[   fedstat] 	chromedriver!(No symbol) [0x7ff6a7bf401c]
[   fedstat] 	chromedriver!(No symbol) [0x7ff6a7bf4f43]
[   fedstat] 	chromedriver!GetHandleVerifier [0x7ff6a8647591+5f7f11]
[   fedstat] 	chromedriver!GetHandleVerifier [0x7ff6a8641902+5f2282]
[   fedstat] 	chromedriver!GetHandleVerifier [0x7ff6a8667115+617a95]
[   fedstat] 	chromedriver!GetHandleVerifier [0x7ff6a8081dce+3274e]
[   fedstat] 	chromedriver!GetHandleVerifier [0x7ff6a808a82c+3b1ac]
[   fedstat] 	chromedriver!GetHandleVerifier [0x7ff6a806d744+1e0c4]
[   fedstat] 	chromedriver!GetHandleVerifier [0x7ff6a806d8d4+1e254]
[   fedstat] 	chromedriver!GetHandleVerifier [0x7ff6a8051447+1dc7]
[   fedstat] 	KERNEL32!BaseThreadInitThunk [0x7ff923077344+14]
[   fedstat] 	ntdll!RtlUserThreadStart [0x7ff92509cc91+21]
[   fedstat] 
[   fedstat]   ⚠️  Пропускаю — не удалось получить дату
[   fedstat] 
[   fedstat] 📊 [31556] Численность постоянного населения в среднем за год (чел
[   fedstat]   🌐 Открываю: https://www.fedstat.ru/indicator/31556
[   fedstat]   🔄 Попытка 2/3 после ошибки: Message: javascript error: Cannot read properties of null (reading 'appendChild'
[   fedstat]   🔄 Попытка 3/3 после ошибки: Message: javascript error: Cannot read properties of null (reading 'appendChild'
[   fedstat]   ❌ Ошибка при чтении страницы: Message: javascript error: Cannot read properties of null (reading 'appendChild')
[   fedstat]   (Session info: chrome=149.0.7827.156)
[   fedstat] Stacktrace:
[   fedstat] 	chromedriver!GetHandleVerifier [0x7ff6a8063fa5+14925]
[   fedstat] 	chromedriver!GetHandleVerifier [0x7ff6a8064000+14980]
[   fedstat] 	chromedriver!(No symbol) [0x7ff6a7ba793d]
[   fedstat] 	chromedriver!(No symbol) [0x7ff6a7baf8b1]
[   fedstat] 	chromedriver!(No symbol) [0x7ff6a7bb2c0f]
[   fedstat] 	chromedriver!(No symbol) [0x7ff6a7c50748]
[   fedstat] 	chromedriver!(No symbol) [0x7ff6a7c2a3ca]
[   fedstat] 	chromedriver!(No symbol) [0x7ff6a7c4f39b]
[   fedstat] 	chromedriver!(No symbol) [0x7ff6a7bf401c]
[   fedstat] 	chromedriver!(No symbol) [0x7ff6a7bf4f43]
[   fedstat] 	chromedriver!GetHandleVerifier [0x7ff6a8647591+5f7f11]
[   fedstat] 	chromedriver!GetHandleVerifier [0x7ff6a8641902+5f2282]
[   fedstat] 	chromedriver!GetHandleVerifier [0x7ff6a8667115+617a95]
[   fedstat] 	chromedriver!GetHandleVerifier [0x7ff6a8081dce+3274e]
[   fedstat] 	chromedriver!GetHandleVerifier [0x7ff6a808a82c+3b1ac]
[   fedstat] 	chromedriver!GetHandleVerifier [0x7ff6a806d744+1e0c4]
[   fedstat] 	chromedriver!GetHandleVerifier [0x7ff6a806d8d4+1e254]
[   fedstat] 	chromedriver!GetHandleVerifier [0x7ff6a8051447+1dc7]
[   fedstat] 	KERNEL32!BaseThreadInitThunk [0x7ff923077344+14]
[   fedstat] 	ntdll!RtlUserThreadStart [0x7ff92509cc91+21]
[   fedstat] 
[   fedstat]   ⚠️  Пропускаю — не удалось получить дату
[   fedstat] 
[   fedstat] 📊 [36730] Среднегодовая численность трудовых ресурсов (значение п
[   fedstat]   🌐 Открываю: https://www.fedstat.ru/indicator/36730
[   fedstat]   🔄 Попытка 2/3 после ошибки: Message: javascript error: Cannot read properties of null (reading 'appendChild'
[   fedstat]   🔄 Попытка 3/3 после ошибки: Message: javascript error: Cannot read properties of null (reading 'appendChild'
[   fedstat]   ❌ Ошибка при чтении страницы: Message: javascript error: Cannot read properties of null (reading 'appendChild')
[   fedstat]   (Session info: chrome=149.0.7827.156)
[   fedstat] Stacktrace:
[   fedstat] 	chromedriver!GetHandleVerifier [0x7ff6a8063fa5+14925]
[   fedstat] 	chromedriver!GetHandleVerifier [0x7ff6a8064000+14980]
[   fedstat] 	chromedriver!(No symbol) [0x7ff6a7ba793d]
[   fedstat] 	chromedriver!(No symbol) [0x7ff6a7baf8b1]
[   fedstat] 	chromedriver!(No symbol) [0x7ff6a7bb2c0f]
[   fedstat] 	chromedriver!(No symbol) [0x7ff6a7c50748]
[   fedstat] 	chromedriver!(No symbol) [0x7ff6a7c2a3ca]
[   fedstat] 	chromedriver!(No symbol) [0x7ff6a7c4f39b]
[   fedstat] 	chromedriver!(No symbol) [0x7ff6a7bf401c]
[   fedstat] 	chromedriver!(No symbol) [0x7ff6a7bf4f43]
[   fedstat] 	chromedriver!GetHandleVerifier [0x7ff6a8647591+5f7f11]
[   fedstat] 	chromedriver!GetHandleVerifier [0x7ff6a8641902+5f2282]
[   fedstat] 	chromedriver!GetHandleVerifier [0x7ff6a8667115+617a95]
[   fedstat] 	chromedriver!GetHandleVerifier [0x7ff6a8081dce+3274e]
[   fedstat] 	chromedriver!GetHandleVerifier [0x7ff6a808a82c+3b1ac]
[   fedstat] 	chromedriver!GetHandleVerifier [0x7ff6a806d744+1e0c4]
[   fedstat] 	chromedriver!GetHandleVerifier [0x7ff6a806d8d4+1e254]
[   fedstat] 	chromedriver!GetHandleVerifier [0x7ff6a8051447+1dc7]
[   fedstat] 	KERNEL32!BaseThreadInitThunk [0x7ff923077344+14]
[   fedstat] 	ntdll!RtlUserThreadStart [0x7ff92509cc91+21]
[   fedstat] 
[   fedstat]   ⚠️  Пропускаю — не удалось получить дату
[   fedstat] 
[   fedstat] 📊 [58994] Среднегодовая численность занятых в экономике (расчеты
[   fedstat]   🌐 Открываю: https://www.fedstat.ru/indicator/58994
[   fedstat]   🔄 Попытка 2/3 после ошибки: Message: javascript error: Cannot read properties of null (reading 'appendChild'
[   fedstat]   🔄 Попытка 3/3 после ошибки: Message: javascript error: Cannot read properties of null (reading 'appendChild'
[   fedstat]   ❌ Ошибка при чтении страницы: Message: javascript error: Cannot read properties of null (reading 'appendChild')
[   fedstat]   (Session info: chrome=149.0.7827.156)
[   fedstat] Stacktrace:
[   fedstat] 	chromedriver!GetHandleVerifier [0x7ff6a8063fa5+14925]
[   fedstat] 	chromedriver!GetHandleVerifier [0x7ff6a8064000+14980]
[   fedstat] 	chromedriver!(No symbol) [0x7ff6a7ba793d]
[   fedstat] 	chromedriver!(No symbol) [0x7ff6a7baf8b1]
[   fedstat] 	chromedriver!(No symbol) [0x7ff6a7bb2c0f]
[   fedstat] 	chromedriver!(No symbol) [0x7ff6a7c50748]
[   fedstat] 	chromedriver!(No symbol) [0x7ff6a7c2a3ca]
[   fedstat] 	chromedriver!(No symbol) [0x7ff6a7c4f39b]
[   fedstat] 	chromedriver!(No symbol) [0x7ff6a7bf401c]
[   fedstat] 	chromedriver!(No symbol) [0x7ff6a7bf4f43]
[   fedstat] 	chromedriver!GetHandleVerifier [0x7ff6a8647591+5f7f11]
[   fedstat] 	chromedriver!GetHandleVerifier [0x7ff6a8641902+5f2282]
[   fedstat] 	chromedriver!GetHandleVerifier [0x7ff6a8667115+617a95]
[   fedstat] 	chromedriver!GetHandleVerifier [0x7ff6a8081dce+3274e]
[   fedstat] 	chromedriver!GetHandleVerifier [0x7ff6a808a82c+3b1ac]
[   fedstat] 	chromedriver!GetHandleVerifier [0x7ff6a806d744+1e0c4]
[   fedstat] 	chromedriver!GetHandleVerifier [0x7ff6a806d8d4+1e254]
[   fedstat] 	chromedriver!GetHandleVerifier [0x7ff6a8051447+1dc7]
[   fedstat] 	KERNEL32!BaseThreadInitThunk [0x7ff923077344+14]
[   fedstat] 	ntdll!RtlUserThreadStart [0x7ff92509cc91+21]
[   fedstat] 
[   fedstat]   ⚠️  Пропускаю — не удалось получить дату
[   fedstat] 
[   fedstat] 📊 [43211] Среднегодовая численность занятых в экономике (расчеты
[   fedstat]   🌐 Открываю: https://www.fedstat.ru/indicator/43211
[   fedstat]   🔄 Попытка 2/3 после ошибки: Message: javascript error: Cannot read properties of null (reading 'appendChild'
[   fedstat]   🔄 Попытка 3/3 после ошибки: Message: javascript error: Cannot read properties of null (reading 'appendChild'
[   fedstat]   ❌ Ошибка при чтении страницы: Message: javascript error: Cannot read properties of null (reading 'appendChild')
[   fedstat]   (Session info: chrome=149.0.7827.156)
[   fedstat] Stacktrace:
[   fedstat] 	chromedriver!GetHandleVerifier [0x7ff6a8063fa5+14925]
[   fedstat] 	chromedriver!GetHandleVerifier [0x7ff6a8064000+14980]
[   fedstat] 	chromedriver!(No symbol) [0x7ff6a7ba793d]
[   fedstat] 	chromedriver!(No symbol) [0x7ff6a7baf8b1]
[   fedstat] 	chromedriver!(No symbol) [0x7ff6a7bb2c0f]
[   fedstat] 	chromedriver!(No symbol) [0x7ff6a7c50748]
[   fedstat] 	chromedriver!(No symbol) [0x7ff6a7c2a3ca]
[   fedstat] 	chromedriver!(No symbol) [0x7ff6a7c4f39b]
[   fedstat] 	chromedriver!(No symbol) [0x7ff6a7bf401c]
[   fedstat] 	chromedriver!(No symbol) [0x7ff6a7bf4f43]
[   fedstat] 	chromedriver!GetHandleVerifier [0x7ff6a8647591+5f7f11]
[   fedstat] 	chromedriver!GetHandleVerifier [0x7ff6a8641902+5f2282]
[   fedstat] 	chromedriver!GetHandleVerifier [0x7ff6a8667115+617a95]
[   fedstat] 	chromedriver!GetHandleVerifier [0x7ff6a8081dce+3274e]
[   fedstat] 	chromedriver!GetHandleVerifier [0x7ff6a808a82c+3b1ac]
[   fedstat] 	chromedriver!GetHandleVerifier [0x7ff6a806d744+1e0c4]
[   fedstat] 	chromedriver!GetHandleVerifier [0x7ff6a806d8d4+1e254]
[   fedstat] 	chromedriver!GetHandleVerifier [0x7ff6a8051447+1dc7]
[   fedstat] 	KERNEL32!BaseThreadInitThunk [0x7ff923077344+14]
[   fedstat] 	ntdll!RtlUserThreadStart [0x7ff92509cc91+21]
[   fedstat] 
[   fedstat]   ⚠️  Пропускаю — не удалось получить дату
[   fedstat] 
[   fedstat] 📊 [57824] Среднемесячная номинальная начисленная заработная плата
[   fedstat]   🌐 Открываю: https://www.fedstat.ru/indicator/57824
[   fedstat]   🔄 Попытка 2/3 после ошибки: Message: javascript error: Cannot read properties of null (reading 'appendChild'
[   fedstat]   🔄 Попытка 3/3 после ошибки: Message: javascript error: Cannot read properties of null (reading 'appendChild'
[   fedstat]   ❌ Ошибка при чтении страницы: Message: javascript error: Cannot read properties of null (reading 'appendChild')
[   fedstat]   (Session info: chrome=149.0.7827.156)
[   fedstat] Stacktrace:
[   fedstat] 	chromedriver!GetHandleVerifier [0x7ff6a8063fa5+14925]
[   fedstat] 	chromedriver!GetHandleVerifier [0x7ff6a8064000+14980]
[   fedstat] 	chromedriver!(No symbol) [0x7ff6a7ba793d]
[   fedstat] 	chromedriver!(No symbol) [0x7ff6a7baf8b1]
[   fedstat] 	chromedriver!(No symbol) [0x7ff6a7bb2c0f]
[   fedstat] 	chromedriver!(No symbol) [0x7ff6a7c50748]
[   fedstat] 	chromedriver!(No symbol) [0x7ff6a7c2a3ca]
[   fedstat] 	chromedriver!(No symbol) [0x7ff6a7c4f39b]
[   fedstat] 	chromedriver!(No symbol) [0x7ff6a7bf401c]
[   fedstat] 	chromedriver!(No symbol) [0x7ff6a7bf4f43]
[   fedstat] 	chromedriver!GetHandleVerifier [0x7ff6a8647591+5f7f11]
[   fedstat] 	chromedriver!GetHandleVerifier [0x7ff6a8641902+5f2282]
[   fedstat] 	chromedriver!GetHandleVerifier [0x7ff6a8667115+617a95]
[   fedstat] 	chromedriver!GetHandleVerifier [0x7ff6a8081dce+3274e]
[   fedstat] 	chromedriver!GetHandleVerifier [0x7ff6a808a82c+3b1ac]
[   fedstat] 	chromedriver!GetHandleVerifier [0x7ff6a806d744+1e0c4]
[   fedstat] 	chromedriver!GetHandleVerifier [0x7ff6a806d8d4+1e254]
[   fedstat] 	chromedriver!GetHandleVerifier [0x7ff6a8051447+1dc7]
[   fedstat] 	KERNEL32!BaseThreadInitThunk [0x7ff923077344+14]
[   fedstat] 	ntdll!RtlUserThreadStart [0x7ff92509cc91+21]
[   fedstat] 
[   fedstat]   ⚠️  Пропускаю — не удалось получить дату
[   fedstat] 
[   fedstat] 📊 [43246] Среднемесячная номинальная начисленная заработная плата
[   fedstat]   🌐 Открываю: https://www.fedstat.ru/indicator/43246
[   fedstat]   🔄 Попытка 2/3 после ошибки: Message: javascript error: Cannot read properties of null (reading 'appendChild'
[   fedstat]   🔄 Попытка 3/3 после ошибки: Message: javascript error: Cannot read properties of null (reading 'appendChild'
[   fedstat]   ❌ Ошибка при чтении страницы: Message: javascript error: Cannot read properties of null (reading 'appendChild')
[   fedstat]   (Session info: chrome=149.0.7827.156)
[   fedstat] Stacktrace:
[   fedstat] 	chromedriver!GetHandleVerifier [0x7ff6a8063fa5+14925]
[   fedstat] 	chromedriver!GetHandleVerifier [0x7ff6a8064000+14980]
[   fedstat] 	chromedriver!(No symbol) [0x7ff6a7ba793d]
[   fedstat] 	chromedriver!(No symbol) [0x7ff6a7baf8b1]
[   fedstat] 	chromedriver!(No symbol) [0x7ff6a7bb2c0f]
[   fedstat] 	chromedriver!(No symbol) [0x7ff6a7c50748]
[   fedstat] 	chromedriver!(No symbol) [0x7ff6a7c2a3ca]
[   fedstat] 	chromedriver!(No symbol) [0x7ff6a7c4f39b]
[   fedstat] 	chromedriver!(No symbol) [0x7ff6a7bf401c]
[   fedstat] 	chromedriver!(No symbol) [0x7ff6a7bf4f43]
[   fedstat] 	chromedriver!GetHandleVerifier [0x7ff6a8647591+5f7f11]
[   fedstat] 	chromedriver!GetHandleVerifier [0x7ff6a8641902+5f2282]
[   fedstat] 	chromedriver!GetHandleVerifier [0x7ff6a8667115+617a95]
[   fedstat] 	chromedriver!GetHandleVerifier [0x7ff6a8081dce+3274e]
[   fedstat] 	chromedriver!GetHandleVerifier [0x7ff6a808a82c+3b1ac]
[   fedstat] 	chromedriver!GetHandleVerifier [0x7ff6a806d744+1e0c4]
[   fedstat] 	chromedriver!GetHandleVerifier [0x7ff6a806d8d4+1e254]
[   fedstat] 	chromedriver!GetHandleVerifier [0x7ff6a8051447+1dc7]
[   fedstat] 	KERNEL32!BaseThreadInitThunk [0x7ff923077344+14]
[   fedstat] 	ntdll!RtlUserThreadStart [0x7ff92509cc91+21]
[   fedstat] 
[   fedstat]   ⚠️  Пропускаю — не удалось получить дату
[   fedstat] 
[   fedstat] 📊 [34475] Инвестиции в основной капитал по полному кругу организа
[   fedstat]   🌐 Открываю: https://www.fedstat.ru/indicator/34475
[   fedstat]   🔄 Попытка 2/3 после ошибки: Message: javascript error: Cannot read properties of null (reading 'appendChild'
[   fedstat]   🔄 Попытка 3/3 после ошибки: Message: javascript error: Cannot read properties of null (reading 'appendChild'
[   fedstat]   ❌ Ошибка при чтении страницы: Message: javascript error: Cannot read properties of null (reading 'appendChild')
[   fedstat]   (Session info: chrome=149.0.7827.156)
[   fedstat] Stacktrace:
[   fedstat] 	chromedriver!GetHandleVerifier [0x7ff6a8063fa5+14925]
[   fedstat] 	chromedriver!GetHandleVerifier [0x7ff6a8064000+14980]
[   fedstat] 	chromedriver!(No symbol) [0x7ff6a7ba793d]
[   fedstat] 	chromedriver!(No symbol) [0x7ff6a7baf8b1]
[   fedstat] 	chromedriver!(No symbol) [0x7ff6a7bb2c0f]
[   fedstat] 	chromedriver!(No symbol) [0x7ff6a7c50748]
[   fedstat] 	chromedriver!(No symbol) [0x7ff6a7c2a3ca]
[   fedstat] 	chromedriver!(No symbol) [0x7ff6a7c4f39b]
[   fedstat] 	chromedriver!(No symbol) [0x7ff6a7bf401c]
[   fedstat] 	chromedriver!(No symbol) [0x7ff6a7bf4f43]
[   fedstat] 	chromedriver!GetHandleVerifier [0x7ff6a8647591+5f7f11]
[   fedstat] 	chromedriver!GetHandleVerifier [0x7ff6a8641902+5f2282]
[   fedstat] 	chromedriver!GetHandleVerifier [0x7ff6a8667115+617a95]
[   fedstat] 	chromedriver!GetHandleVerifier [0x7ff6a8081dce+3274e]
[   fedstat] 	chromedriver!GetHandleVerifier [0x7ff6a808a82c+3b1ac]
[   fedstat] 	chromedriver!GetHandleVerifier [0x7ff6a806d744+1e0c4]
[   fedstat] 	chromedriver!GetHandleVerifier [0x7ff6a806d8d4+1e254]
[   fedstat] 	chromedriver!GetHandleVerifier [0x7ff6a8051447+1dc7]
[   fedstat] 	KERNEL32!BaseThreadInitThunk [0x7ff923077344+14]
[   fedstat] 	ntdll!RtlUserThreadStart [0x7ff92509cc91+21]
[   fedstat] 
[   fedstat]   ⚠️  Пропускаю — не удалось получить дату
[   fedstat] 
[   fedstat] 📊 [59047] Инвестиции в основной капитал по полному кругу хозяйств
[   fedstat]   🌐 Открываю: https://www.fedstat.ru/indicator/59047
[   fedstat]   🔄 Попытка 2/3 после ошибки: Message: javascript error: Cannot read properties of null (reading 'appendChild'
[   fedstat]   🔄 Попытка 3/3 после ошибки: Message: javascript error: Cannot read properties of null (reading 'appendChild'
[   fedstat]   ❌ Ошибка при чтении страницы: Message: javascript error: Cannot read properties of null (reading 'appendChild')
[   fedstat]   (Session info: chrome=149.0.7827.156)
[   fedstat] Stacktrace:
[   fedstat] 	chromedriver!GetHandleVerifier [0x7ff6a8063fa5+14925]
[   fedstat] 	chromedriver!GetHandleVerifier [0x7ff6a8064000+14980]
[   fedstat] 	chromedriver!(No symbol) [0x7ff6a7ba793d]
[   fedstat] 	chromedriver!(No symbol) [0x7ff6a7baf8b1]
[   fedstat] 	chromedriver!(No symbol) [0x7ff6a7bb2c0f]
[   fedstat] 	chromedriver!(No symbol) [0x7ff6a7c50748]
[   fedstat] 	chromedriver!(No symbol) [0x7ff6a7c2a3ca]
[   fedstat] 	chromedriver!(No symbol) [0x7ff6a7c4f39b]
[   fedstat] 	chromedriver!(No symbol) [0x7ff6a7bf401c]
[   fedstat] 	chromedriver!(No symbol) [0x7ff6a7bf4f43]
[   fedstat] 	chromedriver!GetHandleVerifier [0x7ff6a8647591+5f7f11]
[   fedstat] 	chromedriver!GetHandleVerifier [0x7ff6a8641902+5f2282]
[   fedstat] 	chromedriver!GetHandleVerifier [0x7ff6a8667115+617a95]
[   fedstat] 	chromedriver!GetHandleVerifier [0x7ff6a8081dce+3274e]
[   fedstat] 	chromedriver!GetHandleVerifier [0x7ff6a808a82c+3b1ac]
[   fedstat] 	chromedriver!GetHandleVerifier [0x7ff6a806d744+1e0c4]
[   fedstat] 	chromedriver!GetHandleVerifier [0x7ff6a806d8d4+1e254]
[   fedstat] 	chromedriver!GetHandleVerifier [0x7ff6a8051447+1dc7]
[   fedstat] 	KERNEL32!BaseThreadInitThunk [0x7ff923077344+14]
[   fedstat] 	ntdll!RtlUserThreadStart [0x7ff92509cc91+21]
[   fedstat] 
[   fedstat]   ⚠️  Пропускаю — не удалось получить дату
[   fedstat] 
[   fedstat] 📊 [36078] Индекс физического объема инвестиций в основной капитал
[   fedstat]   🌐 Открываю: https://www.fedstat.ru/indicator/36078
[   fedstat]   🔄 Попытка 2/3 после ошибки: Message: javascript error: Cannot read properties of null (reading 'appendChild'
[   fedstat]   🔄 Попытка 3/3 после ошибки: Message: javascript error: Cannot read properties of null (reading 'appendChild'
[   fedstat]   ❌ Ошибка при чтении страницы: Message: javascript error: Cannot read properties of null (reading 'appendChild')
[   fedstat]   (Session info: chrome=149.0.7827.156)
[   fedstat] Stacktrace:
[   fedstat] 	chromedriver!GetHandleVerifier [0x7ff6a8063fa5+14925]
[   fedstat] 	chromedriver!GetHandleVerifier [0x7ff6a8064000+14980]
[   fedstat] 	chromedriver!(No symbol) [0x7ff6a7ba793d]
[   fedstat] 	chromedriver!(No symbol) [0x7ff6a7baf8b1]
[   fedstat] 	chromedriver!(No symbol) [0x7ff6a7bb2c0f]
[   fedstat] 	chromedriver!(No symbol) [0x7ff6a7c50748]
[   fedstat] 	chromedriver!(No symbol) [0x7ff6a7c2a3ca]
[   fedstat] 	chromedriver!(No symbol) [0x7ff6a7c4f39b]
[   fedstat] 	chromedriver!(No symbol) [0x7ff6a7bf401c]
[   fedstat] 	chromedriver!(No symbol) [0x7ff6a7bf4f43]
[   fedstat] 	chromedriver!GetHandleVerifier [0x7ff6a8647591+5f7f11]
[   fedstat] 	chromedriver!GetHandleVerifier [0x7ff6a8641902+5f2282]
[   fedstat] 	chromedriver!GetHandleVerifier [0x7ff6a8667115+617a95]
[   fedstat] 	chromedriver!GetHandleVerifier [0x7ff6a8081dce+3274e]
[   fedstat] 	chromedriver!GetHandleVerifier [0x7ff6a808a82c+3b1ac]
[   fedstat] 	chromedriver!GetHandleVerifier [0x7ff6a806d744+1e0c4]
[   fedstat] 	chromedriver!GetHandleVerifier [0x7ff6a806d8d4+1e254]
[   fedstat] 	chromedriver!GetHandleVerifier [0x7ff6a8051447+1dc7]
[   fedstat] 	KERNEL32!BaseThreadInitThunk [0x7ff923077344+14]
[   fedstat] 	ntdll!RtlUserThreadStart [0x7ff92509cc91+21]
[   fedstat] 
[   fedstat]   ⚠️  Пропускаю — не удалось получить дату
[   fedstat] 
[   fedstat] 📊 [34129] Индекс физического объема инвестиций в основной капитал
[   fedstat]   🌐 Открываю: https://www.fedstat.ru/indicator/34129
[   fedstat]   🔄 Попытка 2/3 после ошибки: Message: javascript error: Cannot read properties of null (reading 'appendChild'
[   fedstat]   🔄 Попытка 3/3 после ошибки: Message: javascript error: Cannot read properties of null (reading 'appendChild'
[   fedstat]   ❌ Ошибка при чтении страницы: Message: javascript error: Cannot read properties of null (reading 'appendChild')
[   fedstat]   (Session info: chrome=149.0.7827.156)
[   fedstat] Stacktrace:
[   fedstat] 	chromedriver!GetHandleVerifier [0x7ff6a8063fa5+14925]
[   fedstat] 	chromedriver!GetHandleVerifier [0x7ff6a8064000+14980]
[   fedstat] 	chromedriver!(No symbol) [0x7ff6a7ba793d]
[   fedstat] 	chromedriver!(No symbol) [0x7ff6a7baf8b1]
[   fedstat] 	chromedriver!(No symbol) [0x7ff6a7bb2c0f]
[   fedstat] 	chromedriver!(No symbol) [0x7ff6a7c50748]
[   fedstat] 	chromedriver!(No symbol) [0x7ff6a7c2a3ca]
[   fedstat] 	chromedriver!(No symbol) [0x7ff6a7c4f39b]
[   fedstat] 	chromedriver!(No symbol) [0x7ff6a7bf401c]
[   fedstat] 	chromedriver!(No symbol) [0x7ff6a7bf4f43]
[   fedstat] 	chromedriver!GetHandleVerifier [0x7ff6a8647591+5f7f11]
[   fedstat] 	chromedriver!GetHandleVerifier [0x7ff6a8641902+5f2282]
[   fedstat] 	chromedriver!GetHandleVerifier [0x7ff6a8667115+617a95]
[   fedstat] 	chromedriver!GetHandleVerifier [0x7ff6a8081dce+3274e]
[   fedstat] 	chromedriver!GetHandleVerifier [0x7ff6a808a82c+3b1ac]
[   fedstat] 	chromedriver!GetHandleVerifier [0x7ff6a806d744+1e0c4]
[   fedstat] 	chromedriver!GetHandleVerifier [0x7ff6a806d8d4+1e254]
[   fedstat] 	chromedriver!GetHandleVerifier [0x7ff6a8051447+1dc7]
[   fedstat] 	KERNEL32!BaseThreadInitThunk [0x7ff923077344+14]
[   fedstat] 	ntdll!RtlUserThreadStart [0x7ff92509cc91+21]
[   fedstat] 
[   fedstat]   ⚠️  Пропускаю — не удалось получить дату
[   fedstat] 
[   fedstat] 📊 [58089] Индекс физического объема инвестиций в основной капитал
[   fedstat]   🌐 Открываю: https://www.fedstat.ru/indicator/58089
[   fedstat]   🔄 Попытка 2/3 после ошибки: Message: javascript error: Cannot read properties of null (reading 'appendChild'
[   fedstat]   🔄 Попытка 3/3 после ошибки: Message: javascript error: Cannot read properties of null (reading 'appendChild'
[   fedstat]   ❌ Ошибка при чтении страницы: Message: javascript error: Cannot read properties of null (reading 'appendChild')
[   fedstat]   (Session info: chrome=149.0.7827.156)
[   fedstat] Stacktrace:
[   fedstat] 	chromedriver!GetHandleVerifier [0x7ff6a8063fa5+14925]
[   fedstat] 	chromedriver!GetHandleVerifier [0x7ff6a8064000+14980]
[   fedstat] 	chromedriver!(No symbol) [0x7ff6a7ba793d]
[   fedstat] 	chromedriver!(No symbol) [0x7ff6a7baf8b1]
[   fedstat] 	chromedriver!(No symbol) [0x7ff6a7bb2c0f]
[   fedstat] 	chromedriver!(No symbol) [0x7ff6a7c50748]
[   fedstat] 	chromedriver!(No symbol) [0x7ff6a7c2a3ca]
[   fedstat] 	chromedriver!(No symbol) [0x7ff6a7c4f39b]
[   fedstat] 	chromedriver!(No symbol) [0x7ff6a7bf401c]
[   fedstat] 	chromedriver!(No symbol) [0x7ff6a7bf4f43]
[   fedstat] 	chromedriver!GetHandleVerifier [0x7ff6a8647591+5f7f11]
[   fedstat] 	chromedriver!GetHandleVerifier [0x7ff6a8641902+5f2282]
[   fedstat] 	chromedriver!GetHandleVerifier [0x7ff6a8667115+617a95]
[   fedstat] 	chromedriver!GetHandleVerifier [0x7ff6a8081dce+3274e]
[   fedstat] 	chromedriver!GetHandleVerifier [0x7ff6a808a82c+3b1ac]
[   fedstat] 	chromedriver!GetHandleVerifier [0x7ff6a806d744+1e0c4]
[   fedstat] 	chromedriver!GetHandleVerifier [0x7ff6a806d8d4+1e254]
[   fedstat] 	chromedriver!GetHandleVerifier [0x7ff6a8051447+1dc7]
[   fedstat] 	KERNEL32!BaseThreadInitThunk [0x7ff923077344+14]
[   fedstat] 	ntdll!RtlUserThreadStart [0x7ff92509cc91+21]
[   fedstat] 
[   fedstat]   ⚠️  Пропускаю — не удалось получить дату
[   fedstat] 
[   fedstat] 📊 [34118] Введено в действие общей площади жилых домов (оперативн
[   fedstat]   🌐 Открываю: https://www.fedstat.ru/indicator/34118
[   fedstat]   🔄 Попытка 2/3 после ошибки: Message: javascript error: Cannot read properties of null (reading 'appendChild'
[   fedstat]   🔄 Попытка 3/3 после ошибки: Message: javascript error: Cannot read properties of null (reading 'appendChild'
[   fedstat]   ❌ Ошибка при чтении страницы: Message: javascript error: Cannot read properties of null (reading 'appendChild')
[   fedstat]   (Session info: chrome=149.0.7827.156)
[   fedstat] Stacktrace:
[   fedstat] 	chromedriver!GetHandleVerifier [0x7ff6a8063fa5+14925]
[   fedstat] 	chromedriver!GetHandleVerifier [0x7ff6a8064000+14980]
[   fedstat] 	chromedriver!(No symbol) [0x7ff6a7ba793d]
[   fedstat] 	chromedriver!(No symbol) [0x7ff6a7baf8b1]
[   fedstat] 	chromedriver!(No symbol) [0x7ff6a7bb2c0f]
[   fedstat] 	chromedriver!(No symbol) [0x7ff6a7c50748]
[   fedstat] 	chromedriver!(No symbol) [0x7ff6a7c2a3ca]
[   fedstat] 	chromedriver!(No symbol) [0x7ff6a7c4f39b]
[   fedstat] 	chromedriver!(No symbol) [0x7ff6a7bf401c]
[   fedstat] 	chromedriver!(No symbol) [0x7ff6a7bf4f43]
[   fedstat] 	chromedriver!GetHandleVerifier [0x7ff6a8647591+5f7f11]
[   fedstat] 	chromedriver!GetHandleVerifier [0x7ff6a8641902+5f2282]
[   fedstat] 	chromedriver!GetHandleVerifier [0x7ff6a8667115+617a95]
[   fedstat] 	chromedriver!GetHandleVerifier [0x7ff6a8081dce+3274e]
[   fedstat] 	chromedriver!GetHandleVerifier [0x7ff6a808a82c+3b1ac]
[   fedstat] 	chromedriver!GetHandleVerifier [0x7ff6a806d744+1e0c4]
[   fedstat] 	chromedriver!GetHandleVerifier [0x7ff6a806d8d4+1e254]
[   fedstat] 	chromedriver!GetHandleVerifier [0x7ff6a8051447+1dc7]
[   fedstat] 	KERNEL32!BaseThreadInitThunk [0x7ff923077344+14]
[   fedstat] 	ntdll!RtlUserThreadStart [0x7ff92509cc91+21]
[   fedstat] 
[   fedstat]   ⚠️  Пропускаю — не удалось получить дату
[   fedstat] 
[   fedstat] 📊 [33575] Введено в действие общей площади жилых домов, построенн
[   fedstat]   🌐 Открываю: https://www.fedstat.ru/indicator/33575
[   fedstat]   🔄 Попытка 2/3 после ошибки: Message: javascript error: Cannot read properties of null (reading 'appendChild'
[   fedstat]   🔄 Попытка 3/3 после ошибки: Message: javascript error: Cannot read properties of null (reading 'appendChild'
[   fedstat]   ❌ Ошибка при чтении страницы: Message: javascript error: Cannot read properties of null (reading 'appendChild')
[   fedstat]   (Session info: chrome=149.0.7827.156)
[   fedstat] Stacktrace:
[   fedstat] 	chromedriver!GetHandleVerifier [0x7ff6a8063fa5+14925]
[   fedstat] 	chromedriver!GetHandleVerifier [0x7ff6a8064000+14980]
[   fedstat] 	chromedriver!(No symbol) [0x7ff6a7ba793d]
[   fedstat] 	chromedriver!(No symbol) [0x7ff6a7baf8b1]
[   fedstat] 	chromedriver!(No symbol) [0x7ff6a7bb2c0f]
[   fedstat] 	chromedriver!(No symbol) [0x7ff6a7c50748]
[   fedstat] 	chromedriver!(No symbol) [0x7ff6a7c2a3ca]
[   fedstat] 	chromedriver!(No symbol) [0x7ff6a7c4f39b]
[   fedstat] 	chromedriver!(No symbol) [0x7ff6a7bf401c]
[   fedstat] 	chromedriver!(No symbol) [0x7ff6a7bf4f43]
[   fedstat] 	chromedriver!GetHandleVerifier [0x7ff6a8647591+5f7f11]
[   fedstat] 	chromedriver!GetHandleVerifier [0x7ff6a8641902+5f2282]
[   fedstat] 	chromedriver!GetHandleVerifier [0x7ff6a8667115+617a95]
[   fedstat] 	chromedriver!GetHandleVerifier [0x7ff6a8081dce+3274e]
[   fedstat] 	chromedriver!GetHandleVerifier [0x7ff6a808a82c+3b1ac]
[   fedstat] 	chromedriver!GetHandleVerifier [0x7ff6a806d744+1e0c4]
[   fedstat] 	chromedriver!GetHandleVerifier [0x7ff6a806d8d4+1e254]
[   fedstat] 	chromedriver!GetHandleVerifier [0x7ff6a8051447+1dc7]
[   fedstat] 	KERNEL32!BaseThreadInitThunk [0x7ff923077344+14]
[   fedstat] 	ntdll!RtlUserThreadStart [0x7ff92509cc91+21]
[   fedstat] 
[   fedstat]   ⚠️  Пропускаю — не удалось получить дату
[   fedstat] 
[   fedstat] 📊 [33574] Введено в действие общей площади жилых домов на 1000 че
[   fedstat]   🌐 Открываю: https://www.fedstat.ru/indicator/33574
[   fedstat]   🔄 Попытка 2/3 после ошибки: Message: javascript error: Cannot read properties of null (reading 'appendChild'
[   fedstat]   🔄 Попытка 3/3 после ошибки: Message: javascript error: Cannot read properties of null (reading 'appendChild'
[   fedstat]   ❌ Ошибка при чтении страницы: Message: javascript error: Cannot read properties of null (reading 'appendChild')
[   fedstat]   (Session info: chrome=149.0.7827.156)
[   fedstat] Stacktrace:
[   fedstat] 	chromedriver!GetHandleVerifier [0x7ff6a8063fa5+14925]
[   fedstat] 	chromedriver!GetHandleVerifier [0x7ff6a8064000+14980]
[   fedstat] 	chromedriver!(No symbol) [0x7ff6a7ba793d]
[   fedstat] 	chromedriver!(No symbol) [0x7ff6a7baf8b1]
[   fedstat] 	chromedriver!(No symbol) [0x7ff6a7bb2c0f]
[   fedstat] 	chromedriver!(No symbol) [0x7ff6a7c50748]
[   fedstat] 	chromedriver!(No symbol) [0x7ff6a7c2a3ca]
[   fedstat] 	chromedriver!(No symbol) [0x7ff6a7c4f39b]
[   fedstat] 	chromedriver!(No symbol) [0x7ff6a7bf401c]
[   fedstat] 	chromedriver!(No symbol) [0x7ff6a7bf4f43]
[   fedstat] 	chromedriver!GetHandleVerifier [0x7ff6a8647591+5f7f11]
[   fedstat] 	chromedriver!GetHandleVerifier [0x7ff6a8641902+5f2282]
[   fedstat] 	chromedriver!GetHandleVerifier [0x7ff6a8667115+617a95]
[   fedstat] 	chromedriver!GetHandleVerifier [0x7ff6a8081dce+3274e]
[   fedstat] 	chromedriver!GetHandleVerifier [0x7ff6a808a82c+3b1ac]
[   fedstat] 	chromedriver!GetHandleVerifier [0x7ff6a806d744+1e0c4]
[   fedstat] 	chromedriver!GetHandleVerifier [0x7ff6a806d8d4+1e254]
[   fedstat] 	chromedriver!GetHandleVerifier [0x7ff6a8051447+1dc7]
[   fedstat] 	KERNEL32!BaseThreadInitThunk [0x7ff923077344+14]
[   fedstat] 	ntdll!RtlUserThreadStart [0x7ff92509cc91+21]
[   fedstat] 
[   fedstat]   ⚠️  Пропускаю — не удалось получить дату
[   fedstat] 
[   fedstat] 📊 [33738] Количество построенных квартир (значение показателя за
[   fedstat]   🌐 Открываю: https://www.fedstat.ru/indicator/33738
[   fedstat]   🔄 Попытка 2/3 после ошибки: Message: javascript error: Cannot read properties of null (reading 'appendChild'
[   fedstat]   🔄 Попытка 3/3 после ошибки: Message: javascript error: Cannot read properties of null (reading 'appendChild'
[   fedstat]   ❌ Ошибка при чтении страницы: Message: javascript error: Cannot read properties of null (reading 'appendChild')
[   fedstat]   (Session info: chrome=149.0.7827.156)
[   fedstat] Stacktrace:
[   fedstat] 	chromedriver!GetHandleVerifier [0x7ff6a8063fa5+14925]
[   fedstat] 	chromedriver!GetHandleVerifier [0x7ff6a8064000+14980]
[   fedstat] 	chromedriver!(No symbol) [0x7ff6a7ba793d]
[   fedstat] 	chromedriver!(No symbol) [0x7ff6a7baf8b1]
[   fedstat] 	chromedriver!(No symbol) [0x7ff6a7bb2c0f]
[   fedstat] 	chromedriver!(No symbol) [0x7ff6a7c50748]
[   fedstat] 	chromedriver!(No symbol) [0x7ff6a7c2a3ca]
[   fedstat] 	chromedriver!(No symbol) [0x7ff6a7c4f39b]
[   fedstat] 	chromedriver!(No symbol) [0x7ff6a7bf401c]
[   fedstat] 	chromedriver!(No symbol) [0x7ff6a7bf4f43]
[   fedstat] 	chromedriver!GetHandleVerifier [0x7ff6a8647591+5f7f11]
[   fedstat] 	chromedriver!GetHandleVerifier [0x7ff6a8641902+5f2282]
[   fedstat] 	chromedriver!GetHandleVerifier [0x7ff6a8667115+617a95]
[   fedstat] 	chromedriver!GetHandleVerifier [0x7ff6a8081dce+3274e]
[   fedstat] 	chromedriver!GetHandleVerifier [0x7ff6a808a82c+3b1ac]
[   fedstat] 	chromedriver!GetHandleVerifier [0x7ff6a806d744+1e0c4]
[   fedstat] 	chromedriver!GetHandleVerifier [0x7ff6a806d8d4+1e254]
[   fedstat] 	chromedriver!GetHandleVerifier [0x7ff6a8051447+1dc7]
[   fedstat] 	KERNEL32!BaseThreadInitThunk [0x7ff923077344+14]
[   fedstat] 	ntdll!RtlUserThreadStart [0x7ff92509cc91+21]
[   fedstat] 
[   fedstat]   ⚠️  Пропускаю — не удалось получить дату
[   fedstat] 
[   fedstat] 📊 [40466] Общая площадь жилых помещений, приходящаяся в среднем н
[   fedstat]   🌐 Открываю: https://www.fedstat.ru/indicator/40466
[   fedstat]   🔄 Попытка 2/3 после ошибки: Message: javascript error: Cannot read properties of null (reading 'appendChild'
[   fedstat]   🔄 Попытка 3/3 после ошибки: Message: javascript error: Cannot read properties of null (reading 'appendChild'
[   fedstat]   ❌ Ошибка при чтении страницы: Message: javascript error: Cannot read properties of null (reading 'appendChild')
[   fedstat]   (Session info: chrome=149.0.7827.156)
[   fedstat] Stacktrace:
[   fedstat] 	chromedriver!GetHandleVerifier [0x7ff6a8063fa5+14925]
[   fedstat] 	chromedriver!GetHandleVerifier [0x7ff6a8064000+14980]
[   fedstat] 	chromedriver!(No symbol) [0x7ff6a7ba793d]
[   fedstat] 	chromedriver!(No symbol) [0x7ff6a7baf8b1]
[   fedstat] 	chromedriver!(No symbol) [0x7ff6a7bb2c0f]
[   fedstat] 	chromedriver!(No symbol) [0x7ff6a7c50748]
[   fedstat] 	chromedriver!(No symbol) [0x7ff6a7c2a3ca]
[   fedstat] 	chromedriver!(No symbol) [0x7ff6a7c4f39b]
[   fedstat] 	chromedriver!(No symbol) [0x7ff6a7bf401c]
[   fedstat] 	chromedriver!(No symbol) [0x7ff6a7bf4f43]
[   fedstat] 	chromedriver!GetHandleVerifier [0x7ff6a8647591+5f7f11]
[   fedstat] 	chromedriver!GetHandleVerifier [0x7ff6a8641902+5f2282]
[   fedstat] 	chromedriver!GetHandleVerifier [0x7ff6a8667115+617a95]
[   fedstat] 	chromedriver!GetHandleVerifier [0x7ff6a8081dce+3274e]
[   fedstat] 	chromedriver!GetHandleVerifier [0x7ff6a808a82c+3b1ac]
[   fedstat] 	chromedriver!GetHandleVerifier [0x7ff6a806d744+1e0c4]
[   fedstat] 	chromedriver!GetHandleVerifier [0x7ff6a806d8d4+1e254]
[   fedstat] 	chromedriver!GetHandleVerifier [0x7ff6a8051447+1dc7]
[   fedstat] 	KERNEL32!BaseThreadInitThunk [0x7ff923077344+14]
[   fedstat] 	ntdll!RtlUserThreadStart [0x7ff92509cc91+21]
[   fedstat] 
[   fedstat]   ⚠️  Пропускаю — не удалось получить дату
[   fedstat] 
[   fedstat] 📊 [31074_часть1] Индексы потребительских цен на товары и услуги часть1 (
[   fedstat]   🌐 Открываю: https://www.fedstat.ru/indicator/31074
[   fedstat]   🔄 Попытка 2/3 после ошибки: Message: javascript error: Cannot read properties of null (reading 'appendChild'
[   fedstat]   🔄 Попытка 3/3 после ошибки: Message: javascript error: Cannot read properties of null (reading 'appendChild'
[   fedstat]   ❌ Ошибка при чтении страницы: Message: javascript error: Cannot read properties of null (reading 'appendChild')
[   fedstat]   (Session info: chrome=149.0.7827.156)
[   fedstat] Stacktrace:
[   fedstat] 	chromedriver!GetHandleVerifier [0x7ff6a8063fa5+14925]
[   fedstat] 	chromedriver!GetHandleVerifier [0x7ff6a8064000+14980]
[   fedstat] 	chromedriver!(No symbol) [0x7ff6a7ba793d]
[   fedstat] 	chromedriver!(No symbol) [0x7ff6a7baf8b1]
[   fedstat] 	chromedriver!(No symbol) [0x7ff6a7bb2c0f]
[   fedstat] 	chromedriver!(No symbol) [0x7ff6a7c50748]
[   fedstat] 	chromedriver!(No symbol) [0x7ff6a7c2a3ca]
[   fedstat] 	chromedriver!(No symbol) [0x7ff6a7c4f39b]
[   fedstat] 	chromedriver!(No symbol) [0x7ff6a7bf401c]
[   fedstat] 	chromedriver!(No symbol) [0x7ff6a7bf4f43]
[   fedstat] 	chromedriver!GetHandleVerifier [0x7ff6a8647591+5f7f11]
[   fedstat] 	chromedriver!GetHandleVerifier [0x7ff6a8641902+5f2282]
[   fedstat] 	chromedriver!GetHandleVerifier [0x7ff6a8667115+617a95]
[   fedstat] 	chromedriver!GetHandleVerifier [0x7ff6a8081dce+3274e]
[   fedstat] 	chromedriver!GetHandleVerifier [0x7ff6a808a82c+3b1ac]
[   fedstat] 	chromedriver!GetHandleVerifier [0x7ff6a806d744+1e0c4]
[   fedstat] 	chromedriver!GetHandleVerifier [0x7ff6a806d8d4+1e254]
[   fedstat] 	chromedriver!GetHandleVerifier [0x7ff6a8051447+1dc7]
[   fedstat] 	KERNEL32!BaseThreadInitThunk [0x7ff923077344+14]
[   fedstat] 	ntdll!RtlUserThreadStart [0x7ff92509cc91+21]
[   fedstat] 
[   fedstat]   ⚠️  Пропускаю — не удалось получить дату
[   fedstat] 
[   fedstat] 📊 [31074_часть2] Индексы потребительских цен на товары и услуги часть2 (
[   fedstat]   🌐 Открываю: https://www.fedstat.ru/indicator/31074
[   fedstat]   🔄 Попытка 2/3 после ошибки: Message: javascript error: Cannot read properties of null (reading 'appendChild'
[   fedstat]   🔄 Попытка 3/3 после ошибки: Message: javascript error: Cannot read properties of null (reading 'appendChild'
[   fedstat]   ❌ Ошибка при чтении страницы: Message: javascript error: Cannot read properties of null (reading 'appendChild')
[   fedstat]   (Session info: chrome=149.0.7827.156)
[   fedstat] Stacktrace:
[   fedstat] 	chromedriver!GetHandleVerifier [0x7ff6a8063fa5+14925]
[   fedstat] 	chromedriver!GetHandleVerifier [0x7ff6a8064000+14980]
[   fedstat] 	chromedriver!(No symbol) [0x7ff6a7ba793d]
[   fedstat] 	chromedriver!(No symbol) [0x7ff6a7baf8b1]
[   fedstat] 	chromedriver!(No symbol) [0x7ff6a7bb2c0f]
[   fedstat] 	chromedriver!(No symbol) [0x7ff6a7c50748]
[   fedstat] 	chromedriver!(No symbol) [0x7ff6a7c2a3ca]
[   fedstat] 	chromedriver!(No symbol) [0x7ff6a7c4f39b]
[   fedstat] 	chromedriver!(No symbol) [0x7ff6a7bf401c]
[   fedstat] 	chromedriver!(No symbol) [0x7ff6a7bf4f43]
[   fedstat] 	chromedriver!GetHandleVerifier [0x7ff6a8647591+5f7f11]
[   fedstat] 	chromedriver!GetHandleVerifier [0x7ff6a8641902+5f2282]
[   fedstat] 	chromedriver!GetHandleVerifier [0x7ff6a8667115+617a95]
[   fedstat] 	chromedriver!GetHandleVerifier [0x7ff6a8081dce+3274e]
[   fedstat] 	chromedriver!GetHandleVerifier [0x7ff6a808a82c+3b1ac]
[   fedstat] 	chromedriver!GetHandleVerifier [0x7ff6a806d744+1e0c4]
[   fedstat] 	chromedriver!GetHandleVerifier [0x7ff6a806d8d4+1e254]
[   fedstat] 	chromedriver!GetHandleVerifier [0x7ff6a8051447+1dc7]
[   fedstat] 	KERNEL32!BaseThreadInitThunk [0x7ff923077344+14]
[   fedstat] 	ntdll!RtlUserThreadStart [0x7ff92509cc91+21]
[   fedstat] 
[   fedstat]   ⚠️  Пропускаю — не удалось получить дату
[   fedstat] 
[   fedstat] 📊 [31452] Средняя цена 1 кв. м  общей площади квартир на рынке жи
[   fedstat]   🌐 Открываю: https://www.fedstat.ru/indicator/31452
[   fedstat]   🔄 Попытка 2/3 после ошибки: Message: javascript error: Cannot read properties of null (reading 'appendChild'
[   fedstat]   🔄 Попытка 3/3 после ошибки: Message: javascript error: Cannot read properties of null (reading 'appendChild'
[   fedstat]   ❌ Ошибка при чтении страницы: Message: javascript error: Cannot read properties of null (reading 'appendChild')
[   fedstat]   (Session info: chrome=149.0.7827.156)
[   fedstat] Stacktrace:
[   fedstat] 	chromedriver!GetHandleVerifier [0x7ff6a8063fa5+14925]
[   fedstat] 	chromedriver!GetHandleVerifier [0x7ff6a8064000+14980]
[   fedstat] 	chromedriver!(No symbol) [0x7ff6a7ba793d]
[   fedstat] 	chromedriver!(No symbol) [0x7ff6a7baf8b1]
[   fedstat] 	chromedriver!(No symbol) [0x7ff6a7bb2c0f]
[   fedstat] 	chromedriver!(No symbol) [0x7ff6a7c50748]
[   fedstat] 	chromedriver!(No symbol) [0x7ff6a7c2a3ca]
[   fedstat] 	chromedriver!(No symbol) [0x7ff6a7c4f39b]
[   fedstat] 	chromedriver!(No symbol) [0x7ff6a7bf401c]
[   fedstat] 	chromedriver!(No symbol) [0x7ff6a7bf4f43]
[   fedstat] 	chromedriver!GetHandleVerifier [0x7ff6a8647591+5f7f11]
[   fedstat] 	chromedriver!GetHandleVerifier [0x7ff6a8641902+5f2282]
[   fedstat] 	chromedriver!GetHandleVerifier [0x7ff6a8667115+617a95]
[   fedstat] 	chromedriver!GetHandleVerifier [0x7ff6a8081dce+3274e]
[   fedstat] 	chromedriver!GetHandleVerifier [0x7ff6a808a82c+3b1ac]
[   fedstat] 	chromedriver!GetHandleVerifier [0x7ff6a806d744+1e0c4]
[   fedstat] 	chromedriver!GetHandleVerifier [0x7ff6a806d8d4+1e254]
[   fedstat] 	chromedriver!GetHandleVerifier [0x7ff6a8051447+1dc7]
[   fedstat] 	KERNEL32!BaseThreadInitThunk [0x7ff923077344+14]
[   fedstat] 	ntdll!RtlUserThreadStart [0x7ff92509cc91+21]
[   fedstat] 
[   fedstat]   ⚠️  Пропускаю — не удалось получить дату
[   fedstat] 
[   fedstat] 📊 [31448] Средние потребительские цены (тарифы) на товары и услуг
[   fedstat]   🌐 Открываю: https://www.fedstat.ru/indicator/31448
[   fedstat]   ⏳ Не загрузилось за 30с (всего 30с), повторяю...
[   fedstat]   🔄 Попытка 2/3 после ошибки: Message: javascript error: Cannot read properties of null (reading 'appendChild'
[   fedstat]   🔄 Попытка 3/3 после ошибки: Message: javascript error: Cannot read properties of null (reading 'appendChild'
[   fedstat]   ❌ Ошибка при чтении страницы: Message: javascript error: Cannot read properties of null (reading 'appendChild')
[   fedstat]   (Session info: chrome=149.0.7827.156)
[   fedstat] Stacktrace:
[   fedstat] 	chromedriver!GetHandleVerifier [0x7ff6a8063fa5+14925]
[   fedstat] 	chromedriver!GetHandleVerifier [0x7ff6a8064000+14980]
[   fedstat] 	chromedriver!(No symbol) [0x7ff6a7ba793d]
[   fedstat] 	chromedriver!(No symbol) [0x7ff6a7baf8b1]
[   fedstat] 	chromedriver!(No symbol) [0x7ff6a7bb2c0f]
[   fedstat] 	chromedriver!(No symbol) [0x7ff6a7c50748]
[   fedstat] 	chromedriver!(No symbol) [0x7ff6a7c2a3ca]
[   fedstat] 	chromedriver!(No symbol) [0x7ff6a7c4f39b]
[   fedstat] 	chromedriver!(No symbol) [0x7ff6a7bf401c]
[   fedstat] 	chromedriver!(No symbol) [0x7ff6a7bf4f43]
[   fedstat] 	chromedriver!GetHandleVerifier [0x7ff6a8647591+5f7f11]
[   fedstat] 	chromedriver!GetHandleVerifier [0x7ff6a8641902+5f2282]
[   fedstat] 	chromedriver!GetHandleVerifier [0x7ff6a8667115+617a95]
[   fedstat] 	chromedriver!GetHandleVerifier [0x7ff6a8081dce+3274e]
[   fedstat] 	chromedriver!GetHandleVerifier [0x7ff6a808a82c+3b1ac]
[   fedstat] 	chromedriver!GetHandleVerifier [0x7ff6a806d744+1e0c4]
[   fedstat] 	chromedriver!GetHandleVerifier [0x7ff6a806d8d4+1e254]
[   fedstat] 	chromedriver!GetHandleVerifier [0x7ff6a8051447+1dc7]
[   fedstat] 	KERNEL32!BaseThreadInitThunk [0x7ff923077344+14]
[   fedstat] 	ntdll!RtlUserThreadStart [0x7ff92509cc91+21]
[   fedstat] 
[   fedstat]   ⚠️  Пропускаю — не удалось получить дату
[   fedstat] 
[   fedstat] 
[   fedstat] ============================================================
[   fedstat] Итог: скачано файлов — 0
[   fedstat] ============================================================
[   fedstat] 
❌ fedstat: код выхода 2 (за 15.0 мин)
⏰ rasprod: убит по watchdog'у (>90мин), гашу процессы Chrome

────────────────────────────────────────────────────────────
🔁 Retry #2: жду 60с и повторяю 2 источников: fedstat, rasprod
────────────────────────────────────────────────────────────

════════════════════════════════════════════════════════════
   Retry #2 волна 1: rasprod, fedstat (max parallel = 4)
════════════════════════════════════════════════════════════

────────────────────────────────────────────────────────────
▶ rasprod (watchdog: 90мин)

────────────────────────────────────────────────────────────
▶ fedstat (watchdog: 30мин)
────────────────────────────────────────────────────────────
────────────────────────────────────────────────────────────
[   fedstat] 
[   fedstat] ============================================================
[   fedstat] Запуск: 2026-06-24 16:49:24
[   fedstat] Индикаторов: 29
[   fedstat] ============================================================
[   fedstat] 
[   fedstat] 📊 [33648] Индекс предпринимательской уверенности в строительстве
[   fedstat]   🌐 Открываю: https://www.fedstat.ru/indicator/33648
[   fedstat]   🔄 Попытка 2/3 после ошибки: Message: javascript error: Cannot read properties of null (reading 'appendChild'
[   fedstat]   🔄 Попытка 3/3 после ошибки: Message: javascript error: Cannot read properties of null (reading 'appendChild'
[   fedstat]   ❌ Ошибка при чтении страницы: Message: javascript error: Cannot read properties of null (reading 'appendChild')
[   fedstat]   (Session info: chrome=149.0.7827.156)
[   fedstat] Stacktrace:
[   fedstat] 	chromedriver!GetHandleVerifier [0x7ff6a8063fa5+14925]
[   fedstat] 	chromedriver!GetHandleVerifier [0x7ff6a8064000+14980]
[   fedstat] 	chromedriver!(No symbol) [0x7ff6a7ba793d]
[   fedstat] 	chromedriver!(No symbol) [0x7ff6a7baf8b1]
[   fedstat] 	chromedriver!(No symbol) [0x7ff6a7bb2c0f]
[   fedstat] 	chromedriver!(No symbol) [0x7ff6a7c50748]
[   fedstat] 	chromedriver!(No symbol) [0x7ff6a7c2a3ca]
[   fedstat] 	chromedriver!(No symbol) [0x7ff6a7c4f39b]
[   fedstat] 	chromedriver!(No symbol) [0x7ff6a7bf401c]
[   fedstat] 	chromedriver!(No symbol) [0x7ff6a7bf4f43]
[   fedstat] 	chromedriver!GetHandleVerifier [0x7ff6a8647591+5f7f11]
[   fedstat] 	chromedriver!GetHandleVerifier [0x7ff6a8641902+5f2282]
[   fedstat] 	chromedriver!GetHandleVerifier [0x7ff6a8667115+617a95]
[   fedstat] 	chromedriver!GetHandleVerifier [0x7ff6a8081dce+3274e]
[   fedstat] 	chromedriver!GetHandleVerifier [0x7ff6a808a82c+3b1ac]
[   fedstat] 	chromedriver!GetHandleVerifier [0x7ff6a806d744+1e0c4]
[   fedstat] 	chromedriver!GetHandleVerifier [0x7ff6a806d8d4+1e254]
[   fedstat] 	chromedriver!GetHandleVerifier [0x7ff6a8051447+1dc7]
[   fedstat] 	KERNEL32!BaseThreadInitThunk [0x7ff923077344+14]
[   fedstat] 	ntdll!RtlUserThreadStart [0x7ff92509cc91+21]
[   fedstat] 
[   fedstat]   ⚠️  Пропускаю — не удалось получить дату
[   fedstat] 
[   fedstat] 📊 [61497] Валовой региональный продукт в основных ценах (ОКВЭД 2)
[   fedstat]   🌐 Открываю: https://www.fedstat.ru/indicator/61497
[   fedstat]   🔄 Попытка 2/3 после ошибки: Message: javascript error: Cannot read properties of null (reading 'appendChild'
[   fedstat]   🔄 Попытка 3/3 после ошибки: Message: javascript error: Cannot read properties of null (reading 'appendChild'
[   fedstat]   ❌ Ошибка при чтении страницы: Message: javascript error: Cannot read properties of null (reading 'appendChild')
[   fedstat]   (Session info: chrome=149.0.7827.156)
[   fedstat] Stacktrace:
[   fedstat] 	chromedriver!GetHandleVerifier [0x7ff6a8063fa5+14925]
[   fedstat] 	chromedriver!GetHandleVerifier [0x7ff6a8064000+14980]
[   fedstat] 	chromedriver!(No symbol) [0x7ff6a7ba793d]
[   fedstat] 	chromedriver!(No symbol) [0x7ff6a7baf8b1]
[   fedstat] 	chromedriver!(No symbol) [0x7ff6a7bb2c0f]
[   fedstat] 	chromedriver!(No symbol) [0x7ff6a7c50748]
[   fedstat] 	chromedriver!(No symbol) [0x7ff6a7c2a3ca]
[   fedstat] 	chromedriver!(No symbol) [0x7ff6a7c4f39b]
[   fedstat] 	chromedriver!(No symbol) [0x7ff6a7bf401c]
[   fedstat] 	chromedriver!(No symbol) [0x7ff6a7bf4f43]
[   fedstat] 	chromedriver!GetHandleVerifier [0x7ff6a8647591+5f7f11]
[   fedstat] 	chromedriver!GetHandleVerifier [0x7ff6a8641902+5f2282]
[   fedstat] 	chromedriver!GetHandleVerifier [0x7ff6a8667115+617a95]
[   fedstat] 	chromedriver!GetHandleVerifier [0x7ff6a8081dce+3274e]
[   fedstat] 	chromedriver!GetHandleVerifier [0x7ff6a808a82c+3b1ac]
[   fedstat] 	chromedriver!GetHandleVerifier [0x7ff6a806d744+1e0c4]
[   fedstat] 	chromedriver!GetHandleVerifier [0x7ff6a806d8d4+1e254]
[   fedstat] 	chromedriver!GetHandleVerifier [0x7ff6a8051447+1dc7]
[   fedstat] 	KERNEL32!BaseThreadInitThunk [0x7ff923077344+14]
[   fedstat] 	ntdll!RtlUserThreadStart [0x7ff92509cc91+21]
[   fedstat] 
[   fedstat]   ⚠️  Пропускаю — не удалось получить дату
[   fedstat] 
[   fedstat] 📊 [59449] Индексы физического объема валового регионального проду
[   fedstat]   🌐 Открываю: https://www.fedstat.ru/indicator/59449
[   fedstat]   🔄 Попытка 2/3 после ошибки: Message: javascript error: Cannot read properties of null (reading 'appendChild'
[   fedstat]   🔄 Попытка 3/3 после ошибки: Message: javascript error: Cannot read properties of null (reading 'appendChild'
[   fedstat]   ❌ Ошибка при чтении страницы: Message: javascript error: Cannot read properties of null (reading 'appendChild')
[   fedstat]   (Session info: chrome=149.0.7827.156)
[   fedstat] Stacktrace:
[   fedstat] 	chromedriver!GetHandleVerifier [0x7ff6a8063fa5+14925]
[   fedstat] 	chromedriver!GetHandleVerifier [0x7ff6a8064000+14980]
[   fedstat] 	chromedriver!(No symbol) [0x7ff6a7ba793d]
[   fedstat] 	chromedriver!(No symbol) [0x7ff6a7baf8b1]
[   fedstat] 	chromedriver!(No symbol) [0x7ff6a7bb2c0f]
[   fedstat] 	chromedriver!(No symbol) [0x7ff6a7c50748]
[   fedstat] 	chromedriver!(No symbol) [0x7ff6a7c2a3ca]
[   fedstat] 	chromedriver!(No symbol) [0x7ff6a7c4f39b]
[   fedstat] 	chromedriver!(No symbol) [0x7ff6a7bf401c]
[   fedstat] 	chromedriver!(No symbol) [0x7ff6a7bf4f43]
[   fedstat] 	chromedriver!GetHandleVerifier [0x7ff6a8647591+5f7f11]
[   fedstat] 	chromedriver!GetHandleVerifier [0x7ff6a8641902+5f2282]
[   fedstat] 	chromedriver!GetHandleVerifier [0x7ff6a8667115+617a95]
[   fedstat] 	chromedriver!GetHandleVerifier [0x7ff6a8081dce+3274e]
[   fedstat] 	chromedriver!GetHandleVerifier [0x7ff6a808a82c+3b1ac]
[   fedstat] 	chromedriver!GetHandleVerifier [0x7ff6a806d744+1e0c4]
[   fedstat] 	chromedriver!GetHandleVerifier [0x7ff6a806d8d4+1e254]
[   fedstat] 	chromedriver!GetHandleVerifier [0x7ff6a8051447+1dc7]
[   fedstat] 	KERNEL32!BaseThreadInitThunk [0x7ff923077344+14]
[   fedstat] 	ntdll!RtlUserThreadStart [0x7ff92509cc91+21]
[   fedstat] 
[   fedstat]   ⚠️  Пропускаю — не удалось получить дату
[   fedstat] 
[   fedstat] 📊 [61483] Валовой региональный продукт на душу населения (ОКВЭД 2
[   fedstat]   🌐 Открываю: https://www.fedstat.ru/indicator/61483
[   fedstat]   🔄 Попытка 2/3 после ошибки: Message: javascript error: Cannot read properties of null (reading 'appendChild'
[   fedstat]   🔄 Попытка 3/3 после ошибки: Message: javascript error: Cannot read properties of null (reading 'appendChild'
[   fedstat]   ❌ Ошибка при чтении страницы: Message: javascript error: Cannot read properties of null (reading 'appendChild')
[   fedstat]   (Session info: chrome=149.0.7827.156)
[   fedstat] Stacktrace:
[   fedstat] 	chromedriver!GetHandleVerifier [0x7ff6a8063fa5+14925]
[   fedstat] 	chromedriver!GetHandleVerifier [0x7ff6a8064000+14980]
[   fedstat] 	chromedriver!(No symbol) [0x7ff6a7ba793d]
[   fedstat] 	chromedriver!(No symbol) [0x7ff6a7baf8b1]
[   fedstat] 	chromedriver!(No symbol) [0x7ff6a7bb2c0f]
[   fedstat] 	chromedriver!(No symbol) [0x7ff6a7c50748]
[   fedstat] 	chromedriver!(No symbol) [0x7ff6a7c2a3ca]
[   fedstat] 	chromedriver!(No symbol) [0x7ff6a7c4f39b]
[   fedstat] 	chromedriver!(No symbol) [0x7ff6a7bf401c]
[   fedstat] 	chromedriver!(No symbol) [0x7ff6a7bf4f43]
[   fedstat] 	chromedriver!GetHandleVerifier [0x7ff6a8647591+5f7f11]
[   fedstat] 	chromedriver!GetHandleVerifier [0x7ff6a8641902+5f2282]
[   fedstat] 	chromedriver!GetHandleVerifier [0x7ff6a8667115+617a95]
[   fedstat] 	chromedriver!GetHandleVerifier [0x7ff6a8081dce+3274e]
[   fedstat] 	chromedriver!GetHandleVerifier [0x7ff6a808a82c+3b1ac]
[   fedstat] 	chromedriver!GetHandleVerifier [0x7ff6a806d744+1e0c4]
[   fedstat] 	chromedriver!GetHandleVerifier [0x7ff6a806d8d4+1e254]
[   fedstat] 	chromedriver!GetHandleVerifier [0x7ff6a8051447+1dc7]
[   fedstat] 	KERNEL32!BaseThreadInitThunk [0x7ff923077344+14]
[   fedstat] 	ntdll!RtlUserThreadStart [0x7ff92509cc91+21]
[   fedstat] 
[   fedstat]   ⚠️  Пропускаю — не удалось получить дату
[   fedstat] 
[   fedstat] 📊 [45341] Индекс физического объема валового регионального продук
[   fedstat]   🌐 Открываю: https://www.fedstat.ru/indicator/45341
[   fedstat]   🔄 Попытка 2/3 после ошибки: Message: javascript error: Cannot read properties of null (reading 'appendChild'
[   fedstat]   🔄 Попытка 3/3 после ошибки: Message: javascript error: Cannot read properties of null (reading 'appendChild'
[   fedstat]   ❌ Ошибка при чтении страницы: Message: javascript error: Cannot read properties of null (reading 'appendChild')
[   fedstat]   (Session info: chrome=149.0.7827.156)
[   fedstat] Stacktrace:
[   fedstat] 	chromedriver!GetHandleVerifier [0x7ff6a8063fa5+14925]
[   fedstat] 	chromedriver!GetHandleVerifier [0x7ff6a8064000+14980]
[   fedstat] 	chromedriver!(No symbol) [0x7ff6a7ba793d]
[   fedstat] 	chromedriver!(No symbol) [0x7ff6a7baf8b1]
[   fedstat] 	chromedriver!(No symbol) [0x7ff6a7bb2c0f]
[   fedstat] 	chromedriver!(No symbol) [0x7ff6a7c50748]
[   fedstat] 	chromedriver!(No symbol) [0x7ff6a7c2a3ca]
[   fedstat] 	chromedriver!(No symbol) [0x7ff6a7c4f39b]
[   fedstat] 	chromedriver!(No symbol) [0x7ff6a7bf401c]
[   fedstat] 	chromedriver!(No symbol) [0x7ff6a7bf4f43]
[   fedstat] 	chromedriver!GetHandleVerifier [0x7ff6a8647591+5f7f11]
[   fedstat] 	chromedriver!GetHandleVerifier [0x7ff6a8641902+5f2282]
[   fedstat] 	chromedriver!GetHandleVerifier [0x7ff6a8667115+617a95]
[   fedstat] 	chromedriver!GetHandleVerifier [0x7ff6a8081dce+3274e]
[   fedstat] 	chromedriver!GetHandleVerifier [0x7ff6a808a82c+3b1ac]
[   fedstat] 	chromedriver!GetHandleVerifier [0x7ff6a806d744+1e0c4]
[   fedstat] 	chromedriver!GetHandleVerifier [0x7ff6a806d8d4+1e254]
[   fedstat] 	chromedriver!GetHandleVerifier [0x7ff6a8051447+1dc7]
[   fedstat] 	KERNEL32!BaseThreadInitThunk [0x7ff923077344+14]
[   fedstat] 	ntdll!RtlUserThreadStart [0x7ff92509cc91+21]
[   fedstat] 
[   fedstat]   ⚠️  Пропускаю — не удалось получить дату
[   fedstat] 
[   fedstat] 📊 [59450] Структура валового регионального продукта (ОКВЭД 2) (пр
[   fedstat]   🌐 Открываю: https://www.fedstat.ru/indicator/59450
[   fedstat]   🔄 Попытка 2/3 после ошибки: Message: javascript error: Cannot read properties of null (reading 'appendChild'
[   fedstat]   🔄 Попытка 3/3 после ошибки: Message: javascript error: Cannot read properties of null (reading 'appendChild'
[   fedstat]   ❌ Ошибка при чтении страницы: Message: javascript error: Cannot read properties of null (reading 'appendChild')
[   fedstat]   (Session info: chrome=149.0.7827.156)
[   fedstat] Stacktrace:
[   fedstat] 	chromedriver!GetHandleVerifier [0x7ff6a8063fa5+14925]
[   fedstat] 	chromedriver!GetHandleVerifier [0x7ff6a8064000+14980]
[   fedstat] 	chromedriver!(No symbol) [0x7ff6a7ba793d]
[   fedstat] 	chromedriver!(No symbol) [0x7ff6a7baf8b1]
[   fedstat] 	chromedriver!(No symbol) [0x7ff6a7bb2c0f]
[   fedstat] 	chromedriver!(No symbol) [0x7ff6a7c50748]
[   fedstat] 	chromedriver!(No symbol) [0x7ff6a7c2a3ca]
[   fedstat] 	chromedriver!(No symbol) [0x7ff6a7c4f39b]
[   fedstat] 	chromedriver!(No symbol) [0x7ff6a7bf401c]
[   fedstat] 	chromedriver!(No symbol) [0x7ff6a7bf4f43]
[   fedstat] 	chromedriver!GetHandleVerifier [0x7ff6a8647591+5f7f11]
[   fedstat] 	chromedriver!GetHandleVerifier [0x7ff6a8641902+5f2282]
[   fedstat] 	chromedriver!GetHandleVerifier [0x7ff6a8667115+617a95]
[   fedstat] 	chromedriver!GetHandleVerifier [0x7ff6a8081dce+3274e]
[   fedstat] 	chromedriver!GetHandleVerifier [0x7ff6a808a82c+3b1ac]
[   fedstat] 	chromedriver!GetHandleVerifier [0x7ff6a806d744+1e0c4]
[   fedstat] 	chromedriver!GetHandleVerifier [0x7ff6a806d8d4+1e254]
[   fedstat] 	chromedriver!GetHandleVerifier [0x7ff6a8051447+1dc7]
[   fedstat] 	KERNEL32!BaseThreadInitThunk [0x7ff923077344+14]
[   fedstat] 	ntdll!RtlUserThreadStart [0x7ff92509cc91+21]
[   fedstat] 
[   fedstat]   ⚠️  Пропускаю — не удалось получить дату
[   fedstat] 
[   fedstat] 📊 [55370] Доля продукции высокотехнологичных и наукоемких отрасле
[   fedstat]   🌐 Открываю: https://www.fedstat.ru/indicator/55370
[   fedstat]   🔄 Попытка 2/3 после ошибки: Message: javascript error: Cannot read properties of null (reading 'appendChild'
[   fedstat]   🔄 Попытка 3/3 после ошибки: Message: javascript error: Cannot read properties of null (reading 'appendChild'
[   fedstat]   ❌ Ошибка при чтении страницы: Message: javascript error: Cannot read properties of null (reading 'appendChild')
[   fedstat]   (Session info: chrome=149.0.7827.156)
[   fedstat] Stacktrace:
[   fedstat] 	chromedriver!GetHandleVerifier [0x7ff6a8063fa5+14925]
[   fedstat] 	chromedriver!GetHandleVerifier [0x7ff6a8064000+14980]
[   fedstat] 	chromedriver!(No symbol) [0x7ff6a7ba793d]
[   fedstat] 	chromedriver!(No symbol) [0x7ff6a7baf8b1]
[   fedstat] 	chromedriver!(No symbol) [0x7ff6a7bb2c0f]
[   fedstat] 	chromedriver!(No symbol) [0x7ff6a7c50748]
[   fedstat] 	chromedriver!(No symbol) [0x7ff6a7c2a3ca]
[   fedstat] 	chromedriver!(No symbol) [0x7ff6a7c4f39b]
[   fedstat] 	chromedriver!(No symbol) [0x7ff6a7bf401c]
[   fedstat] 	chromedriver!(No symbol) [0x7ff6a7bf4f43]
[   fedstat] 	chromedriver!GetHandleVerifier [0x7ff6a8647591+5f7f11]
[   fedstat] 	chromedriver!GetHandleVerifier [0x7ff6a8641902+5f2282]
[   fedstat] 	chromedriver!GetHandleVerifier [0x7ff6a8667115+617a95]
[   fedstat] 	chromedriver!GetHandleVerifier [0x7ff6a8081dce+3274e]
[   fedstat] 	chromedriver!GetHandleVerifier [0x7ff6a808a82c+3b1ac]
[   fedstat] 	chromedriver!GetHandleVerifier [0x7ff6a806d744+1e0c4]
[   fedstat] 	chromedriver!GetHandleVerifier [0x7ff6a806d8d4+1e254]
[   fedstat] 	chromedriver!GetHandleVerifier [0x7ff6a8051447+1dc7]
[   fedstat] 	KERNEL32!BaseThreadInitThunk [0x7ff923077344+14]
[   fedstat] 	ntdll!RtlUserThreadStart [0x7ff92509cc91+21]
[   fedstat] 
[   fedstat]   ⚠️  Пропускаю — не удалось получить дату
[   fedstat] 
[   fedstat] 📊 [55373] Индекс производительности труда относительно уровня 201
[   fedstat]   🌐 Открываю: https://www.fedstat.ru/indicator/55373
[   fedstat]   🔄 Попытка 2/3 после ошибки: Message: javascript error: Cannot read properties of null (reading 'appendChild'
[   fedstat]   🔄 Попытка 3/3 после ошибки: Message: javascript error: Cannot read properties of null (reading 'appendChild'
[   fedstat]   ❌ Ошибка при чтении страницы: Message: javascript error: Cannot read properties of null (reading 'appendChild')
[   fedstat]   (Session info: chrome=149.0.7827.156)
[   fedstat] Stacktrace:
[   fedstat] 	chromedriver!GetHandleVerifier [0x7ff6a8063fa5+14925]
[   fedstat] 	chromedriver!GetHandleVerifier [0x7ff6a8064000+14980]
[   fedstat] 	chromedriver!(No symbol) [0x7ff6a7ba793d]
[   fedstat] 	chromedriver!(No symbol) [0x7ff6a7baf8b1]
[   fedstat] 	chromedriver!(No symbol) [0x7ff6a7bb2c0f]
[   fedstat] 	chromedriver!(No symbol) [0x7ff6a7c50748]
[   fedstat] 	chromedriver!(No symbol) [0x7ff6a7c2a3ca]
[   fedstat] 	chromedriver!(No symbol) [0x7ff6a7c4f39b]
[   fedstat] 	chromedriver!(No symbol) [0x7ff6a7bf401c]
[   fedstat] 	chromedriver!(No symbol) [0x7ff6a7bf4f43]
[   fedstat] 	chromedriver!GetHandleVerifier [0x7ff6a8647591+5f7f11]
[   fedstat] 	chromedriver!GetHandleVerifier [0x7ff6a8641902+5f2282]
[   fedstat] 	chromedriver!GetHandleVerifier [0x7ff6a8667115+617a95]
[   fedstat] 	chromedriver!GetHandleVerifier [0x7ff6a8081dce+3274e]
[   fedstat] 	chromedriver!GetHandleVerifier [0x7ff6a808a82c+3b1ac]
[   fedstat] 	chromedriver!GetHandleVerifier [0x7ff6a806d744+1e0c4]
[   fedstat] 	chromedriver!GetHandleVerifier [0x7ff6a806d8d4+1e254]
[   fedstat] 	chromedriver!GetHandleVerifier [0x7ff6a8051447+1dc7]
[   fedstat] 	KERNEL32!BaseThreadInitThunk [0x7ff923077344+14]
[   fedstat] 	ntdll!RtlUserThreadStart [0x7ff92509cc91+21]
[   fedstat] 
[   fedstat]   ⚠️  Пропускаю — не удалось получить дату
[   fedstat] 
[   fedstat] 📊 [31557] Численность постоянного населения на 1 января (Раздел 1
[   fedstat]   🌐 Открываю: https://www.fedstat.ru/indicator/31557
[   fedstat]   ⏳ Не загрузилось за 30с (всего 30с), повторяю...
[   fedstat]   ⏳ Не загрузилось за 30с (всего 60с), повторяю...
[   fedstat]   ⏳ Не загрузилось за 30с (всего 90с), повторяю...
[   fedstat]   ⏳ Не загрузилось за 30с (всего 120с), повторяю...
[   fedstat]   ⏳ Не загрузилось за 30с (всего 150с), повторяю...
[   fedstat]   ⏳ Не загрузилось за 30с (всего 180с), повторяю...
[   fedstat]   ⏳ Не загрузилось за 30с (всего 210с), повторяю...
[   fedstat]   🔄 Попытка 2/3 после ошибки: Message: javascript error: Cannot read properties of null (reading 'appendChild'
[   fedstat]   🔄 Попытка 3/3 после ошибки: Message: javascript error: Cannot read properties of null (reading 'appendChild'
[   fedstat]   ❌ Ошибка при чтении страницы: Message: javascript error: Cannot read properties of null (reading 'appendChild')
[   fedstat]   (Session info: chrome=149.0.7827.156)
[   fedstat] Stacktrace:
[   fedstat] 	chromedriver!GetHandleVerifier [0x7ff6a8063fa5+14925]
[   fedstat] 	chromedriver!GetHandleVerifier [0x7ff6a8064000+14980]
[   fedstat] 	chromedriver!(No symbol) [0x7ff6a7ba793d]
[   fedstat] 	chromedriver!(No symbol) [0x7ff6a7baf8b1]
[   fedstat] 	chromedriver!(No symbol) [0x7ff6a7bb2c0f]
[   fedstat] 	chromedriver!(No symbol) [0x7ff6a7c50748]
[   fedstat] 	chromedriver!(No symbol) [0x7ff6a7c2a3ca]
[   fedstat] 	chromedriver!(No symbol) [0x7ff6a7c4f39b]
[   fedstat] 	chromedriver!(No symbol) [0x7ff6a7bf401c]
[   fedstat] 	chromedriver!(No symbol) [0x7ff6a7bf4f43]
[   fedstat] 	chromedriver!GetHandleVerifier [0x7ff6a8647591+5f7f11]
[   fedstat] 	chromedriver!GetHandleVerifier [0x7ff6a8641902+5f2282]
[   fedstat] 	chromedriver!GetHandleVerifier [0x7ff6a8667115+617a95]
[   fedstat] 	chromedriver!GetHandleVerifier [0x7ff6a8081dce+3274e]
[   fedstat] 	chromedriver!GetHandleVerifier [0x7ff6a808a82c+3b1ac]
[   fedstat] 	chromedriver!GetHandleVerifier [0x7ff6a806d744+1e0c4]
[   fedstat] 	chromedriver!GetHandleVerifier [0x7ff6a806d8d4+1e254]
[   fedstat] 	chromedriver!GetHandleVerifier [0x7ff6a8051447+1dc7]
[   fedstat] 	KERNEL32!BaseThreadInitThunk [0x7ff923077344+14]
[   fedstat] 	ntdll!RtlUserThreadStart [0x7ff92509cc91+21]
[   fedstat] 
[   fedstat]   ⚠️  Пропускаю — не удалось получить дату
[   fedstat] 
[   fedstat] 📊 [31556] Численность постоянного населения в среднем за год (чел
[   fedstat]   🌐 Открываю: https://www.fedstat.ru/indicator/31556
[   fedstat]   🔄 Попытка 2/3 после ошибки: Message: javascript error: Cannot read properties of null (reading 'appendChild'
[   fedstat]   🔄 Попытка 3/3 после ошибки: Message: javascript error: Cannot read properties of null (reading 'appendChild'
[   fedstat]   ❌ Ошибка при чтении страницы: Message: javascript error: Cannot read properties of null (reading 'appendChild')
[   fedstat]   (Session info: chrome=149.0.7827.156)
[   fedstat] Stacktrace:
[   fedstat] 	chromedriver!GetHandleVerifier [0x7ff6a8063fa5+14925]
[   fedstat] 	chromedriver!GetHandleVerifier [0x7ff6a8064000+14980]
[   fedstat] 	chromedriver!(No symbol) [0x7ff6a7ba793d]
[   fedstat] 	chromedriver!(No symbol) [0x7ff6a7baf8b1]
[   fedstat] 	chromedriver!(No symbol) [0x7ff6a7bb2c0f]
[   fedstat] 	chromedriver!(No symbol) [0x7ff6a7c50748]
[   fedstat] 	chromedriver!(No symbol) [0x7ff6a7c2a3ca]
[   fedstat] 	chromedriver!(No symbol) [0x7ff6a7c4f39b]
[   fedstat] 	chromedriver!(No symbol) [0x7ff6a7bf401c]
[   fedstat] 	chromedriver!(No symbol) [0x7ff6a7bf4f43]
[   fedstat] 	chromedriver!GetHandleVerifier [0x7ff6a8647591+5f7f11]
[   fedstat] 	chromedriver!GetHandleVerifier [0x7ff6a8641902+5f2282]
[   fedstat] 	chromedriver!GetHandleVerifier [0x7ff6a8667115+617a95]
[   fedstat] 	chromedriver!GetHandleVerifier [0x7ff6a8081dce+3274e]
[   fedstat] 	chromedriver!GetHandleVerifier [0x7ff6a808a82c+3b1ac]
[   fedstat] 	chromedriver!GetHandleVerifier [0x7ff6a806d744+1e0c4]
[   fedstat] 	chromedriver!GetHandleVerifier [0x7ff6a806d8d4+1e254]
[   fedstat] 	chromedriver!GetHandleVerifier [0x7ff6a8051447+1dc7]
[   fedstat] 	KERNEL32!BaseThreadInitThunk [0x7ff923077344+14]
[   fedstat] 	ntdll!RtlUserThreadStart [0x7ff92509cc91+21]
[   fedstat] 
[   fedstat]   ⚠️  Пропускаю — не удалось получить дату
[   fedstat] 
[   fedstat] 📊 [36730] Среднегодовая численность трудовых ресурсов (значение п
[   fedstat]   🌐 Открываю: https://www.fedstat.ru/indicator/36730
[   fedstat]   🔄 Попытка 2/3 после ошибки: Message: javascript error: Cannot read properties of null (reading 'appendChild'
[   fedstat]   🔄 Попытка 3/3 после ошибки: Message: javascript error: Cannot read properties of null (reading 'appendChild'
[   fedstat]   ❌ Ошибка при чтении страницы: Message: javascript error: Cannot read properties of null (reading 'appendChild')
[   fedstat]   (Session info: chrome=149.0.7827.156)
[   fedstat] Stacktrace:
[   fedstat] 	chromedriver!GetHandleVerifier [0x7ff6a8063fa5+14925]
[   fedstat] 	chromedriver!GetHandleVerifier [0x7ff6a8064000+14980]
[   fedstat] 	chromedriver!(No symbol) [0x7ff6a7ba793d]
[   fedstat] 	chromedriver!(No symbol) [0x7ff6a7baf8b1]
[   fedstat] 	chromedriver!(No symbol) [0x7ff6a7bb2c0f]
[   fedstat] 	chromedriver!(No symbol) [0x7ff6a7c50748]
[   fedstat] 	chromedriver!(No symbol) [0x7ff6a7c2a3ca]
[   fedstat] 	chromedriver!(No symbol) [0x7ff6a7c4f39b]
[   fedstat] 	chromedriver!(No symbol) [0x7ff6a7bf401c]
[   fedstat] 	chromedriver!(No symbol) [0x7ff6a7bf4f43]
[   fedstat] 	chromedriver!GetHandleVerifier [0x7ff6a8647591+5f7f11]
[   fedstat] 	chromedriver!GetHandleVerifier [0x7ff6a8641902+5f2282]
[   fedstat] 	chromedriver!GetHandleVerifier [0x7ff6a8667115+617a95]
[   fedstat] 	chromedriver!GetHandleVerifier [0x7ff6a8081dce+3274e]
[   fedstat] 	chromedriver!GetHandleVerifier [0x7ff6a808a82c+3b1ac]
[   fedstat] 	chromedriver!GetHandleVerifier [0x7ff6a806d744+1e0c4]
[   fedstat] 	chromedriver!GetHandleVerifier [0x7ff6a806d8d4+1e254]
[   fedstat] 	chromedriver!GetHandleVerifier [0x7ff6a8051447+1dc7]
[   fedstat] 	KERNEL32!BaseThreadInitThunk [0x7ff923077344+14]
[   fedstat] 	ntdll!RtlUserThreadStart [0x7ff92509cc91+21]
[   fedstat] 
[   fedstat]   ⚠️  Пропускаю — не удалось получить дату
[   fedstat] 
[   fedstat] 📊 [58994] Среднегодовая численность занятых в экономике (расчеты
[   fedstat]   🌐 Открываю: https://www.fedstat.ru/indicator/58994
[   fedstat]   🔄 Попытка 2/3 после ошибки: Message: javascript error: Cannot read properties of null (reading 'appendChild'
[   fedstat]   🔄 Попытка 3/3 после ошибки: Message: javascript error: Cannot read properties of null (reading 'appendChild'
[   fedstat]   ❌ Ошибка при чтении страницы: Message: javascript error: Cannot read properties of null (reading 'appendChild')
[   fedstat]   (Session info: chrome=149.0.7827.156)
[   fedstat] Stacktrace:
[   fedstat] 	chromedriver!GetHandleVerifier [0x7ff6a8063fa5+14925]
[   fedstat] 	chromedriver!GetHandleVerifier [0x7ff6a8064000+14980]
[   fedstat] 	chromedriver!(No symbol) [0x7ff6a7ba793d]
[   fedstat] 	chromedriver!(No symbol) [0x7ff6a7baf8b1]
[   fedstat] 	chromedriver!(No symbol) [0x7ff6a7bb2c0f]
[   fedstat] 	chromedriver!(No symbol) [0x7ff6a7c50748]
[   fedstat] 	chromedriver!(No symbol) [0x7ff6a7c2a3ca]
[   fedstat] 	chromedriver!(No symbol) [0x7ff6a7c4f39b]
[   fedstat] 	chromedriver!(No symbol) [0x7ff6a7bf401c]
[   fedstat] 	chromedriver!(No symbol) [0x7ff6a7bf4f43]
[   fedstat] 	chromedriver!GetHandleVerifier [0x7ff6a8647591+5f7f11]
[   fedstat] 	chromedriver!GetHandleVerifier [0x7ff6a8641902+5f2282]
[   fedstat] 	chromedriver!GetHandleVerifier [0x7ff6a8667115+617a95]
[   fedstat] 	chromedriver!GetHandleVerifier [0x7ff6a8081dce+3274e]
[   fedstat] 	chromedriver!GetHandleVerifier [0x7ff6a808a82c+3b1ac]
[   fedstat] 	chromedriver!GetHandleVerifier [0x7ff6a806d744+1e0c4]
[   fedstat] 	chromedriver!GetHandleVerifier [0x7ff6a806d8d4+1e254]
[   fedstat] 	chromedriver!GetHandleVerifier [0x7ff6a8051447+1dc7]
[   fedstat] 	KERNEL32!BaseThreadInitThunk [0x7ff923077344+14]
[   fedstat] 	ntdll!RtlUserThreadStart [0x7ff92509cc91+21]
[   fedstat] 
[   fedstat]   ⚠️  Пропускаю — не удалось получить дату
[   fedstat] 
[   fedstat] 📊 [43211] Среднегодовая численность занятых в экономике (расчеты
[   fedstat]   🌐 Открываю: https://www.fedstat.ru/indicator/43211
[   fedstat]   🔄 Попытка 2/3 после ошибки: Message: javascript error: Cannot read properties of null (reading 'appendChild'
[   fedstat]   🔄 Попытка 3/3 после ошибки: Message: javascript error: Cannot read properties of null (reading 'appendChild'
[   fedstat]   ❌ Ошибка при чтении страницы: Message: javascript error: Cannot read properties of null (reading 'appendChild')
[   fedstat]   (Session info: chrome=149.0.7827.156)
[   fedstat] Stacktrace:
[   fedstat] 	chromedriver!GetHandleVerifier [0x7ff6a8063fa5+14925]
[   fedstat] 	chromedriver!GetHandleVerifier [0x7ff6a8064000+14980]
[   fedstat] 	chromedriver!(No symbol) [0x7ff6a7ba793d]
[   fedstat] 	chromedriver!(No symbol) [0x7ff6a7baf8b1]
[   fedstat] 	chromedriver!(No symbol) [0x7ff6a7bb2c0f]
[   fedstat] 	chromedriver!(No symbol) [0x7ff6a7c50748]
[   fedstat] 	chromedriver!(No symbol) [0x7ff6a7c2a3ca]
[   fedstat] 	chromedriver!(No symbol) [0x7ff6a7c4f39b]
[   fedstat] 	chromedriver!(No symbol) [0x7ff6a7bf401c]
[   fedstat] 	chromedriver!(No symbol) [0x7ff6a7bf4f43]
[   fedstat] 	chromedriver!GetHandleVerifier [0x7ff6a8647591+5f7f11]
[   fedstat] 	chromedriver!GetHandleVerifier [0x7ff6a8641902+5f2282]
[   fedstat] 	chromedriver!GetHandleVerifier [0x7ff6a8667115+617a95]
[   fedstat] 	chromedriver!GetHandleVerifier [0x7ff6a8081dce+3274e]
[   fedstat] 	chromedriver!GetHandleVerifier [0x7ff6a808a82c+3b1ac]
[   fedstat] 	chromedriver!GetHandleVerifier [0x7ff6a806d744+1e0c4]
[   fedstat] 	chromedriver!GetHandleVerifier [0x7ff6a806d8d4+1e254]
[   fedstat] 	chromedriver!GetHandleVerifier [0x7ff6a8051447+1dc7]
[   fedstat] 	KERNEL32!BaseThreadInitThunk [0x7ff923077344+14]
[   fedstat] 	ntdll!RtlUserThreadStart [0x7ff92509cc91+21]
[   fedstat] 
[   fedstat]   ⚠️  Пропускаю — не удалось получить дату
[   fedstat] 
[   fedstat] 📊 [57824] Среднемесячная номинальная начисленная заработная плата
[   fedstat]   🌐 Открываю: https://www.fedstat.ru/indicator/57824
[   fedstat]   🔄 Попытка 2/3 после ошибки: Message: javascript error: Cannot read properties of null (reading 'appendChild'
[   fedstat]   🔄 Попытка 3/3 после ошибки: Message: javascript error: Cannot read properties of null (reading 'appendChild'
[   fedstat]   ❌ Ошибка при чтении страницы: Message: javascript error: Cannot read properties of null (reading 'appendChild')
[   fedstat]   (Session info: chrome=149.0.7827.156)
[   fedstat] Stacktrace:
[   fedstat] 	chromedriver!GetHandleVerifier [0x7ff6a8063fa5+14925]
[   fedstat] 	chromedriver!GetHandleVerifier [0x7ff6a8064000+14980]
[   fedstat] 	chromedriver!(No symbol) [0x7ff6a7ba793d]
[   fedstat] 	chromedriver!(No symbol) [0x7ff6a7baf8b1]
[   fedstat] 	chromedriver!(No symbol) [0x7ff6a7bb2c0f]
[   fedstat] 	chromedriver!(No symbol) [0x7ff6a7c50748]
[   fedstat] 	chromedriver!(No symbol) [0x7ff6a7c2a3ca]
[   fedstat] 	chromedriver!(No symbol) [0x7ff6a7c4f39b]
[   fedstat] 	chromedriver!(No symbol) [0x7ff6a7bf401c]
[   fedstat] 	chromedriver!(No symbol) [0x7ff6a7bf4f43]
[   fedstat] 	chromedriver!GetHandleVerifier [0x7ff6a8647591+5f7f11]
[   fedstat] 	chromedriver!GetHandleVerifier [0x7ff6a8641902+5f2282]
[   fedstat] 	chromedriver!GetHandleVerifier [0x7ff6a8667115+617a95]
[   fedstat] 	chromedriver!GetHandleVerifier [0x7ff6a8081dce+3274e]
[   fedstat] 	chromedriver!GetHandleVerifier [0x7ff6a808a82c+3b1ac]
[   fedstat] 	chromedriver!GetHandleVerifier [0x7ff6a806d744+1e0c4]
[   fedstat] 	chromedriver!GetHandleVerifier [0x7ff6a806d8d4+1e254]
[   fedstat] 	chromedriver!GetHandleVerifier [0x7ff6a8051447+1dc7]
[   fedstat] 	KERNEL32!BaseThreadInitThunk [0x7ff923077344+14]
[   fedstat] 	ntdll!RtlUserThreadStart [0x7ff92509cc91+21]
[   fedstat] 
[   fedstat]   ⚠️  Пропускаю — не удалось получить дату
[   fedstat] 
[   fedstat] 📊 [43246] Среднемесячная номинальная начисленная заработная плата
[   fedstat]   🌐 Открываю: https://www.fedstat.ru/indicator/43246
[   fedstat]   🔄 Попытка 2/3 после ошибки: Message: javascript error: Cannot read properties of null (reading 'appendChild'
[   fedstat]   🔄 Попытка 3/3 после ошибки: Message: javascript error: Cannot read properties of null (reading 'appendChild'
[   fedstat]   ❌ Ошибка при чтении страницы: Message: javascript error: Cannot read properties of null (reading 'appendChild')
[   fedstat]   (Session info: chrome=149.0.7827.156)
[   fedstat] Stacktrace:
[   fedstat] 	chromedriver!GetHandleVerifier [0x7ff6a8063fa5+14925]
[   fedstat] 	chromedriver!GetHandleVerifier [0x7ff6a8064000+14980]
[   fedstat] 	chromedriver!(No symbol) [0x7ff6a7ba793d]
[   fedstat] 	chromedriver!(No symbol) [0x7ff6a7baf8b1]
[   fedstat] 	chromedriver!(No symbol) [0x7ff6a7bb2c0f]
[   fedstat] 	chromedriver!(No symbol) [0x7ff6a7c50748]
[   fedstat] 	chromedriver!(No symbol) [0x7ff6a7c2a3ca]
[   fedstat] 	chromedriver!(No symbol) [0x7ff6a7c4f39b]
[   fedstat] 	chromedriver!(No symbol) [0x7ff6a7bf401c]
[   fedstat] 	chromedriver!(No symbol) [0x7ff6a7bf4f43]
[   fedstat] 	chromedriver!GetHandleVerifier [0x7ff6a8647591+5f7f11]
[   fedstat] 	chromedriver!GetHandleVerifier [0x7ff6a8641902+5f2282]
[   fedstat] 	chromedriver!GetHandleVerifier [0x7ff6a8667115+617a95]
[   fedstat] 	chromedriver!GetHandleVerifier [0x7ff6a8081dce+3274e]
[   fedstat] 	chromedriver!GetHandleVerifier [0x7ff6a808a82c+3b1ac]
[   fedstat] 	chromedriver!GetHandleVerifier [0x7ff6a806d744+1e0c4]
[   fedstat] 	chromedriver!GetHandleVerifier [0x7ff6a806d8d4+1e254]
[   fedstat] 	chromedriver!GetHandleVerifier [0x7ff6a8051447+1dc7]
[   fedstat] 	KERNEL32!BaseThreadInitThunk [0x7ff923077344+14]
[   fedstat] 	ntdll!RtlUserThreadStart [0x7ff92509cc91+21]
[   fedstat] 
[   fedstat]   ⚠️  Пропускаю — не удалось получить дату
[   fedstat] 
[   fedstat] 📊 [34475] Инвестиции в основной капитал по полному кругу организа
[   fedstat]   🌐 Открываю: https://www.fedstat.ru/indicator/34475
[   fedstat]   🔄 Попытка 2/3 после ошибки: Message: javascript error: Cannot read properties of null (reading 'appendChild'
[   fedstat]   🔄 Попытка 3/3 после ошибки: Message: javascript error: Cannot read properties of null (reading 'appendChild'
[   fedstat]   ❌ Ошибка при чтении страницы: Message: javascript error: Cannot read properties of null (reading 'appendChild')
[   fedstat]   (Session info: chrome=149.0.7827.156)
[   fedstat] Stacktrace:
[   fedstat] 	chromedriver!GetHandleVerifier [0x7ff6a8063fa5+14925]
[   fedstat] 	chromedriver!GetHandleVerifier [0x7ff6a8064000+14980]
[   fedstat] 	chromedriver!(No symbol) [0x7ff6a7ba793d]
[   fedstat] 	chromedriver!(No symbol) [0x7ff6a7baf8b1]
[   fedstat] 	chromedriver!(No symbol) [0x7ff6a7bb2c0f]
[   fedstat] 	chromedriver!(No symbol) [0x7ff6a7c50748]
[   fedstat] 	chromedriver!(No symbol) [0x7ff6a7c2a3ca]
[   fedstat] 	chromedriver!(No symbol) [0x7ff6a7c4f39b]
[   fedstat] 	chromedriver!(No symbol) [0x7ff6a7bf401c]
[   fedstat] 	chromedriver!(No symbol) [0x7ff6a7bf4f43]
[   fedstat] 	chromedriver!GetHandleVerifier [0x7ff6a8647591+5f7f11]
[   fedstat] 	chromedriver!GetHandleVerifier [0x7ff6a8641902+5f2282]
[   fedstat] 	chromedriver!GetHandleVerifier [0x7ff6a8667115+617a95]
[   fedstat] 	chromedriver!GetHandleVerifier [0x7ff6a8081dce+3274e]
[   fedstat] 	chromedriver!GetHandleVerifier [0x7ff6a808a82c+3b1ac]
[   fedstat] 	chromedriver!GetHandleVerifier [0x7ff6a806d744+1e0c4]
[   fedstat] 	chromedriver!GetHandleVerifier [0x7ff6a806d8d4+1e254]
[   fedstat] 	chromedriver!GetHandleVerifier [0x7ff6a8051447+1dc7]
[   fedstat] 	KERNEL32!BaseThreadInitThunk [0x7ff923077344+14]
[   fedstat] 	ntdll!RtlUserThreadStart [0x7ff92509cc91+21]
[   fedstat] 
[   fedstat]   ⚠️  Пропускаю — не удалось получить дату
[   fedstat] 
[   fedstat] 📊 [59047] Инвестиции в основной капитал по полному кругу хозяйств
[   fedstat]   🌐 Открываю: https://www.fedstat.ru/indicator/59047
[   fedstat]   🔄 Попытка 2/3 после ошибки: Message: javascript error: Cannot read properties of null (reading 'appendChild'
[   fedstat]   🔄 Попытка 3/3 после ошибки: Message: javascript error: Cannot read properties of null (reading 'appendChild'
[   fedstat]   ❌ Ошибка при чтении страницы: Message: javascript error: Cannot read properties of null (reading 'appendChild')
[   fedstat]   (Session info: chrome=149.0.7827.156)
[   fedstat] Stacktrace:
[   fedstat] 	chromedriver!GetHandleVerifier [0x7ff6a8063fa5+14925]
[   fedstat] 	chromedriver!GetHandleVerifier [0x7ff6a8064000+14980]
[   fedstat] 	chromedriver!(No symbol) [0x7ff6a7ba793d]
[   fedstat] 	chromedriver!(No symbol) [0x7ff6a7baf8b1]
[   fedstat] 	chromedriver!(No symbol) [0x7ff6a7bb2c0f]
[   fedstat] 	chromedriver!(No symbol) [0x7ff6a7c50748]
[   fedstat] 	chromedriver!(No symbol) [0x7ff6a7c2a3ca]
[   fedstat] 	chromedriver!(No symbol) [0x7ff6a7c4f39b]
[   fedstat] 	chromedriver!(No symbol) [0x7ff6a7bf401c]
[   fedstat] 	chromedriver!(No symbol) [0x7ff6a7bf4f43]
[   fedstat] 	chromedriver!GetHandleVerifier [0x7ff6a8647591+5f7f11]
[   fedstat] 	chromedriver!GetHandleVerifier [0x7ff6a8641902+5f2282]
[   fedstat] 	chromedriver!GetHandleVerifier [0x7ff6a8667115+617a95]
[   fedstat] 	chromedriver!GetHandleVerifier [0x7ff6a8081dce+3274e]
[   fedstat] 	chromedriver!GetHandleVerifier [0x7ff6a808a82c+3b1ac]
[   fedstat] 	chromedriver!GetHandleVerifier [0x7ff6a806d744+1e0c4]
[   fedstat] 	chromedriver!GetHandleVerifier [0x7ff6a806d8d4+1e254]
[   fedstat] 	chromedriver!GetHandleVerifier [0x7ff6a8051447+1dc7]
[   fedstat] 	KERNEL32!BaseThreadInitThunk [0x7ff923077344+14]
[   fedstat] 	ntdll!RtlUserThreadStart [0x7ff92509cc91+21]
[   fedstat] 
[   fedstat]   ⚠️  Пропускаю — не удалось получить дату
[   fedstat] 
[   fedstat] 📊 [36078] Индекс физического объема инвестиций в основной капитал
[   fedstat]   🌐 Открываю: https://www.fedstat.ru/indicator/36078
[   fedstat]   🔄 Попытка 2/3 после ошибки: Message: javascript error: Cannot read properties of null (reading 'appendChild'
[   fedstat]   🔄 Попытка 3/3 после ошибки: Message: javascript error: Cannot read properties of null (reading 'appendChild'
[   fedstat]   ❌ Ошибка при чтении страницы: Message: javascript error: Cannot read properties of null (reading 'appendChild')
[   fedstat]   (Session info: chrome=149.0.7827.156)
[   fedstat] Stacktrace:
[   fedstat] 	chromedriver!GetHandleVerifier [0x7ff6a8063fa5+14925]
[   fedstat] 	chromedriver!GetHandleVerifier [0x7ff6a8064000+14980]
[   fedstat] 	chromedriver!(No symbol) [0x7ff6a7ba793d]
[   fedstat] 	chromedriver!(No symbol) [0x7ff6a7baf8b1]
[   fedstat] 	chromedriver!(No symbol) [0x7ff6a7bb2c0f]
[   fedstat] 	chromedriver!(No symbol) [0x7ff6a7c50748]
[   fedstat] 	chromedriver!(No symbol) [0x7ff6a7c2a3ca]
[   fedstat] 	chromedriver!(No symbol) [0x7ff6a7c4f39b]
[   fedstat] 	chromedriver!(No symbol) [0x7ff6a7bf401c]
[   fedstat] 	chromedriver!(No symbol) [0x7ff6a7bf4f43]
[   fedstat] 	chromedriver!GetHandleVerifier [0x7ff6a8647591+5f7f11]
[   fedstat] 	chromedriver!GetHandleVerifier [0x7ff6a8641902+5f2282]
[   fedstat] 	chromedriver!GetHandleVerifier [0x7ff6a8667115+617a95]
[   fedstat] 	chromedriver!GetHandleVerifier [0x7ff6a8081dce+3274e]
[   fedstat] 	chromedriver!GetHandleVerifier [0x7ff6a808a82c+3b1ac]
[   fedstat] 	chromedriver!GetHandleVerifier [0x7ff6a806d744+1e0c4]
[   fedstat] 	chromedriver!GetHandleVerifier [0x7ff6a806d8d4+1e254]
[   fedstat] 	chromedriver!GetHandleVerifier [0x7ff6a8051447+1dc7]
[   fedstat] 	KERNEL32!BaseThreadInitThunk [0x7ff923077344+14]
[   fedstat] 	ntdll!RtlUserThreadStart [0x7ff92509cc91+21]
[   fedstat] 
[   fedstat]   ⚠️  Пропускаю — не удалось получить дату
[   fedstat] 
[   fedstat] 📊 [34129] Индекс физического объема инвестиций в основной капитал
[   fedstat]   🌐 Открываю: https://www.fedstat.ru/indicator/34129
[   fedstat]   🔄 Попытка 2/3 после ошибки: Message: javascript error: Cannot read properties of null (reading 'appendChild'
[   fedstat]   🔄 Попытка 3/3 после ошибки: Message: javascript error: Cannot read properties of null (reading 'appendChild'
[   fedstat]   ❌ Ошибка при чтении страницы: Message: javascript error: Cannot read properties of null (reading 'appendChild')
[   fedstat]   (Session info: chrome=149.0.7827.156)
[   fedstat] Stacktrace:
[   fedstat] 	chromedriver!GetHandleVerifier [0x7ff6a8063fa5+14925]
[   fedstat] 	chromedriver!GetHandleVerifier [0x7ff6a8064000+14980]
[   fedstat] 	chromedriver!(No symbol) [0x7ff6a7ba793d]
[   fedstat] 	chromedriver!(No symbol) [0x7ff6a7baf8b1]
[   fedstat] 	chromedriver!(No symbol) [0x7ff6a7bb2c0f]
[   fedstat] 	chromedriver!(No symbol) [0x7ff6a7c50748]
[   fedstat] 	chromedriver!(No symbol) [0x7ff6a7c2a3ca]
[   fedstat] 	chromedriver!(No symbol) [0x7ff6a7c4f39b]
[   fedstat] 	chromedriver!(No symbol) [0x7ff6a7bf401c]
[   fedstat] 	chromedriver!(No symbol) [0x7ff6a7bf4f43]
[   fedstat] 	chromedriver!GetHandleVerifier [0x7ff6a8647591+5f7f11]
[   fedstat] 	chromedriver!GetHandleVerifier [0x7ff6a8641902+5f2282]
[   fedstat] 	chromedriver!GetHandleVerifier [0x7ff6a8667115+617a95]
[   fedstat] 	chromedriver!GetHandleVerifier [0x7ff6a8081dce+3274e]
[   fedstat] 	chromedriver!GetHandleVerifier [0x7ff6a808a82c+3b1ac]
[   fedstat] 	chromedriver!GetHandleVerifier [0x7ff6a806d744+1e0c4]
[   fedstat] 	chromedriver!GetHandleVerifier [0x7ff6a806d8d4+1e254]
[   fedstat] 	chromedriver!GetHandleVerifier [0x7ff6a8051447+1dc7]
[   fedstat] 	KERNEL32!BaseThreadInitThunk [0x7ff923077344+14]
[   fedstat] 	ntdll!RtlUserThreadStart [0x7ff92509cc91+21]
[   fedstat] 
[   fedstat]   ⚠️  Пропускаю — не удалось получить дату
[   fedstat] 
[   fedstat] 📊 [58089] Индекс физического объема инвестиций в основной капитал
[   fedstat]   🌐 Открываю: https://www.fedstat.ru/indicator/58089
[   fedstat]   🔄 Попытка 2/3 после ошибки: Message: javascript error: Cannot read properties of null (reading 'appendChild'
[   fedstat]   🔄 Попытка 3/3 после ошибки: Message: javascript error: Cannot read properties of null (reading 'appendChild'
[   fedstat]   ❌ Ошибка при чтении страницы: Message: javascript error: Cannot read properties of null (reading 'appendChild')
[   fedstat]   (Session info: chrome=149.0.7827.156)
[   fedstat] Stacktrace:
[   fedstat] 	chromedriver!GetHandleVerifier [0x7ff6a8063fa5+14925]
[   fedstat] 	chromedriver!GetHandleVerifier [0x7ff6a8064000+14980]
[   fedstat] 	chromedriver!(No symbol) [0x7ff6a7ba793d]
[   fedstat] 	chromedriver!(No symbol) [0x7ff6a7baf8b1]
[   fedstat] 	chromedriver!(No symbol) [0x7ff6a7bb2c0f]
[   fedstat] 	chromedriver!(No symbol) [0x7ff6a7c50748]
[   fedstat] 	chromedriver!(No symbol) [0x7ff6a7c2a3ca]
[   fedstat] 	chromedriver!(No symbol) [0x7ff6a7c4f39b]
[   fedstat] 	chromedriver!(No symbol) [0x7ff6a7bf401c]
[   fedstat] 	chromedriver!(No symbol) [0x7ff6a7bf4f43]
[   fedstat] 	chromedriver!GetHandleVerifier [0x7ff6a8647591+5f7f11]
[   fedstat] 	chromedriver!GetHandleVerifier [0x7ff6a8641902+5f2282]
[   fedstat] 	chromedriver!GetHandleVerifier [0x7ff6a8667115+617a95]
[   fedstat] 	chromedriver!GetHandleVerifier [0x7ff6a8081dce+3274e]
[   fedstat] 	chromedriver!GetHandleVerifier [0x7ff6a808a82c+3b1ac]
[   fedstat] 	chromedriver!GetHandleVerifier [0x7ff6a806d744+1e0c4]
[   fedstat] 	chromedriver!GetHandleVerifier [0x7ff6a806d8d4+1e254]
[   fedstat] 	chromedriver!GetHandleVerifier [0x7ff6a8051447+1dc7]
[   fedstat] 	KERNEL32!BaseThreadInitThunk [0x7ff923077344+14]
[   fedstat] 	ntdll!RtlUserThreadStart [0x7ff92509cc91+21]
[   fedstat] 
[   fedstat]   ⚠️  Пропускаю — не удалось получить дату
[   fedstat] 
[   fedstat] 📊 [34118] Введено в действие общей площади жилых домов (оперативн
[   fedstat]   🌐 Открываю: https://www.fedstat.ru/indicator/34118
[   fedstat]   🔄 Попытка 2/3 после ошибки: Message: javascript error: Cannot read properties of null (reading 'appendChild'
[   fedstat]   🔄 Попытка 3/3 после ошибки: Message: javascript error: Cannot read properties of null (reading 'appendChild'
[   fedstat]   ❌ Ошибка при чтении страницы: Message: javascript error: Cannot read properties of null (reading 'appendChild')
[   fedstat]   (Session info: chrome=149.0.7827.156)
[   fedstat] Stacktrace:
[   fedstat] 	chromedriver!GetHandleVerifier [0x7ff6a8063fa5+14925]
[   fedstat] 	chromedriver!GetHandleVerifier [0x7ff6a8064000+14980]
[   fedstat] 	chromedriver!(No symbol) [0x7ff6a7ba793d]
[   fedstat] 	chromedriver!(No symbol) [0x7ff6a7baf8b1]
[   fedstat] 	chromedriver!(No symbol) [0x7ff6a7bb2c0f]
[   fedstat] 	chromedriver!(No symbol) [0x7ff6a7c50748]
[   fedstat] 	chromedriver!(No symbol) [0x7ff6a7c2a3ca]
[   fedstat] 	chromedriver!(No symbol) [0x7ff6a7c4f39b]
[   fedstat] 	chromedriver!(No symbol) [0x7ff6a7bf401c]
[   fedstat] 	chromedriver!(No symbol) [0x7ff6a7bf4f43]
[   fedstat] 	chromedriver!GetHandleVerifier [0x7ff6a8647591+5f7f11]
[   fedstat] 	chromedriver!GetHandleVerifier [0x7ff6a8641902+5f2282]
[   fedstat] 	chromedriver!GetHandleVerifier [0x7ff6a8667115+617a95]
[   fedstat] 	chromedriver!GetHandleVerifier [0x7ff6a8081dce+3274e]
[   fedstat] 	chromedriver!GetHandleVerifier [0x7ff6a808a82c+3b1ac]
[   fedstat] 	chromedriver!GetHandleVerifier [0x7ff6a806d744+1e0c4]
[   fedstat] 	chromedriver!GetHandleVerifier [0x7ff6a806d8d4+1e254]
[   fedstat] 	chromedriver!GetHandleVerifier [0x7ff6a8051447+1dc7]
[   fedstat] 	KERNEL32!BaseThreadInitThunk [0x7ff923077344+14]
[   fedstat] 	ntdll!RtlUserThreadStart [0x7ff92509cc91+21]
[   fedstat] 
[   fedstat]   ⚠️  Пропускаю — не удалось получить дату
[   fedstat] 
[   fedstat] 📊 [33575] Введено в действие общей площади жилых домов, построенн
[   fedstat]   🌐 Открываю: https://www.fedstat.ru/indicator/33575
[   fedstat]   🔄 Попытка 2/3 после ошибки: Message: javascript error: Cannot read properties of null (reading 'appendChild'
[   fedstat]   🔄 Попытка 3/3 после ошибки: Message: javascript error: Cannot read properties of null (reading 'appendChild'
[   fedstat]   ❌ Ошибка при чтении страницы: Message: javascript error: Cannot read properties of null (reading 'appendChild')
[   fedstat]   (Session info: chrome=149.0.7827.156)
[   fedstat] Stacktrace:
[   fedstat] 	chromedriver!GetHandleVerifier [0x7ff6a8063fa5+14925]
[   fedstat] 	chromedriver!GetHandleVerifier [0x7ff6a8064000+14980]
[   fedstat] 	chromedriver!(No symbol) [0x7ff6a7ba793d]
[   fedstat] 	chromedriver!(No symbol) [0x7ff6a7baf8b1]
[   fedstat] 	chromedriver!(No symbol) [0x7ff6a7bb2c0f]
[   fedstat] 	chromedriver!(No symbol) [0x7ff6a7c50748]
[   fedstat] 	chromedriver!(No symbol) [0x7ff6a7c2a3ca]
[   fedstat] 	chromedriver!(No symbol) [0x7ff6a7c4f39b]
[   fedstat] 	chromedriver!(No symbol) [0x7ff6a7bf401c]
[   fedstat] 	chromedriver!(No symbol) [0x7ff6a7bf4f43]
[   fedstat] 	chromedriver!GetHandleVerifier [0x7ff6a8647591+5f7f11]
[   fedstat] 	chromedriver!GetHandleVerifier [0x7ff6a8641902+5f2282]
[   fedstat] 	chromedriver!GetHandleVerifier [0x7ff6a8667115+617a95]
[   fedstat] 	chromedriver!GetHandleVerifier [0x7ff6a8081dce+3274e]
[   fedstat] 	chromedriver!GetHandleVerifier [0x7ff6a808a82c+3b1ac]
[   fedstat] 	chromedriver!GetHandleVerifier [0x7ff6a806d744+1e0c4]
[   fedstat] 	chromedriver!GetHandleVerifier [0x7ff6a806d8d4+1e254]
[   fedstat] 	chromedriver!GetHandleVerifier [0x7ff6a8051447+1dc7]
[   fedstat] 	KERNEL32!BaseThreadInitThunk [0x7ff923077344+14]
[   fedstat] 	ntdll!RtlUserThreadStart [0x7ff92509cc91+21]
[   fedstat] 
[   fedstat]   ⚠️  Пропускаю — не удалось получить дату
[   fedstat] 
[   fedstat] 📊 [33574] Введено в действие общей площади жилых домов на 1000 че
[   fedstat]   🌐 Открываю: https://www.fedstat.ru/indicator/33574
[   fedstat]   🔄 Попытка 2/3 после ошибки: Message: javascript error: Cannot read properties of null (reading 'appendChild'
[   fedstat]   🔄 Попытка 3/3 после ошибки: Message: javascript error: Cannot read properties of null (reading 'appendChild'
[   fedstat]   ❌ Ошибка при чтении страницы: Message: javascript error: Cannot read properties of null (reading 'appendChild')
[   fedstat]   (Session info: chrome=149.0.7827.156)
[   fedstat] Stacktrace:
[   fedstat] 	chromedriver!GetHandleVerifier [0x7ff6a8063fa5+14925]
[   fedstat] 	chromedriver!GetHandleVerifier [0x7ff6a8064000+14980]
[   fedstat] 	chromedriver!(No symbol) [0x7ff6a7ba793d]
[   fedstat] 	chromedriver!(No symbol) [0x7ff6a7baf8b1]
[   fedstat] 	chromedriver!(No symbol) [0x7ff6a7bb2c0f]
[   fedstat] 	chromedriver!(No symbol) [0x7ff6a7c50748]
[   fedstat] 	chromedriver!(No symbol) [0x7ff6a7c2a3ca]
[   fedstat] 	chromedriver!(No symbol) [0x7ff6a7c4f39b]
[   fedstat] 	chromedriver!(No symbol) [0x7ff6a7bf401c]
[   fedstat] 	chromedriver!(No symbol) [0x7ff6a7bf4f43]
[   fedstat] 	chromedriver!GetHandleVerifier [0x7ff6a8647591+5f7f11]
[   fedstat] 	chromedriver!GetHandleVerifier [0x7ff6a8641902+5f2282]
[   fedstat] 	chromedriver!GetHandleVerifier [0x7ff6a8667115+617a95]
[   fedstat] 	chromedriver!GetHandleVerifier [0x7ff6a8081dce+3274e]
[   fedstat] 	chromedriver!GetHandleVerifier [0x7ff6a808a82c+3b1ac]
[   fedstat] 	chromedriver!GetHandleVerifier [0x7ff6a806d744+1e0c4]
[   fedstat] 	chromedriver!GetHandleVerifier [0x7ff6a806d8d4+1e254]
[   fedstat] 	chromedriver!GetHandleVerifier [0x7ff6a8051447+1dc7]
[   fedstat] 	KERNEL32!BaseThreadInitThunk [0x7ff923077344+14]
[   fedstat] 	ntdll!RtlUserThreadStart [0x7ff92509cc91+21]
[   fedstat] 
[   fedstat]   ⚠️  Пропускаю — не удалось получить дату
[   fedstat] 
[   fedstat] 📊 [33738] Количество построенных квартир (значение показателя за
[   fedstat]   🌐 Открываю: https://www.fedstat.ru/indicator/33738
[   fedstat]   🔄 Попытка 2/3 после ошибки: Message: javascript error: Cannot read properties of null (reading 'appendChild'
[   fedstat]   🔄 Попытка 3/3 после ошибки: Message: javascript error: Cannot read properties of null (reading 'appendChild'
[   fedstat]   ❌ Ошибка при чтении страницы: Message: javascript error: Cannot read properties of null (reading 'appendChild')
[   fedstat]   (Session info: chrome=149.0.7827.156)
[   fedstat] Stacktrace:
[   fedstat] 	chromedriver!GetHandleVerifier [0x7ff6a8063fa5+14925]
[   fedstat] 	chromedriver!GetHandleVerifier [0x7ff6a8064000+14980]
[   fedstat] 	chromedriver!(No symbol) [0x7ff6a7ba793d]
[   fedstat] 	chromedriver!(No symbol) [0x7ff6a7baf8b1]
[   fedstat] 	chromedriver!(No symbol) [0x7ff6a7bb2c0f]
[   fedstat] 	chromedriver!(No symbol) [0x7ff6a7c50748]
[   fedstat] 	chromedriver!(No symbol) [0x7ff6a7c2a3ca]
[   fedstat] 	chromedriver!(No symbol) [0x7ff6a7c4f39b]
[   fedstat] 	chromedriver!(No symbol) [0x7ff6a7bf401c]
[   fedstat] 	chromedriver!(No symbol) [0x7ff6a7bf4f43]
[   fedstat] 	chromedriver!GetHandleVerifier [0x7ff6a8647591+5f7f11]
[   fedstat] 	chromedriver!GetHandleVerifier [0x7ff6a8641902+5f2282]
[   fedstat] 	chromedriver!GetHandleVerifier [0x7ff6a8667115+617a95]
[   fedstat] 	chromedriver!GetHandleVerifier [0x7ff6a8081dce+3274e]
[   fedstat] 	chromedriver!GetHandleVerifier [0x7ff6a808a82c+3b1ac]
[   fedstat] 	chromedriver!GetHandleVerifier [0x7ff6a806d744+1e0c4]
[   fedstat] 	chromedriver!GetHandleVerifier [0x7ff6a806d8d4+1e254]
[   fedstat] 	chromedriver!GetHandleVerifier [0x7ff6a8051447+1dc7]
[   fedstat] 	KERNEL32!BaseThreadInitThunk [0x7ff923077344+14]
[   fedstat] 	ntdll!RtlUserThreadStart [0x7ff92509cc91+21]
[   fedstat] 
[   fedstat]   ⚠️  Пропускаю — не удалось получить дату
[   fedstat] 
[   fedstat] 📊 [40466] Общая площадь жилых помещений, приходящаяся в среднем н
[   fedstat]   🌐 Открываю: https://www.fedstat.ru/indicator/40466
[   fedstat]   🔄 Попытка 2/3 после ошибки: Message: javascript error: Cannot read properties of null (reading 'appendChild'
[   fedstat]   🔄 Попытка 3/3 после ошибки: Message: javascript error: Cannot read properties of null (reading 'appendChild'
[   fedstat]   ❌ Ошибка при чтении страницы: Message: javascript error: Cannot read properties of null (reading 'appendChild')
[   fedstat]   (Session info: chrome=149.0.7827.156)
[   fedstat] Stacktrace:
[   fedstat] 	chromedriver!GetHandleVerifier [0x7ff6a8063fa5+14925]
[   fedstat] 	chromedriver!GetHandleVerifier [0x7ff6a8064000+14980]
[   fedstat] 	chromedriver!(No symbol) [0x7ff6a7ba793d]
[   fedstat] 	chromedriver!(No symbol) [0x7ff6a7baf8b1]
[   fedstat] 	chromedriver!(No symbol) [0x7ff6a7bb2c0f]
[   fedstat] 	chromedriver!(No symbol) [0x7ff6a7c50748]
[   fedstat] 	chromedriver!(No symbol) [0x7ff6a7c2a3ca]
[   fedstat] 	chromedriver!(No symbol) [0x7ff6a7c4f39b]
[   fedstat] 	chromedriver!(No symbol) [0x7ff6a7bf401c]
[   fedstat] 	chromedriver!(No symbol) [0x7ff6a7bf4f43]
[   fedstat] 	chromedriver!GetHandleVerifier [0x7ff6a8647591+5f7f11]
[   fedstat] 	chromedriver!GetHandleVerifier [0x7ff6a8641902+5f2282]
[   fedstat] 	chromedriver!GetHandleVerifier [0x7ff6a8667115+617a95]
[   fedstat] 	chromedriver!GetHandleVerifier [0x7ff6a8081dce+3274e]
[   fedstat] 	chromedriver!GetHandleVerifier [0x7ff6a808a82c+3b1ac]
[   fedstat] 	chromedriver!GetHandleVerifier [0x7ff6a806d744+1e0c4]
[   fedstat] 	chromedriver!GetHandleVerifier [0x7ff6a806d8d4+1e254]
[   fedstat] 	chromedriver!GetHandleVerifier [0x7ff6a8051447+1dc7]
[   fedstat] 	KERNEL32!BaseThreadInitThunk [0x7ff923077344+14]
[   fedstat] 	ntdll!RtlUserThreadStart [0x7ff92509cc91+21]
[   fedstat] 
[   fedstat]   ⚠️  Пропускаю — не удалось получить дату
[   fedstat] 
[   fedstat] 📊 [31074_часть1] Индексы потребительских цен на товары и услуги часть1 (
[   fedstat]   🌐 Открываю: https://www.fedstat.ru/indicator/31074
[   fedstat]   🔄 Попытка 2/3 после ошибки: Message: javascript error: Cannot read properties of null (reading 'appendChild'
[   fedstat]   🔄 Попытка 3/3 после ошибки: Message: javascript error: Cannot read properties of null (reading 'appendChild'
[   fedstat]   ❌ Ошибка при чтении страницы: Message: javascript error: Cannot read properties of null (reading 'appendChild')
[   fedstat]   (Session info: chrome=149.0.7827.156)
[   fedstat] Stacktrace:
[   fedstat] 	chromedriver!GetHandleVerifier [0x7ff6a8063fa5+14925]
[   fedstat] 	chromedriver!GetHandleVerifier [0x7ff6a8064000+14980]
[   fedstat] 	chromedriver!(No symbol) [0x7ff6a7ba793d]
[   fedstat] 	chromedriver!(No symbol) [0x7ff6a7baf8b1]
[   fedstat] 	chromedriver!(No symbol) [0x7ff6a7bb2c0f]
[   fedstat] 	chromedriver!(No symbol) [0x7ff6a7c50748]
[   fedstat] 	chromedriver!(No symbol) [0x7ff6a7c2a3ca]
[   fedstat] 	chromedriver!(No symbol) [0x7ff6a7c4f39b]
[   fedstat] 	chromedriver!(No symbol) [0x7ff6a7bf401c]
[   fedstat] 	chromedriver!(No symbol) [0x7ff6a7bf4f43]
[   fedstat] 	chromedriver!GetHandleVerifier [0x7ff6a8647591+5f7f11]
[   fedstat] 	chromedriver!GetHandleVerifier [0x7ff6a8641902+5f2282]
[   fedstat] 	chromedriver!GetHandleVerifier [0x7ff6a8667115+617a95]
[   fedstat] 	chromedriver!GetHandleVerifier [0x7ff6a8081dce+3274e]
[   fedstat] 	chromedriver!GetHandleVerifier [0x7ff6a808a82c+3b1ac]
[   fedstat] 	chromedriver!GetHandleVerifier [0x7ff6a806d744+1e0c4]
[   fedstat] 	chromedriver!GetHandleVerifier [0x7ff6a806d8d4+1e254]
[   fedstat] 	chromedriver!GetHandleVerifier [0x7ff6a8051447+1dc7]
[   fedstat] 	KERNEL32!BaseThreadInitThunk [0x7ff923077344+14]
[   fedstat] 	ntdll!RtlUserThreadStart [0x7ff92509cc91+21]
[   fedstat] 
[   fedstat]   ⚠️  Пропускаю — не удалось получить дату
[   fedstat] 
[   fedstat] 📊 [31074_часть2] Индексы потребительских цен на товары и услуги часть2 (
[   fedstat]   🌐 Открываю: https://www.fedstat.ru/indicator/31074
[   fedstat]   🔄 Попытка 2/3 после ошибки: Message: javascript error: Cannot read properties of null (reading 'appendChild'
[   fedstat]   🔄 Попытка 3/3 после ошибки: Message: javascript error: Cannot read properties of null (reading 'appendChild'
[   fedstat]   ❌ Ошибка при чтении страницы: Message: javascript error: Cannot read properties of null (reading 'appendChild')
[   fedstat]   (Session info: chrome=149.0.7827.156)
[   fedstat] Stacktrace:
[   fedstat] 	chromedriver!GetHandleVerifier [0x7ff6a8063fa5+14925]
[   fedstat] 	chromedriver!GetHandleVerifier [0x7ff6a8064000+14980]
[   fedstat] 	chromedriver!(No symbol) [0x7ff6a7ba793d]
[   fedstat] 	chromedriver!(No symbol) [0x7ff6a7baf8b1]
[   fedstat] 	chromedriver!(No symbol) [0x7ff6a7bb2c0f]
[   fedstat] 	chromedriver!(No symbol) [0x7ff6a7c50748]
[   fedstat] 	chromedriver!(No symbol) [0x7ff6a7c2a3ca]
[   fedstat] 	chromedriver!(No symbol) [0x7ff6a7c4f39b]
[   fedstat] 	chromedriver!(No symbol) [0x7ff6a7bf401c]
[   fedstat] 	chromedriver!(No symbol) [0x7ff6a7bf4f43]
[   fedstat] 	chromedriver!GetHandleVerifier [0x7ff6a8647591+5f7f11]
[   fedstat] 	chromedriver!GetHandleVerifier [0x7ff6a8641902+5f2282]
[   fedstat] 	chromedriver!GetHandleVerifier [0x7ff6a8667115+617a95]
[   fedstat] 	chromedriver!GetHandleVerifier [0x7ff6a8081dce+3274e]
[   fedstat] 	chromedriver!GetHandleVerifier [0x7ff6a808a82c+3b1ac]
[   fedstat] 	chromedriver!GetHandleVerifier [0x7ff6a806d744+1e0c4]
[   fedstat] 	chromedriver!GetHandleVerifier [0x7ff6a806d8d4+1e254]
[   fedstat] 	chromedriver!GetHandleVerifier [0x7ff6a8051447+1dc7]
[   fedstat] 	KERNEL32!BaseThreadInitThunk [0x7ff923077344+14]
[   fedstat] 	ntdll!RtlUserThreadStart [0x7ff92509cc91+21]
[   fedstat] 
[   fedstat]   ⚠️  Пропускаю — не удалось получить дату
[   fedstat] 
[   fedstat] 📊 [31452] Средняя цена 1 кв. м  общей площади квартир на рынке жи
[   fedstat]   🌐 Открываю: https://www.fedstat.ru/indicator/31452
[   fedstat]   🔄 Попытка 2/3 после ошибки: Message: javascript error: Cannot read properties of null (reading 'appendChild'
[   fedstat]   🔄 Попытка 3/3 после ошибки: Message: javascript error: Cannot read properties of null (reading 'appendChild'
[   fedstat]   ❌ Ошибка при чтении страницы: Message: javascript error: Cannot read properties of null (reading 'appendChild')
[   fedstat]   (Session info: chrome=149.0.7827.156)
[   fedstat] Stacktrace:
[   fedstat] 	chromedriver!GetHandleVerifier [0x7ff6a8063fa5+14925]
[   fedstat] 	chromedriver!GetHandleVerifier [0x7ff6a8064000+14980]
[   fedstat] 	chromedriver!(No symbol) [0x7ff6a7ba793d]
[   fedstat] 	chromedriver!(No symbol) [0x7ff6a7baf8b1]
[   fedstat] 	chromedriver!(No symbol) [0x7ff6a7bb2c0f]
[   fedstat] 	chromedriver!(No symbol) [0x7ff6a7c50748]
[   fedstat] 	chromedriver!(No symbol) [0x7ff6a7c2a3ca]
[   fedstat] 	chromedriver!(No symbol) [0x7ff6a7c4f39b]
[   fedstat] 	chromedriver!(No symbol) [0x7ff6a7bf401c]
[   fedstat] 	chromedriver!(No symbol) [0x7ff6a7bf4f43]
[   fedstat] 	chromedriver!GetHandleVerifier [0x7ff6a8647591+5f7f11]
[   fedstat] 	chromedriver!GetHandleVerifier [0x7ff6a8641902+5f2282]
[   fedstat] 	chromedriver!GetHandleVerifier [0x7ff6a8667115+617a95]
[   fedstat] 	chromedriver!GetHandleVerifier [0x7ff6a8081dce+3274e]
[   fedstat] 	chromedriver!GetHandleVerifier [0x7ff6a808a82c+3b1ac]
[   fedstat] 	chromedriver!GetHandleVerifier [0x7ff6a806d744+1e0c4]
[   fedstat] 	chromedriver!GetHandleVerifier [0x7ff6a806d8d4+1e254]
[   fedstat] 	chromedriver!GetHandleVerifier [0x7ff6a8051447+1dc7]
[   fedstat] 	KERNEL32!BaseThreadInitThunk [0x7ff923077344+14]
[   fedstat] 	ntdll!RtlUserThreadStart [0x7ff92509cc91+21]
[   fedstat] 
[   fedstat]   ⚠️  Пропускаю — не удалось получить дату
[   fedstat] 
[   fedstat] 📊 [31448] Средние потребительские цены (тарифы) на товары и услуг
[   fedstat]   🌐 Открываю: https://www.fedstat.ru/indicator/31448
[   fedstat]   🔄 Попытка 2/3 после ошибки: Message: javascript error: Cannot read properties of null (reading 'appendChild'
[   fedstat]   🔄 Попытка 3/3 после ошибки: Message: javascript error: Cannot read properties of null (reading 'appendChild'
[   fedstat]   ❌ Ошибка при чтении страницы: Message: javascript error: Cannot read properties of null (reading 'appendChild')
[   fedstat]   (Session info: chrome=149.0.7827.156)
[   fedstat] Stacktrace:
[   fedstat] 	chromedriver!GetHandleVerifier [0x7ff6a8063fa5+14925]
[   fedstat] 	chromedriver!GetHandleVerifier [0x7ff6a8064000+14980]
[   fedstat] 	chromedriver!(No symbol) [0x7ff6a7ba793d]
[   fedstat] 	chromedriver!(No symbol) [0x7ff6a7baf8b1]
[   fedstat] 	chromedriver!(No symbol) [0x7ff6a7bb2c0f]
[   fedstat] 	chromedriver!(No symbol) [0x7ff6a7c50748]
[   fedstat] 	chromedriver!(No symbol) [0x7ff6a7c2a3ca]
[   fedstat] 	chromedriver!(No symbol) [0x7ff6a7c4f39b]
[   fedstat] 	chromedriver!(No symbol) [0x7ff6a7bf401c]
[   fedstat] 	chromedriver!(No symbol) [0x7ff6a7bf4f43]
[   fedstat] 	chromedriver!GetHandleVerifier [0x7ff6a8647591+5f7f11]
[   fedstat] 	chromedriver!GetHandleVerifier [0x7ff6a8641902+5f2282]
[   fedstat] 	chromedriver!GetHandleVerifier [0x7ff6a8667115+617a95]
[   fedstat] 	chromedriver!GetHandleVerifier [0x7ff6a8081dce+3274e]
[   fedstat] 	chromedriver!GetHandleVerifier [0x7ff6a808a82c+3b1ac]
[   fedstat] 	chromedriver!GetHandleVerifier [0x7ff6a806d744+1e0c4]
[   fedstat] 	chromedriver!GetHandleVerifier [0x7ff6a806d8d4+1e254]
[   fedstat] 	chromedriver!GetHandleVerifier [0x7ff6a8051447+1dc7]
[   fedstat] 	KERNEL32!BaseThreadInitThunk [0x7ff923077344+14]
[   fedstat] 	ntdll!RtlUserThreadStart [0x7ff92509cc91+21]
[   fedstat] 
[   fedstat]   ⚠️  Пропускаю — не удалось получить дату
[   fedstat] 
[   fedstat] 
[   fedstat] ============================================================
[   fedstat] Итог: скачано файлов — 0
[   fedstat] ============================================================
[   fedstat] 
❌ fedstat: код выхода 2 (за 14.4 мин)
⏰ rasprod: убит по watchdog'у (>90мин), гашу процессы Chrome

────────────────────────────────────────────────────────────
🔍 Дедупликация новых файлов (40 шт)
────────────────────────────────────────────────────────────
  Все 40 файлов уникальны (дублей нет)

────────────────────────────────────────────────────────────
📦 Финальная архивация (safety-net, keep=1)
────────────────────────────────────────────────────────────

────────────────────────────────────────────────────────────
📋 Эскроу (ручная выгрузка)
────────────────────────────────────────────────────────────
✓ Файл есть: Наполняемость счетов.xlsx (от 18.06.2026)

============================================================
ИТОГ за 364.2 мин:
  ✅ Успешно: 5 — monitoring, erz-top, rosstat, kvart, erz-cards
  ❌ Ошибки:  2 — fedstat, rasprod
  📥 Новых файлов:    40
  ✎  Обновлено:       1
============================================================

📁 Полный лог сохранён: C:\v7\logs\update_20260624_121517.log
